iso_time,t,phase,contact,used,delta,theta,alpha,beta,gamma,theta_z,alpha_z,beta_z,stress,attention,cognitive_load,difficulty,event
2026-06-26T20:24:32,12.461,idle,0,,,,,,,,,,,,,,
2026-06-26T20:24:33,13.477,idle,1,AF7+AF8,1751.8,1082.7,272.82,267.54,120.15,,,,,,,,
2026-06-26T20:24:34,14.483,idle,1,AF7+AF8,5175.7,1841.5,985.98,2254.6,1794.3,,,,,,,,
2026-06-26T20:24:35,15.486,idle,1,AF7+AF8,17353,17592,7308.8,10628,8772.3,,,,,,,,
2026-06-26T20:24:36,16.489,idle,1,AF7+AF8,33193,53464,23201,21023,9575.4,,,,,,,,
2026-06-26T20:24:37,17.493,idle,1,AF7+AF8,1.1073e+05,89001,32360,21523,3659.4,,,,,,,,
2026-06-26T20:24:38,18.499,idle,1,AF7+AF8,80215,30721,9103.2,5125.8,1705.7,,,,,,,,
2026-06-26T20:24:39,19.509,idle,1,AF7+AF8,4582,1424,766.26,1009,675.02,,,,,,,,
2026-06-26T20:24:40,20.516,idle,1,AF7+AF8,4729.8,7524.7,5054.9,10544,1749.6,,,,,,,,
2026-06-26T20:24:41,21.523,idle,1,AF7+AF8,12699,7661.2,5402,8634.7,1192.8,,,,,,,,
2026-06-26T20:24:42,22.534,idle,1,AF7+AF8,17520,2932.4,1869.1,826.18,177,,,,,,,,
2026-06-26T20:24:43,23.538,idle,1,AF7+AF8,2164.6,334.14,211.32,151.82,91.718,,,,,,,,
2026-06-26T20:24:44,24.546,idle,1,AF7+AF8,31.612,9.8452,10.423,63.3,63.419,,,,,,,,
2026-06-26T20:24:45,25.554,idle,1,AF7+AF8,56.261,19.043,9.7723,72.041,76.637,,,,,,,,
2026-06-26T20:24:46,26.556,idle,1,AF7+AF8,151.88,43.535,17.979,87.804,71.741,,,,,,,,
2026-06-26T20:24:47,27.561,idle,1,AF7+AF8,204.32,55.213,20.268,65.721,46.373,,,,,,,,
2026-06-26T20:24:48,28.567,idle,1,AF7+AF8,228.86,53.235,16.419,41.824,40.733,,,,,,,,
2026-06-26T20:24:49,29.571,idle,1,AF7+AF8,78.355,32.805,13.069,38.239,39.003,,,,,,,,
2026-06-26T20:24:50,30.574,idle,1,AF7+AF8,49.99,25.486,10.204,52.708,58.631,,,,,,,,
2026-06-26T20:24:51,31.584,idle,1,AF7+AF8,71.35,22.171,13.257,115.17,169.54,,,,,,,,
2026-06-26T20:24:52,32.587,idle,1,AF7+AF8,106.54,21.881,19.002,242.44,403.23,,,,,,,,
2026-06-26T20:24:53,33.593,idle,1,AF7+AF8,32.355,33.444,23.061,235.07,491.24,,,,,,,,
2026-06-26T20:24:54,34.601,idle,1,AF7+AF8,24.247,28.116,20.503,195.84,571.35,,,,,,,,
2026-06-26T20:24:55,35.605,idle,1,AF7+AF8,20.523,10.964,17.012,172.1,356.34,,,,,,,,
2026-06-26T20:24:56,36.609,idle,1,AF7+AF8,19.572,13.639,12.621,175.24,141.67,,,,,,,,
2026-06-26T20:24:57,37.611,idle,1,AF7+AF8,8.5747,14.937,12.513,151.24,116.89,,,,,,,,
2026-06-26T20:24:58,38.617,idle,1,AF7+AF8,17.416,18.748,14.949,119.69,107.33,,,,,,,,
2026-06-26T20:24:59,39.621,idle,1,AF7+AF8,37.373,26.776,15.751,118.85,97.638,,,,,,,,
2026-06-26T20:25:00,40.629,idle,1,AF7+AF8,55.949,61.398,23.374,197.15,338.63,,,,,,,,
2026-06-26T20:25:01,41.636,idle,1,AF7+AF8,64.004,52.715,32.144,281.7,774.41,,,,,,,,
2026-06-26T20:25:02,42.643,idle,1,AF7+AF8,41.562,22.891,28.959,264.91,1007.7,,,,,,,,
2026-06-26T20:25:03,43.651,idle,1,AF7+AF8,60.967,35.994,20.275,247.58,562.59,,,,,,,,
2026-06-26T20:25:04,44.657,idle,1,AF7+AF8,55.212,26.644,16.558,190.32,286.88,,,,,,,,
2026-06-26T20:25:05,45.663,idle,1,AF7+AF8,22.161,11.175,8.6235,140.74,251.44,,,,,,,,
2026-06-26T20:25:06,46.669,idle,1,AF7+AF8,54.206,16.122,8.9465,176.66,299.95,,,,,,,,
2026-06-26T20:25:07,47.671,idle,1,AF7+AF8,100.22,28.816,17.609,292.13,647.7,,,,,,,,
2026-06-26T20:25:08,48.676,idle,1,AF7+AF8,37.715,24.339,21.378,233.1,547.25,,,,,,,,
2026-06-26T20:25:09,49.686,idle,1,AF7+AF8,38.482,32.045,21.117,243.85,387.83,,,,,,,,
2026-06-26T20:25:10,50.694,idle,1,AF7+AF8,15.531,17.12,12.023,159.04,393.73,,,,,,,,
2026-06-26T20:25:11,51.702,idle,1,AF7+AF8,7.646,5.5955,10.176,126.56,231.1,,,,,,,,
2026-06-26T20:25:12,52.711,idle,1,AF7+AF8,11.849,6.1064,9.7506,145.47,149.94,,,,,,,,
2026-06-26T20:25:13,53.718,idle,1,AF7+AF8,20.161,9.1546,7.9888,130.05,136.53,,,,,,,,
2026-06-26T20:25:14,54.724,idle,1,AF7+AF8,407.72,45.542,16.34,122.37,112.75,,,,,,,,
2026-06-26T20:25:15,55.730,idle,1,AF7+AF8,908.86,92.36,35.702,94.363,76.469,,,,,,,,
2026-06-26T20:25:16,56.731,idle,1,AF7+AF8,13021,1723.8,704.53,365.64,218.43,,,,,,,,
2026-06-26T20:25:17,57.736,idle,1,AF7+AF8,55605,5820.3,2449,1204.3,888.22,,,,,,,,
2026-06-26T20:25:18,58.739,idle,1,AF7+AF8,36769,3218.2,1518.8,2088.1,1395.5,,,,,,,,
2026-06-26T20:25:19,59.746,idle,1,AF7+AF8,5619.1,1369.1,798.16,2415.6,1137.2,,,,,,,,
2026-06-26T20:25:20,60.750,idle,1,AF7+AF8,12324,3379.7,1478.5,3674.2,960.33,,,,,,,,
2026-06-26T20:25:21,61.759,idle,1,AF7+AF8,20951,4182.8,1593.4,1516.4,850.22,,,,,,,,
2026-06-26T20:25:22,62.763,idle,1,AF7+AF8,17407,4486,3483.6,3435.5,1102.5,,,,,,,,
2026-06-26T20:25:23,63.768,idle,1,AF7+AF8,24829,11754,18255,15204,2485.7,,,,,,,,
2026-06-26T20:25:24,64.785,idle,1,AF7+AF8,24086,11019,24152,21194,3123.9,,,,,,,,
2026-06-26T20:25:25,65.793,idle,1,AF7+AF8,4964.9,3107.8,5070.7,4989.4,1735.5,,,,,,,,
2026-06-26T20:25:26,66.799,idle,1,AF7+AF8,104.44,51.072,41.591,322.71,600.54,,,,,,,,
2026-06-26T20:25:27,67.801,idle,1,AF7+AF8,52.64,23.953,12.872,230.77,316.07,,,,,,,,
2026-06-26T20:25:28,68.806,idle,1,AF7+AF8,93.07,46.314,22.146,194.07,444.06,,,,,,,,
2026-06-26T20:25:29,69.812,idle,1,AF7+AF8,92.153,39.459,35.672,220.21,813.84,,,,,,,,
2026-06-26T20:25:30,70.822,baseline_rest,1,AF7+AF8,140.7,43.733,41.587,251.61,345.01,,,,,,,,
2026-06-26T20:25:31,71.829,baseline_rest,1,AF7+AF8,44.208,20.924,22.365,227.84,180.92,,,,,,,,
2026-06-26T20:25:32,72.834,baseline_rest,1,AF7+AF8,35.343,18.954,14.856,150.59,118.46,,,,,,,,
2026-06-26T20:25:33,73.844,baseline_rest,1,AF7+AF8,34.132,12.851,13.083,95.302,75.283,,,,,,,,
2026-06-26T20:25:34,74.850,baseline_rest,1,AF7+AF8,67.622,16.163,10.212,71.428,78.87,,,,,,,,
2026-06-26T20:25:35,75.853,baseline_rest,1,AF7+AF8,28.332,11.45,9.2829,68.471,64.629,,,,,,,,
2026-06-26T20:25:36,76.859,baseline_rest,1,AF7+AF8,4.8671,5.3271,10.574,75.954,63.899,,,,,,,,
2026-06-26T20:25:37,77.860,baseline_rest,1,AF7+AF8,3.0096,4.0171,10.249,92.804,64.701,,,,,,,,
2026-06-26T20:25:38,78.868,baseline_rest,1,AF7+AF8,4.6022,5.2537,8.6579,92.946,56.716,,,,,,,,
2026-06-26T20:25:39,79.878,baseline_rest,1,AF7+AF8,7.681,8.8148,7.6763,56.628,40.286,,,,,,,,
2026-06-26T20:25:40,80.882,baseline_rest,1,AF7+AF8,7.3391,7.3057,7.5793,47.481,33.1,,,,,,,,
2026-06-26T20:25:41,81.888,baseline_rest,1,AF7+AF8,6.3511,6.2407,5.1328,34.571,22.46,,,,,,,,
2026-06-26T20:25:42,82.893,baseline_rest,1,AF7+AF8,29.453,9.0308,5.1667,19.89,9.4144,,,,,,,,
2026-06-26T20:25:43,83.900,baseline_rest,1,AF7+AF8,104.64,10.974,4.2894,11.855,7.1534,,,,,,,,
2026-06-26T20:25:44,84.904,baseline_rest,1,AF7+AF8,274.84,20.536,4.1044,11.66,6.4211,,,,,,,,
2026-06-26T20:25:45,85.911,baseline_rest,1,AF7+AF8,177.01,16.309,3.4366,16.392,7.2841,,,,,,,,
2026-06-26T20:25:46,86.915,baseline_rest,1,AF7+AF8,50.599,11.567,3.7843,11.527,6.3821,,,,,,,,
2026-06-26T20:25:47,87.917,baseline_rest,1,AF7+AF8,23.537,9.0091,4.2871,14.044,5.871,,,,,,,,
2026-06-26T20:25:48,88.924,baseline_rest,1,AF7+AF8,20.874,16.514,5.1558,24.73,11.076,,,,,,,,
2026-06-26T20:25:49,89.932,baseline_rest,1,AF7+AF8,40.19,29.669,7.7323,35.254,18.842,,,,,,,,
2026-06-26T20:25:50,90.939,idle,1,AF7+AF8,12.676,10.465,6.2406,30.316,20.025,,,,,,,,
2026-06-26T20:25:51,91.945,idle,1,AF7+AF8,7.5619,10.14,6.15,35.22,20.862,,,,,,,,
2026-06-26T20:25:52,92.954,baseline_active,1,AF7+AF8,2448.3,2487.9,884.54,805.81,203.23,,,,,,,,
2026-06-26T20:25:53,93.962,baseline_active,1,AF7+AF8,33901,18205,5422.8,3420.6,1110.3,,,,,,,,
2026-06-26T20:25:54,94.968,baseline_active,1,AF7+AF8,51220,16832,4788.2,2747.7,1583.4,,,,,,,,
2026-06-26T20:25:55,95.974,baseline_active,1,AF7+AF8,21180,7026.1,1896.2,2673.9,2184.4,,,,,,,,
2026-06-26T20:25:56,96.975,baseline_active,1,AF7+AF8,61573,34618,4750.9,6173.2,2174.5,,,,,,,,
2026-06-26T20:25:57,97.983,baseline_active,1,AF7+AF8,2.7114e+05,80429,20112,20217,3863.4,,,,,,,,
2026-06-26T20:25:58,98.991,baseline_active,1,AF7+AF8,2.6698e+05,41913,17420,13917,2708.8,,,,,,,,
2026-06-26T20:25:59,99.996,baseline_active,1,AF7+AF8,38906,13282,6409.7,5460.6,1446.4,,,,,,,,
2026-06-26T20:26:00,101.004,baseline_active,1,AF7+AF8,14290,6393.7,2785.7,2716.8,1308.7,,,,,,,,
2026-06-26T20:26:01,102.010,baseline_active,1,AF7+AF8,1136.9,306.94,88.935,564.99,957.77,,,,,,,,
2026-06-26T20:26:02,103.017,baseline_active,1,AF7+AF8,140.38,80.498,41.353,316.47,617.21,,,,,,,,
2026-06-26T20:26:03,104.024,baseline_active,1,AF7+AF8,138.47,49.25,22.844,303.19,578.13,,,,,,,,
2026-06-26T20:26:04,105.028,baseline_active,1,AF7+AF8,107.93,56.179,20.95,261.51,269.42,,,,,,,,
2026-06-26T20:26:05,106.032,baseline_active,1,AF7+AF8,60.551,40.342,22.726,189.94,156.77,,,,,,,,
2026-06-26T20:26:06,107.038,baseline_active,1,AF7+AF8,70.74,37.524,41.202,187.2,204.16,,,,,,,,
2026-06-26T20:26:07,108.046,baseline_active,1,AF7+AF8,123.95,57.294,36.266,193.15,219.4,,,,,,,,
2026-06-26T20:26:08,109.054,baseline_active,1,AF7+AF8,237.28,96.227,33.682,142.3,160.11,,,,,,,,
2026-06-26T20:26:09,110.060,baseline_active,1,AF7+AF8,238.58,102.46,45.681,196.61,200.76,,,,,,,,
2026-06-26T20:26:10,111.065,baseline_active,1,AF7+AF8,238.3,85.902,30.92,96.75,93.622,,,,,,,,
2026-06-26T20:26:11,112.072,baseline_active,1,AF7+AF8,195.19,97.267,23.467,53.543,37.798,,,,,,,,
2026-06-26T20:26:12,113.074,baseline_active,1,AF7+AF8,578.51,114.8,16.479,35.166,20.498,,,,,,,,
2026-06-26T20:26:13,114.078,baseline_active,1,AF7+AF8,317.3,70.073,16.045,40.732,14.068,,,,,,,,
2026-06-26T20:26:14,115.084,baseline_active,1,AF7+AF8,94.986,29.488,11.598,40.665,16.445,,,,,,,,
2026-06-26T20:26:15,116.089,baseline_active,1,AF7+AF8,41.242,13.055,8.047,45.123,28.05,,,,,,,,
2026-06-26T20:26:16,117.096,baseline_active,1,AF7+AF8,63.171,14.064,9.518,43.585,33.718,,,,,,,,
2026-06-26T20:26:17,118.104,baseline_active,1,AF7+AF8,43.665,10.384,10.103,44.313,29.834,,,,,,,,
2026-06-26T20:26:18,119.111,baseline_active,1,AF7+AF8,10.686,5.8984,5.7536,30.556,21.044,,,,,,,,
2026-06-26T20:26:19,120.118,baseline_active,1,AF7+AF8,14.317,4.3932,4.8033,17.006,12.376,,,,,,,,
2026-06-26T20:26:20,121.126,baseline_active,1,AF7+AF8,15.307,5.8616,6.1002,14.83,8.4817,,,,,,,,
2026-06-26T20:26:21,122.133,baseline_active,1,AF7+AF8,25.011,5.6645,5.8377,20.983,11.739,,,,,,,,
2026-06-26T20:26:22,123.139,baseline_active,1,AF7+AF8,377.43,217.32,95.468,49.333,17.326,,,,,,,,
2026-06-26T20:26:23,124.144,baseline_active,1,AF7+AF8,9821.3,5742.2,2418.1,341.48,20.58,,,,,,,,
2026-06-26T20:26:24,125.150,baseline_active,1,AF7+AF8,9949.5,5571.1,2587.2,386.74,21.499,,,,,,,,
2026-06-26T20:26:26,126.158,baseline_active,1,AF7+AF8,530.25,320.35,202.55,80.079,30.797,,,,,,,,
2026-06-26T20:26:27,127.167,baseline_active,1,AF7+AF8,1102.1,296.68,127.44,130.69,47.806,,,,,,,,
2026-06-26T20:26:28,128.173,baseline_active,1,AF7+AF8,1593.3,363.42,154.7,121.96,39.176,,,,,,,,
2026-06-26T20:26:29,129.177,baseline_active,1,AF7+AF8,534.85,129.56,36.375,152.04,104.37,,,,,,,,
2026-06-26T20:26:30,130.186,baseline_active,1,AF7+AF8,1097.9,246.08,62.089,420.95,342.97,,,,,,,,
2026-06-26T20:26:31,131.190,baseline_active,1,AF7+AF8,677.28,169.77,28.949,154.44,143.78,,,,,,,,
2026-06-26T20:26:32,132.197,baseline_active,1,AF7+AF8,132.76,42.781,12.536,22.149,15.122,,,,,,,,
2026-06-26T20:26:33,133.199,baseline_active,1,AF7+AF8,102.51,23.83,18.196,89.827,133.41,,,,,,,,
2026-06-26T20:26:34,134.202,baseline_active,1,AF7+AF8,206.14,23.06,37.424,225.52,499.41,,,,,,,,
2026-06-26T20:26:35,135.206,baseline_active,1,AF7+AF8,61.179,22.675,27.925,202.06,370.86,,,,,,,,
2026-06-26T20:26:36,136.214,baseline_active,1,AF7+AF8,48.595,72.426,24.137,282.19,507.56,,,,,,,,
2026-06-26T20:26:37,137.222,baseline_active,1,AF7+AF8,53.874,76.128,31.246,467.83,778.15,,,,,,,,
2026-06-26T20:26:38,138.227,baseline_active,1,AF7+AF8,84.718,54.827,34.707,484.83,599.96,,,,,,,,
2026-06-26T20:26:39,139.237,baseline_active,1,AF7+AF8,12627,2504.3,550.32,590.91,415.94,,,,,,,,
2026-06-26T20:26:40,140.240,baseline_active,1,AF7+AF8,49816,6658.8,1448.5,913.3,803.22,,,,,,,,
2026-06-26T20:26:41,141.247,baseline_active,1,AF7+AF8,16969,2011.3,495.8,654.3,1393,,,,,,,,
2026-06-26T20:26:42,142.251,baseline_active,1,AF7+AF8,577.2,193.21,78.29,523.94,1513.6,,,,,,,,
2026-06-26T20:26:43,143.257,baseline_active,1,AF7+AF8,109.92,53.246,32.41,421.75,929.32,,,,,,,,
2026-06-26T20:26:44,144.261,active,1,AF7+AF8,43.597,41.362,51.753,382.26,727.58,-0.35318,-0.34638,-0.26072,0.50642,0.50693,0.4999,,
2026-06-26T20:26:45,145.268,active,1,AF7+AF8,51.521,23.493,37.017,351.49,568.01,-0.35445,-0.35007,-0.26623,0.50886,0.50939,0.49984,,
2026-06-26T20:26:46,146.275,active,1,AF7+AF8,62.367,18.634,30.657,290.76,480.73,-0.35476,-0.35124,-0.28075,0.50885,0.50937,0.49981,,
2026-06-26T20:26:47,147.282,active,1,AF7+AF8,34.288,21.512,33.114,287.55,438.01,-0.35453,-0.35053,-0.28653,0.50875,0.50927,0.49977,,
2026-06-26T20:26:48,148.292,active,1,AF7+AF8,19.993,22.699,22.521,259.63,245.58,-0.35447,-0.35347,-0.29538,0.50857,0.50904,0.49983,,
2026-06-26T20:26:49,149.300,active,1,AF7+AF8,50.337,22.928,29.873,283.37,461.9,-0.35443,-0.35157,-0.28531,0.50854,0.50899,0.49981,Easy,
2026-06-26T20:26:50,150.305,active,1,AF7+AF8,58.787,29.774,32.509,300.95,603.21,-0.35401,-0.35087,-0.28042,0.5087,0.50912,0.49979,Easy,
2026-06-26T20:26:51,151.312,active,1,AF7+AF8,67.666,46.033,26.15,230.56,269.87,-0.35287,-0.35312,-0.30065,0.50844,0.50881,0.49993,Easy,
2026-06-26T20:26:52,152.316,active,1,AF7+AF8,84.43,41.819,31.258,191.29,216.86,-0.35311,-0.35161,-0.31231,0.50802,0.50836,0.49992,Easy,
2026-06-26T20:26:53,153.322,active,1,AF7+AF8,49.754,20.429,25.832,121.26,141.9,-0.35466,-0.35277,-0.33338,0.50735,0.50768,0.4999,Easy,
2026-06-26T20:26:54,154.329,active,1,AF7+AF8,34.076,14.747,17.747,109.57,76.356,-0.35506,-0.35492,-0.33629,0.50674,0.50704,0.49995,Easy,
2026-06-26T20:26:55,155.335,active,1,AF7+AF8,25.691,15.733,14.965,103.08,60.845,-0.35499,-0.3557,-0.34059,0.50616,0.50641,0.50003,Easy,
2026-06-26T20:26:56,156.342,active,1,AF7+AF8,21.76,9.3213,10.657,97.156,64.026,-0.35547,-0.35674,-0.34227,0.50564,0.50584,0.50011,Easy,
2026-06-26T20:26:57,157.359,active,1,AF7+AF8,28.264,11.178,12.213,100.52,140.23,-0.35534,-0.35634,-0.3396,0.50521,0.50537,0.50012,Easy,
2026-06-26T20:26:58,158.362,active,1,AF7+AF8,55.132,15.881,22.625,173.33,291.52,-0.35497,-0.35355,-0.31615,0.50515,0.50531,0.50008,Easy,
2026-06-26T20:26:59,159.369,active,1,AF7+AF8,84.284,13.149,34.822,295.84,1112.8,-0.35517,-0.35002,-0.27658,0.50757,0.50802,0.5,Easy,
2026-06-26T20:27:00,160.373,active,1,AF7+AF8,41.436,17.049,31.646,353.32,935.51,-0.35494,-0.35096,-0.26467,0.5095,0.50998,0.49994,Easy,
2026-06-26T20:27:01,161.375,active,1,AF7+AF8,140.52,29.343,34.511,448.52,651.02,-0.35411,-0.35074,-0.2363,0.51238,0.51282,0.49989,Easy,
2026-06-26T20:27:02,162.377,active,1,AF7+AF8,92.506,40.379,37.545,493.64,665.84,-0.3532,-0.34996,-0.21481,0.51508,0.5155,0.49986,Easy,
2026-06-26T20:27:03,163.384,active,1,AF7+AF8,121.43,44.042,32.914,316.07,337.59,-0.35289,-0.35058,-0.27394,0.51442,0.51483,0.49984,Easy,
2026-06-26T20:27:04,164.391,active,1,AF7+AF8,147.39,28.527,34.304,469.81,762.59,-0.35404,-0.35068,-0.22042,0.51553,0.51595,0.49981,Easy,
2026-06-26T20:27:05,165.396,active,1,AF7+AF8,114.29,47.367,40.842,494.84,790.86,-0.35242,-0.34883,-0.21365,0.51635,0.51678,0.49978,Easy,
2026-06-26T20:27:06,166.406,active,1,AF7+AF8,288.47,72.205,49.718,376.54,553.32,-0.35038,-0.34636,-0.25115,0.51581,0.51626,0.49974,Easy,
2026-06-26T20:27:07,167.412,active,1,AF7+AF8,113.38,34.502,36.874,353.38,696.96,-0.35348,-0.34943,-0.26258,0.51522,0.51567,0.49971,Easy,
2026-06-26T20:27:08,168.420,active,1,AF7+AF8,12.404,13.974,17.015,261.09,389.37,-0.35506,-0.35496,-0.29084,0.51435,0.51475,0.49988,Easy,
2026-06-26T20:27:09,169.426,active,1,AF7+AF8,4109.1,1062.7,153.68,260.22,213.55,-0.28706,-0.32529,-0.29924,0.51302,0.5128,0.50282,Easy,
2026-06-26T20:27:10,170.432,active,1,AF7+AF8,60315,10359,2198.8,1446.8,641.69,0.318,0.12108,-0.030149,0.50919,0.50605,0.51588,Easy,
2026-06-26T20:27:11,171.433,active,1,AF7+AF8,47615,5674.4,1650.1,947.07,502.49,0.014,0.0013553,-0.14482,0.5059,0.50295,0.51417,Easy,
2026-06-26T20:27:12,172.440,active,1,AF7+AF8,1651.5,94.882,74.789,206.18,320.67,-0.34916,-0.34237,-0.31027,0.50567,0.5041,0.51237,Easy,
2026-06-26T20:27:13,173.444,active,1,AF7+AF8,147.19,70.544,34.489,274.57,482.8,-0.3509,-0.35129,-0.28767,0.50704,0.50638,0.51089,Easy,
2026-06-26T20:27:14,174.451,active,1,AF7+AF8,168.73,81.076,34.733,397.24,944.85,-0.35,-0.35048,-0.25018,0.51034,0.51004,0.50959,Easy,
2026-06-26T20:27:15,175.457,active,1,AF7+AF8,155,66.706,42.612,354.47,519.92,-0.35061,-0.34832,-0.26123,0.51067,0.51072,0.5084,Easy,
2026-06-26T20:27:16,176.464,active,1,AF7+AF8,108.19,28.136,34.939,266.3,251.26,-0.35404,-0.35034,-0.28756,0.51033,0.51043,0.50734,Easy,
2026-06-26T20:27:17,177.468,active,1,AF7+AF8,199.57,49.905,52.397,353.36,570.8,-0.3527,-0.34539,-0.25919,0.51059,0.51118,0.50635,Easy,
2026-06-26T20:27:18,178.472,active,1,AF7+AF8,42.719,24.231,34.077,321.96,699.38,-0.35439,-0.35009,-0.27296,0.51048,0.51106,0.50552,Easy,
2026-06-26T20:27:19,179.475,active,1,AF7+AF8,48.448,29.065,19.264,253.17,430.59,-0.35399,-0.35443,-0.29512,0.51011,0.51062,0.50487,Easy,
2026-06-26T20:27:20,180.481,active,1,AF7+AF8,128.32,59.463,24.155,373.11,554.78,-0.35145,-0.35321,-0.25949,0.51107,0.51114,0.50431,Easy,solved:31.1
2026-06-26T20:27:21,181.493,active,1,AF7+AF8,130.88,70.908,32.05,412.12,868.05,-0.35073,-0.35128,-0.24483,0.51241,0.5124,0.5038,Easy,
2026-06-26T20:27:22,182.500,active,1,AF7+AF8,263.15,114.08,52.563,420.6,507.68,-0.34797,-0.34592,-0.24094,0.51284,0.51298,0.50331,Medium,
2026-06-26T20:27:23,183.508,active,1,AF7+AF8,180.58,68.241,57.515,530.4,813.21,-0.35099,-0.34385,-0.21525,0.51478,0.51537,0.50281,Medium,
2026-06-26T20:27:24,184.514,active,1,AF7+AF8,242.35,65.603,69.313,418.75,675.51,-0.35102,-0.3415,-0.24829,0.5144,0.51507,0.50233,Medium,
2026-06-26T20:27:25,185.520,active,1,AF7+AF8,175.95,54.602,39.992,114.13,124.21,-0.35189,-0.34935,-0.33614,0.51287,0.51349,0.50201,Medium,
2026-06-26T20:27:26,186.523,active,1,AF7+AF8,107.15,49.654,35.162,59.937,39.756,-0.35231,-0.35031,-0.35214,0.5113,0.51188,0.50174,Medium,
2026-06-26T20:27:27,187.528,active,1,AF7+AF8,203.14,72.303,60.951,100.21,71.348,-0.35079,-0.34387,-0.3398,0.51,0.51062,0.50143,Medium,
2026-06-26T20:27:28,188.533,active,1,AF7+AF8,131.97,56.238,55.894,140.76,82.194,-0.35206,-0.34523,-0.32757,0.50907,0.50971,0.50115,Medium,
2026-06-26T20:27:29,189.538,active,1,AF7+AF8,154.4,46.866,37.156,184.82,162.23,-0.35265,-0.35041,-0.31494,0.50851,0.50911,0.50098,Medium,
2026-06-26T20:27:30,190.543,active,1,AF7+AF8,98.735,27.621,23.04,211.06,201.49,-0.35405,-0.3537,-0.30674,0.5082,0.50873,0.50086,Medium,
2026-06-26T20:27:31,191.550,active,1,AF7+AF8,15.778,13.795,9.3602,167.08,123.58,-0.35509,-0.35706,-0.32013,0.50777,0.5082,0.50078,Medium,
2026-06-26T20:27:32,192.557,active,1,AF7+AF8,30.703,16.051,14.247,117.66,97.561,-0.35493,-0.35567,-0.33597,0.50713,0.5075,0.5007,Medium,
2026-06-26T20:27:33,193.562,active,1,AF7+AF8,116.62,15.219,18.489,170.51,284.24,-0.35497,-0.35468,-0.32085,0.50678,0.50712,0.50061,Medium,
2026-06-26T20:27:34,194.564,active,1,AF7+AF8,85.391,17.633,20.678,220,278.53,-0.35482,-0.35429,-0.30506,0.50671,0.50701,0.50053,Medium,
2026-06-26T20:27:35,195.570,active,1,AF7+AF8,247.12,77.307,37.217,230.7,201.69,-0.35045,-0.34964,-0.29926,0.50666,0.50694,0.50046,Medium,
2026-06-26T20:27:36,196.577,active,1,AF7+AF8,375.24,64.866,51.905,360.75,580.53,-0.35135,-0.34562,-0.26054,0.50904,0.50958,0.50032,Medium,
2026-06-26T20:27:37,197.582,active,1,AF7+AF8,120.85,18.626,27.73,431.04,912.9,-0.35478,-0.3523,-0.2445,0.5117,0.5121,0.50024,Medium,
2026-06-26T20:27:38,198.587,active,1,AF7+AF8,21.433,12.1,27.411,332.45,671.27,-0.35527,-0.35258,-0.2687,0.51155,0.51195,0.50017,Medium,
2026-06-26T20:27:39,199.593,active,1,AF7+AF8,43.816,9.7888,20.432,275.01,377.57,-0.35547,-0.354,-0.28698,0.51117,0.51154,0.50013,Medium,
2026-06-26T20:27:40,200.598,active,1,AF7+AF8,133.4,36.595,19.345,274.44,331.09,-0.35355,-0.35418,-0.29032,0.51079,0.51111,0.50012,Medium,
2026-06-26T20:27:41,201.603,active,1,AF7+AF8,156.72,56.561,21.695,287.71,743.74,-0.35194,-0.35354,-0.28171,0.51057,0.51083,0.50017,Medium,
2026-06-26T20:27:42,202.606,active,1,AF7+AF8,80.665,49.324,26.89,364.45,1192.8,-0.35235,-0.35188,-0.25664,0.51137,0.51151,0.50014,Medium,
2026-06-26T20:27:43,203.612,active,1,AF7+AF8,39.549,27.203,27.865,383.86,645.27,-0.35417,-0.35208,-0.25813,0.51159,0.5118,0.50009,Medium,
2026-06-26T20:27:44,204.618,active,1,AF7+AF8,98.216,56.474,33.678,256.45,373.95,-0.35208,-0.35073,-0.2946,0.51104,0.51125,0.50006,Medium,
2026-06-26T20:27:45,205.627,active,1,AF7+AF8,109.22,77.555,32.827,248.87,198.43,-0.35011,-0.3507,-0.29427,0.51057,0.51074,0.50007,Medium,
2026-06-26T20:27:46,206.633,active,1,AF7+AF8,223.45,73.686,58.364,182.4,116.81,-0.35042,-0.34428,-0.31478,0.50974,0.50998,0.49997,Medium,
2026-06-26T20:27:47,207.639,active,1,AF7+AF8,252.37,76.083,61.526,174.06,115.58,-0.35058,-0.34377,-0.31909,0.50894,0.50926,0.49987,Medium,
2026-06-26T20:27:48,208.648,active,1,AF7+AF8,67.718,41.115,22.883,150.38,106.14,-0.35312,-0.35361,-0.32422,0.50831,0.50858,0.49998,Medium,
2026-06-26T20:27:49,209.656,active,1,AF7+AF8,39.739,28.29,24.23,119.84,102.88,-0.35413,-0.35312,-0.33279,0.50762,0.50787,0.49997,Medium,
2026-06-26T20:27:50,210.661,active,1,AF7+AF8,90.994,65.387,38.307,119.34,78.162,-0.35156,-0.35029,-0.33325,0.50696,0.5072,0.49996,Medium,
2026-06-26T20:27:51,211.663,active,1,AF7+AF8,226.87,107.17,62.145,122.49,85.875,-0.3483,-0.34453,-0.33347,0.50629,0.50656,0.4999,Medium,
2026-06-26T20:27:52,212.664,active,1,AF7+AF8,677.03,80.251,54.495,213.04,250.66,-0.35003,-0.34512,-0.30675,0.50611,0.50642,0.49984,Medium,
2026-06-26T20:27:53,213.667,active,1,AF7+AF8,284.19,52.773,38.878,344.62,561.47,-0.3521,-0.34863,-0.26804,0.50849,0.50887,0.49981,Medium,
2026-06-26T20:27:54,214.676,active,1,AF7+AF8,83.613,31.764,24.749,392.13,857.54,-0.35375,-0.35239,-0.25055,0.51103,0.51129,0.49982,Medium,
2026-06-26T20:27:55,215.683,active,1,AF7+AF8,112.29,44.763,37.532,356.09,843.53,-0.35283,-0.34942,-0.26215,0.51102,0.51131,0.49979,Medium,
2026-06-26T20:27:56,216.691,active,1,AF7+AF8,329.16,97.331,46.563,298.92,591.37,-0.34867,-0.34729,-0.28201,0.51067,0.51096,0.49981,Medium,
2026-06-26T20:27:57,217.701,active,1,AF7+AF8,226.7,70.744,28.891,297.67,453.2,-0.35047,-0.35186,-0.2854,0.51039,0.51062,0.50003,Medium,
2026-06-26T20:27:58,218.707,active,1,AF7+AF8,111.33,24.785,17.04,303.03,686.69,-0.35423,-0.35502,-0.28434,0.5102,0.51039,0.50007,Medium,
2026-06-26T20:27:59,219.708,active,1,AF7+AF8,85.257,29.203,19.37,325.38,529.18,-0.35391,-0.35451,-0.27438,0.51018,0.51034,0.50007,Medium,
2026-06-26T20:28:00,220.714,active,1,AF7+AF8,39.152,34.457,19.024,219.12,262.34,-0.35351,-0.35458,-0.30371,0.50972,0.50984,0.50011,Medium,
2026-06-26T20:28:01,221.720,active,1,AF7+AF8,16.878,23.144,21.647,147.73,211.18,-0.35438,-0.35369,-0.32624,0.50897,0.50908,0.50009,Medium,
2026-06-26T20:28:02,222.726,active,1,AF7+AF8,11.066,16.525,21.794,159.31,131.05,-0.35494,-0.35345,-0.32396,0.50833,0.50846,0.50005,Medium,
2026-06-26T20:28:03,223.736,active,1,AF7+AF8,12.376,18.121,21.873,155.76,94.44,-0.35486,-0.35371,-0.32432,0.50777,0.5079,0.50003,Medium,
2026-06-26T20:28:04,224.740,active,1,AF7+AF8,38.557,34.177,23.895,175.28,115.99,-0.35381,-0.35324,-0.31862,0.50736,0.50748,0.50002,Medium,
2026-06-26T20:28:05,225.746,active,1,AF7+AF8,44.474,26.619,25.903,162.08,138.87,-0.35426,-0.35276,-0.32219,0.50694,0.50707,0.49999,Medium,
2026-06-26T20:28:06,226.750,active,1,AF7+AF8,174.39,77.626,30.096,181.97,243.47,-0.35066,-0.35179,-0.31426,0.50667,0.50676,0.50008,Medium,
2026-06-26T20:28:07,227.756,active,1,AF7+AF8,149.92,63.761,23.286,291.47,574.67,-0.35171,-0.35333,-0.28283,0.50795,0.50787,0.50015,Medium,
2026-06-26T20:28:08,228.761,active,1,AF7+AF8,28.112,13.34,21.536,326.15,419.8,-0.35516,-0.35375,-0.27166,0.50934,0.50941,0.50011,Medium,
2026-06-26T20:28:09,229.766,active,1,AF7+AF8,59.577,33.818,34.068,277.18,237.09,-0.35353,-0.35042,-0.28574,0.50919,0.5093,0.50005,Medium,
2026-06-26T20:28:10,230.774,active,1,AF7+AF8,111.1,71.437,53.388,220.26,160.48,-0.35061,-0.34571,-0.30383,0.50871,0.50888,0.49997,Medium,
2026-06-26T20:28:11,231.781,active,1,AF7+AF8,104.29,73.747,41.328,169.61,160.45,-0.35043,-0.34837,-0.31962,0.5081,0.50828,0.49995,Medium,
2026-06-26T20:28:12,232.786,active,1,AF7+AF8,56.499,33.384,15.802,183.04,168.08,-0.35361,-0.3553,-0.31653,0.50771,0.50784,0.50011,Medium,
2026-06-26T20:28:13,233.791,active,1,AF7+AF8,58.473,50.968,23.986,194.84,144.48,-0.35215,-0.35301,-0.31083,0.50742,0.50752,0.50011,Medium,
2026-06-26T20:28:14,234.804,active,1,AF7+AF8,118.53,51.576,28.383,176.45,138.82,-0.35218,-0.35197,-0.31893,0.50702,0.50712,0.50009,Medium,
2026-06-26T20:28:15,235.809,active,1,AF7+AF8,77.259,28.463,16.939,176.88,173.92,-0.35396,-0.35518,-0.31936,0.50672,0.50678,0.50013,Medium,
2026-06-26T20:28:16,236.812,active,1,AF7+AF8,165.44,44.745,45.089,245.06,383.94,-0.35284,-0.34695,-0.2959,0.50668,0.50698,0.50002,Medium,
2026-06-26T20:28:17,237.816,active,1,AF7+AF8,111.38,43.624,64.343,473.65,746.77,-0.35298,-0.34147,-0.22518,0.51139,0.51237,0.49985,Medium,
2026-06-26T20:28:18,238.818,active,1,AF7+AF8,27.037,20.129,30.046,395.79,500.34,-0.35468,-0.35163,-0.24704,0.5124,0.51302,0.49982,Medium,
2026-06-26T20:28:19,239.824,active,1,AF7+AF8,63.291,24.243,28.333,224.3,342.84,-0.35434,-0.35213,-0.30195,0.51166,0.51224,0.49981,Medium,
2026-06-26T20:28:20,240.829,active,1,AF7+AF8,73.214,15.466,23.241,249.37,387.76,-0.355,-0.35336,-0.2941,0.51115,0.51169,0.49981,Medium,
2026-06-26T20:28:21,241.835,active,1,AF7+AF8,31.199,18.267,17.784,279.79,252.51,-0.35479,-0.35479,-0.28052,0.51093,0.5114,0.49992,Medium,
2026-06-26T20:28:22,242.838,active,1,AF7+AF8,64.114,44.926,17.752,195.25,147.95,-0.35292,-0.35482,-0.30991,0.51029,0.51068,0.50011,Medium,
2026-06-26T20:28:23,243.846,active,1,AF7+AF8,121.43,63.243,16.983,162.28,109.21,-0.35171,-0.35513,-0.3225,0.50954,0.50983,0.5003,Medium,
2026-06-26T20:28:24,244.856,active,1,AF7+AF8,201.95,71.339,17.246,177.75,155.81,-0.35084,-0.35502,-0.32043,0.50892,0.50911,0.50043,Medium,
2026-06-26T20:28:25,245.858,active,1,AF7+AF8,190.53,55.289,25.532,306.93,263.56,-0.35194,-0.35299,-0.2837,0.50889,0.50904,0.5004,Medium,
2026-06-26T20:28:26,246.864,active,1,AF7+AF8,52.669,42.833,39.803,207.71,162.56,-0.35301,-0.34953,-0.30961,0.50842,0.50861,0.5003,Medium,
2026-06-26T20:28:27,247.871,active,1,AF7+AF8,64.623,65.096,51.678,166.54,170.72,-0.35137,-0.34626,-0.32218,0.50777,0.50801,0.50019,Medium,
2026-06-26T20:28:28,248.882,active,1,AF7+AF8,51.435,37.398,33.784,182.92,196.51,-0.35325,-0.35062,-0.31431,0.50738,0.50763,0.50012,Medium,
2026-06-26T20:28:29,249.889,active,1,AF7+AF8,80.861,60.111,40.03,132.21,115.91,-0.35145,-0.34903,-0.32724,0.50682,0.50708,0.50007,Medium,
2026-06-26T20:28:30,250.897,active,1,AF7+AF8,1496.4,277.86,113.21,126.09,70.299,-0.33448,-0.32802,-0.33024,0.50597,0.5063,0.49997,Medium,
2026-06-26T20:28:31,251.905,active,1,AF7+AF8,1.1757e+05,22135,5551.5,3518.8,1173.9,1.2134,1.0664,0.5663,0.49779,0.49592,0.51101,Medium,
2026-06-26T20:28:32,252.911,active,1,AF7+AF8,2.8565e+05,52711,13106,9139.5,2703,3.3813,2.8509,1.9579,0.48488,0.47591,0.54395,Medium,
2026-06-26T20:28:33,253.914,active,1,AF7+AF8,1.2443e+05,17597,6128.8,3480.4,697.37,0.93045,1.1627,0.53226,0.47732,0.47285,0.5352,Medium,
2026-06-26T20:28:34,254.923,active,1,AF7+AF8,2.8334e+05,22389,10029,1621.8,282.33,1.2501,2.2732,0.10414,0.45036,0.45938,0.51595,Medium,
2026-06-26T20:28:35,255.927,active,0,,,,,,,,,,,,,Medium,
2026-06-26T20:28:36,256.930,active,0,,,,,,,,,,,,,Medium,
2026-06-26T20:28:37,257.933,active,1,AF7+AF8,1.6743e+05,27818,22890,9198,2102.4,1.9397,6.5349,2.9399,0.41337,0.55724,0.465,Medium,
2026-06-26T20:28:38,258.940,active,1,AF7+AF8,25373,3602.6,1902.7,741.43,193.84,-0.054725,0.21337,-0.10473,0.44154,0.54962,0.46592,Medium,
2026-06-26T20:28:39,259.951,active,1,AF7+AF8,4627.2,951.96,302.74,271.8,65.471,-0.29235,-0.29173,-0.30541,0.47559,0.54347,0.48632,Medium,
2026-06-26T20:28:40,260.953,active,1,AF7+AF8,9621.3,1739.9,624.91,638.52,136.81,-0.24034,-0.22105,-0.22157,0.4902,0.53854,0.49308,Medium,
2026-06-26T20:28:41,261.955,active,1,AF7+AF8,1175,212.59,80.03,110.31,52.464,-0.34203,-0.34157,-0.34312,0.49596,0.53389,0.4972,Medium,
2026-06-26T20:28:42,262.960,active,1,AF7+AF8,40.858,18.486,17.36,29.396,37.252,-0.35486,-0.35535,-0.3615,0.49792,0.52973,0.49892,Medium,
2026-06-26T20:28:43,263.966,active,1,AF7+AF8,458.64,370.29,526.66,215.79,22.493,-0.33202,-0.24403,-0.31917,0.49705,0.52635,0.49773,Medium,
2026-06-26T20:28:44,264.968,active,1,AF7+AF8,548.33,428.71,585.53,253.92,26.747,-0.3282,-0.23104,-0.31041,0.49621,0.52346,0.49654,Medium,
2026-06-26T20:28:45,265.975,active,1,AF7+AF8,40.029,30.642,26.783,32.764,28.295,-0.35402,-0.35344,-0.3611,0.49791,0.52054,0.49857,Medium,
2026-06-26T20:28:46,266.980,active,1,AF8,51509,2391.6,3023.4,2361.5,445.07,-0.15223,0.58852,0.48586,0.49662,0.55567,0.48776,Medium,
2026-06-26T20:28:47,267.987,active,0,,,,,,,,,,,,,Medium,
2026-06-26T20:28:48,268.994,active,0,,,,,,,,,,,,,Medium,
2026-06-26T20:28:49,269.996,active,0,,,,,,,,,,,,,Medium,
2026-06-26T20:28:50,271.001,active,1,AF7+AF8,2866,867.21,349.31,521.11,834.15,-0.29408,-0.27633,-0.23959,0.5014,0.54981,0.49377,Medium,
2026-06-26T20:28:51,272.006,active,1,AF7+AF8,510.45,305.14,180.66,253.72,597.45,-0.33468,-0.31756,-0.30801,0.50138,0.54423,0.49623,Medium,
2026-06-26T20:28:52,273.012,active,1,AF7+AF8,340.92,219.02,117.4,222.16,241.76,-0.34139,-0.3327,-0.31667,0.50175,0.53929,0.49784,Medium,
2026-06-26T20:28:53,274.019,active,1,AF7+AF8,2854.4,2132.4,409.36,340.7,225.99,-0.21329,-0.26562,-0.28758,0.50121,0.53346,0.50306,Medium,
2026-06-26T20:28:54,275.031,active,1,AF7+AF8,24440,16145,2918.8,1630.4,739.18,0.72162,0.31908,0.024518,0.49666,0.5191,0.53131,Medium,
2026-06-26T20:28:55,276.038,active,1,AF7+AF8,15918,8598.3,1723.8,927.4,476.76,0.22058,0.043638,-0.14661,0.49421,0.51131,0.53021,Medium,
2026-06-26T20:28:56,277.048,active,1,AF7+AF8,1312,437.08,169.18,154.61,135.28,-0.32714,-0.32148,-0.3329,0.49683,0.50987,0.5265,Medium,
2026-06-26T20:28:57,278.057,active,1,AF7+AF8,546.52,146.81,56.323,120.33,113.8,-0.34618,-0.34648,-0.34101,0.49914,0.50876,0.52332,Medium,
2026-06-26T20:28:58,279.063,active,1,AF7+AF8,781.9,167.69,65.763,156.63,150.42,-0.34507,-0.34451,-0.33256,0.50055,0.5079,0.52052,Medium,
2026-06-26T20:28:59,280.067,active,1,AF7+AF8,685.25,83.407,50.868,141.96,107.82,-0.35064,-0.34781,-0.33629,0.50108,0.50717,0.51801,Medium,
2026-06-26T20:29:00,281.072,active,1,AF7+AF8,149.41,57.628,24.917,96.283,111.24,-0.35235,-0.35377,-0.34693,0.50106,0.50639,0.51587,Medium,
2026-06-26T20:29:01,282.078,active,1,AF7+AF8,117.75,59.863,23.975,76.01,178.51,-0.35198,-0.35363,-0.35098,0.50097,0.50564,0.51399,Medium,
2026-06-26T20:29:02,283.085,active,1,AF7+AF8,136.09,61.31,28.207,92.688,343.2,-0.35147,-0.35238,-0.34715,0.50093,0.50502,0.51233,Medium,
2026-06-26T20:29:03,284.091,active,1,AF7+AF8,133.01,97.307,28.413,100.54,173.03,-0.34849,-0.35239,-0.34583,0.50092,0.50446,0.51091,Medium,
2026-06-26T20:29:04,285.098,active,1,AF7+AF8,117.54,61.955,32.39,120.22,156.75,-0.35182,-0.35213,-0.34122,0.50119,0.50408,0.5096,Medium,
2026-06-26T20:29:05,286.103,active,1,AF7+AF8,115.08,36.552,20.971,85.559,106.33,-0.35351,-0.35459,-0.34916,0.50112,0.50366,0.50847,Medium,
2026-06-26T20:29:06,287.110,active,1,AF7+AF8,131.94,118.28,40.979,89.328,96.579,-0.34677,-0.34841,-0.34796,0.501,0.5032,0.50747,Medium,
2026-06-26T20:29:07,288.118,active,1,AF7+AF8,210.57,111.79,44.748,83.747,96.698,-0.34728,-0.3474,-0.3494,0.50085,0.50279,0.50658,Medium,
2026-06-26T20:29:08,289.123,active,1,AF7+AF8,175.91,81.826,34.799,85.775,89.115,-0.35009,-0.3504,-0.34895,0.50077,0.50247,0.50579,Medium,
2026-06-26T20:29:09,290.128,active,1,AF7+AF8,148.75,59.947,29.353,92.24,128.95,-0.35184,-0.35202,-0.34736,0.50075,0.50224,0.5051,Medium,
2026-06-26T20:29:10,291.134,active,1,AF7+AF8,79.311,27.076,18.8,83.424,197.92,-0.3542,-0.35498,-0.34978,0.50073,0.50204,0.5045,Medium,
2026-06-26T20:29:11,292.141,active,1,AF7+AF8,83.045,40.456,18.108,73.485,130.35,-0.35317,-0.35515,-0.35186,0.50069,0.50181,0.50399,Medium,
2026-06-26T20:29:12,293.143,active,1,AF7+AF8,84.997,42.188,16.533,57.644,111.05,-0.35307,-0.35527,-0.35531,0.50061,0.50156,0.50354,Medium,
2026-06-26T20:29:13,294.150,active,1,AF7+AF8,43.111,21.958,11.764,59.12,113.03,-0.35463,-0.35662,-0.35519,0.50056,0.50137,0.50315,Medium,
2026-06-26T20:29:15,295.159,active,1,AF7+AF8,122.31,55.444,21.131,58.342,78.902,-0.35193,-0.3541,-0.35526,0.50047,0.50115,0.5028,Medium,
2026-06-26T20:29:16,296.164,active,1,AF7+AF8,264.85,122.44,40.607,68.128,70.903,-0.34666,-0.34917,-0.35252,0.50037,0.50093,0.50251,Medium,
2026-06-26T20:29:17,297.172,active,1,AF7+AF8,332.71,158.79,43.618,99.572,95.081,-0.34377,-0.34924,-0.34552,0.50043,0.50079,0.50229,Medium,
2026-06-26T20:29:18,298.176,active,1,AF7+AF8,149.14,61.06,32.258,108.01,129.97,-0.3517,-0.35225,-0.34379,0.5008,0.50091,0.50202,Medium,
2026-06-26T20:29:19,299.180,active,1,AF7+AF8,203.96,89.048,19.306,75.496,148.16,-0.34907,-0.35472,-0.35125,0.50076,0.50077,0.50186,Medium,
2026-06-26T20:29:20,300.182,active,1,AF7+AF8,110.59,58.694,16.68,58.047,114,-0.35155,-0.35532,-0.35548,0.50067,0.50062,0.5017,Medium,
2026-06-26T20:29:21,301.192,active,1,AF7+AF8,29.015,32.575,21.603,58.81,93.802,-0.3538,-0.35432,-0.3553,0.50057,0.50052,0.5015,Medium,
2026-06-26T20:29:22,302.199,active,1,AF7+AF8,87.346,82.151,20.74,60.131,91.707,-0.34986,-0.3541,-0.35496,0.50049,0.50038,0.50138,Medium,
2026-06-26T20:29:23,303.207,active,1,AF7+AF8,681.4,154.09,33.914,64.204,126.5,-0.34375,-0.35041,-0.35385,0.50038,0.50018,0.50132,Medium,
2026-06-26T20:29:24,304.212,active,1,AF7+AF8,1859,236.83,63.911,92.57,82.642,-0.33828,-0.3438,-0.34709,0.50029,0.50003,0.50124,Medium,
2026-06-26T20:29:25,305.220,active,1,AF7+AF8,965.71,236.35,60.203,83.676,70.057,-0.3392,-0.34452,-0.34879,0.50019,0.49988,0.50117,Medium,
2026-06-26T20:29:26,306.229,active,1,AF7+AF8,223.09,137.21,44.437,72.29,116.05,-0.34506,-0.34721,-0.35146,0.5001,0.4998,0.50106,Medium,
2026-06-26T20:29:27,307.233,active,1,AF7+AF8,76.981,30.462,19.142,72.532,135.61,-0.35385,-0.35475,-0.35197,0.50025,0.50006,0.50095,Medium,
2026-06-26T20:29:28,308.239,active,1,AF7+AF8,29.709,16.229,14.243,67.034,113.62,-0.355,-0.35613,-0.35343,0.5003,0.50014,0.50085,Medium,
2026-06-26T20:29:29,309.244,active,1,AF7+AF8,10.639,11.437,8.9102,50.851,122.4,-0.35534,-0.35739,-0.35712,0.50027,0.5001,0.50078,Medium,
2026-06-26T20:29:30,310.250,active,1,AF7+AF8,60.671,69.856,22.449,46.089,132.03,-0.3506,-0.35352,-0.35818,0.50017,0.49997,0.50073,Medium,
2026-06-26T20:29:31,311.257,active,1,AF7+AF8,130.82,109.35,34.837,55.664,170.59,-0.34746,-0.34997,-0.35574,0.50006,0.49985,0.50068,Medium,
2026-06-26T20:29:32,312.263,active,1,AF7+AF8,126.42,34.52,22.264,51.901,89.595,-0.35354,-0.35361,-0.35632,0.50001,0.49983,0.5006,Medium,
2026-06-26T20:29:33,313.273,active,1,AF7+AF8,70.096,34.674,17.648,45.454,82.037,-0.35353,-0.35474,-0.35818,0.49996,0.49978,0.50055,Medium,
2026-06-26T20:29:34,314.282,active,1,AF7+AF8,78.673,50.011,18.546,41.032,81.05,-0.35219,-0.35449,-0.35924,0.49989,0.4997,0.50052,Medium,
2026-06-26T20:29:35,315.289,active,1,AF7+AF8,157.55,107.26,29.675,46.115,102.4,-0.34731,-0.35117,-0.35795,0.4998,0.49958,0.50051,Medium,
2026-06-26T20:29:36,316.295,active,1,AF7+AF8,251.41,163.65,48.694,45.252,95.643,-0.34277,-0.3457,-0.35801,0.49964,0.4994,0.50049,Medium,
2026-06-26T20:29:37,317.302,active,1,AF7+AF8,171.77,81.728,44.597,50.211,54.295,-0.34974,-0.34728,-0.35672,0.49954,0.49937,0.5004,Medium,
2026-06-26T20:29:38,318.306,active,1,AF7+AF8,140.33,31.906,33.247,47.988,35.878,-0.35375,-0.35033,-0.35736,0.49949,0.49948,0.5003,Medium,
2026-06-26T20:29:39,319.316,active,1,AF7+AF8,73.214,32.906,12.489,37.172,82.774,-0.35362,-0.35599,-0.36018,0.49949,0.49944,0.5003,Medium,
2026-06-26T20:29:40,320.321,active,1,AF7+AF8,68.282,39.669,16.529,34.36,136.42,-0.35305,-0.35515,-0.3606,0.49947,0.49939,0.50029,Medium,
2026-06-26T20:29:41,321.327,active,1,AF7+AF8,254.64,180.16,60.763,45.096,82.416,-0.34141,-0.34302,-0.35739,0.49932,0.49923,0.50028,Medium,
2026-06-26T20:29:42,322.335,active,1,AF7+AF8,267.57,193.75,52.69,44.717,38.692,-0.34034,-0.34483,-0.35764,0.49921,0.49906,0.50045,Medium,
2026-06-26T20:29:43,323.340,active,1,AF7+AF8,70.333,47.014,14.909,33.718,93.645,-0.35254,-0.35553,-0.3608,0.49929,0.49905,0.50044,Medium,
2026-06-26T20:29:44,324.346,active,1,AF7+AF8,16.286,26.798,12.566,34.408,151.58,-0.35414,-0.35617,-0.36077,0.49937,0.49912,0.50042,Medium,
2026-06-26T20:29:45,325.352,active,1,AF7+AF8,56.195,62.018,32.03,37.986,68.637,-0.35099,-0.3505,-0.35955,0.49931,0.4991,0.50036,Medium,
2026-06-26T20:29:46,326.355,active,1,AF7+AF8,25.21,24.877,14.273,44.149,64.672,-0.35413,-0.35558,-0.35851,0.4995,0.49931,0.50034,Medium,
2026-06-26T20:29:47,327.360,active,1,AF7+AF8,79.348,65.294,28.809,48.249,76.918,-0.35095,-0.35156,-0.35744,0.49948,0.4993,0.50031,Medium,
2026-06-26T20:29:48,328.371,active,1,AF7+AF8,73.116,52.977,23.143,36.676,72.441,-0.35193,-0.35314,-0.3601,0.49943,0.49926,0.50029,Medium,
2026-06-26T20:29:49,329.378,active,1,AF7+AF8,33.993,48.541,19.371,30.806,74.941,-0.35214,-0.35444,-0.36173,0.49939,0.4992,0.50029,Medium,
2026-06-26T20:29:50,330.384,active,1,AF7+AF8,178.89,166.18,40.239,45.266,92.749,-0.34229,-0.34836,-0.35803,0.49932,0.49906,0.50057,Medium,
2026-06-26T20:29:51,331.390,active,1,AF7+AF8,155.81,108.22,25.694,47.814,126.57,-0.34714,-0.35238,-0.35756,0.49934,0.49902,0.50062,Medium,
2026-06-26T20:29:52,332.397,active,1,AF7+AF8,10.441,6.8473,9.007,39.947,117.44,-0.35563,-0.35729,-0.35962,0.49956,0.49931,0.50057,Medium,
2026-06-26T20:29:53,333.406,active,1,AF7+AF8,38.84,40.076,11.121,36.576,132.96,-0.35285,-0.35647,-0.36021,0.49956,0.49928,0.50056,Medium,
2026-06-26T20:29:54,334.412,active,1,AF7+AF8,182.58,147.92,29.382,40.927,112.71,-0.34375,-0.35117,-0.3592,0.49949,0.49914,0.50078,Medium,
2026-06-26T20:29:55,335.418,active,1,AF7+AF8,1440.9,556.68,105.99,78.4,106.5,-0.31741,-0.33269,-0.3489,0.49931,0.49877,0.50146,Medium,
2026-06-26T20:29:56,336.421,active,0,,,,,,,,,,,,,Medium,
2026-06-26T20:29:57,337.429,active,0,,,,,,,,,,,,,Medium,
2026-06-26T20:29:58,338.435,active,0,,,,,,,,,,,,,Medium,
2026-06-26T20:29:59,339.439,active,0,,,,,,,,,,,,,Medium,
2026-06-26T20:30:00,340.443,active,0,,,,,,,,,,,,,Medium,
2026-06-26T20:30:01,341.449,active,0,,,,,,,,,,,,,Medium,
2026-06-26T20:30:02,342.452,active,0,,,,,,,,,,,,,Medium,
2026-06-26T20:30:03,343.457,active,0,,,,,,,,,,,,,Medium,
2026-06-26T20:30:04,344.459,active,0,,,,,,,,,,,,,Medium,
2026-06-26T20:30:05,345.463,active,0,,,,,,,,,,,,,Medium,
2026-06-26T20:30:06,346.469,active,0,,,,,,,,,,,,,Medium,
2026-06-26T20:30:07,347.471,active,0,,,,,,,,,,,,,Medium,
2026-06-26T20:30:08,348.476,active,0,,,,,,,,,,,,,Medium,
2026-06-26T20:30:09,349.479,active,0,,,,,,,,,,,,,Medium,
2026-06-26T20:30:10,350.485,active,0,,,,,,,,,,,,,Medium,
2026-06-26T20:30:11,351.488,active,0,,,,,,,,,,,,,Medium,
2026-06-26T20:30:12,352.496,active,0,,,,,,,,,,,,,Medium,
2026-06-26T20:30:13,353.500,active,0,,,,,,,,,,,,,Medium,
2026-06-26T20:30:14,354.506,active,0,,,,,,,,,,,,,Medium,
2026-06-26T20:30:15,355.512,active,0,,,,,,,,,,,,,Medium,
2026-06-26T20:30:16,356.515,active,0,,,,,,,,,,,,,Medium,
2026-06-26T20:30:17,357.519,active,0,,,,,,,,,,,,,Medium,
2026-06-26T20:30:18,358.524,active,0,,,,,,,,,,,,,Medium,
2026-06-26T20:30:19,359.530,active,0,,,,,,,,,,,,,Medium,
2026-06-26T20:30:20,360.535,active,0,,,,,,,,,,,,,Medium,
2026-06-26T20:30:21,361.539,active,0,,,,,,,,,,,,,Medium,
2026-06-26T20:30:22,362.545,active,0,,,,,,,,,,,,,Medium,
2026-06-26T20:30:23,363.553,active,0,,,,,,,,,,,,,Medium,
2026-06-26T20:30:24,364.555,active,0,,,,,,,,,,,,,Medium,
2026-06-26T20:30:25,365.561,active,0,,,,,,,,,,,,,Medium,
2026-06-26T20:30:26,366.563,active,0,,,,,,,,,,,,,Medium,
2026-06-26T20:30:27,367.569,active,0,,,,,,,,,,,,,Medium,
2026-06-26T20:30:28,368.571,active,0,,,,,,,,,,,,,Medium,
2026-06-26T20:30:29,369.573,active,0,,,,,,,,,,,,,Medium,
2026-06-26T20:30:30,370.579,active,0,,,,,,,,,,,,,Medium,
2026-06-26T20:30:31,371.580,active,0,,,,,,,,,,,,,Medium,
2026-06-26T20:30:32,372.587,active,0,,,,,,,,,,,,,Medium,
2026-06-26T20:30:33,373.595,active,0,,,,,,,,,,,,,Medium,
2026-06-26T20:30:34,374.602,active,0,,,,,,,,,,,,,Medium,
2026-06-26T20:30:35,375.606,active,0,,,,,,,,,,,,,Medium,
2026-06-26T20:30:36,376.608,active,0,,,,,,,,,,,,,Medium,
2026-06-26T20:30:37,377.614,active,0,,,,,,,,,,,,,Medium,
2026-06-26T20:30:38,378.619,active,0,,,,,,,,,,,,,Medium,
2026-06-26T20:30:39,379.624,active,0,,,,,,,,,,,,,Medium,
2026-06-26T20:30:40,380.626,active,0,,,,,,,,,,,,,Medium,
2026-06-26T20:30:41,381.628,active,0,,,,,,,,,,,,,Medium,
2026-06-26T20:30:42,382.634,active,0,,,,,,,,,,,,,Medium,
2026-06-26T20:30:43,383.641,active,1,AF7+AF8,10016,14580,4369.8,3539.9,893.22,0.6038,0.60463,0.44809,0.49704,0.49658,0.50127,Medium,
2026-06-26T20:30:44,384.647,active,1,AF7+AF8,19620,20514,3790.5,3475.9,940.73,1.0024,0.48172,0.4358,0.49671,0.48855,0.53934,Medium,
2026-06-26T20:30:45,385.651,active,1,AF7+AF8,4884.4,3178.2,559.85,490.37,288.9,-0.14553,-0.23467,-0.25361,0.49726,0.4883,0.53596,Medium,
2026-06-26T20:30:46,386.654,active,1,AF7+AF8,218.29,204.28,122.1,140.02,145.99,-0.34259,-0.33234,-0.33537,0.49868,0.49586,0.53149,Medium,
2026-06-26T20:30:47,387.660,active,1,AF7+AF8,187.04,163.88,84.014,171.27,207.87,-0.34512,-0.34051,-0.32887,0.50034,0.49956,0.52764,Medium,
2026-06-26T20:30:48,388.666,active,1,AF7+AF8,214.44,212.35,71.874,191.56,236.28,-0.34212,-0.3431,-0.32424,0.50155,0.50117,0.52434,Medium,
2026-06-26T20:30:49,389.672,active,1,AF7+AF8,138.99,173.97,59.823,169.55,281.81,-0.34478,-0.34609,-0.32987,0.50184,0.50158,0.52144,Medium,
2026-06-26T20:30:50,390.681,active,1,AF7+AF8,291.02,125.45,52.225,149.23,231.29,-0.34745,-0.34737,-0.33405,0.50182,0.50164,0.51886,Medium,
2026-06-26T20:30:51,391.687,active,0,,,,,,,,,,,,,Medium,
2026-06-26T20:30:52,392.692,active,0,,,,,,,,,,,,,Medium,
2026-06-26T20:30:53,393.698,active,0,,,,,,,,,,,,,Medium,
2026-06-26T20:30:54,394.700,active,0,,,,,,,,,,,,,Medium,
2026-06-26T20:30:55,395.705,active,0,,,,,,,,,,,,,Medium,
2026-06-26T20:30:56,396.709,active,0,,,,,,,,,,,,,Medium,
2026-06-26T20:30:57,397.715,active,0,,,,,,,,,,,,,Medium,
2026-06-26T20:30:58,398.721,active,1,AF7+AF8,10644,1572.9,311.06,595.01,423.91,-0.24099,-0.28258,-0.22377,0.50514,0.50195,0.51722,Medium,
2026-06-26T20:30:59,399.726,active,1,AF7+AF8,518.03,77.963,36.216,222.53,187.49,-0.35047,-0.35031,-0.316,0.50503,0.50336,0.51515,Medium,
2026-06-26T20:31:00,400.732,active,1,AF7+AF8,278.48,47.148,21.322,151.9,120.26,-0.35286,-0.35409,-0.33272,0.50475,0.50326,0.51335,Medium,
2026-06-26T20:31:01,401.738,active,1,AF7+AF8,53.805,41.096,22.112,144.04,115.26,-0.35321,-0.3542,-0.3346,0.50447,0.50315,0.51177,Medium,
2026-06-26T20:31:02,402.742,active,1,AF7+AF8,633.93,111.05,33.316,138.77,157.92,-0.3478,-0.35112,-0.33441,0.50419,0.50297,0.5104,Medium,
2026-06-26T20:31:03,403.746,active,1,AF7+AF8,607.45,100.4,30.09,125.38,175.3,-0.34867,-0.35167,-0.33642,0.50391,0.5028,0.5092,Medium,
2026-06-26T20:31:04,404.752,active,1,AF7+AF8,74.191,50.713,13.931,126.21,127.43,-0.35252,-0.35584,-0.33655,0.50373,0.5027,0.50815,Medium,
2026-06-26T20:31:05,405.757,active,1,AF7+AF8,135.02,49.102,12.368,114.27,116.66,-0.35274,-0.35642,-0.34074,0.50352,0.50256,0.50722,Medium,
2026-06-26T20:31:06,406.763,active,1,AF7+AF8,5832,928.67,110.94,290.13,355.94,-0.27833,-0.32745,-0.28789,0.50438,0.50211,0.50709,Medium,
2026-06-26T20:31:07,407.773,active,1,AF7+AF8,8555.5,2301.4,195.7,471.53,869.63,-0.16222,-0.30191,-0.22815,0.50728,0.50087,0.51331,Medium,
2026-06-26T20:31:08,408.779,active,1,AF7+AF8,932.7,426.03,35.289,243.13,589.02,-0.32036,-0.34948,-0.29729,0.50719,0.50208,0.51215,Medium,
2026-06-26T20:31:09,409.785,active,1,AF7+AF8,262.58,24.215,9.5026,159.64,289.45,-0.35434,-0.35705,-0.32719,0.50678,0.50287,0.51073,Medium,
2026-06-26T20:31:10,410.790,active,1,AF7+AF8,84.919,18.718,9.9941,113.49,121.64,-0.35482,-0.35688,-0.33893,0.50623,0.50276,0.50948,Medium,
2026-06-26T20:31:11,411.795,active,1,AF7+AF8,110.49,51.953,10.479,75.795,71.738,-0.35192,-0.35681,-0.34807,0.50562,0.50249,0.50841,Medium,
2026-06-26T20:31:12,412.801,active,1,AF7+AF8,686.13,337.55,40.053,67.965,68.133,-0.32836,-0.34925,-0.35117,0.50491,0.50185,0.50772,Medium,
2026-06-26T20:31:13,413.802,active,1,AF7+AF8,824.89,282.96,96.555,102.89,66.674,-0.33462,-0.33656,-0.34254,0.50423,0.50151,0.50682,Medium,
2026-06-26T20:31:14,414.804,active,1,AF7+AF8,334.25,157.71,52.442,93.762,54.868,-0.34486,-0.34716,-0.34466,0.50376,0.50133,0.50604,Medium,
2026-06-26T20:31:15,415.814,active,1,AF7+AF8,273.73,67.5,19.009,47.146,42.565,-0.35129,-0.35493,-0.35665,0.50329,0.50109,0.50537,Medium,
2026-06-26T20:31:16,416.815,active,1,AF7+AF8,251.72,29.433,17.372,39.636,48.372,-0.35401,-0.35534,-0.35951,0.50283,0.50088,0.50474,Medium,
2026-06-26T20:31:17,417.821,active,1,AF7+AF8,71.555,20.507,8.3769,39.837,40.047,-0.35475,-0.35741,-0.35955,0.50246,0.5007,0.50421,Medium,
2026-06-26T20:31:18,418.827,active,1,AF7+AF8,21.13,18.174,6.8011,44.853,38.839,-0.35492,-0.35774,-0.35833,0.50215,0.50056,0.50375,Medium,
2026-06-26T20:31:19,419.833,active,1,AF7+AF8,7.6805,16.554,7.0762,43.366,27.257,-0.35501,-0.35778,-0.35865,0.50188,0.50044,0.50334,Medium,
2026-06-26T20:31:20,420.839,active,1,AF7+AF8,7.7799,19.965,8.4253,47.32,31.156,-0.3548,-0.35747,-0.35775,0.50165,0.50034,0.50298,Medium,
2026-06-26T20:31:21,421.842,active,1,AF7+AF8,7.4986,16.188,7.356,40.399,40.82,-0.35503,-0.35773,-0.35944,0.50143,0.50024,0.50266,Medium,
2026-06-26T20:31:22,422.848,active,1,AF7+AF8,11.474,12.324,6.342,37.346,42.874,-0.35527,-0.35794,-0.36005,0.50123,0.50014,0.50238,Medium,
2026-06-26T20:31:23,423.854,active,1,AF7+AF8,24.772,21.871,15.886,75.834,66.453,-0.35461,-0.35569,-0.35107,0.50115,0.50032,0.50211,Medium,
2026-06-26T20:31:24,424.855,active,1,AF7+AF8,14.816,21.001,12.406,61.451,53.532,-0.35472,-0.35657,-0.35397,0.50105,0.50029,0.50189,Medium,
2026-06-26T20:31:25,425.859,active,1,AF7+AF8,10.319,14.506,9.2179,41.909,46.531,-0.35511,-0.35729,-0.35872,0.5009,0.5002,0.50169,Medium,
2026-06-26T20:31:26,426.864,active,1,AF7+AF8,19.687,25.733,11.435,43.543,47.939,-0.35417,-0.35656,-0.35867,0.50076,0.50011,0.50153,Medium,
2026-06-26T20:31:27,427.870,active,1,AF7+AF8,19.672,29.665,11.908,41.675,41.988,-0.35393,-0.35652,-0.35904,0.50063,0.50002,0.50138,Medium,
2026-06-26T20:31:28,428.875,active,1,AF7+AF8,6.0823,9.8626,4.6578,30.68,33.818,-0.35547,-0.35834,-0.36157,0.50051,0.49993,0.50126,Medium,
2026-06-26T20:31:29,429.877,active,1,AF7+AF8,12.599,7.5482,6.1199,38.581,31.061,-0.35563,-0.358,-0.35934,0.50043,0.49988,0.50114,Medium,
2026-06-26T20:31:30,430.880,active,1,AF7+AF8,13.782,12.51,6.2184,39.286,31.404,-0.35527,-0.3579,-0.35943,0.50035,0.49983,0.50105,Medium,
2026-06-26T20:31:31,431.884,active,1,AF7+AF8,7.7216,12.513,7.8657,32.114,28.984,-0.35529,-0.35755,-0.36136,0.50025,0.49976,0.50095,Medium,
2026-06-26T20:31:32,432.890,active,1,AF7+AF8,7.0864,7.6373,8.1795,29.559,29.459,-0.35562,-0.35753,-0.36213,0.50015,0.49969,0.50087,Medium,
2026-06-26T20:31:33,433.895,active,1,AF7+AF8,56.736,25.034,7.2087,42.339,37.342,-0.35418,-0.35765,-0.3586,0.50012,0.49966,0.50082,Medium,
2026-06-26T20:31:34,434.900,active,1,AF7+AF8,943.68,175.76,25.362,88.75,79.165,-0.34289,-0.353,-0.34463,0.50068,0.49973,0.50108,Medium,
2026-06-26T20:31:35,435.907,active,1,AF7+AF8,808.33,154.8,27.026,71.072,72.691,-0.34524,-0.35288,-0.34967,0.50064,0.4997,0.50107,Medium,
2026-06-26T20:31:36,436.912,active,1,AF7+AF8,172.71,68.191,17.443,54.24,46.121,-0.3515,-0.35508,-0.35437,0.50058,0.49969,0.50099,Medium,
2026-06-26T20:31:37,437.917,active,1,AF7+AF8,231.56,61.26,15.737,43.101,31.07,-0.35177,-0.3557,-0.35799,0.50047,0.49964,0.50093,Medium,
2026-06-26T20:31:38,438.921,active,1,AF7+AF8,278.37,46.171,16.976,35.763,20.336,-0.35276,-0.35522,-0.36035,0.50034,0.49957,0.50086,Medium,
2026-06-26T20:31:39,439.927,active,1,AF7+AF8,99.417,32.836,11.712,30.246,18.637,-0.35366,-0.35646,-0.36161,0.50022,0.4995,0.5008,Medium,
2026-06-26T20:31:40,440.931,active,1,AF7+AF8,2507.6,478.69,239.33,141.11,36.19,-0.32178,-0.30239,-0.33248,0.49974,0.4994,0.50041,Medium,
2026-06-26T20:31:41,441.937,active,1,AF7+AF8,27312,9026.8,3044.6,1909.2,648.17,0.31172,0.35667,0.17149,0.497,0.49737,0.49969,Medium,
2026-06-26T20:31:42,442.943,active,0,,,,,,,,,,,,,Medium,
2026-06-26T20:31:43,443.947,active,0,,,,,,,,,,,,,Medium,
2026-06-26T20:31:44,444.952,active,0,,,,,,,,,,,,,Medium,
2026-06-26T20:31:45,445.955,active,0,,,,,,,,,,,,,Medium,
2026-06-26T20:31:46,446.961,active,0,,,,,,,,,,,,,Medium,
2026-06-26T20:31:47,447.963,active,0,,,,,,,,,,,,,Medium,
2026-06-26T20:31:48,448.966,active,0,,,,,,,,,,,,,Medium,
2026-06-26T20:31:49,449.971,active,0,,,,,,,,,,,,,Medium,
2026-06-26T20:31:50,450.973,active,0,,,,,,,,,,,,,Medium,
2026-06-26T20:31:51,451.977,active,0,,,,,,,,,,,,,Medium,
2026-06-26T20:31:52,452.981,active,0,,,,,,,,,,,,,Medium,
2026-06-26T20:31:53,453.987,active,0,,,,,,,,,,,,,Medium,
2026-06-26T20:31:54,454.991,active,0,,,,,,,,,,,,,Medium,
2026-06-26T20:31:55,455.997,active,0,,,,,,,,,,,,,Medium,
2026-06-26T20:31:56,457.002,active,0,,,,,,,,,,,,,Medium,
2026-06-26T20:31:57,458.008,active,0,,,,,,,,,,,,,Medium,
2026-06-26T20:31:58,459.013,active,0,,,,,,,,,,,,,Medium,
2026-06-26T20:31:59,460.017,active,0,,,,,,,,,,,,,Medium,
2026-06-26T20:32:00,461.023,active,0,,,,,,,,,,,,,Medium,
2026-06-26T20:32:01,462.027,active,0,,,,,,,,,,,,,Medium,
2026-06-26T20:32:02,463.033,active,0,,,,,,,,,,,,,Medium,
2026-06-26T20:32:03,464.037,active,0,,,,,,,,,,,,,Medium,
2026-06-26T20:32:04,465.042,active,0,,,,,,,,,,,,,Medium,
2026-06-26T20:32:05,466.045,active,0,,,,,,,,,,,,,Medium,
2026-06-26T20:32:06,467.051,active,0,,,,,,,,,,,,,Medium,
2026-06-26T20:32:07,468.054,active,0,,,,,,,,,,,,,Medium,
2026-06-26T20:32:08,469.059,active,0,,,,,,,,,,,,,Medium,
2026-06-26T20:32:09,470.062,active,0,,,,,,,,,,,,,Medium,
2026-06-26T20:32:10,471.067,active,0,,,,,,,,,,,,,Medium,
2026-06-26T20:32:11,472.071,active,0,,,,,,,,,,,,,Medium,
2026-06-26T20:32:12,473.077,active,0,,,,,,,,,,,,,Medium,
2026-06-26T20:32:13,474.082,active,0,,,,,,,,,,,,,Medium,
2026-06-26T20:32:14,475.086,active,0,,,,,,,,,,,,,Medium,
2026-06-26T20:32:15,476.091,active,0,,,,,,,,,,,,,Medium,
2026-06-26T20:32:16,477.096,active,0,,,,,,,,,,,,,Medium,
2026-06-26T20:32:17,478.100,active,0,,,,,,,,,,,,,Medium,
2026-06-26T20:32:18,479.105,active,0,,,,,,,,,,,,,Medium,
2026-06-26T20:32:19,480.107,active,0,,,,,,,,,,,,,Medium,
2026-06-26T20:32:20,481.112,active,0,,,,,,,,,,,,,Medium,
2026-06-26T20:32:21,482.116,active,0,,,,,,,,,,,,,Medium,
2026-06-26T20:32:22,483.118,active,0,,,,,,,,,,,,,Medium,
2026-06-26T20:32:23,484.123,active,0,,,,,,,,,,,,,Medium,
2026-06-26T20:32:24,485.131,active,1,AF7+AF8,642.54,260.66,67.659,242.77,282.73,-0.33578,-0.34194,-0.3076,0.50138,0.50106,0.50034,Medium,
2026-06-26T20:32:25,486.137,active,1,AF7+AF8,780.56,221.58,76.262,202.8,226.18,-0.33896,-0.34027,-0.31465,0.50247,0.50225,0.50032,Medium,
2026-06-26T20:32:26,487.142,active,1,AF7+AF8,269.7,51.16,30.211,138.11,151.94,-0.35229,-0.35206,-0.33262,0.50247,0.50237,0.50028,Medium,
2026-06-26T20:32:27,488.147,active,1,AF7+AF8,455.72,74.648,21.065,134.15,184.31,-0.3507,-0.3543,-0.33438,0.50248,0.50233,0.50038,Medium,
2026-06-26T20:32:29,489.156,active,1,AF7+AF8,434.64,67.777,21.507,134.21,153.85,-0.35138,-0.35435,-0.33252,0.50263,0.50235,0.50038,Medium,
2026-06-26T20:32:30,490.162,active,1,AF7+AF8,66.733,37.32,13.001,118.55,129.81,-0.35337,-0.35629,-0.3365,0.50261,0.50232,0.50038,Medium,
2026-06-26T20:32:31,491.168,active,1,AF7+AF8,196.55,85.643,14.369,131.67,156.99,-0.3495,-0.35598,-0.33293,0.50277,0.50229,0.50064,Medium,
2026-06-26T20:32:32,492.173,active,1,AF7+AF8,221.27,73.988,11.819,119.96,146.46,-0.35039,-0.35659,-0.33573,0.50275,0.50224,0.50072,Medium,
2026-06-26T20:32:33,493.179,active,1,AF7+AF8,53.458,17.089,6.8631,104.15,128.61,-0.35491,-0.3578,-0.34028,0.50269,0.50219,0.50068,Medium,
2026-06-26T20:32:34,494.185,active,1,AF7+AF8,191.91,19.95,10.879,93.653,126.91,-0.35472,-0.35681,-0.34353,0.50256,0.50209,0.50063,Medium,
2026-06-26T20:32:35,495.191,active,1,AF7+AF8,349.16,37.174,14.528,97.312,105.8,-0.35349,-0.35584,-0.34269,0.50245,0.502,0.50059,Medium,
2026-06-26T20:32:36,496.194,active,1,AF7+AF8,1118.8,458.48,290.45,170.64,93.006,-0.32587,-0.29521,-0.32502,0.50171,0.50178,0.50006,Medium,
2026-06-26T20:32:37,497.200,active,1,AF7+AF8,5419.8,1141.3,583.28,449.12,102.96,-0.2774,-0.22833,-0.25828,0.50106,0.50214,0.49931,Medium,
2026-06-26T20:32:38,498.207,active,1,AF7+AF8,26420,3039,630.53,1615.5,226.24,-0.11906,-0.19745,0.033427,0.51772,0.51229,0.5056,Medium,
2026-06-26T20:32:39,499.217,active,1,AF7+AF8,22650,5979.4,523.4,836.85,187.79,0.14365,-0.21088,-0.1428,0.51661,0.50652,0.52876,Medium,
2026-06-26T20:32:40,500.223,active,1,AF7+AF8,6826.9,2993.1,172.95,172.85,155.29,-0.10288,-0.30793,-0.3153,0.51451,0.50256,0.52838,Medium,
2026-06-26T20:32:41,501.226,active,1,AF7+AF8,221.99,39.842,9.8568,107.23,132.11,-0.35316,-0.35685,-0.33888,0.51304,0.50247,0.52503,Medium,
2026-06-26T20:32:42,502.232,active,1,AF7+AF8,38.577,16.029,12.193,100.83,116.38,-0.35498,-0.35617,-0.34217,0.51168,0.50236,0.52205,Medium,
2026-06-26T20:32:43,503.241,active,1,AF7+AF8,110.88,32.424,14.911,74.15,108.3,-0.35371,-0.35578,-0.34885,0.51039,0.50215,0.51943,Medium,
2026-06-26T20:32:44,504.245,active,1,AF7+AF8,178,67.412,15.003,65.336,85.953,-0.35104,-0.3559,-0.3515,0.50921,0.50189,0.51717,Medium,
2026-06-26T20:32:45,505.250,active,1,AF7+AF8,81.832,36.56,9.0447,67.683,114.84,-0.35342,-0.35732,-0.35026,0.50821,0.50171,0.51517,Medium,
2026-06-26T20:32:46,506.256,active,1,AF7+AF8,10.837,12.398,7.2599,65.173,72.581,-0.35528,-0.35772,-0.35064,0.50733,0.50157,0.51339,Medium,
2026-06-26T20:32:47,507.264,active,1,AF7+AF8,62.731,22.547,11.685,69.945,49.167,-0.35453,-0.35664,-0.3499,0.50655,0.50145,0.51181,Medium,
2026-06-26T20:32:48,508.270,active,1,AF7+AF8,211.72,32.013,10.751,59.818,46.004,-0.35375,-0.35667,-0.35313,0.50582,0.50129,0.51044,Medium,
2026-06-26T20:32:49,509.272,active,1,AF7+AF8,74.136,16.917,6.6672,47.098,40.822,-0.35491,-0.35772,-0.3569,0.50513,0.5011,0.50923,Medium,
2026-06-26T20:32:50,510.279,active,1,AF7+AF8,25.271,19.798,8.3114,40.31,35.183,-0.35473,-0.35742,-0.35905,0.50449,0.50091,0.50816,Medium,
2026-06-26T20:32:51,511.286,active,1,AF7+AF8,37.23,30.005,9.7087,51.007,45.416,-0.35389,-0.35683,-0.35572,0.50397,0.50077,0.50723,Medium,
2026-06-26T20:32:52,512.288,active,1,AF7+AF8,47.483,30.802,8.6412,44.824,40.996,-0.35387,-0.35717,-0.35722,0.50349,0.50063,0.50641,Medium,
2026-06-26T20:32:53,513.291,active,1,AF7+AF8,98.659,43.834,9.6115,44.613,39.146,-0.35282,-0.35703,-0.35741,0.50307,0.50048,0.5057,Medium,
2026-06-26T20:32:54,514.297,active,1,AF7+AF8,256.98,50.222,11.706,52.195,56.27,-0.35237,-0.35649,-0.35542,0.50272,0.50038,0.50508,Medium,
2026-06-26T20:32:55,515.303,active,1,AF7+AF8,91.048,17.76,8.8916,49.662,45.148,-0.35487,-0.35711,-0.35571,0.50241,0.50032,0.5045,Medium,
2026-06-26T20:32:56,516.305,active,1,AF7+AF8,139.17,22.755,6.4029,62.819,47.943,-0.35451,-0.35785,-0.35176,0.50221,0.50033,0.50401,Medium,
2026-06-26T20:32:57,517.311,active,1,AF7+AF8,164.83,21.576,9.4596,45.678,35.391,-0.35459,-0.35715,-0.35697,0.50195,0.50026,0.50357,Medium,
2026-06-26T20:32:58,518.318,active,1,AF7+AF8,25.798,13.07,8.6523,30.387,32.467,-0.35523,-0.35735,-0.36142,0.50165,0.50013,0.50317,Medium,
2026-06-26T20:32:59,519.325,active,1,AF7+AF8,10.389,15.563,7.5051,36.234,35.339,-0.35509,-0.35762,-0.35956,0.50143,0.50005,0.50283,Medium,
2026-06-26T20:33:00,520.330,active,1,AF7+AF8,698.57,1183.2,292.16,402.75,90.544,-0.2686,-0.28587,-0.23784,0.50417,0.50233,0.50275,Medium,
2026-06-26T20:33:01,521.334,active,1,AF7+AF8,47693,46835,9909.7,11632,2842.6,3.0093,2.0497,3.2197,0.587,0.51669,0.57172,Medium,
2026-06-26T20:33:02,522.338,active,1,AF7+AF8,95567,57672,11078,12128,4061.2,3.6776,2.2921,3.1772,0.60012,0.50722,0.62864,Medium,
2026-06-26T20:33:03,523.344,active,1,AF7+AF8,66372,8877.3,1117,886.21,412.73,0.23231,-0.083269,-0.1321,0.58738,0.50091,0.61792,Medium,
2026-06-26T20:33:04,524.350,active,1,AF7+AF8,7394,436.25,38.604,56.518,29.426,-0.32747,-0.34907,-0.35389,0.57682,0.5004,0.6041,Medium,
2026-06-26T20:33:05,525.357,active,1,AF7+AF8,23.526,9.4005,7.1385,30.89,35.248,-0.35547,-0.3576,-0.3602,0.56756,0.50028,0.59164,Medium,
2026-06-26T20:33:06,526.364,active,1,AF7+AF8,16.008,4.9305,6.0464,34.353,47.935,-0.35579,-0.35796,-0.35902,0.55944,0.5002,0.58067,Medium,
2026-06-26T20:33:07,527.368,active,1,AF7+AF8,351.06,442.25,65.542,68.904,56.854,-0.32668,-0.34401,-0.35107,0.5522,0.49981,0.57125,Medium,
2026-06-26T20:33:08,528.373,active,1,AF7+AF8,6019.1,5235.3,1073.2,444.09,148.52,-0.0047663,-0.1086,-0.26331,0.54362,0.49596,0.56426,Medium,
2026-06-26T20:33:09,529.381,active,1,AF7+AF8,5154.1,3532.3,813.06,338.3,130.39,-0.11814,-0.17041,-0.28803,0.53662,0.4939,0.55733,Medium,
2026-06-26T20:33:10,530.389,active,1,AF7+AF8,502.45,292.67,61.206,128.7,69.859,-0.33702,-0.34581,-0.33675,0.53236,0.49758,0.55058,Medium,
2026-06-26T20:33:11,531.394,active,1,AF7+AF8,188.41,67.136,23.298,78.794,46.659,-0.35174,-0.35418,-0.34874,0.52856,0.49926,0.54455,Medium,
2026-06-26T20:33:12,532.400,active,1,AF7+AF8,26.096,17.113,5.5467,56.862,52.257,-0.35497,-0.35809,-0.35335,0.5252,0.49982,0.53925,Medium,
2026-06-26T20:33:13,533.403,active,1,AF7+AF8,32.434,14.732,8.3706,64.34,81.676,-0.35509,-0.3574,-0.35049,0.52228,0.50027,0.53458,Medium,
2026-06-26T20:33:14,534.410,active,1,AF7+AF8,168.03,362.49,215.61,184.95,91.117,-0.3325,-0.3115,-0.32239,0.51944,0.50087,0.53011,Medium,
2026-06-26T20:33:15,535.417,active,1,AF7+AF8,554.75,886.27,491.36,335.27,90.178,-0.2984,-0.25028,-0.28824,0.51654,0.50111,0.52578,Medium,
2026-06-26T20:33:16,536.425,active,1,AF7+AF8,250.97,167.04,77.929,82.619,47.227,-0.34466,-0.34116,-0.34776,0.51446,0.50093,0.52263,Medium,
2026-06-26T20:33:17,537.429,active,1,AF7+AF8,97.138,39.903,15.736,46.679,45.488,-0.35297,-0.35502,-0.35694,0.51269,0.50076,0.51995,Medium,
2026-06-26T20:33:18,538.439,active,1,AF7+AF8,53.84,31.391,8.7883,50.985,43.932,-0.35378,-0.3572,-0.35561,0.51119,0.50064,0.5176,Medium,
2026-06-26T20:33:19,539.443,active,1,AF7+AF8,27.146,24.047,6.763,51.801,36.39,-0.35446,-0.35778,-0.35555,0.50988,0.50055,0.51554,Medium,
2026-06-26T20:33:20,540.449,active,1,AF7+AF8,25.641,13.287,8.0367,52.141,37.595,-0.35526,-0.35754,-0.35538,0.50873,0.50048,0.51371,Medium,
2026-06-26T20:33:21,541.455,active,1,AF7+AF8,11.916,8.1936,5.2445,46.532,44.379,-0.3556,-0.3582,-0.3573,0.5077,0.5004,0.5121,Medium,
2026-06-26T20:33:22,542.460,active,1,AF7+AF8,12.403,9.9072,3.2059,40.158,36.589,-0.35547,-0.35865,-0.35894,0.50677,0.5003,0.5107,Medium,
2026-06-26T20:33:23,543.503,active,1,AF7+AF8,9.7012,9.7083,2.6409,48.965,34.375,-0.35547,-0.35878,-0.35609,0.506,0.50025,0.50946,Medium,
2026-06-26T20:33:24,544.510,active,1,AF7+AF8,29.914,9.1784,3.7316,52.858,35.418,-0.3555,-0.35852,-0.35488,0.50533,0.50023,0.50837,Medium,
2026-06-26T20:33:25,545.518,active,1,AF7+AF8,73.99,12.206,6.8751,53.563,35.556,-0.35524,-0.3577,-0.35424,0.50474,0.50022,0.50741,Medium,
2026-06-26T20:33:26,546.527,active,1,AF7+AF8,20.438,8.3617,5.5539,45.062,49.242,-0.35553,-0.35805,-0.35676,0.50419,0.50017,0.50656,Medium,
2026-06-26T20:33:27,547.533,active,1,AF7+AF8,9.5144,6.3189,5.1203,55.166,47.367,-0.35572,-0.35813,-0.35469,0.50374,0.50017,0.5058,Medium,
2026-06-26T20:33:28,548.541,active,1,AF7+AF8,71.732,14.61,7.267,55.167,39.408,-0.3551,-0.35766,-0.35427,0.50334,0.50016,0.50515,Medium,
2026-06-26T20:33:29,549.546,active,1,AF7+AF8,182.72,62.028,7.8939,42.728,31.907,-0.35163,-0.35748,-0.35742,0.50294,0.50005,0.50462,Medium,
2026-06-26T20:33:30,550.552,active,1,AF7+AF8,272.23,126.2,11.695,47.336,32.971,-0.3466,-0.35642,-0.35604,0.5026,0.49991,0.50421,Medium,
2026-06-26T20:33:31,551.554,active,1,AF7+AF8,135.57,60.534,13.557,46.166,36.035,-0.3513,-0.35604,-0.35643,0.50228,0.49984,0.50378,Medium,
2026-06-26T20:33:32,552.560,active,1,AF7+AF8,51.69,22.979,12.765,40.621,43.645,-0.35437,-0.35615,-0.35807,0.50198,0.4998,0.50335,Medium,
2026-06-26T20:33:33,553.569,active,1,AF7+AF8,34.899,10.477,11.126,41.645,40.566,-0.35536,-0.35665,-0.35765,0.50172,0.49979,0.50297,Medium,
2026-06-26T20:33:34,554.578,active,1,AF7+AF8,14.748,9.0853,10.547,39.378,38.654,-0.35551,-0.3569,-0.35784,0.5015,0.49978,0.50263,Medium,
2026-06-26T20:33:35,555.581,active,1,AF7+AF8,26.661,11.337,7.7002,32.063,27.5,-0.35538,-0.35753,-0.36005,0.50129,0.49974,0.50235,Medium,
2026-06-26T20:33:36,556.587,active,1,AF7+AF8,30.799,19.59,7.5244,33.64,36.71,-0.35482,-0.35751,-0.36037,0.50109,0.49969,0.50211,Medium,
2026-06-26T20:33:37,557.588,active,1,AF7+AF8,19.505,21.183,14.359,31.548,38.503,-0.35466,-0.35612,-0.36074,0.50089,0.49963,0.50188,Medium,
2026-06-26T20:33:38,558.595,active,1,AF7+AF8,45.144,22.341,15.42,33.48,35.814,-0.35451,-0.3558,-0.36013,0.50072,0.49959,0.50167,Medium,
2026-06-26T20:33:39,559.610,active,1,AF7+AF8,109.15,56.283,19.547,43.327,33.728,-0.35186,-0.35451,-0.35759,0.50058,0.49956,0.50151,Medium,
2026-06-26T20:33:40,560.615,active,1,AF7+AF8,37.43,26.114,8.3724,38.964,32.388,-0.3542,-0.35736,-0.35902,0.50049,0.49954,0.50138,Medium,
2026-06-26T20:33:41,561.621,active,1,AF7+AF8,9.7253,6.5829,4.8854,41.408,35.224,-0.35569,-0.35821,-0.35871,0.50042,0.49959,0.50125,Medium,
2026-06-26T20:33:42,562.624,active,1,AF7+AF8,18.384,13.504,9.703,39.626,34.68,-0.35519,-0.3571,-0.35906,0.50034,0.49958,0.50113,Medium,
2026-06-26T20:33:43,563.630,active,1,AF7+AF8,59.356,18.154,11.976,34.544,29.807,-0.35481,-0.35647,-0.3604,0.50024,0.49955,0.50102,Medium,
2026-06-26T20:33:44,564.634,active,1,AF7+AF8,137.46,34.099,13.519,29.017,30.241,-0.3537,-0.35606,-0.36195,0.50013,0.49948,0.50093,Medium,
2026-06-26T20:33:45,565.636,active,1,AF7+AF8,75.146,36.167,20.738,33.009,31.74,-0.35365,-0.35458,-0.36118,0.50001,0.49943,0.50083,Medium,
2026-06-26T20:33:46,566.639,active,1,AF7+AF8,64.524,15.344,21.954,36.994,36.365,-0.35508,-0.35436,-0.35994,0.49993,0.49942,0.50072,Medium,
2026-06-26T20:33:47,567.642,active,1,AF7+AF8,20.068,15.596,12.767,46.197,28.527,-0.35508,-0.3565,-0.35684,0.49994,0.49964,0.50066,Medium,
2026-06-26T20:33:48,568.646,active,1,AF7+AF8,7.4368,15.472,8.0107,36.051,24.249,-0.35508,-0.35747,-0.35909,0.49993,0.49962,0.50061,Medium,
2026-06-26T20:33:49,569.649,active,1,AF7+AF8,12.898,11.618,7.0355,25.718,23.601,-0.35534,-0.3577,-0.36213,0.49987,0.49956,0.50058,Medium,
2026-06-26T20:33:50,570.653,active,1,AF7+AF8,9.6409,6.8968,8.3902,33.18,22.393,-0.35564,-0.35741,-0.3604,0.49984,0.49955,0.50053,Medium,
2026-06-26T20:33:51,571.659,active,1,AF7+AF8,36.355,20.643,8.7747,41.676,26.788,-0.35455,-0.35731,-0.35877,0.49984,0.49954,0.50051,Medium,
2026-06-26T20:33:52,572.668,active,1,AF7+AF8,86.326,40.694,10.526,34.8,25.621,-0.35298,-0.3568,-0.36056,0.4998,0.49948,0.50051,Medium,
2026-06-26T20:33:53,573.673,active,1,AF7+AF8,38.375,18.933,9.377,44.049,33.978,-0.35475,-0.35721,-0.35801,0.49986,0.49955,0.50048,Medium,
2026-06-26T20:33:54,574.684,active,1,AF7+AF8,75.567,31.2,11.502,57.424,39.839,-0.35375,-0.3566,-0.35495,0.50007,0.49973,0.50047,Medium,
2026-06-26T20:33:55,575.689,active,1,AF7+AF8,205.05,82.474,28.029,40.567,30.524,-0.34955,-0.3522,-0.35937,0.49995,0.49961,0.50045,Medium,
2026-06-26T20:33:56,576.694,active,1,AF7+AF8,66.439,38.383,14.932,32.217,27.191,-0.3532,-0.3556,-0.36105,0.49988,0.49954,0.50043,Medium,
2026-06-26T20:33:57,577.700,active,1,AF7+AF8,15.442,15.449,8.5924,30.659,25.838,-0.35505,-0.35729,-0.36151,0.49983,0.4995,0.50041,Medium,
2026-06-26T20:33:58,578.704,active,1,AF7+AF8,99.206,39.208,19.911,29.673,19.211,-0.35316,-0.35424,-0.36173,0.49974,0.49943,0.50038,Medium,
2026-06-26T20:33:59,579.709,active,1,AF7+AF8,4833.1,532.81,620.36,224.96,58.591,-0.31638,-0.20743,-0.30788,0.49826,0.50041,0.4987,Medium,
2026-06-26T20:34:00,580.718,active,1,AF7+AF8,11844,1249.6,1290,380.87,98.448,-0.26672,-0.05859,-0.26504,0.49538,0.50039,0.49574,Medium,
2026-06-26T20:34:01,581.720,active,1,AF7+AF8,2392.3,269.98,186.52,71.838,45.757,-0.3372,-0.31731,-0.35023,0.49568,0.50014,0.4968,Medium,
2026-06-26T20:34:02,582.727,active,1,AF7+AF8,141.46,48.405,15.364,28.24,34.137,-0.35229,-0.35528,-0.36214,0.49776,0.49998,0.49895,Medium,
2026-06-26T20:34:03,583.737,active,1,AF7+AF8,94.742,49.05,12.662,38.261,32.251,-0.35226,-0.35627,-0.35932,0.49887,0.49988,0.49988,Medium,
2026-06-26T20:34:04,584.745,active,1,AF7+AF8,136.61,46.154,12.89,34.448,33.773,-0.35242,-0.35628,-0.36054,0.49923,0.49977,0.50024,Medium,
2026-06-26T20:34:05,585.773,active,1,AF7+AF8,252.01,100.8,25.497,31.361,27.745,-0.34775,-0.35249,-0.36078,0.4992,0.4996,0.50045,Medium,
2026-06-26T20:34:06,586.779,active,1,AF7+AF8,7470.3,2731.7,641.27,161.26,59.547,-0.12583,-0.1667,-0.31695,0.49704,0.49678,0.50325,Medium,
2026-06-26T20:34:07,587.783,active,1,AF7+AF8,8100.6,2671.8,681.19,162.58,60.947,-0.13135,-0.15485,-0.31682,0.49497,0.49439,0.50321,Medium,
2026-06-26T20:34:08,588.785,active,1,AF7+AF8,1589.2,323.81,146.4,64.306,38.173,-0.33259,-0.32292,-0.35251,0.49577,0.49626,0.50268,Medium,
2026-06-26T20:34:09,589.793,active,1,AF7+AF8,76832,21911,7740,3298,1712,1.2073,1.5005,0.48626,0.48138,0.48601,0.49797,Medium,
2026-06-26T20:34:10,590.802,active,1,AF7+AF8,1.3636e+05,56258,19086,8772.7,3544,3.7979,4.5005,2.0961,0.45134,0.4636,0.48778,Medium,
2026-06-26T20:34:11,591.808,active,1,AF7+AF8,23377,12804,4912.8,2190.5,635.5,0.61793,0.97024,0.29323,0.44712,0.46311,0.48397,Medium,
2026-06-26T20:34:12,592.817,active,1,AF7+AF8,5968.8,319.64,64.184,111.01,110.9,-0.33215,-0.34258,-0.33942,0.47909,0.4847,0.49437,Medium,
2026-06-26T20:34:13,593.822,active,1,AF7+AF8,4501.2,209.04,38.888,81.345,109.1,-0.34051,-0.34926,-0.34718,0.49179,0.49338,0.49841,Medium,
2026-06-26T20:34:14,594.830,active,1,AF7+AF8,279.1,33.049,8.4257,54.674,46.581,-0.35367,-0.35735,-0.35546,0.49686,0.49722,0.49964,Medium,
2026-06-26T20:34:15,595.833,active,1,AF7+AF8,461.46,63.509,27.164,59.441,43.795,-0.35133,-0.3531,-0.35461,0.49863,0.49864,0.49999,Medium,
2026-06-26T20:34:16,596.839,active,1,AF7+AF8,1538.4,434.23,268.05,483.69,91.471,-0.32508,-0.29667,-0.24981,0.50297,0.5051,0.49956,Medium,
2026-06-26T20:34:17,597.845,active,1,AF7+AF8,3330.4,808.97,446.67,751.99,110.71,-0.2999,-0.2549,-0.18344,0.50655,0.51077,0.49894,Medium,
2026-06-26T20:34:18,598.854,active,1,AF7+AF8,826.85,142.37,73.431,105.29,70.215,-0.3463,-0.34231,-0.34305,0.50575,0.50953,0.49928,Medium,
2026-06-26T20:34:19,599.861,active,1,AF7+AF8,49.607,22.738,9.2574,56.039,76.998,-0.3544,-0.35718,-0.35588,0.50508,0.50836,0.49992,Medium,
2026-06-26T20:34:20,600.869,active,1,AF7+AF8,115.18,39.021,10.723,65.286,62.353,-0.35326,-0.35698,-0.35382,0.50452,0.50735,0.50025,Medium,
2026-06-26T20:34:21,601.875,active,1,AF7+AF8,148.31,52.171,17.351,84.769,76.248,-0.35219,-0.35538,-0.34935,0.50406,0.50651,0.50034,Medium,
2026-06-26T20:34:22,602.882,active,1,AF7+AF8,135.91,37.839,11.537,106.6,86.501,-0.35335,-0.35671,-0.34409,0.50377,0.50587,0.50039,Medium,
2026-06-26T20:34:23,603.885,active,1,AF7+AF8,153.81,40.5,16.859,87.301,60.657,-0.35318,-0.35534,-0.34866,0.50341,0.50523,0.50037,Medium,
2026-06-26T20:34:24,604.889,active,1,AF7+AF8,42.627,17.123,11.017,59.768,51.041,-0.35485,-0.3566,-0.35517,0.50303,0.5046,0.50036,Medium,
2026-06-26T20:34:25,605.891,active,1,AF7+AF8,44.836,21.826,11.034,50.211,43.718,-0.35448,-0.35684,-0.35728,0.50266,0.50401,0.50035,Medium,
2026-06-26T20:34:26,606.897,active,1,AF7+AF8,42.254,40.417,23.494,48.758,33,-0.35317,-0.35384,-0.35744,0.50228,0.50346,0.50032,Medium,
2026-06-26T20:34:27,607.903,active,1,AF7+AF8,24.331,26.905,22.615,64.203,32.123,-0.3542,-0.35395,-0.35373,0.50201,0.50305,0.50027,Medium,
2026-06-26T20:34:28,608.911,active,1,AF7+AF8,18.487,20.872,28.015,60.507,45.888,-0.35466,-0.35287,-0.35471,0.50174,0.50269,0.50021,Medium,
2026-06-26T20:34:29,609.918,active,1,AF7+AF8,15.445,15.061,12.862,43.943,47.123,-0.35503,-0.35635,-0.35868,0.5015,0.50231,0.50021,Medium,
2026-06-26T20:34:30,610.925,active,1,AF7+AF8,17.152,13.054,8.9002,43.751,56.866,-0.35514,-0.35724,-0.35861,0.5013,0.50198,0.50024,Medium,
2026-06-26T20:34:31,611.931,active,1,AF7+AF8,11.504,8.2224,7.0658,51.212,59.782,-0.35553,-0.35771,-0.35706,0.50115,0.50172,0.50026,Medium,
2026-06-26T20:34:32,612.934,active,1,AF7+AF8,7.9991,8.5421,7.0153,49.067,46.559,-0.35554,-0.35773,-0.35764,0.50102,0.50148,0.50027,Medium,
2026-06-26T20:34:33,613.939,active,1,AF7+AF8,18.668,15.539,7.6437,48.415,44.367,-0.35499,-0.35755,-0.35773,0.50089,0.50126,0.5003,Medium,
2026-06-26T20:34:34,614.941,active,1,AF7+AF8,119.04,51.628,13.999,52.458,43.586,-0.35222,-0.35599,-0.3568,0.50077,0.50104,0.5004,Medium,
2026-06-26T20:34:35,615.947,active,1,AF7+AF8,288.5,92.082,18.795,52.985,48.592,-0.34914,-0.35506,-0.35663,0.50066,0.5008,0.5006,Medium,
2026-06-26T20:34:36,616.949,active,1,AF7+AF8,133.44,42.034,15.199,49.305,43.292,-0.35306,-0.35587,-0.35757,0.50055,0.50064,0.50057,Medium,
2026-06-26T20:34:37,617.956,active,1,AF7+AF8,10.723,11.822,6.5033,47.277,38.929,-0.35534,-0.35787,-0.35808,0.50048,0.50052,0.50054,Medium,
2026-06-26T20:34:38,618.964,active,1,AF7+AF8,4.0478,18.965,6.2027,41.057,37.017,-0.35484,-0.35798,-0.35948,0.5004,0.50039,0.50053,Medium,
2026-06-26T20:34:39,619.972,active,1,AF7+AF8,12.674,51.571,19.552,55.26,40.389,-0.35249,-0.35487,-0.35584,0.50034,0.50029,0.5005,Medium,
2026-06-26T20:34:40,620.980,active,1,AF7+AF8,21.598,37.057,18.576,42.835,41.502,-0.35351,-0.35497,-0.35893,0.50024,0.50018,0.50046,Medium,
2026-06-26T20:34:41,621.986,active,1,AF7+AF8,21.27,32.175,13.732,44.783,44.199,-0.35387,-0.35611,-0.35844,0.50018,0.50009,0.50044,Medium,
2026-06-26T20:34:42,622.988,active,1,AF7+AF8,18.869,31.149,17.514,57.089,51.373,-0.35392,-0.3553,-0.35534,0.50015,0.50006,0.50041,Medium,
2026-06-26T20:34:43,623.994,active,1,AF7+AF8,50.972,31.696,12.817,44.295,53.126,-0.3538,-0.35626,-0.35849,0.5001,0.49998,0.50039,Medium,
2026-06-26T20:34:44,624.997,active,1,AF7+AF8,116.82,45.111,15.178,40.487,54.799,-0.35272,-0.35553,-0.35932,0.50003,0.49988,0.50039,Medium,
2026-06-26T20:34:45,626.003,active,1,AF7+AF8,723.37,34.997,33.851,66.539,83.353,-0.35372,-0.35175,-0.35228,0.50002,0.50006,0.50031,Medium,
2026-06-26T20:34:46,627.008,active,1,AF7+AF8,6493.3,333.52,109.58,180.67,241.41,-0.33148,-0.33433,-0.31867,0.50118,0.50099,0.50034,Medium,
2026-06-26T20:34:47,628.015,active,1,AF7+AF8,8861.3,752.5,85.642,266.89,394.7,-0.29828,-0.33862,-0.29111,0.50404,0.50097,0.50316,Medium,
2026-06-26T20:34:48,629.024,active,1,AF7+AF8,1388.6,139.49,18.626,119.22,163.03,-0.34528,-0.35482,-0.33491,0.50385,0.50117,0.50293,Medium,
2026-06-26T20:34:49,630.029,active,1,AF7+AF8,31.455,13.214,8.4504,91.49,90.903,-0.35514,-0.35734,-0.3438,0.50359,0.50132,0.50261,Medium,
2026-06-26T20:34:50,631.034,active,1,AF7+AF8,63.33,10.142,12.685,83.607,77.837,-0.35537,-0.35639,-0.34664,0.50331,0.50129,0.50231,Medium,
2026-06-26T20:34:51,632.038,active,1,AF7+AF8,60.157,19.024,15.563,68.579,62.077,-0.35472,-0.3558,-0.3515,0.50297,0.50118,0.50205,Medium,
2026-06-26T20:34:52,633.041,active,1,AF7+AF8,154.01,72.932,18.237,66.528,44.358,-0.35064,-0.35491,-0.35204,0.50266,0.50102,0.50187,Medium,
2026-06-26T20:34:53,634.047,active,1,AF7+AF8,119.86,60.075,12.691,51.646,31.233,-0.35163,-0.35614,-0.355,0.50236,0.50085,0.50171,Medium,
2026-06-26T20:34:54,635.053,active,1,AF7+AF8,95.34,22.074,7.8556,44.876,26.793,-0.35447,-0.35733,-0.35678,0.50208,0.50071,0.50155,Medium,
2026-06-26T20:34:55,636.059,active,1,AF7+AF8,256.26,39.787,10.413,57.545,62.396,-0.35315,-0.35665,-0.35285,0.50189,0.50063,0.50141,Medium,
2026-06-26T20:34:56,637.062,active,1,AF7+AF8,301.09,46.222,14.788,70.419,101.02,-0.35279,-0.3555,-0.35029,0.50174,0.50059,0.50129,Medium,
2026-06-26T20:34:57,638.070,active,1,AF7+AF8,195.44,32.797,11.706,68.61,128.48,-0.35384,-0.35645,-0.35097,0.50161,0.50056,0.50117,Medium,
2026-06-26T20:34:58,639.077,active,1,AF7+AF8,164.75,27.64,14.178,122.21,188.91,-0.35414,-0.35587,-0.33285,0.50237,0.50182,0.50106,Medium,
2026-06-26T20:34:59,640.086,active,1,AF7+AF8,416.75,61.241,41.552,251.27,540.08,-0.35149,-0.34889,-0.29198,0.50522,0.50519,0.50089,Medium,
2026-06-26T20:35:00,641.091,active,1,AF7+AF8,882.9,102.08,38.652,165.18,397.09,-0.34814,-0.34936,-0.31885,0.50505,0.50501,0.5008,Medium,
2026-06-26T20:35:01,642.097,active,1,AF7+AF8,15991,835.44,211.13,209,188.5,-0.29222,-0.30114,-0.30474,0.50439,0.50422,0.50099,Medium,
2026-06-26T20:35:02,643.103,active,1,AF7+AF8,1.2683e+05,4802,971.67,878.33,283.85,0.0059338,-0.081779,-0.080303,0.50388,0.50242,0.50697,Medium,
2026-06-26T20:35:03,644.108,active,1,AF7+AF8,76053,3727.6,596.75,602.7,265.02,-0.068426,-0.18917,-0.17585,0.50362,0.50052,0.51184,Medium,
2026-06-26T20:35:04,645.114,active,1,AF7+AF8,2405.6,226.41,44.637,90.974,64.896,-0.33918,-0.34783,-0.34372,0.50325,0.50039,0.51055,Medium,
2026-06-26T20:35:05,646.121,active,1,AF7+AF8,257.87,41.003,13.521,42.249,35.307,-0.35311,-0.356,-0.35781,0.50283,0.50027,0.50933,Medium,
2026-06-26T20:35:06,647.127,active,1,AF7+AF8,104.01,49.544,8.362,44.44,37.815,-0.35248,-0.35738,-0.35702,0.50249,0.50017,0.50828,Medium,
2026-06-26T20:35:07,648.131,active,1,AF7+AF8,193.4,98.304,12.072,56.424,45.09,-0.34864,-0.3565,-0.35414,0.50223,0.50007,0.50741,Medium,
2026-06-26T20:35:08,649.136,active,1,AF7+AF8,62.526,33.452,11.117,45.806,31.655,-0.35364,-0.35676,-0.35726,0.50196,0.50001,0.50656,Medium,
2026-06-26T20:35:09,650.138,active,1,AF7+AF8,21.985,12.004,7.0839,33.943,30.277,-0.35534,-0.35773,-0.36002,0.50169,0.49993,0.50581,Medium,
2026-06-26T20:35:10,651.141,active,1,AF7+AF8,38.75,12.578,7.6618,31.134,48.4,-0.35523,-0.35744,-0.36067,0.50144,0.49986,0.50515,Medium,
2026-06-26T20:35:12,652.197,active,1,AF7+AF8,30.049,12.413,9.6249,39.685,67.132,-0.35524,-0.35698,-0.35871,0.50124,0.49983,0.50456,Medium,
2026-06-26T20:35:13,653.204,active,1,AF7+AF8,14.757,9.6557,9.4905,47.035,50.197,-0.35545,-0.35709,-0.35588,0.50111,0.4999,0.50403,Medium,
2026-06-26T20:35:14,654.210,active,1,AF7+AF8,36.408,13.735,10.76,58.961,49.438,-0.35509,-0.35671,-0.3527,0.50103,0.50014,0.50357,Medium,
2026-06-26T20:35:15,655.216,active,1,AF7+AF8,16.912,10.873,6.9474,44.27,38.234,-0.35534,-0.35773,-0.3571,0.50092,0.5001,0.50318,Medium,
2026-06-26T20:35:16,656.218,active,1,AF7+AF8,21.816,10.781,9.1622,41.747,41.011,-0.35536,-0.35717,-0.35743,0.50081,0.50005,0.50283,Medium,
2026-06-26T20:35:17,657.229,active,1,AF7+AF8,71.004,21.835,8.0527,46.588,42.946,-0.35455,-0.3574,-0.35604,0.50073,0.50002,0.50253,Medium,
2026-06-26T20:35:18,658.235,active,1,AF7+AF8,142.68,68.903,13.595,51.822,35.028,-0.35105,-0.35601,-0.35455,0.50066,0.49997,0.5023,Medium,
2026-06-26T20:35:19,659.240,active,1,AF7+AF8,54.632,32.911,9.7956,44.146,35.426,-0.3537,-0.35704,-0.3567,0.50059,0.49993,0.50208,Medium,
2026-06-26T20:35:20,660.246,active,1,AF7+AF8,10.572,11.721,6.4678,44.41,32.373,-0.3553,-0.35784,-0.35665,0.50054,0.49992,0.50186,Medium,
2026-06-26T20:35:21,661.251,active,1,AF7+AF8,14.932,15.078,9.3159,43.902,40.65,-0.35511,-0.3571,-0.35668,0.50048,0.4999,0.50167,Medium,
2026-06-26T20:35:22,662.258,active,1,AF7+AF8,16.449,20.072,7.6895,44.136,41.069,-0.35474,-0.35745,-0.3568,0.50043,0.49988,0.50151,Medium,
2026-06-26T20:35:23,663.264,active,1,AF7+AF8,42.038,28.495,11.083,41.931,34.722,-0.35406,-0.35668,-0.3579,0.50036,0.49984,0.50137,Medium,
2026-06-26T20:35:24,664.271,active,1,AF7+AF8,43.179,25.624,11.76,40.968,44.98,-0.35427,-0.35651,-0.35818,0.50029,0.4998,0.50124,Medium,
2026-06-26T20:35:25,665.274,active,1,AF7+AF8,19.264,16.497,8.9711,45.868,47.787,-0.35495,-0.35726,-0.35725,0.50026,0.49979,0.50112,Medium,
2026-06-26T20:35:26,666.283,active,1,AF7+AF8,12.846,8.5462,6.739,48.989,34.155,-0.35551,-0.35776,-0.35599,0.50025,0.49988,0.50102,Medium,
2026-06-26T20:35:27,667.287,active,1,AF7+AF8,8.575,13.395,6.0911,47.659,30.486,-0.35522,-0.35791,-0.35542,0.50029,0.49994,0.50094,Medium,
2026-06-26T20:35:28,668.293,active,1,AF7+AF8,10.101,13.642,6.7173,51.549,30.814,-0.35518,-0.3577,-0.35414,0.50038,0.50005,0.50087,Medium,
2026-06-26T20:35:29,669.298,active,1,AF7+AF8,11.104,10.335,6.8754,53.443,34.729,-0.35542,-0.35765,-0.35463,0.50038,0.50008,0.50079,Medium,
2026-06-26T20:35:30,670.305,active,1,AF7+AF8,12.654,7.2236,5.1007,39.114,33.572,-0.35567,-0.35809,-0.35833,0.50033,0.50003,0.50074,Medium,
2026-06-26T20:35:31,671.311,active,1,AF7+AF8,23.668,9.1055,5.1163,34.598,30.27,-0.3555,-0.35815,-0.35984,0.50027,0.49996,0.50069,Medium,
2026-06-26T20:35:32,672.319,active,1,AF7+AF8,17.168,16.425,5.2624,49.703,36.777,-0.35491,-0.35807,-0.35579,0.50028,0.49995,0.50065,Medium,
2026-06-26T20:35:33,673.325,active,1,AF7+AF8,18.669,20.538,4.6949,47.984,44.5,-0.35453,-0.3582,-0.3562,0.50027,0.49993,0.50063,Medium,
2026-06-26T20:35:34,674.328,active,1,AF7+AF8,27.497,24.547,6.6911,43.136,40.161,-0.35419,-0.35782,-0.35745,0.50025,0.49989,0.50061,Medium,
2026-06-26T20:35:35,675.335,active,1,AF7+AF8,21.979,12.152,6.8884,40.964,31.658,-0.35523,-0.35773,-0.35734,0.50022,0.49987,0.50057,Medium,
2026-06-26T20:35:36,676.339,active,1,AF7+AF8,25.317,9.2739,6.1473,38.003,40.234,-0.35549,-0.35786,-0.35831,0.50019,0.49985,0.50054,Medium,
2026-06-26T20:35:37,677.345,active,1,AF7+AF8,139.64,26.756,17.682,39.852,31.876,-0.35409,-0.35455,-0.35837,0.50011,0.4998,0.50048,Medium,
2026-06-26T20:35:38,678.351,active,1,AF7+AF8,11429,1180.9,879.07,239.22,72.084,-0.26357,-0.094985,-0.28869,0.49719,0.49945,0.4979,Medium,
2026-06-26T20:35:39,679.357,active,1,AF7+AF8,16114,1740,1262.8,375.13,112.5,-0.22087,0.020606,-0.24307,0.49358,0.49918,0.49453,Medium,
2026-06-26T20:35:40,680.360,active,1,AF7+AF8,1058.2,172.23,97.804,107.88,74.526,-0.34287,-0.33084,-0.33915,0.49681,0.49995,0.49691,Medium,
2026-06-26T20:35:41,681.363,active,1,AF7+AF8,144.31,30.738,27.963,71.557,79.041,-0.35384,-0.35169,-0.35071,0.4988,0.50022,0.4986,Medium,
2026-06-26T20:35:42,682.370,active,1,AF7+AF8,140.41,58.385,22.361,70.915,53.086,-0.35182,-0.35349,-0.3505,0.49974,0.50021,0.49957,Medium,
2026-06-26T20:35:43,683.377,active,1,AF7+AF8,398.17,42.663,16.955,66.915,47.117,-0.35304,-0.355,-0.35103,0.5002,0.50023,0.49997,Medium,
2026-06-26T20:35:44,684.385,active,1,AF7+AF8,347.27,33.353,12.398,65.46,53.228,-0.35361,-0.35627,-0.35209,0.50039,0.50023,0.50019,Medium,
2026-06-26T20:35:45,685.389,active,1,AF7+AF8,52.477,30.226,13.725,62.59,58.412,-0.35395,-0.35605,-0.35323,0.50039,0.50021,0.50023,Medium,
2026-06-26T20:35:46,686.392,active,1,AF7+AF8,21.792,28.826,14.382,55.384,60.327,-0.35416,-0.35595,-0.35512,0.50035,0.50017,0.50023,Medium,
2026-06-26T20:35:47,687.393,active,1,AF7+AF8,35.477,31.606,13.117,49.098,46.84,-0.3539,-0.35637,-0.35677,0.5003,0.50011,0.50028,Medium,
2026-06-26T20:35:48,688.401,active,1,AF7+AF8,14.603,19.319,8.7654,45.105,43.448,-0.3548,-0.35732,-0.35769,0.50026,0.50005,0.5003,Medium,
2026-06-26T20:35:49,689.408,active,1,AF7+AF8,200.63,30.358,13.692,50.211,48.729,-0.35396,-0.35626,-0.35676,0.50022,0.5,0.5003,Medium,
2026-06-26T20:35:50,690.410,active,1,AF7+AF8,7550.2,384.56,75.68,63.87,83.67,-0.32664,-0.34259,-0.35281,0.50004,0.49961,0.50132,Medium,
2026-06-26T20:35:51,691.414,active,1,AF7+AF8,9058.5,368.53,62.857,57.955,85.552,-0.32775,-0.34542,-0.35346,0.49992,0.49927,0.50185,Medium,
2026-06-26T20:35:52,692.419,active,1,AF7+AF8,614.39,36.211,8.0995,42.139,43.078,-0.35345,-0.35753,-0.35774,0.49995,0.49939,0.50169,Medium,
2026-06-26T20:35:53,693.428,active,1,AF7+AF8,11.632,14.181,5.8777,48.871,38.469,-0.35513,-0.35802,-0.35587,0.50014,0.4997,0.50153,Medium,
2026-06-26T20:35:54,694.434,active,1,AF7+AF8,33.4,19.1,9.3949,51.292,36.006,-0.35472,-0.35721,-0.35572,0.50017,0.4998,0.50138,Medium,
2026-06-26T20:35:55,695.440,active,1,AF7+AF8,23.837,22.385,8.3915,41.819,31.562,-0.35457,-0.3573,-0.35792,0.50014,0.49978,0.50126,Medium,
2026-06-26T20:35:56,696.443,active,1,AF7+AF8,11.946,15.323,6.5194,42.987,42.361,-0.35507,-0.3578,-0.35753,0.50013,0.49977,0.50115,Medium,
2026-06-26T20:35:57,697.449,active,1,AF7+AF8,7.3467,7.3052,5.0433,37.238,46.732,-0.35565,-0.35827,-0.35927,0.5001,0.49974,0.50105,Medium,
2026-06-26T20:35:58,698.452,active,1,AF7+AF8,25.358,9.7516,5.7457,41.515,34.459,-0.35545,-0.35807,-0.35858,0.50008,0.49973,0.50096,Medium,
2026-06-26T20:35:59,699.455,active,1,AF7+AF8,30.433,10.309,7.3642,44.634,30.892,-0.3554,-0.35758,-0.35774,0.50007,0.49972,0.50088,Medium,
2026-06-26T20:36:00,700.460,active,1,AF7+AF8,11.15,7.7641,6.3366,41.411,35.639,-0.3556,-0.35782,-0.35807,0.50005,0.49972,0.50081,Medium,
2026-06-26T20:36:01,701.466,active,1,AF7+AF8,7.234,4.3988,3.6087,42.76,31.14,-0.35584,-0.35858,-0.35794,0.50007,0.49973,0.50075,Medium,
2026-06-26T20:36:02,702.470,active,1,AF7+AF8,5.4615,6.3261,4.6463,44.819,31.302,-0.3557,-0.35831,-0.35788,0.50007,0.49973,0.5007,Medium,
2026-06-26T20:36:03,703.475,active,1,AF7+AF8,13.336,8.1711,4.5949,45.206,27.59,-0.35558,-0.3583,-0.35727,0.5001,0.49976,0.50066,Medium,
2026-06-26T20:36:04,704.480,active,1,AF7+AF8,22.718,6.68,6.5218,45.167,25.954,-0.35566,-0.35791,-0.35707,0.5001,0.4998,0.50061,Medium,
2026-06-26T20:36:05,705.485,active,1,AF7+AF8,14.089,7.8864,6.1881,47.06,26.678,-0.35559,-0.35793,-0.35715,0.5001,0.4998,0.50057,Medium,
2026-06-26T20:36:06,706.491,active,1,AF7+AF8,20.689,11.606,8.0874,50.328,23.758,-0.35528,-0.35735,-0.35628,0.50012,0.49985,0.50054,Medium,
2026-06-26T20:36:07,707.495,active,1,AF7+AF8,14.626,9.0937,5.722,47.622,23.257,-0.35546,-0.35799,-0.35645,0.50016,0.49986,0.50051,Medium,
2026-06-26T20:36:08,708.498,active,1,AF7+AF8,7.8574,6.0567,6.5944,37.789,26.162,-0.3557,-0.35782,-0.35854,0.50013,0.49984,0.50048,Medium,
2026-06-26T20:36:09,709.503,active,1,AF7+AF8,11.607,9.2094,5.947,29.187,28.264,-0.35546,-0.35797,-0.36103,0.50007,0.49977,0.50046,Medium,
2026-06-26T20:36:10,710.510,active,1,AF7+AF8,5.8617,8.4993,5.5342,30.157,36.651,-0.35555,-0.35806,-0.36075,0.50002,0.49972,0.50044,Medium,
2026-06-26T20:36:11,711.516,active,1,AF7+AF8,5.7632,11.205,5.5124,35.674,34.839,-0.35536,-0.35811,-0.35987,0.49999,0.49969,0.50043,Medium,
2026-06-26T20:36:12,712.522,active,1,AF7+AF8,9.1625,12.144,7.4559,41.064,30.758,-0.3553,-0.35764,-0.35851,0.49998,0.49968,0.50041,Medium,
2026-06-26T20:36:13,713.523,active,1,AF7+AF8,8.9804,5.5609,5.4586,47.427,28.231,-0.35575,-0.35806,-0.35672,0.50009,0.4998,0.5004,Medium,
2026-06-26T20:36:14,714.526,active,1,AF7+AF8,12.462,6.4184,5.2942,48.481,32.025,-0.35567,-0.35814,-0.35645,0.50016,0.49986,0.50039,Medium,
2026-06-26T20:36:15,715.535,active,1,AF7+AF8,13.83,7.2424,5.8896,50.403,34.523,-0.3556,-0.35797,-0.35605,0.50021,0.49991,0.50038,Medium,
2026-06-26T20:36:16,716.538,active,1,AF7+AF8,26.172,15.614,10.851,42.935,26.56,-0.35493,-0.35675,-0.35809,0.50016,0.49987,0.50036,Medium,
2026-06-26T20:36:17,717.544,active,1,AF7+AF8,20.747,14.375,9.5346,47.71,29.227,-0.35509,-0.35717,-0.35663,0.50015,0.49987,0.50035,Medium,
2026-06-26T20:36:18,718.552,active,1,AF7+AF8,15.877,10.411,5.6318,49.151,35.382,-0.35539,-0.35801,-0.35641,0.50018,0.49987,0.50035,Medium,
2026-06-26T20:36:19,719.557,active,1,AF7+AF8,16.805,14.092,8.3285,46.223,35.658,-0.35514,-0.35725,-0.35694,0.50016,0.49986,0.50034,Medium,
2026-06-26T20:36:20,720.564,active,1,AF7+AF8,44.049,29.12,12.105,46.805,49.913,-0.35399,-0.3565,-0.35701,0.50014,0.49983,0.50033,Medium,
2026-06-26T20:36:21,721.569,active,1,AF7+AF8,60.477,33.027,10.951,50.111,90.277,-0.35363,-0.35665,-0.35574,0.50013,0.49982,0.50036,Medium,
2026-06-26T20:36:22,722.573,active,1,AF7+AF8,44.727,25.771,8.8212,39.033,46.572,-0.35419,-0.35709,-0.35773,0.50011,0.49979,0.50036,Medium,
2026-06-26T20:36:23,723.579,active,1,AF7+AF8,82.329,26.378,8.9403,41.838,41.612,-0.35413,-0.35713,-0.35712,0.5001,0.49977,0.50037,Medium,
2026-06-26T20:36:24,724.586,active,1,AF7+AF8,88.243,28.733,14.881,40.114,36.462,-0.35391,-0.35566,-0.358,0.50005,0.49973,0.50035,Medium,
2026-06-26T20:36:25,725.591,active,1,AF7+AF8,67.415,18.449,11.197,45.758,34.053,-0.35479,-0.35665,-0.35693,0.50004,0.49973,0.50034,Medium,
2026-06-26T20:36:26,726.593,active,1,AF7+AF8,162.55,28.138,9.8311,60.208,32.002,-0.35408,-0.35683,-0.35307,0.5003,0.49997,0.50034,Medium,
2026-06-26T20:36:27,727.602,active,1,AF7+AF8,114.79,20.911,7.8267,48.796,28.423,-0.35465,-0.35744,-0.35628,0.50028,0.49995,0.50035,Medium,
2026-06-26T20:36:28,728.613,active,1,AF7+AF8,126.08,63.446,10.582,52.486,62.137,-0.35189,-0.35681,-0.3546,0.50028,0.49991,0.50051,Medium,
2026-06-26T20:36:29,729.619,active,1,AF7+AF8,213.2,91.609,10.165,57.949,70.061,-0.35,-0.35695,-0.35284,0.50042,0.49988,0.50072,Medium,
2026-06-26T20:36:30,730.626,active,1,AF7+AF8,55.77,29.787,11.622,47.519,39.926,-0.35409,-0.35664,-0.35667,0.50037,0.49986,0.50068,Medium,
2026-06-26T20:36:31,731.631,active,1,AF7+AF8,46.232,27.562,15.485,40.825,38.09,-0.35407,-0.35552,-0.35846,0.50028,0.49981,0.50062,Medium,
2026-06-26T20:36:32,732.637,active,1,AF7+AF8,17.025,14.825,7.6912,41.404,38.362,-0.35501,-0.35749,-0.35835,0.50023,0.49978,0.50058,Medium,
2026-06-26T20:36:33,733.648,active,1,AF7+AF8,10.272,8.9954,7.0229,42.53,74.023,-0.35549,-0.35782,-0.3581,0.5002,0.49977,0.50054,Medium,
2026-06-26T20:36:34,734.651,active,1,AF7+AF8,9.1234,6.8031,7.9702,48.236,84.392,-0.35566,-0.35758,-0.35658,0.50019,0.49984,0.50051,Medium,
2026-06-26T20:36:35,735.654,active,1,AF7+AF8,9.0144,5.7996,5.2807,38.484,37.628,-0.35573,-0.35811,-0.35832,0.50017,0.49982,0.50048,Medium,
2026-06-26T20:36:36,736.660,active,1,AF7+AF8,9.8656,6.9077,4.6877,40.095,33.152,-0.35566,-0.35824,-0.35824,0.50015,0.4998,0.50046,Medium,
2026-06-26T20:36:37,737.669,active,1,AF7+AF8,5.6881,7.1026,4.7281,40.016,32.376,-0.35566,-0.35829,-0.35814,0.50013,0.49979,0.50045,Medium,
2026-06-26T20:36:38,738.673,active,1,AF7+AF8,8.4905,7.1566,7.7768,32.337,27.372,-0.35564,-0.35758,-0.36017,0.50008,0.49975,0.50042,Medium,
2026-06-26T20:36:39,739.679,active,1,AF7+AF8,9.5923,7.6461,5.5497,38.134,26.247,-0.35561,-0.35804,-0.35882,0.50006,0.49973,0.50041,Medium,
2026-06-26T20:36:40,740.684,active,1,AF7+AF8,5.3324,6.9591,2.7115,35.712,33.85,-0.35565,-0.35876,-0.3599,0.50003,0.4997,0.50041,Medium,
2026-06-26T20:36:41,741.689,active,1,AF7+AF8,3.8296,6.9064,3.6417,37.17,34.629,-0.35563,-0.35852,-0.35953,0.50001,0.49967,0.5004,Medium,
2026-06-26T20:36:42,742.695,active,1,AF7+AF8,4.6514,9.6952,4.8506,33.868,31.514,-0.35545,-0.35816,-0.36012,0.49998,0.49964,0.50039,Medium,
2026-06-26T20:36:43,743.700,active,1,AF7+AF8,3.893,8.7078,4.489,33.249,27.834,-0.35554,-0.35825,-0.36026,0.49995,0.49962,0.50039,Medium,
2026-06-26T20:36:44,744.705,active,1,AF7+AF8,5.6409,8.6043,4.9029,38.635,24.016,-0.35557,-0.3582,-0.3589,0.49995,0.49961,0.50038,Medium,
2026-06-26T20:36:45,745.708,active,1,AF7+AF8,44.322,25.652,8.4654,38.766,32.474,-0.35442,-0.35725,-0.3586,0.49993,0.4996,0.50038,Medium,
2026-06-26T20:36:46,746.715,active,1,AF7+AF8,410.73,49.235,17.186,42.594,72.887,-0.35269,-0.35515,-0.3576,0.49991,0.49957,0.50037,Medium,
2026-06-26T20:36:47,747.720,active,1,AF7+AF8,477.46,52.132,19.415,50.203,57.013,-0.35234,-0.35474,-0.3557,0.4999,0.49958,0.50036,Medium,
2026-06-26T20:36:48,748.725,active,1,AF7+AF8,46.343,14.268,8.5225,39.82,31.409,-0.35511,-0.35734,-0.35899,0.49989,0.49957,0.50035,Medium,
2026-06-26T20:36:49,749.731,active,1,AF7+AF8,46.787,12.606,6.7999,41.942,35.765,-0.3552,-0.35773,-0.35855,0.49989,0.49958,0.50035,Medium,
2026-06-26T20:36:50,750.739,active,1,AF7+AF8,30.254,10.5,5.7635,36.683,39.588,-0.35537,-0.35803,-0.35965,0.49988,0.49956,0.50034,Medium,
2026-06-26T20:36:51,751.746,active,1,AF7+AF8,53.839,29.446,6.7886,34.657,31.933,-0.35392,-0.35785,-0.36007,0.49986,0.49952,0.50043,Medium,
2026-06-26T20:36:52,752.755,active,1,AF7+AF8,39.76,20.383,6.2416,36.752,27.72,-0.35465,-0.35797,-0.35948,0.49986,0.49951,0.50043,Medium,
2026-06-26T20:36:53,753.763,active,1,AF7+AF8,3.5866,7.7238,4.7408,43.514,33.324,-0.35563,-0.35828,-0.35733,0.50001,0.49968,0.50042,Medium,
2026-06-26T20:36:54,754.768,active,1,AF7+AF8,6.0084,7.3228,3.4655,38.765,33.876,-0.35564,-0.35857,-0.35887,0.50001,0.49967,0.50041,Medium,
2026-06-26T20:36:55,755.775,active,1,AF7+AF8,22.216,14.992,3.3593,38.973,29.199,-0.35504,-0.35866,-0.35837,0.50002,0.49966,0.50044,Medium,
2026-06-26T20:36:56,756.779,active,1,AF7+AF8,18.376,11.443,4.481,42.155,25.298,-0.35528,-0.35834,-0.35788,0.50004,0.49967,0.50043,Medium,
2026-06-26T20:36:57,757.781,active,1,AF7+AF8,20.113,13.109,4.5605,43.71,22.241,-0.35514,-0.35825,-0.35804,0.50004,0.49966,0.50042,Medium,
2026-06-26T20:36:58,758.786,active,1,AF7+AF8,7.1344,8.7928,3.3091,56.694,30.041,-0.35553,-0.35863,-0.35463,0.50032,0.49993,0.50042,Medium,
2026-06-26T20:36:59,759.794,active,1,AF7+AF8,5.0585,6.6298,3.9394,42.386,32.15,-0.35569,-0.35847,-0.35775,0.50029,0.49991,0.50041,Medium,
2026-06-26T20:37:00,760.798,active,1,AF7+AF8,2.5602,5.9176,3.0105,44.664,29.671,-0.35574,-0.35873,-0.35746,0.50027,0.4999,0.50041,Medium,
2026-06-26T20:37:01,761.803,active,1,AF7+AF8,3.3374,8.0962,4.262,53.212,31.67,-0.35561,-0.35846,-0.35537,0.50034,0.49998,0.5004,Medium,
2026-06-26T20:37:02,762.806,active,1,AF7+AF8,4.4005,6.8642,4.6203,50.873,30.436,-0.35567,-0.35835,-0.35621,0.50033,0.49997,0.50039,Medium,
2026-06-26T20:37:03,763.814,active,1,AF7+AF8,3.2366,4.9539,4.507,42.53,25.638,-0.35579,-0.35837,-0.3577,0.5003,0.49995,0.50038,Medium,
2026-06-26T20:37:04,764.820,active,1,AF7+AF8,4.911,6.0396,4.4081,45.346,26.795,-0.35572,-0.35843,-0.35683,0.50029,0.49994,0.50038,Medium,
2026-06-26T20:37:05,765.825,active,1,AF7+AF8,3.3253,5.4089,3.0721,43.014,36.893,-0.35578,-0.35872,-0.35803,0.50027,0.49991,0.50038,Medium,
2026-06-26T20:37:06,766.827,active,1,AF7+AF8,4.4068,4.4061,3.2034,38.179,29.908,-0.35584,-0.35866,-0.359,0.50023,0.49987,0.50037,Medium,
2026-06-26T20:37:07,767.831,active,1,AF7+AF8,3.4963,4.1433,3.8769,27.143,24.891,-0.35585,-0.35849,-0.36138,0.50016,0.49981,0.50037,Medium,
2026-06-26T20:37:08,768.837,active,1,AF7+AF8,3.3405,5.4169,3.8073,31.286,24.786,-0.35578,-0.35851,-0.36026,0.50011,0.49976,0.50037,Medium,
2026-06-26T20:37:09,769.841,active,1,AF7+AF8,4.3297,6.1306,2.9297,38.066,29.431,-0.35574,-0.35875,-0.35863,0.5001,0.49975,0.50037,Medium,
2026-06-26T20:37:10,770.849,active,1,AF7+AF8,3.4487,8.0539,3.5968,40.561,29.211,-0.3556,-0.35859,-0.35797,0.5001,0.49974,0.50037,Medium,
2026-06-26T20:37:11,771.853,active,1,AF7+AF8,3.1937,9.0475,3.1062,40.323,27.108,-0.3555,-0.35869,-0.35848,0.50009,0.49973,0.50039,Medium,
2026-06-26T20:37:12,772.859,active,1,AF7+AF8,2.3401,7.3845,2.9125,38.643,26.682,-0.35563,-0.3587,-0.35893,0.50008,0.49971,0.50039,Medium,
2026-06-26T20:37:13,773.864,active,1,AF7+AF8,3.0248,9.2674,4.4621,44.705,26.001,-0.35551,-0.35829,-0.35708,0.50012,0.49977,0.50038,Medium,
2026-06-26T20:37:14,774.865,active,1,AF7+AF8,4.2227,7.8439,4.3033,46.54,24.15,-0.35561,-0.3584,-0.35636,0.5002,0.49985,0.50038,Medium,
2026-06-26T20:37:15,775.871,active,1,AF7+AF8,5.6452,6.6351,4.0027,48.996,23.125,-0.35569,-0.35852,-0.35615,0.50026,0.49991,0.50038,Medium,
2026-06-26T20:37:16,776.876,active,1,AF7+AF8,19.62,22.53,6.9515,45.914,24.542,-0.35454,-0.35782,-0.35704,0.50024,0.49988,0.5004,Medium,
2026-06-26T20:37:17,777.884,active,1,AF7+AF8,37.359,31.953,9.3766,48.013,29.794,-0.35381,-0.35729,-0.35671,0.50022,0.49985,0.50042,Medium,
2026-06-26T20:37:18,778.889,active,1,AF7+AF8,8.0967,7.736,4.8445,50.9,34.397,-0.35559,-0.35833,-0.35595,0.50027,0.49991,0.50041,Medium,
2026-06-26T20:37:19,779.891,active,1,AF7+AF8,4.5704,7.1656,7.4259,43.509,33.573,-0.35565,-0.35773,-0.35737,0.50024,0.4999,0.50039,Medium,
2026-06-26T20:37:20,780.898,active,1,AF7+AF8,13.492,12.746,9.2724,50.638,31.559,-0.35524,-0.35714,-0.35577,0.50023,0.49992,0.50037,Medium,
2026-06-26T20:37:21,781.902,active,1,AF7+AF8,59.737,37.428,14.488,60.688,34.852,-0.35341,-0.35579,-0.35313,0.50029,0.49999,0.50036,Medium,
2026-06-26T20:37:22,782.908,active,1,AF7+AF8,34.531,22.053,9.4454,62.107,33.644,-0.35456,-0.35713,-0.35206,0.5005,0.50018,0.50036,Medium,
2026-06-26T20:37:23,783.914,active,1,AF7+AF8,14.126,9.3737,6.5796,62.692,26.287,-0.35544,-0.35778,-0.35231,0.50061,0.50031,0.50035,Medium,
2026-06-26T20:37:24,784.918,active,1,AF7+AF8,9.7326,7.7279,6.0494,55.379,34.058,-0.35554,-0.35789,-0.35439,0.50059,0.50029,0.50034,Medium,
2026-06-26T20:37:25,785.925,active,1,AF7+AF8,6.751,9.6641,5.0725,51.786,37.563,-0.35544,-0.35823,-0.355,0.50057,0.50026,0.50035,Medium,
2026-06-26T20:37:26,786.931,active,1,AF7+AF8,14.83,18.267,5.5657,48.904,36.341,-0.35483,-0.3581,-0.35592,0.50053,0.50021,0.50038,Medium,
2026-06-26T20:37:27,787.936,active,1,AF7+AF8,67.223,71.078,15.275,53.505,36.236,-0.35082,-0.35564,-0.35517,0.50047,0.50012,0.50052,Medium,
2026-06-26T20:37:28,788.943,active,1,AF7+AF8,33.18,29.956,11.948,62.294,41.487,-0.35391,-0.35651,-0.35294,0.50047,0.50012,0.50049,Medium,
2026-06-26T20:37:29,789.950,active,1,AF7+AF8,59.921,9.6777,9.6294,55.557,47.656,-0.35547,-0.35721,-0.35417,0.50046,0.50015,0.50046,Medium,
2026-06-26T20:37:30,790.955,active,1,AF7+AF8,1152.1,67.114,28.737,118.42,118.1,-0.35136,-0.35273,-0.33384,0.5016,0.50137,0.50042,Medium,
2026-06-26T20:37:31,791.961,active,1,AF7+AF8,1197.8,61.135,23.566,118.82,158.2,-0.35169,-0.35374,-0.33503,0.50204,0.5018,0.5004,Medium,
2026-06-26T20:37:32,792.966,active,1,AF7+AF8,303.75,19.868,13.753,83.989,87.091,-0.35465,-0.35603,-0.34586,0.50195,0.50171,0.50038,Medium,
2026-06-26T20:37:33,793.968,active,1,AF7+AF8,73.636,15.705,16.025,63.54,52.582,-0.35502,-0.35558,-0.3517,0.50177,0.50156,0.50034,Medium,
2026-06-26T20:37:34,794.975,active,1,AF7+AF8,21.114,9.8578,9.677,53.761,38.331,-0.35544,-0.357,-0.35472,0.5016,0.50138,0.50032,Medium,
2026-06-26T20:37:35,795.983,active,1,AF7+AF8,10.211,6.8959,4.7138,46.261,26.988,-0.35564,-0.35828,-0.35658,0.50143,0.5012,0.50033,Medium,
2026-06-26T20:37:36,796.987,active,1,AF7+AF8,5.7509,7.0624,4.692,50.876,23.844,-0.35565,-0.35828,-0.35549,0.5013,0.50106,0.50033,Medium,
2026-06-26T20:37:37,797.995,active,1,AF7+AF8,12.084,6.2354,5.1804,43.365,30.092,-0.35572,-0.35819,-0.35764,0.50115,0.5009,0.50033,Medium,
2026-06-26T20:37:38,798.998,active,1,AF7+AF8,11.577,4.8845,5.9411,42.742,26.179,-0.35581,-0.35799,-0.35802,0.50101,0.50076,0.50032,Medium,
2026-06-26T20:37:39,800.003,active,1,AF7+AF8,14.689,9.1852,5.4066,43.751,22.865,-0.35551,-0.35807,-0.35745,0.5009,0.50064,0.50032,Medium,
2026-06-26T20:37:40,801.013,active,1,AF7+AF8,21.031,19.387,6.1816,43.856,24.98,-0.35479,-0.3579,-0.35697,0.50081,0.50053,0.50036,Medium,
2026-06-26T20:37:41,802.019,active,1,AF7+AF8,23.958,15.17,6.9788,43.025,28.166,-0.35507,-0.35764,-0.35732,0.50072,0.50043,0.50036,Medium,
2026-06-26T20:37:42,803.024,active,1,AF7+AF8,37.768,20.471,6.9808,38.209,24.547,-0.35468,-0.35766,-0.3586,0.50062,0.50032,0.50037,Medium,
2026-06-26T20:37:43,804.027,active,1,AF7+AF8,36.052,40.291,12.774,47.199,35.809,-0.3532,-0.35627,-0.35612,0.50054,0.50024,0.50038,Medium,
2026-06-26T20:37:44,805.033,active,1,AF7+AF8,66.39,55.871,15.64,62.848,47.545,-0.35207,-0.35562,-0.35228,0.50053,0.50021,0.50042,Medium,
2026-06-26T20:37:45,806.039,active,1,AF7+AF8,45.91,36.722,12.374,69.477,33.477,-0.35333,-0.35626,-0.35088,0.50062,0.50027,0.50041,Medium,
2026-06-26T20:37:46,807.044,active,1,AF7+AF8,20.378,21.49,10.045,54.508,33.202,-0.35449,-0.35679,-0.35433,0.50058,0.50024,0.5004,Medium,
2026-06-26T20:37:47,808.050,active,1,AF7+AF8,9.9979,10.298,5.1338,46.474,34.008,-0.35541,-0.35812,-0.35649,0.50053,0.50019,0.50039,Medium,
2026-06-26T20:37:48,809.055,active,1,AF7+AF8,9.4231,8.1421,6.6256,40.774,33.967,-0.35555,-0.35778,-0.35835,0.50046,0.50013,0.50038,Medium,
2026-06-26T20:37:49,810.058,active,1,AF7+AF8,25.502,14.174,7.7097,44.795,32.122,-0.35514,-0.35746,-0.35722,0.50041,0.50008,0.50037,Medium,
2026-06-26T20:37:50,811.064,active,1,AF7+AF8,3074,711.99,191.56,148.87,43.067,-0.30796,-0.3105,-0.32402,0.50016,0.49983,0.50036,Medium,
2026-06-26T20:37:51,812.071,active,1,AF7+AF8,6797.2,1543.5,388.71,256.2,38.798,-0.25175,-0.25988,-0.29074,0.49968,0.49927,0.50075,Medium,
2026-06-26T20:37:52,813.073,active,1,AF7+AF8,1051.6,225.94,58.344,81.975,31.89,-0.34078,-0.34446,-0.34635,0.49973,0.49929,0.50072,Medium,
2026-06-26T20:37:53,814.080,active,1,AF7+AF8,257.13,85.112,37.103,64.636,41.831,-0.34983,-0.35049,-0.35259,0.49973,0.49951,0.50064,Medium,
2026-06-26T20:37:54,815.087,active,1,AF7+AF8,3651.8,486.68,60.862,100.73,44.64,-0.32027,-0.3449,-0.34431,0.49994,0.49921,0.5021,Medium,
2026-06-26T20:37:55,816.093,active,1,AF7+AF8,26443,5589.6,847.78,218.27,65.218,0.053065,-0.16048,-0.31564,0.49762,0.49379,0.51684,Medium,
2026-06-26T20:37:56,817.099,active,1,AF7+AF8,32810,12281,2315.5,259.1,55.808,0.49293,0.16663,-0.30617,0.49085,0.4827,0.53116,Medium,
2026-06-26T20:37:57,818.105,active,1,AF7+AF8,5542,2336.6,501.25,107.69,44.929,-0.20147,-0.24805,-0.34247,0.49053,0.48266,0.52812,Medium,
2026-06-26T20:37:58,819.111,active,1,AF7+AF8,905.72,110.32,39.008,70.921,45.748,-0.34881,-0.35062,-0.35139,0.49615,0.49287,0.52477,Medium,
2026-06-26T20:37:59,820.116,active,1,AF7+AF8,23647,2212.2,288.91,123.56,62.662,-0.21247,-0.29622,-0.33978,0.49596,0.49182,0.52305,Medium,
2026-06-26T20:38:00,821.125,active,1,AF7+AF8,31397,2306.9,293.11,153.2,71.964,-0.20641,-0.29529,-0.33272,0.49588,0.49091,0.52162,Medium,
2026-06-26T20:38:01,822.132,active,1,AF7+AF8,1982.6,218.67,33.794,53.457,34.73,-0.34197,-0.35186,-0.35543,0.49809,0.49535,0.51917,Medium,
2026-06-26T20:38:02,823.139,active,1,AF7+AF8,76.45,45.507,15.661,50.296,26.482,-0.35318,-0.35579,-0.35627,0.4992,0.49791,0.51691,Medium,
2026-06-26T20:38:03,824.147,active,1,AF7+AF8,244.89,30.985,13.673,47.511,31.736,-0.35412,-0.35631,-0.35713,0.49962,0.49894,0.51492,Medium,
2026-06-26T20:38:05,825.153,active,1,AF7+AF8,948.06,55.981,22.756,59.313,36.244,-0.35251,-0.35439,-0.35436,0.49985,0.49944,0.51315,Medium,
2026-06-26T20:38:06,826.158,active,1,AF7+AF8,304.8,29.028,13.718,55.022,26.244,-0.35424,-0.35627,-0.35512,0.50003,0.49971,0.51161,Medium,
2026-06-26T20:38:07,827.164,active,1,AF7+AF8,20.172,15.187,6.5154,50.201,20.246,-0.35511,-0.35788,-0.35609,0.50014,0.49981,0.51025,Medium,
2026-06-26T20:38:08,828.165,active,1,AF7+AF8,17.824,9.7546,5.0858,50.482,15.969,-0.35548,-0.35819,-0.35579,0.50024,0.4999,0.50906,Medium,
2026-06-26T20:38:09,829.173,active,1,AF7+AF8,22.582,8.6302,6.3391,42.996,18.698,-0.35556,-0.35793,-0.35815,0.50021,0.49987,0.50801,Medium,
2026-06-26T20:38:10,830.180,active,1,AF7+AF8,16.624,7.4648,5.5061,36.42,20.565,-0.35561,-0.35812,-0.3598,0.50016,0.49983,0.50709,Medium,
2026-06-26T20:38:11,831.187,active,1,AF7+AF8,23.86,8.0432,5.5486,38.405,23.568,-0.35559,-0.358,-0.35866,0.50013,0.4998,0.50627,Medium,
2026-06-26T20:38:12,832.192,active,1,AF7+AF8,9608.2,524.75,342.01,233.33,51.478,-0.32216,-0.28471,-0.31395,0.49967,0.50054,0.50496,Medium,
2026-06-26T20:38:13,833.198,active,1,AF7+AF8,34501,2228,816.77,614.98,129.15,-0.21192,-0.18124,-0.22741,0.49902,0.50024,0.5039,Medium,
2026-06-26T20:38:14,834.202,active,1,AF7+AF8,7932,767.5,147.51,200.72,159.59,-0.30637,-0.32708,-0.32194,0.49999,0.49998,0.50375,Medium,
2026-06-26T20:38:15,835.209,active,1,AF7+AF8,90.707,70.517,31.519,149.63,329.15,-0.3515,-0.35233,-0.33415,0.50136,0.50129,0.50331,Medium,
2026-06-26T20:38:16,836.215,active,1,AF7+AF8,31.338,57.203,67.602,205.24,371.67,-0.35242,-0.34453,-0.32159,0.50226,0.50283,0.50279,Medium,
2026-06-26T20:38:17,837.221,active,1,AF7+AF8,30.637,49.238,57.663,237.07,396.54,-0.3529,-0.34669,-0.31456,0.50332,0.50401,0.50237,Medium,
2026-06-26T20:38:18,838.230,active,1,AF7+AF8,41.402,48.88,29.426,287.33,403.22,-0.35293,-0.35289,-0.30298,0.50507,0.50535,0.50208,Medium,
2026-06-26T20:38:19,839.235,active,1,AF7+AF8,26.406,35.711,21.609,140.79,188.71,-0.35383,-0.35459,-0.33627,0.50474,0.50497,0.50184,Medium,
2026-06-26T20:38:20,840.242,active,1,AF7+AF8,24.542,39.601,24.182,94.715,280.74,-0.35351,-0.3539,-0.34672,0.50428,0.50448,0.50163,Medium,
2026-06-26T20:38:21,841.249,active,1,AF7+AF8,47.867,46.457,19.344,106.11,240.63,-0.35304,-0.35493,-0.34423,0.50392,0.50407,0.50146,Medium,
2026-06-26T20:38:22,842.255,active,1,AF7+AF8,39.233,49.021,20.479,100.88,132.87,-0.35288,-0.35482,-0.34542,0.50359,0.50369,0.50131,Medium,
2026-06-26T20:38:23,843.263,active,1,AF7+AF8,15.953,49.214,20.878,107.3,184,-0.35289,-0.35474,-0.34385,0.50333,0.50339,0.50118,Medium,
2026-06-26T20:38:24,844.269,active,1,AF7+AF8,11.035,32.766,23.191,131.77,393.28,-0.35399,-0.35425,-0.33797,0.50317,0.50322,0.50105,Medium,
2026-06-26T20:38:25,845.275,active,1,AF7+AF8,43.837,46.01,24.787,115.05,206.16,-0.353,-0.35383,-0.34164,0.50297,0.503,0.50093,Medium,
2026-06-26T20:38:26,846.278,active,1,AF7+AF8,56.278,50.641,21.283,103.06,210.03,-0.35275,-0.35459,-0.34449,0.50277,0.50277,0.50085,Medium,
2026-06-26T20:38:27,847.287,active,1,AF7+AF8,21.364,31.448,36.572,106.75,158.15,-0.35409,-0.35133,-0.34355,0.50255,0.50259,0.50071,Medium,
2026-06-26T20:38:28,848.309,active,1,AF7+AF8,16.57,28.954,33.285,90.322,132.28,-0.35426,-0.35202,-0.34754,0.50231,0.50238,0.50059,Medium,
2026-06-26T20:38:29,849.314,active,1,AF7+AF8,14.803,33.423,24.04,92.876,118.98,-0.35397,-0.354,-0.34721,0.50214,0.5022,0.50052,Medium,
2026-06-26T20:38:30,850.320,active,1,AF7+AF8,11.806,48.598,15.343,123.32,145.77,-0.35299,-0.35588,-0.34017,0.50212,0.50213,0.5005,Medium,
2026-06-26T20:38:31,851.326,active,1,AF7+AF8,18.856,55.594,12.888,131.34,278.42,-0.35249,-0.35643,-0.33835,0.5022,0.50208,0.5005,Medium,
2026-06-26T20:38:32,852.333,active,1,AF7+AF8,28.367,34.052,33.796,124.05,453.92,-0.35381,-0.35188,-0.33953,0.50212,0.50205,0.50041,Medium,
2026-06-26T20:38:33,853.337,active,1,AF7+AF8,21.769,50.682,31.085,104.4,216.05,-0.35277,-0.35245,-0.34412,0.50199,0.50193,0.50036,Medium,
2026-06-26T20:38:34,854.342,active,1,AF7+AF8,42.82,95.708,43.008,109.88,141.51,-0.34982,-0.34978,-0.34279,0.50186,0.50181,0.50031,Medium,
2026-06-26T20:38:35,855.348,active,1,AF7+AF8,54.048,54.1,39.31,104.55,149.37,-0.35259,-0.35052,-0.34435,0.50173,0.50171,0.50024,Medium,
2026-06-26T20:38:36,856.354,active,1,AF7+AF8,49.155,55.557,40.98,109.36,126.3,-0.35252,-0.35013,-0.34332,0.50162,0.50165,0.50018,Medium,
2026-06-26T20:38:37,857.359,active,1,AF7+AF8,46.318,59.264,17.626,101.78,95.069,-0.3523,-0.35544,-0.34511,0.50158,0.50156,0.50031,Medium,
2026-06-26T20:38:38,858.363,active,1,AF7+AF8,41.639,43.672,21.823,96.154,103.61,-0.3533,-0.35454,-0.34642,0.50152,0.50147,0.50029,Medium,
2026-06-26T20:38:39,859.373,active,1,AF7+AF8,47.92,25.939,20.024,134.43,172.73,-0.35442,-0.35491,-0.33793,0.50188,0.50183,0.50026,Medium,
2026-06-26T20:38:40,860.381,active,1,AF7+AF8,48.042,22.833,19.096,165.97,256.44,-0.35461,-0.35513,-0.33049,0.5026,0.50254,0.50024,Medium,
2026-06-26T20:38:41,861.385,active,1,AF7+AF8,97.002,22.507,16.896,101.37,121.82,-0.35463,-0.3556,-0.34456,0.50245,0.50239,0.50022,Medium,
2026-06-26T20:38:42,862.390,active,1,AF7+AF8,47.777,37.925,16.71,82.563,84.921,-0.35359,-0.3556,-0.349,0.50226,0.50217,0.50024,Medium,
2026-06-26T20:38:43,863.392,active,1,AF7+AF8,42.389,58.739,12.277,122.13,85.535,-0.35221,-0.35659,-0.34031,0.50223,0.50209,0.50042,Medium,
2026-06-26T20:38:44,864.397,active,1,AF7+AF8,36.396,45.447,19.464,140.28,87.75,-0.35308,-0.35502,-0.33588,0.50233,0.50212,0.5004,Medium,
2026-06-26T20:38:45,865.406,active,1,AF7+AF8,59.643,52.438,19.146,96.998,92.832,-0.35269,-0.35512,-0.34582,0.50219,0.50197,0.50039,Medium,
2026-06-26T20:38:46,866.410,active,1,AF7+AF8,67.777,66.15,22.127,88.896,84.206,-0.35185,-0.35452,-0.34787,0.50203,0.5018,0.50038,Medium,
2026-06-26T20:38:47,867.423,active,1,AF7+AF8,37.185,38.224,16.933,107.74,207.31,-0.35358,-0.35561,-0.34333,0.50197,0.50173,0.50037,Medium,
2026-06-26T20:38:48,868.428,active,1,AF7+AF8,62.505,43.345,16.355,89.486,209.17,-0.35313,-0.35555,-0.34767,0.50185,0.50161,0.50036,Medium,
2026-06-26T20:38:49,869.436,active,1,AF7+AF8,35.364,42.289,12.298,85.188,120.36,-0.35331,-0.35652,-0.34873,0.50174,0.50148,0.50039,Medium,
2026-06-26T20:38:50,870.443,active,1,AF7+AF8,15.883,35.607,16.398,76.02,79.646,-0.35381,-0.35568,-0.35082,0.50161,0.50135,0.50037,Medium,
2026-06-26T20:38:51,871.450,active,1,AF7+AF8,19.998,30.704,19.694,69.916,91.569,-0.35414,-0.35503,-0.35222,0.50146,0.50122,0.50034,Medium,
2026-06-26T20:38:52,872.451,active,1,AF7+AF8,10.925,18.053,20.068,90.324,111.53,-0.35496,-0.35491,-0.34778,0.50139,0.50118,0.50029,Medium,
2026-06-26T20:38:53,873.457,active,1,AF7+AF8,12.01,25.239,14.121,103.31,86.159,-0.35448,-0.35623,-0.3449,0.5014,0.50119,0.50029,Medium,
2026-06-26T20:38:54,874.465,active,1,AF7+AF8,15.516,45.404,14.111,93.853,111.42,-0.35309,-0.35616,-0.34684,0.50138,0.50114,0.50034,Medium,
2026-06-26T20:38:55,875.472,active,1,AF7+AF8,26.768,46.893,14.446,89.539,115.99,-0.353,-0.35602,-0.34781,0.50133,0.50108,0.50036,Medium,
2026-06-26T20:38:56,876.477,active,1,AF7+AF8,19.343,34.618,8.632,82.396,117.31,-0.35385,-0.35723,-0.34944,0.50129,0.50102,0.5004,Medium,
2026-06-26T20:38:57,877.484,active,1,AF7+AF8,33.904,42.572,12.608,75.734,135.24,-0.35324,-0.35622,-0.35095,0.50122,0.50093,0.5004,Medium,
2026-06-26T20:38:58,878.489,active,1,AF7+AF8,206.13,37.876,23.396,79.074,266.18,-0.35353,-0.35374,-0.34974,0.50113,0.50088,0.50035,Medium,
2026-06-26T20:38:59,879.494,active,1,AF7+AF8,489.15,37.14,32.723,90.629,149.05,-0.35366,-0.35147,-0.34467,0.5011,0.50102,0.50028,Medium,
2026-06-26T20:39:00,880.500,active,1,AF7+AF8,134.75,46.602,28.832,58.491,75.481,-0.35305,-0.35262,-0.35317,0.50096,0.5009,0.50024,Medium,
2026-06-26T20:39:01,881.505,active,1,AF7+AF8,58.858,54.337,17.721,51.777,55.947,-0.35252,-0.35521,-0.35613,0.50083,0.50074,0.5003,Medium,
2026-06-26T20:39:02,882.511,active,1,AF7+AF8,23.468,30.317,12.17,60.564,56.952,-0.35413,-0.35663,-0.35417,0.50077,0.50065,0.50031,Medium,
2026-06-26T20:39:03,883.524,active,1,AF7+AF8,6.6668,17.047,5.1526,53.964,70.48,-0.35502,-0.35819,-0.35597,0.50071,0.50056,0.50036,Medium,
2026-06-26T20:39:04,884.527,active,1,AF7+AF8,10.516,17.697,5.7771,81.511,120.84,-0.35496,-0.35806,-0.3495,0.50092,0.50063,0.50038,Medium,
2026-06-26T20:39:05,885.532,active,1,AF7+AF8,97.804,37.869,9.73,72.124,65.234,-0.35342,-0.35712,-0.35134,0.5009,0.50059,0.50043,Medium,
2026-06-26T20:39:06,886.535,active,1,AF7+AF8,133.53,51.603,10.384,69.912,52.475,-0.35241,-0.35701,-0.35194,0.50087,0.50052,0.50052,Medium,
2026-06-26T20:39:07,887.542,active,1,AF7+AF8,38.322,31.714,17.65,162.8,128.63,-0.35393,-0.35543,-0.33139,0.50215,0.5019,0.50048,Medium,
2026-06-26T20:39:08,888.548,active,1,AF7+AF8,8.8587,12.193,15.558,175.24,121.37,-0.35533,-0.35586,-0.32881,0.50289,0.50275,0.50043,Medium,
2026-06-26T20:39:09,889.552,active,1,AF7+AF8,9.0341,7.8802,11.84,84.409,95.506,-0.35561,-0.35662,-0.34935,0.50265,0.50251,0.50039,Medium,
2026-06-26T20:39:10,890.558,active,1,AF7+AF8,9.3409,7.823,11.036,91.507,94.842,-0.35561,-0.35688,-0.34757,0.50247,0.50233,0.50036,Medium,
2026-06-26T20:39:11,891.562,active,1,AF7+AF8,5.1529,8.4398,10.946,84.944,90.59,-0.35554,-0.35689,-0.3489,0.5023,0.50215,0.50034,Medium,
2026-06-26T20:39:12,892.572,active,1,AF7+AF8,2.8778,7.6031,10.105,78.222,100.52,-0.35558,-0.35708,-0.35052,0.50212,0.50197,0.50032,Medium,
2026-06-26T20:39:13,893.576,active,1,AF7+AF8,6.7679,7.3119,8.895,102.78,92.369,-0.35562,-0.35737,-0.34501,0.50205,0.50189,0.50031,Medium,
2026-06-26T20:39:14,894.577,active,1,AF7+AF8,10.937,9.2566,9.1829,127.79,82.368,-0.3555,-0.35731,-0.33934,0.50217,0.50197,0.5003,Medium,
2026-06-26T20:39:15,895.583,active,1,AF7+AF8,10.011,7.2124,11.002,106.03,99.604,-0.35566,-0.35695,-0.34428,0.5021,0.5019,0.50028,Medium,
2026-06-26T20:39:16,896.588,active,1,AF7+AF8,6.0113,5.6495,13.847,112.2,103.79,-0.35576,-0.35632,-0.34277,0.50205,0.50187,0.50026,Medium,
2026-06-26T20:39:17,897.592,active,1,AF7+AF8,8.4737,10.887,21.543,121.41,115.66,-0.35539,-0.35462,-0.34057,0.50201,0.50187,0.50021,Medium,
2026-06-26T20:39:18,898.598,active,1,AF7+AF8,8.2851,11.301,14.622,124.74,121.56,-0.35537,-0.35617,-0.34027,0.50201,0.50188,0.5002,Medium,
2026-06-26T20:39:19,899.602,active,1,AF7+AF8,9.9189,11.029,8.426,119.94,72.261,-0.3554,-0.35741,-0.3414,0.50201,0.50186,0.50023,Medium,
2026-06-26T20:39:20,900.604,active,1,AF7+AF8,10.636,11.717,9.1391,91.852,84.518,-0.35537,-0.35726,-0.34776,0.50191,0.50175,0.50023,Medium,
2026-06-26T20:39:21,901.609,active,1,AF7+AF8,15.249,8.9915,12.751,90.352,103.55,-0.35551,-0.35654,-0.34826,0.50181,0.50165,0.50022,Medium,
2026-06-26T20:39:22,902.615,active,1,AF7+AF8,14.688,7.6066,24.928,200.82,79.031,-0.35559,-0.35391,-0.32332,0.50302,0.50308,0.50017,Medium,
2026-06-26T20:39:23,903.619,active,1,AF7+AF8,14.827,9.9343,103.03,255.64,83.455,-0.35546,-0.33685,-0.31078,0.50316,0.50458,0.49987,Medium,
2026-06-26T20:39:24,904.627,active,1,AF7+AF8,109.89,30.059,82.427,146.53,140.94,-0.35403,-0.34131,-0.33552,0.50287,0.50431,0.4997,Medium,
2026-06-26T20:39:25,905.634,active,1,AF7+AF8,274.5,50.647,27.972,100.7,211.42,-0.35258,-0.35322,-0.34586,0.50264,0.50389,0.49993,Medium,
2026-06-26T20:39:26,906.640,active,1,AF7+AF8,183.59,33.827,18.205,90.158,161.93,-0.35383,-0.35535,-0.34833,0.50242,0.50351,0.50008,Medium,
2026-06-26T20:39:27,907.643,active,1,AF7+AF8,95.059,36.558,18.716,85.412,113.14,-0.35347,-0.35507,-0.34954,0.50222,0.50315,0.50015,Medium,
2026-06-26T20:39:28,908.649,active,1,AF7+AF8,83.022,25.521,15.322,86.739,123.77,-0.35426,-0.35581,-0.34923,0.50205,0.50285,0.50018,Medium,
2026-06-26T20:39:29,909.657,active,1,AF7+AF8,57.899,12.548,8.9901,57.458,99.742,-0.35529,-0.35737,-0.35592,0.50182,0.50249,0.50023,Medium,
2026-06-26T20:39:30,910.663,active,1,AF7+AF8,28.749,19.291,11.045,59.041,96.836,-0.35483,-0.35694,-0.3555,0.50163,0.50218,0.50025,Medium,
2026-06-26T20:39:31,911.669,active,1,AF7+AF8,41.902,27.019,22.966,74.428,123.06,-0.35426,-0.35424,-0.35195,0.50147,0.50196,0.50022,Medium,
2026-06-26T20:39:32,912.677,active,1,AF7+AF8,66.206,27.565,25.639,66.368,112.34,-0.35414,-0.35342,-0.35372,0.50129,0.50173,0.50018,Medium,
2026-06-26T20:39:33,913.681,active,1,AF7+AF8,18.031,18.591,11.285,50.1,95.813,-0.35481,-0.35674,-0.35742,0.50112,0.50148,0.50022,Medium,
2026-06-26T20:39:34,914.686,active,1,AF7+AF8,32.599,15.045,10.698,53.018,93.685,-0.35505,-0.35697,-0.35682,0.50099,0.50128,0.50023,Medium,
2026-06-26T20:39:35,915.693,active,1,AF7+AF8,4453.2,453.89,39.324,97.79,105.78,-0.32152,-0.34874,-0.34483,0.50093,0.50077,0.50213,Medium,
2026-06-26T20:39:36,916.698,active,1,AF7+AF8,20127,1779.8,138.88,270.63,302.36,-0.22064,-0.3201,-0.29058,0.50259,0.49963,0.50831,Medium,
2026-06-26T20:39:37,917.703,active,1,AF7+AF8,5770.4,498.82,73.864,413.8,454.34,-0.31851,-0.33949,-0.24584,0.50806,0.5053,0.50763,Medium,
2026-06-26T20:39:38,918.710,active,1,AF7+AF8,342.37,92.243,29.308,429.95,449.65,-0.34936,-0.35212,-0.2448,0.51127,0.50996,0.50675,Medium,
2026-06-26T20:39:39,919.713,active,1,AF7+AF8,362.08,53.989,39.822,246.84,234.91,-0.35228,-0.35007,-0.2997,0.51067,0.50955,0.50591,Medium,
2026-06-26T20:39:40,920.721,active,1,AF7+AF8,722.77,106.99,72.273,160.85,123.75,-0.34875,-0.34279,-0.32481,0.50966,0.50877,0.50511,Medium,
2026-06-26T20:39:41,921.726,active,1,AF7+AF8,270.91,46.967,36.032,88.198,61.476,-0.35286,-0.3512,-0.34667,0.50857,0.50781,0.50447,Medium,
2026-06-26T20:39:42,922.736,active,1,AF7+AF8,25.888,8.4474,11.736,84.332,53.334,-0.35556,-0.35662,-0.34893,0.50766,0.50697,0.50395,Medium,
2026-06-26T20:39:43,923.741,active,1,AF7+AF8,49.501,20.344,12.453,81.574,45.737,-0.35479,-0.35661,-0.35011,0.50684,0.5062,0.50351,Medium,
2026-06-26T20:39:44,924.746,active,1,AF7+AF8,58.581,21.729,11.404,39.323,32.985,-0.35462,-0.35684,-0.35985,0.50597,0.50538,0.50312,Medium,
2026-06-26T20:39:45,925.752,active,1,AF7+AF8,62.813,24.813,7.9061,28.643,30.606,-0.35433,-0.3575,-0.36232,0.50518,0.50462,0.50279,Medium,
2026-06-26T20:39:46,926.758,active,1,AF7+AF8,24.666,13.842,7.0408,36.995,32.485,-0.35512,-0.35764,-0.36019,0.50452,0.50399,0.50249,Medium,
2026-06-26T20:39:47,927.765,active,1,AF7+AF8,48.226,33.177,10.902,51.069,38.411,-0.35365,-0.35677,-0.35695,0.50398,0.50346,0.50224,Medium,
2026-06-26T20:39:48,928.772,active,1,AF7+AF8,72.245,46.108,10.916,50.594,43.517,-0.35268,-0.35676,-0.35722,0.50349,0.50297,0.50203,Medium,
2026-06-26T20:39:49,929.779,active,1,AF7+AF8,8.9582,11.867,7.1443,140.35,46.576,-0.35531,-0.35776,-0.33669,0.50339,0.5029,0.50183,Medium,
2026-06-26T20:39:50,930.787,active,1,AF7+AF8,3.1028,7.9624,11.356,143.18,46.405,-0.3556,-0.35685,-0.33593,0.5033,0.50284,0.50163,Medium,
2026-06-26T20:39:51,931.793,active,1,AF7+AF8,6.1944,7.2243,7.6392,106.53,48.444,-0.35564,-0.35765,-0.34436,0.5031,0.50267,0.50146,Medium,
2026-06-26T20:39:52,932.794,active,1,AF7+AF8,31.317,12.554,11.916,88.891,50.25,-0.35526,-0.35658,-0.34845,0.50285,0.50245,0.50131,Medium,
2026-06-26T20:39:53,933.796,active,1,AF7+AF8,60.344,17.792,10.426,68.28,38.881,-0.35487,-0.35688,-0.35304,0.50257,0.50219,0.50118,Medium,
2026-06-26T20:39:54,934.801,active,1,AF7+AF8,262.61,49.799,21.102,119.28,62.463,-0.3526,-0.35446,-0.34128,0.50246,0.50209,0.50107,Medium,
2026-06-26T20:39:55,935.803,active,1,AF7+AF8,130.06,38.455,26.442,155.93,47.508,-0.35331,-0.35333,-0.33294,0.50251,0.50236,0.50094,Medium,
2026-06-26T20:39:56,936.809,active,1,AF7+AF8,22.992,11.33,9.445,45.364,26.05,-0.35532,-0.35717,-0.35843,0.50219,0.50203,0.50085,Medium,
2026-06-26T20:39:57,937.818,active,1,AF7+AF8,17.028,7.7289,5.2109,30.907,21.985,-0.35558,-0.35816,-0.3617,0.50187,0.5017,0.50079,Medium,
2026-06-26T20:39:58,938.826,active,1,AF7+AF8,5.5045,6.4233,4.7614,36.689,19.925,-0.35569,-0.35836,-0.36031,0.50162,0.50143,0.50073,Medium,
2026-06-26T20:39:59,939.833,active,1,AF7+AF8,3.4309,6.1108,4.6618,35.701,20.042,-0.35571,-0.35835,-0.36052,0.50139,0.50118,0.50069,Medium,
2026-06-26T20:40:00,940.839,active,1,AF7+AF8,4.7648,10.323,5.4,33.837,21.034,-0.35538,-0.35816,-0.36092,0.50118,0.50096,0.50065,Medium,
2026-06-26T20:40:01,941.844,active,1,AF7+AF8,8.7397,10.243,5.8864,29.307,24.856,-0.3554,-0.35797,-0.36223,0.50098,0.50074,0.50061,Medium,
2026-06-26T20:40:02,942.845,active,1,AF7+AF8,42.207,18.495,5.5138,32.009,21.417,-0.3547,-0.35801,-0.36164,0.50081,0.50055,0.50058,Medium,
2026-06-26T20:40:03,943.846,active,1,AF7+AF8,254.67,74.918,11.646,38.577,20.133,-0.35016,-0.35648,-0.35989,0.50066,0.50034,0.50071,Medium,
2026-06-26T20:40:04,944.854,active,1,AF7+AF8,326.21,67.967,20.869,33.308,25.964,-0.35074,-0.3541,-0.36114,0.50047,0.50014,0.50067,Medium,
2026-06-26T20:40:05,945.861,active,1,AF7+AF8,67.139,24.883,9.2367,24.376,23.879,-0.35423,-0.35714,-0.3632,0.50033,0.49999,0.50064,Medium,
2026-06-26T20:40:06,946.865,active,1,AF7+AF8,30.905,22.367,7.0925,23.623,21.055,-0.35448,-0.35768,-0.36359,0.5002,0.49985,0.50061,Medium,
2026-06-26T20:40:07,947.873,active,1,AF7+AF8,13.055,8.8995,6.2286,23.685,28.937,-0.35555,-0.358,-0.36355,0.50009,0.49975,0.50057,Medium,
2026-06-26T20:40:08,948.878,active,1,AF7+AF8,5.3844,7.0676,6.073,25.995,27.842,-0.35567,-0.35799,-0.36301,0.50001,0.49967,0.50054,Medium,
2026-06-26T20:40:09,949.887,active,1,AF7+AF8,7.688,4.2122,4.3727,22.765,28.634,-0.35587,-0.35838,-0.36377,0.49992,0.49959,0.50051,Medium,
2026-06-26T20:40:10,950.893,active,1,AF7+AF8,8.0457,4.2097,5.8394,24.846,35.094,-0.35586,-0.35805,-0.36317,0.49986,0.49953,0.50048,Medium,
2026-06-26T20:40:11,951.899,active,1,AF7+AF8,6.6139,6.0272,6.1382,32.877,18.657,-0.35569,-0.35799,-0.36125,0.49982,0.4995,0.50046,Medium,
2026-06-26T20:40:12,952.904,active,1,AF7+AF8,7.7497,7.0173,5.0717,30.979,19.691,-0.35565,-0.35823,-0.36167,0.49979,0.49947,0.50044,Medium,
2026-06-26T20:40:13,953.911,active,1,AF7+AF8,5.5672,9.9143,3.204,25.675,22.301,-0.35548,-0.35861,-0.36277,0.49976,0.49943,0.50044,Medium,
2026-06-26T20:40:14,954.918,active,1,AF7+AF8,4.8652,7.4701,4.2603,29.444,26.931,-0.35564,-0.35843,-0.36195,0.49973,0.4994,0.50043,Medium,
2026-06-26T20:40:15,955.928,active,1,AF7+AF8,4.546,7.9681,7.408,27.378,26.703,-0.3556,-0.35778,-0.3625,0.49969,0.49937,0.50041,Medium,
2026-06-26T20:40:16,956.932,active,1,AF7+AF8,4.8522,9.3078,7.9157,29.551,15.379,-0.3555,-0.35764,-0.36204,0.49966,0.49935,0.50039,Medium,
2026-06-26T20:40:17,957.940,active,1,AF7+AF8,121.34,21.492,7.2202,30.03,17.66,-0.35454,-0.35765,-0.3619,0.49964,0.49931,0.50039,Medium,
2026-06-26T20:40:18,958.949,active,1,AF7+AF8,189.94,36.316,12.505,35.824,27.693,-0.35346,-0.3564,-0.36038,0.49962,0.49929,0.50039,Medium,
2026-06-26T20:40:19,959.955,active,1,AF7+AF8,112.72,40.229,9.2088,32.952,26.786,-0.3532,-0.35715,-0.36105,0.49961,0.49926,0.50045,Medium,
2026-06-26T20:40:20,960.960,active,1,AF7+AF8,60.64,21.046,7.2531,23.554,17.729,-0.35463,-0.35767,-0.36351,0.49957,0.49922,0.50044,Medium,
2026-06-26T20:40:21,961.966,active,1,AF7+AF8,12.29,8.93,5.7306,25.196,20.455,-0.35554,-0.35806,-0.36318,0.49955,0.4992,0.50043,Medium,
2026-06-26T20:40:22,962.972,active,1,AF7+AF8,11.527,8.6042,5.0331,29.933,33.875,-0.35555,-0.35818,-0.36213,0.49954,0.49919,0.50042,Medium,
2026-06-26T20:40:23,963.979,active,1,AF7+AF8,8.4559,7.6848,6.4284,35.092,35.879,-0.35563,-0.3579,-0.36099,0.49958,0.49928,0.5004,Medium,
2026-06-26T20:40:24,964.984,active,1,AF7+AF8,12.692,10.165,8.3015,34.319,24.353,-0.35545,-0.3575,-0.361,0.49958,0.49929,0.50038,Medium,
2026-06-26T20:40:25,965.993,active,1,AF7+AF8,10.354,10.108,11.089,54.493,27.649,-0.35543,-0.35683,-0.35634,0.49987,0.49965,0.50036,Medium,
2026-06-26T20:40:26,967.000,active,1,AF7+AF8,59.91,17.582,9.774,44.161,27.264,-0.35495,-0.35711,-0.35873,0.49986,0.49963,0.50035,Medium,
2026-06-26T20:40:27,968.004,active,1,AF7+AF8,3267.2,300.91,33.002,109.58,62.732,-0.33613,-0.35191,-0.34035,0.50081,0.49961,0.50132,Medium,
2026-06-26T20:40:28,969.007,active,1,AF7+AF8,4112.6,313.46,49.392,133.48,94.744,-0.33455,-0.34783,-0.3329,0.50144,0.49997,0.50152,Medium,
2026-06-26T20:40:29,970.010,active,1,AF7+AF8,568.16,68.186,17.584,72.75,68.301,-0.35074,-0.35496,-0.35048,0.50134,0.50001,0.50141,Medium,
2026-06-26T20:40:30,971.017,active,1,AF7+AF8,84.412,15.295,8.7819,67.126,61.659,-0.35503,-0.35734,-0.35267,0.50125,0.50018,0.50127,Medium,
2026-06-26T20:40:31,972.022,active,1,AF7+AF8,30.818,11.918,11.137,56.279,47.024,-0.35532,-0.35689,-0.35554,0.50112,0.50015,0.50114,Medium,
2026-06-26T20:40:32,973.030,active,1,AF7+AF8,23.224,16.365,7.7271,40.437,19.361,-0.35503,-0.35759,-0.35958,0.50095,0.50007,0.50104,Medium,
2026-06-26T20:40:33,974.036,active,1,AF7+AF8,30.611,19.882,5.9195,26.651,16.246,-0.35477,-0.35793,-0.36273,0.50077,0.49994,0.50097,Medium,
2026-06-26T20:40:34,975.042,active,1,AF7+AF8,41.798,21.17,7.8798,19.911,19.629,-0.35467,-0.35746,-0.36419,0.50057,0.4998,0.50089,Medium,
2026-06-26T20:40:35,976.046,active,1,AF7+AF8,52.438,19.843,6.4476,18.677,18.079,-0.35463,-0.35779,-0.36456,0.5004,0.49968,0.50083,Medium,
2026-06-26T20:40:36,977.061,active,1,AF7+AF8,56.026,30.006,5.5771,21.81,20.439,-0.3538,-0.35795,-0.36397,0.50027,0.49956,0.50079,Medium,
2026-06-26T20:40:37,978.067,active,1,AF7+AF8,70.224,46.872,9.933,31.223,37.36,-0.35243,-0.35676,-0.3618,0.50016,0.49948,0.50076,Medium,
2026-06-26T20:40:38,979.073,active,1,AF7+AF8,55.4,28.955,9.051,31.758,35.222,-0.35392,-0.35716,-0.36171,0.50007,0.49942,0.50072,Medium,
2026-06-26T20:40:39,980.077,active,1,AF7+AF8,158.49,46.089,8.1939,31.374,34.937,-0.35272,-0.3574,-0.36166,0.5,0.49936,0.5007,Medium,
2026-06-26T20:40:40,981.084,active,1,AF7+AF8,53.549,21.078,7.9179,37.551,49.787,-0.35462,-0.35755,-0.36012,0.49996,0.49935,0.50066,Medium,
2026-06-26T20:40:41,982.092,active,1,AF7+AF8,13.7,11.569,9.3399,23.783,43.559,-0.35534,-0.35715,-0.36344,0.49987,0.49931,0.50061,Medium,
2026-06-26T20:40:42,983.099,active,1,AF7+AF8,9.2284,6.1361,6.71,16.713,18.016,-0.35573,-0.35778,-0.3651,0.49978,0.49925,0.50057,Medium,
2026-06-26T20:40:43,984.106,active,1,AF7+AF8,6.2565,6.3277,5.5262,21.858,19.943,-0.35572,-0.35811,-0.3639,0.49972,0.49922,0.50054,Medium,
2026-06-26T20:40:44,985.112,active,1,AF7+AF8,8.5678,7.7963,5.8758,22.139,18.624,-0.3556,-0.358,-0.36389,0.49966,0.49919,0.50051,Medium,
2026-06-26T20:40:45,986.116,active,1,AF7+AF8,8.332,9.5972,4.4982,18.858,17.189,-0.35547,-0.35835,-0.36465,0.49961,0.49915,0.50049,Medium,
2026-06-26T20:40:46,987.119,active,1,AF7+AF8,20.986,16.038,5.7446,19.779,23.571,-0.35498,-0.35806,-0.36438,0.49956,0.49911,0.50048,Medium,
2026-06-26T20:40:47,988.125,active,1,AF7+AF8,63.364,22.081,6.3701,20.818,20.172,-0.35448,-0.35794,-0.36413,0.49952,0.49907,0.50047,Medium,
2026-06-26T20:40:48,989.127,active,1,AF7+AF8,21.704,12.958,7.0434,21.868,18.439,-0.35525,-0.35782,-0.36383,0.49949,0.49905,0.50045,Medium,
2026-06-26T20:40:49,990.132,active,1,AF7+AF8,9.4537,12.511,5.5374,31.252,14.925,-0.35528,-0.35812,-0.36163,0.49953,0.49915,0.50044,Medium,
2026-06-26T20:40:50,991.137,active,1,AF7+AF8,31.242,17.438,8.2246,20.707,13.529,-0.35485,-0.35745,-0.36416,0.49949,0.49911,0.50043,Medium,
2026-06-26T20:40:51,992.146,active,1,AF7+AF8,61.658,28.756,9.5612,17.601,17.412,-0.35395,-0.35709,-0.36479,0.49943,0.49905,0.50042,Medium,
2026-06-26T20:40:53,993.152,active,1,AF7+AF8,51.691,23.612,8.12,23.394,20.882,-0.35432,-0.35723,-0.36343,0.49941,0.49903,0.50042,Medium,
2026-06-26T20:40:54,994.161,active,1,AF7+AF8,38.844,25.533,5.6707,19.73,17.436,-0.35421,-0.35788,-0.36434,0.49938,0.49899,0.50044,Medium,
2026-06-26T20:40:55,995.166,active,1,AF7+AF8,10.48,16.729,4.2546,17.821,14.994,-0.35496,-0.3584,-0.36485,0.49936,0.49897,0.50044,Medium,
2026-06-26T20:40:56,996.169,active,1,AF7+AF8,18.3,20.866,6.8036,25.577,32.651,-0.35469,-0.35784,-0.36307,0.49936,0.49896,0.50044,Medium,
2026-06-26T20:40:57,997.173,active,1,AF7+AF8,19.661,15.598,7.2689,29.68,37.585,-0.35504,-0.35765,-0.36213,0.49941,0.49905,0.50042,Medium,
2026-06-26T20:40:58,998.179,active,1,AF7+AF8,16.474,12.14,7.3353,19.182,25.512,-0.35527,-0.35755,-0.36454,0.49937,0.49903,0.50041,Medium,
2026-06-26T20:40:59,999.183,active,1,AF7+AF8,44.669,29.16,8.5551,18.32,20.184,-0.35405,-0.35729,-0.36477,0.49934,0.49898,0.50041,Medium,
2026-06-26T20:41:00,1000.189,active,1,AF7+AF8,102.42,44.756,8.5284,23.196,17.263,-0.35292,-0.35733,-0.36363,0.49932,0.49895,0.50049,Medium,
2026-06-26T20:41:01,1001.194,active,1,AF7+AF8,192.08,51.521,15.423,34.165,26.941,-0.35219,-0.35573,-0.36018,0.4994,0.49898,0.50049,Medium,
2026-06-26T20:41:02,1002.203,active,1,AF7+AF8,341.75,57.263,22.203,59.105,51.485,-0.35173,-0.35397,-0.35328,0.49981,0.49948,0.50046,Medium,
2026-06-26T20:41:03,1003.211,active,1,AF7+AF8,591.67,49.963,16.94,68.929,64.249,-0.35254,-0.35505,-0.35074,0.50025,0.49993,0.50044,Medium,
2026-06-26T20:41:04,1004.213,active,1,AF7+AF8,202.5,59.274,12.51,49.799,39.336,-0.35189,-0.3565,-0.35588,0.50023,0.49987,0.50052,Medium,
2026-06-26T20:41:05,1005.219,active,1,AF7+AF8,85.86,48.488,11.541,36.173,28.396,-0.35254,-0.35667,-0.35973,0.50015,0.49978,0.50052,Medium,
2026-06-26T20:41:06,1006.221,active,1,AF7+AF8,76.786,44.669,9.5642,35.464,17.403,-0.35262,-0.35716,-0.36012,0.50009,0.4997,0.50055,Medium,
2026-06-26T20:41:07,1007.230,active,1,AF7+AF8,204.18,44.318,14.379,58.971,50.876,-0.35294,-0.35603,-0.35429,0.50017,0.49978,0.50053,Medium,
2026-06-26T20:41:08,1008.236,active,1,AF7+AF8,486.15,90.767,23.253,93.59,131.36,-0.34986,-0.35389,-0.34434,0.50078,0.50032,0.50053,Medium,
2026-06-26T20:41:09,1009.242,active,1,AF7+AF8,505.62,100.39,27.853,146.38,173.81,-0.34914,-0.35234,-0.32912,0.50205,0.50163,0.50051,Medium,
2026-06-26T20:41:10,1010.249,active,1,AF7+AF8,294.88,37.443,21.067,145.73,164.54,-0.35345,-0.35416,-0.32811,0.50278,0.50255,0.50046,Medium,
2026-06-26T20:41:11,1011.255,active,1,AF7+AF8,232.04,27.879,17.402,163.67,168.23,-0.35415,-0.35503,-0.32012,0.50373,0.50357,0.50042,Medium,
2026-06-26T20:41:12,1012.261,active,1,AF7+AF8,828.47,63.024,28.57,287.7,325.15,-0.35153,-0.35196,-0.27722,0.5071,0.507,0.50037,Medium,
2026-06-26T20:41:13,1013.265,active,1,AF7+AF8,1093.7,55.603,24.271,224.71,264.83,-0.35203,-0.35302,-0.29971,0.50704,0.50695,0.50034,Medium,
2026-06-26T20:41:14,1014.268,active,1,AF7+AF8,322.5,57.839,20.11,136.43,131.14,-0.35175,-0.35442,-0.32859,0.50659,0.50646,0.50034,Medium,
2026-06-26T20:41:15,1015.275,active,1,AF7+AF8,289.2,75.458,17.145,81.232,80.753,-0.3502,-0.35485,-0.34608,0.50593,0.50575,0.50049,Medium,
2026-06-26T20:41:16,1016.281,active,1,AF7+AF8,371.34,44.938,15.348,72.764,58.881,-0.35272,-0.35528,-0.35027,0.50529,0.50509,0.50047,Medium,
2026-06-26T20:41:17,1017.286,active,1,AF7+AF8,130.66,49.515,10.444,78.952,54.229,-0.35243,-0.35666,-0.34931,0.50477,0.50453,0.5005,Medium,
2026-06-26T20:41:18,1018.290,active,1,AF7+AF8,99.927,55.538,9.6311,52.315,49.983,-0.35202,-0.35701,-0.35576,0.50421,0.50393,0.50058,Medium,
2026-06-26T20:41:19,1019.293,active,1,AF7+AF8,28.486,14.981,11.969,35.735,27.933,-0.35505,-0.35644,-0.3595,0.50366,0.50339,0.50053,Medium,
2026-06-26T20:41:20,1020.302,active,1,AF7+AF8,83.447,44.149,8.7511,37.514,39.587,-0.35282,-0.35712,-0.35929,0.50319,0.50289,0.50053,Medium,
2026-06-26T20:41:21,1021.308,active,1,AF7+AF8,506.18,167.36,24.671,69.971,123.5,-0.34399,-0.35305,-0.35094,0.50284,0.50244,0.50089,Medium,
2026-06-26T20:41:22,1022.311,active,1,AF7+AF8,469.06,82.72,27.539,58.023,79.901,-0.35043,-0.35259,-0.3542,0.50247,0.50209,0.50082,Medium,
2026-06-26T20:41:23,1023.314,active,1,AF7+AF8,84.966,11.182,9.8302,42.945,31.712,-0.35536,-0.35687,-0.35892,0.50215,0.50178,0.50074,Medium,
2026-06-26T20:41:24,1024.324,active,1,AF7+AF8,57.804,26.421,7.8724,42.152,31.175,-0.35424,-0.35751,-0.35939,0.50186,0.50149,0.5007,Medium,
2026-06-26T20:41:25,1025.330,active,1,AF7+AF8,175.57,83.708,13.586,24.124,23.399,-0.3499,-0.35615,-0.36341,0.50153,0.50111,0.50075,Medium,
2026-06-26T20:41:26,1026.337,active,1,AF7+AF8,181.5,54.004,9.8749,25.932,21.506,-0.35207,-0.35696,-0.36293,0.50126,0.50081,0.50073,Medium,
2026-06-26T20:41:27,1027.348,active,1,AF7+AF8,43.588,20.017,7.4327,25.106,22.432,-0.35466,-0.35762,-0.36318,0.50102,0.50059,0.50069,Medium,
2026-06-26T20:41:28,1028.355,active,1,AF7+AF8,123.66,63.105,18.656,29.303,40.517,-0.35162,-0.35505,-0.36211,0.50079,0.50036,0.50066,Medium,
2026-06-26T20:41:29,1029.360,active,1,AF7+AF8,117.9,59.367,19.482,32.712,35.846,-0.35189,-0.3548,-0.36122,0.5006,0.50018,0.50062,Medium,
2026-06-26T20:41:30,1030.366,active,1,AF7+AF8,155.86,42.377,5.0807,26.27,25.829,-0.35297,-0.35815,-0.36287,0.50046,0.50001,0.50064,Medium,
2026-06-26T20:41:31,1031.368,active,1,AF7+AF8,43.004,16.472,5.0369,28.835,22.798,-0.35496,-0.35825,-0.36237,0.50034,0.4999,0.50061,Medium,
2026-06-26T20:41:32,1032.372,active,1,AF7+AF8,15.747,11.655,4.2429,26.995,25.998,-0.35533,-0.35846,-0.36274,0.50024,0.4998,0.50058,Medium,
2026-06-26T20:41:33,1033.379,active,1,AF7+AF8,53.113,16.836,3.8676,24.895,30.085,-0.35493,-0.3585,-0.36315,0.50014,0.4997,0.50057,Medium,
2026-06-26T20:41:34,1034.387,active,1,AF7+AF8,275.04,33.692,11.005,42.073,43.03,-0.35365,-0.35678,-0.35912,0.50009,0.49965,0.50055,Medium,
2026-06-26T20:41:35,1035.393,active,1,AF7+AF8,600.02,29.735,22.408,45.965,25.28,-0.35381,-0.35403,-0.35774,0.50002,0.49964,0.50048,Medium,
2026-06-26T20:41:36,1036.397,active,1,AF7+AF8,393.36,14.614,13.503,27.298,19.454,-0.35499,-0.35607,-0.36223,0.49993,0.49957,0.50044,Medium,
2026-06-26T20:41:37,1037.405,active,1,AF7+AF8,69.98,11.42,7.1298,28.622,20.628,-0.35535,-0.35768,-0.36201,0.49987,0.49952,0.50042,Medium,
2026-06-26T20:41:38,1038.411,active,1,AF7+AF8,204.67,28.508,11.136,48.05,35.081,-0.35427,-0.35665,-0.35546,0.50004,0.49972,0.50041,Medium,
2026-06-26T20:41:39,1039.418,active,1,AF7+AF8,103.72,19.503,9.8223,48.402,36.215,-0.35482,-0.35702,-0.35512,0.50016,0.49987,0.50039,Medium,
2026-06-26T20:41:40,1040.424,active,1,AF7+AF8,111.43,37.062,12.899,68.097,50.66,-0.35351,-0.35631,-0.34964,0.50056,0.50024,0.50039,Medium,
2026-06-26T20:41:41,1041.428,active,1,AF7+AF8,397.66,71.744,17.012,94.607,72.905,-0.35132,-0.35531,-0.3411,0.50129,0.50086,0.50045,Medium,
2026-06-26T20:41:42,1042.439,active,1,AF7+AF8,1991,323.87,27.259,140.9,85.747,-0.33512,-0.35318,-0.32874,0.50235,0.50085,0.50154,Medium,
2026-06-26T20:41:43,1043.445,active,1,AF7+AF8,1017.1,179.58,19.822,76.645,44.767,-0.34409,-0.35473,-0.3486,0.50216,0.50068,0.50151,Medium,
2026-06-26T20:41:44,1044.449,active,1,AF7+AF8,248.59,40.941,9.5161,22.989,21.645,-0.35308,-0.35712,-0.36334,0.50181,0.50045,0.50139,Medium,
2026-06-26T20:41:45,1045.455,active,1,AF7+AF8,648.02,267.46,43.946,21.656,18.964,-0.33587,-0.34832,-0.36383,0.50136,0.49997,0.50149,Medium,
2026-06-26T20:41:46,1046.461,active,1,AF7+AF8,3052.7,1832.2,287.43,38.544,24.755,-0.21814,-0.28673,-0.3591,0.50011,0.49786,0.50574,Medium,
2026-06-26T20:41:47,1047.464,active,1,AF7+AF8,1594,884.24,144.36,44.527,67.532,-0.28987,-0.32333,-0.35782,0.49958,0.4971,0.50555,Medium,
2026-06-26T20:41:48,1048.470,active,1,AF7+AF8,384.01,95.896,31.964,39.331,75.113,-0.3493,-0.35194,-0.35962,0.49951,0.49807,0.50493,Medium,
2026-06-26T20:41:49,1049.476,active,1,AF7+AF8,200.54,31.657,12.806,39.458,23.625,-0.35395,-0.35637,-0.35956,0.49957,0.49881,0.50437,Medium,
2026-06-26T20:41:50,1050.479,active,1,AF7+AF8,306.81,37.57,41.802,159.56,33.31,-0.35359,-0.34947,-0.33155,0.50117,0.50117,0.50379,Medium,
2026-06-26T20:41:51,1051.486,active,1,AF7+AF8,116.89,20.213,65.502,284.85,35.082,-0.35475,-0.34473,-0.30387,0.50353,0.50429,0.50318,Medium,
2026-06-26T20:41:52,1052.492,active,1,AF7+AF8,51.255,12.837,55.36,293.96,34.34,-0.35525,-0.34716,-0.30196,0.5048,0.50571,0.50268,Medium,
2026-06-26T20:41:53,1053.502,active,1,AF7+AF8,23.542,10.502,56.012,301.42,39.26,-0.35537,-0.34704,-0.30019,0.50543,0.50642,0.50223,Medium,
2026-06-26T20:41:54,1054.507,active,1,AF7+AF8,96.705,27.388,47.685,286.61,53.57,-0.35405,-0.34871,-0.30365,0.50555,0.50641,0.50188,Medium,
2026-06-26T20:41:55,1055.512,active,1,AF7+AF8,86.112,36.591,25.552,244.54,65.905,-0.3536,-0.35365,-0.31334,0.50549,0.50624,0.50166,Medium,
2026-06-26T20:41:56,1056.518,active,1,AF7+AF8,54.676,38.429,48.58,256.67,45.29,-0.3535,-0.34876,-0.31045,0.50541,0.50614,0.50139,Medium,
2026-06-26T20:41:57,1057.524,active,1,AF7+AF8,147.47,74.769,45.613,301.47,42.8,-0.3506,-0.34909,-0.30017,0.50583,0.50624,0.5012,Medium,
2026-06-26T20:41:58,1058.526,active,1,AF7+AF8,139.1,60.586,79.888,236.17,42.273,-0.35181,-0.3417,-0.31516,0.50553,0.50604,0.5009,Medium,
2026-06-26T20:41:59,1059.528,active,1,AF7+AF8,116.05,23.03,72.691,228.31,63.809,-0.3546,-0.34348,-0.31697,0.50526,0.50588,0.50063,Medium,
2026-06-26T20:42:00,1060.537,active,1,AF7+AF8,165.63,21.098,30.585,297.1,41.961,-0.35476,-0.35264,-0.30136,0.50595,0.50636,0.50052,Medium,
2026-06-26T20:42:01,1061.542,active,1,AF7+AF8,36.677,12.023,21.047,285.47,31.609,-0.35533,-0.35475,-0.30401,0.50619,0.50639,0.50045,Medium,
2026-06-26T20:42:02,1062.551,active,1,AF7+AF8,19.845,11.955,23.782,274.75,48.972,-0.35526,-0.35391,-0.30628,0.50616,0.50636,0.50038,Medium,
2026-06-26T20:42:03,1063.560,active,1,AF7+AF8,59.746,118.31,81.585,257.24,52.241,-0.34661,-0.33662,-0.30682,0.50587,0.50619,0.50018,Medium,
2026-06-26T20:42:04,1064.565,active,1,AF7+AF8,51.946,192.12,111.42,281.41,57.991,-0.34091,-0.32815,-0.29857,0.50561,0.50608,0.49997,Medium,
2026-06-26T20:42:05,1065.571,active,1,AF7+AF8,11.3,29.67,18.282,317.93,61.34,-0.35394,-0.35481,-0.29505,0.50672,0.50685,0.50005,Medium,
2026-06-26T20:42:06,1066.574,active,1,AF7+AF8,6.3998,6.8606,10.651,151.51,82.196,-0.35568,-0.35701,-0.33353,0.50627,0.50636,0.50012,Medium,
2026-06-26T20:42:07,1067.581,active,1,AF7+AF8,6.6943,6.6978,8.806,57.731,78.808,-0.35569,-0.35737,-0.3548,0.50556,0.50561,0.50017,Medium,
2026-06-26T20:42:08,1068.588,active,1,AF7+AF8,7.4148,8.7901,7.8789,76.551,69.161,-0.35554,-0.35754,-0.3504,0.505,0.50501,0.50022,Medium,
2026-06-26T20:42:09,1069.594,active,1,AF7+AF8,5.0593,9.7588,7.7991,59.234,57.516,-0.35547,-0.35759,-0.35481,0.50444,0.50442,0.50025,Medium,
2026-06-26T20:42:10,1070.600,active,1,AF7+AF8,11.756,15.59,7.3753,37.489,50.449,-0.35503,-0.35762,-0.36005,0.50387,0.50382,0.50029,Medium,
2026-06-26T20:42:11,1071.607,active,1,AF7+AF8,11.872,21.735,9.4462,63.716,80.48,-0.35461,-0.3572,-0.35395,0.50345,0.50337,0.50031,Medium,
2026-06-26T20:42:12,1072.614,active,1,AF7+AF8,7.8093,14.805,9.2066,104.62,110.48,-0.3551,-0.35733,-0.34454,0.50323,0.50312,0.50031,Medium,
2026-06-26T20:42:13,1073.622,active,1,AF7+AF8,7.0844,9.5874,14.641,122.87,90.517,-0.35546,-0.35607,-0.34033,0.50308,0.50297,0.50028,Medium,
2026-06-26T20:42:14,1074.628,active,1,AF7+AF8,270.42,26.775,15.221,145.44,91.472,-0.3541,-0.3559,-0.33529,0.50302,0.5029,0.50027,Medium,
2026-06-26T20:42:15,1075.632,active,1,AF7+AF8,38107,3919,564.97,515.38,168.09,-0.079671,-0.22628,-0.24031,0.50245,0.50014,0.5111,Medium,
2026-06-26T20:42:16,1076.637,active,1,AF7+AF8,62824,7594.9,1263.5,916.88,212,0.17395,-0.056442,-0.13401,0.50099,0.49552,0.5217,Medium,
2026-06-26T20:42:17,1077.640,active,1,AF7+AF8,5136.1,835.54,199.17,267.83,156.83,-0.29778,-0.30992,-0.30041,0.50111,0.49801,0.51928,Medium,
2026-06-26T20:42:18,1078.644,active,1,AF7+AF8,126.35,73.527,17.32,115.5,160.96,-0.35088,-0.35518,-0.34058,0.50154,0.49998,0.51703,Medium,
2026-06-26T20:42:19,1079.650,active,1,AF7+AF8,238.45,88.75,20.882,92.376,122.95,-0.34939,-0.35424,-0.34654,0.50147,0.5002,0.51506,Medium,
2026-06-26T20:42:20,1080.656,active,1,AF7+AF8,274.24,69.636,17.454,76.733,93.201,-0.35102,-0.35515,-0.3504,0.50136,0.50019,0.51331,Medium,
2026-06-26T20:42:21,1081.658,active,1,AF7+AF8,339.85,75.943,31.506,86.008,92.217,-0.35068,-0.35169,-0.34764,0.50126,0.5003,0.51173,Medium,
2026-06-26T20:42:22,1082.667,active,1,AF7+AF8,1409.8,252.81,71.84,150.57,175.15,-0.33814,-0.34177,-0.33132,0.50129,0.50063,0.51038,Medium,
2026-06-26T20:42:23,1083.671,active,1,AF7+AF8,700.48,182.57,45.92,208.03,354.49,-0.34356,-0.34876,-0.31695,0.5029,0.50225,0.50921,Medium,
2026-06-26T20:42:24,1084.676,active,1,AF7+AF8,460.97,90.769,27.208,150.52,232.02,-0.34986,-0.3531,-0.33191,0.50287,0.50225,0.50815,Medium,
2026-06-26T20:42:25,1085.682,active,1,AF7+AF8,131.67,46.332,29.718,137.7,228.73,-0.35294,-0.35253,-0.33586,0.50278,0.50223,0.50717,Medium,
2026-06-26T20:42:26,1086.688,active,1,AF7+AF8,39.248,30.393,16.296,117.07,114.6,-0.35412,-0.35552,-0.34152,0.50265,0.50216,0.50633,Medium,
2026-06-26T20:42:27,1087.694,active,1,AF7+AF8,24.44,42.742,9.486,99.75,80.778,-0.35332,-0.35703,-0.34479,0.50252,0.50202,0.50563,Medium,
2026-06-26T20:42:28,1088.701,active,1,AF7+AF8,26.523,48.037,9.6712,55.066,78.878,-0.35294,-0.35707,-0.35516,0.50225,0.50175,0.50501,Medium,
2026-06-26T20:42:29,1089.708,active,1,AF7+AF8,29.754,45.736,13.42,57.846,63.7,-0.35299,-0.35611,-0.35468,0.502,0.50151,0.50446,Medium,
2026-06-26T20:42:30,1090.713,active,1,AF7+AF8,34.187,39.031,21.384,95.836,73.954,-0.35341,-0.354,-0.34485,0.50189,0.50146,0.50393,Medium,
2026-06-26T20:42:31,1091.719,active,1,AF7+AF8,29.569,33.808,12.736,93.349,71.662,-0.35381,-0.35629,-0.34556,0.50183,0.50141,0.5035,Medium,
2026-06-26T20:42:32,1092.725,active,1,AF7+AF8,13.108,33.135,7.8602,60.742,63.421,-0.35395,-0.35756,-0.35359,0.50167,0.50124,0.50313,Medium,
2026-06-26T20:42:33,1093.727,active,1,AF7+AF8,13.515,28.221,13.409,48.776,64.654,-0.35424,-0.35624,-0.35692,0.50146,0.50106,0.50279,Medium,
2026-06-26T20:42:34,1094.735,active,1,AF7+AF8,104.96,45.823,18.693,53.764,64.467,-0.3529,-0.35464,-0.35592,0.50126,0.50088,0.50248,Medium,
2026-06-26T20:42:35,1095.740,active,1,AF7+AF8,123.09,38.435,15.48,55.203,137.88,-0.35332,-0.35538,-0.35563,0.50111,0.50074,0.50221,Medium,
2026-06-26T20:42:36,1096.744,active,1,AF7+AF8,18.196,17.289,9.4231,51.699,114.51,-0.35495,-0.35709,-0.35609,0.50099,0.50064,0.50198,Medium,
2026-06-26T20:42:37,1097.749,active,1,AF7+AF8,16.174,22.761,7.7151,55.1,62.023,-0.35456,-0.35759,-0.35517,0.50091,0.50055,0.50179,Medium,
2026-06-26T20:42:38,1098.756,active,1,AF7+AF8,12.763,19.521,8.5648,60.91,72.151,-0.35482,-0.35734,-0.35398,0.50085,0.5005,0.50161,Medium,
2026-06-26T20:42:39,1099.759,active,1,AF7+AF8,8.877,20.681,8.2357,64.534,113.52,-0.35477,-0.35746,-0.35332,0.50081,0.50046,0.50146,Medium,
2026-06-26T20:42:40,1100.761,active,1,AF7+AF8,15.512,21.766,11.214,71.537,167.31,-0.35469,-0.35689,-0.3519,0.50079,0.50045,0.50132,Medium,
2026-06-26T20:42:41,1101.767,active,1,AF7+AF8,10.581,16.296,11.298,63.026,132.31,-0.35506,-0.35681,-0.35398,0.50074,0.50041,0.50118,Medium,
2026-06-26T20:42:42,1102.772,active,1,AF7+AF8,13.231,23.644,10.376,53.247,82.477,-0.35447,-0.35687,-0.35595,0.50066,0.50034,0.50108,Medium,
2026-06-26T20:42:43,1103.776,active,1,AF7+AF8,40.984,28.679,15.167,48.526,65.281,-0.35408,-0.35562,-0.35678,0.50056,0.50026,0.50097,Medium,
2026-06-26T20:42:44,1104.782,active,1,AF7+AF8,23.581,16.522,11.637,41.935,60.302,-0.355,-0.35661,-0.35873,0.50046,0.50017,0.50088,Medium,
2026-06-26T20:42:45,1105.791,active,1,AF7+AF8,10.184,23.572,12.968,38.144,51.854,-0.35457,-0.35636,-0.35948,0.50036,0.50008,0.5008,Medium,
2026-06-26T20:42:46,1106.794,active,1,AF7+AF8,16.208,26.67,10.933,41.099,44.374,-0.35431,-0.35683,-0.35882,0.50029,0.5,0.50074,Medium,
2026-06-26T20:42:47,1107.799,active,1,AF7+AF8,17.45,24.93,7.0418,47.147,50.791,-0.3544,-0.35766,-0.3574,0.50026,0.49995,0.5007,Medium,
2026-06-26T20:42:48,1108.806,active,1,AF7+AF8,13.377,21.514,6.948,54.087,55.506,-0.35467,-0.3577,-0.35574,0.50026,0.49994,0.50066,Medium,
2026-06-26T20:42:49,1109.811,active,1,AF7+AF8,13.767,16.398,7.2999,45.018,50.607,-0.35499,-0.35762,-0.35793,0.50022,0.49991,0.50062,Medium,
2026-06-26T20:42:50,1110.815,active,1,AF7+AF8,9.1826,15.528,7.8434,40.345,55.459,-0.35509,-0.35757,-0.35906,0.50017,0.49986,0.50059,Medium,
2026-06-26T20:42:51,1111.821,active,1,AF7+AF8,10.596,14.988,8.0652,38.548,47.111,-0.35513,-0.35759,-0.35948,0.50012,0.49981,0.50055,Medium,
2026-06-26T20:42:52,1112.825,active,1,AF7+AF8,9.2576,17.462,8.8039,33.472,38.345,-0.35498,-0.35733,-0.36067,0.50006,0.49975,0.50052,Medium,
2026-06-26T20:42:53,1113.828,active,1,AF7+AF8,12.488,17.528,11.181,44.195,54.386,-0.35495,-0.35665,-0.35813,0.50003,0.49973,0.50048,Medium,
2026-06-26T20:42:54,1114.833,active,1,AF7+AF8,26.3,25.66,19.343,51.594,60.216,-0.35431,-0.35459,-0.35598,0.5,0.49977,0.50043,Medium,
2026-06-26T20:42:55,1115.840,active,1,AF7+AF8,19.929,23.009,18.848,46.188,50.692,-0.35455,-0.35486,-0.35747,0.49997,0.49975,0.50038,Medium,
2026-06-26T20:42:56,1116.844,active,1,AF7+AF8,10.735,16.126,11.527,47.306,53.871,-0.35508,-0.35671,-0.3574,0.49996,0.49975,0.50036,Medium,
2026-06-26T20:42:57,1117.851,active,1,AF7+AF8,4.5216,15.019,8.6604,47.402,59.134,-0.35515,-0.35741,-0.35739,0.49998,0.49974,0.50035,Medium,
2026-06-26T20:42:58,1118.857,active,1,AF7+AF8,7.8482,16.329,7.4422,46.43,50.71,-0.35502,-0.35771,-0.35774,0.49999,0.49973,0.50035,Medium,
2026-06-26T20:42:59,1119.863,active,1,AF7+AF8,7.0512,14.682,7.3211,40.156,38.53,-0.35514,-0.35771,-0.35921,0.49997,0.4997,0.50035,Medium,
2026-06-26T20:43:00,1120.870,active,1,AF7+AF8,6.456,19.117,6.4313,41.898,36.637,-0.35486,-0.35787,-0.35881,0.49996,0.49968,0.50036,Medium,
2026-06-26T20:43:01,1121.874,active,1,AF7+AF8,9.1001,14.35,5.5697,38.019,31.858,-0.35517,-0.35807,-0.35988,0.49994,0.49965,0.50036,Medium,
2026-06-26T20:43:02,1122.881,active,1,AF7+AF8,7.4514,13.534,4.2002,40.473,37.377,-0.35524,-0.35843,-0.35944,0.49993,0.49963,0.50038,Medium,
2026-06-26T20:43:03,1123.897,active,1,AF7+AF8,2.8814,14.591,6.3032,46.064,52.195,-0.35516,-0.35795,-0.35794,0.49997,0.49964,0.50038,Medium,
2026-06-26T20:43:04,1124.909,active,1,AF7+AF8,3.4998,12.82,6.3859,57.351,53.386,-0.35524,-0.35792,-0.35495,0.50021,0.49988,0.50038,Medium,
2026-06-26T20:43:05,1125.914,active,1,AF7+AF8,6.327,16.639,9.7764,54.517,54.219,-0.35498,-0.35712,-0.35526,0.50022,0.49993,0.50036,Medium,
2026-06-26T20:43:06,1126.915,active,1,AF7+AF8,8.3546,21.943,8.4993,46.715,58.335,-0.35462,-0.35742,-0.35714,0.5002,0.4999,0.50036,Medium,
2026-06-26T20:43:07,1127.921,active,1,AF7+AF8,14.868,21.013,7.7748,42.405,51.246,-0.35471,-0.35757,-0.35835,0.50017,0.49986,0.50036,Medium,
2026-06-26T20:43:08,1128.926,active,1,AF7+AF8,25.26,21.75,9.2828,44.032,45.503,-0.35468,-0.35724,-0.35767,0.50014,0.49983,0.50036,Medium,
2026-06-26T20:43:09,1129.932,active,1,AF7+AF8,15.615,25.549,7.9248,56.176,52.141,-0.35446,-0.35758,-0.355,0.50025,0.49989,0.50038,Medium,
2026-06-26T20:43:10,1130.941,active,1,AF7+AF8,18.294,22.34,9.7818,64.046,53.177,-0.35465,-0.35722,-0.35301,0.50042,0.50008,0.50037,Medium,
2026-06-26T20:43:11,1131.947,active,1,AF7+AF8,22.112,22.116,6.3151,78.936,82.576,-0.35465,-0.35785,-0.34871,0.50085,0.50048,0.50039,Medium,
2026-06-26T20:43:12,1132.960,active,1,AF7+AF8,29.423,21.99,8.43,76.235,83.975,-0.35465,-0.35735,-0.34944,0.50093,0.50058,0.50038,Medium,
2026-06-26T20:43:13,1133.963,active,1,AF7+AF8,30.73,13.814,11.427,52.872,58.388,-0.35516,-0.35667,-0.35458,0.50085,0.50052,0.50036,Medium,
2026-06-26T20:43:14,1134.967,active,1,AF7+AF8,21.146,9.2479,10.509,44.39,43.345,-0.3555,-0.35686,-0.35687,0.50075,0.50044,0.50034,Medium,
2026-06-26T20:43:15,1135.973,active,1,AF7+AF8,10.839,6.5468,8.7873,36.51,41.114,-0.35568,-0.3573,-0.35907,0.50063,0.50033,0.50032,Medium,
2026-06-26T20:43:16,1136.974,active,1,AF7+AF8,11.611,7.7345,10.501,42.083,38.255,-0.35557,-0.35699,-0.358,0.50054,0.50026,0.5003,Medium,
2026-06-26T20:43:17,1137.977,active,1,AF7+AF8,5.6044,8.2265,8.1086,40.559,34.822,-0.35555,-0.35757,-0.35831,0.50047,0.50019,0.5003,Medium,
2026-06-26T20:43:18,1138.984,active,1,AF7+AF8,19.305,9.8962,5.7182,39.144,29.434,-0.35544,-0.35804,-0.3585,0.5004,0.50012,0.50031,Medium,
2026-06-26T20:43:19,1139.992,active,1,AF7+AF8,15.707,11.398,4.611,33.445,30.774,-0.35533,-0.35827,-0.36023,0.50033,0.50003,0.50035,Medium,
2026-06-26T20:43:20,1140.998,active,1,AF7+AF8,2.3623,10.395,4.7234,32.566,37.479,-0.35543,-0.35827,-0.36071,0.50025,0.49995,0.50035,Medium,
2026-06-26T20:43:21,1142.003,active,1,AF7+AF8,20.122,19.415,8.5202,34.874,37.75,-0.35483,-0.35725,-0.36026,0.50018,0.49987,0.50035,Medium,
2026-06-26T20:43:22,1143.011,active,1,AF7+AF8,43.554,26.954,11.869,46.179,37.672,-0.35423,-0.35635,-0.35717,0.50014,0.49984,0.50034,Medium,
2026-06-26T20:43:23,1144.016,active,1,AF7+AF8,11.25,14.881,9.2735,45.084,35.47,-0.35511,-0.35702,-0.35654,0.50013,0.49984,0.50032,Medium,
2026-06-26T20:43:24,1145.022,active,1,AF7+AF8,3.392,13.179,7.3401,33.585,29.704,-0.35525,-0.3576,-0.35973,0.50008,0.49979,0.50032,Medium,
2026-06-26T20:43:25,1146.024,active,1,AF7+AF8,22.976,19.547,10.282,37.756,44.87,-0.35471,-0.35694,-0.3586,0.50005,0.49976,0.50032,Medium,
2026-06-26T20:43:26,1147.025,active,1,AF7+AF8,80.5,36.424,20.198,37.37,76.041,-0.35324,-0.35419,-0.35916,0.49997,0.4997,0.50029,Medium,
2026-06-26T20:43:27,1148.029,active,1,AF7+AF8,48.696,22.665,12.433,35.082,51.108,-0.35439,-0.35623,-0.36015,0.49991,0.49965,0.50028,Medium,
2026-06-26T20:43:28,1149.037,active,1,AF7+AF8,97.025,33.695,15.821,45.1,55.666,-0.35375,-0.35578,-0.35744,0.4999,0.49964,0.50028,Medium,
2026-06-26T20:43:29,1150.042,active,1,AF7+AF8,399.32,84.458,34.528,79.453,84.252,-0.35029,-0.35162,-0.34798,0.50023,0.50003,0.50027,Medium,
2026-06-26T20:43:30,1151.047,active,1,AF7+AF8,227.34,44.544,21.137,56.635,57.49,-0.35308,-0.35452,-0.35372,0.50022,0.50001,0.50026,Medium,
2026-06-26T20:43:31,1152.049,active,1,AF7+AF8,24.69,12.201,10.809,40.847,44.401,-0.35525,-0.3567,-0.35807,0.50017,0.49997,0.50025,Medium,
2026-06-26T20:43:32,1153.050,active,1,AF7+AF8,123.38,27.392,11.372,39.358,38.419,-0.35403,-0.3566,-0.35908,0.50011,0.4999,0.50029,Medium,
2026-06-26T20:43:33,1154.056,active,1,AF7+AF8,185.81,49.8,13.655,44.698,37.072,-0.35235,-0.35604,-0.35808,0.50007,0.49982,0.50039,Medium,
2026-06-26T20:43:34,1155.059,active,1,AF7+AF8,141.39,57.298,18.543,54.285,47.317,-0.35151,-0.35474,-0.35563,0.50005,0.49978,0.5004,Medium,
2026-06-26T20:43:35,1156.066,active,1,AF7+AF8,64.605,28.674,11.2,50.226,47.886,-0.35385,-0.35667,-0.35699,0.50004,0.49976,0.50039,Medium,
2026-06-26T20:43:36,1157.072,active,1,AF7+AF8,8.2208,11.568,6.6819,43.407,35.178,-0.35535,-0.35784,-0.35837,0.50002,0.49975,0.50038,Medium,
2026-06-26T20:43:37,1158.078,active,1,AF7+AF8,4.9007,13.357,7.7518,52.024,34.153,-0.35524,-0.35753,-0.35602,0.50012,0.49984,0.50037,Medium,
2026-06-26T20:43:38,1159.083,active,1,AF7+AF8,36.401,19.152,7.3912,40.206,35.732,-0.35484,-0.35762,-0.35932,0.50008,0.49979,0.50037,Medium,
2026-06-26T20:43:39,1160.089,active,1,AF7+AF8,64.919,29.801,8.9351,32.681,38.511,-0.3541,-0.3573,-0.36116,0.50002,0.49971,0.50039,Medium,
2026-06-26T20:43:40,1161.092,active,1,AF7+AF8,52.728,34.912,11.492,38.637,37.032,-0.35373,-0.35668,-0.35993,0.49996,0.49965,0.50039,Medium,
2026-06-26T20:43:41,1162.098,active,1,AF7+AF8,67.736,40.859,12.337,41.576,32.699,-0.35332,-0.3564,-0.35934,0.49992,0.4996,0.50039,Medium,
2026-06-26T20:43:42,1163.104,active,1,AF7+AF8,36.528,22.773,9.1225,38.426,45.144,-0.35456,-0.35726,-0.35994,0.49989,0.49957,0.50038,Medium,
2026-06-26T20:43:43,1164.111,active,1,AF7+AF8,238.25,84.651,12.26,49.484,60.652,-0.35056,-0.35653,-0.35689,0.49993,0.49953,0.5006,Medium,
2026-06-26T20:43:44,1165.116,active,1,AF7+AF8,178.41,50.213,9.6714,55.824,52.541,-0.35285,-0.35716,-0.35499,0.50014,0.49965,0.50059,Medium,
2026-06-26T20:43:45,1166.123,active,1,AF7+AF8,10.741,6.7481,6.6611,55.93,41.976,-0.35567,-0.35785,-0.35492,0.50027,0.49992,0.50055,Medium,
2026-06-26T20:43:46,1167.125,active,1,AF7+AF8,7.6132,10.723,6.218,58.641,46.526,-0.3554,-0.35792,-0.35462,0.50036,0.50003,0.50053,Medium,
2026-06-26T20:43:47,1168.134,active,1,AF7+AF8,31.546,15.942,9.1625,51.606,37.339,-0.35505,-0.35703,-0.35622,0.50033,0.5,0.50049,Medium,
2026-06-26T20:43:48,1169.139,active,1,AF7+AF8,41.4,23.62,9.9501,56.962,68.03,-0.35451,-0.35686,-0.35403,0.50034,0.50004,0.50047,Medium,
2026-06-26T20:43:49,1170.144,active,1,AF7+AF8,18.53,17.441,8.9866,62.36,63.348,-0.35489,-0.35728,-0.35273,0.50048,0.50018,0.50045,Medium,
2026-06-26T20:43:50,1171.146,active,1,AF7+AF8,21.119,18.035,8.6923,52.614,52.181,-0.35486,-0.35738,-0.35568,0.50045,0.50014,0.50043,Medium,
2026-06-26T20:43:51,1172.149,active,1,AF7+AF8,9.4216,10.794,4.3666,42.871,54.503,-0.35537,-0.35836,-0.35815,0.5004,0.50008,0.50043,Medium,
2026-06-26T20:43:53,1173.151,active,1,AF7+AF8,16.482,9.6,8.2079,41.835,59.416,-0.35545,-0.35741,-0.35867,0.50033,0.50003,0.5004,Medium,
2026-06-26T20:43:54,1174.157,active,1,AF7+AF8,9.6625,11.599,9.9906,34.657,47.912,-0.35534,-0.35698,-0.36045,0.50024,0.49995,0.50038,Medium,
2026-06-26T20:43:55,1175.162,active,1,AF7+AF8,5.6301,15.147,7.0453,30.896,37.381,-0.35511,-0.35767,-0.36096,0.50016,0.49986,0.50037,Medium,
2026-06-26T20:43:56,1176.166,active,1,AF7+AF8,9.5905,16.559,5.2928,34.242,32.026,-0.355,-0.35812,-0.36012,0.50011,0.4998,0.50038,Medium,
2026-06-26T20:43:57,1177.170,active,1,AF7+AF8,33.85,32.963,8.3836,33.984,38.427,-0.35377,-0.35725,-0.36008,0.50006,0.49973,0.50041,Medium,
2026-06-26T20:43:58,1178.171,active,1,AF7+AF8,34.137,29.218,8.1755,33.661,46.849,-0.35405,-0.35728,-0.36022,0.5,0.49967,0.50041,Medium,
2026-06-26T20:43:59,1179.174,active,1,AF7+AF8,40.845,26.055,10.146,31.968,43.596,-0.35421,-0.35692,-0.36051,0.49995,0.49962,0.5004,Medium,
2026-06-26T20:44:00,1180.178,active,1,AF7+AF8,39.207,32.528,11.818,31.128,40.556,-0.35377,-0.35657,-0.36119,0.49989,0.49955,0.5004,Medium,
2026-06-26T20:44:01,1181.184,active,1,AF7+AF8,37.245,25.573,11.854,31.506,32.809,-0.35425,-0.35652,-0.36128,0.49983,0.4995,0.50038,Medium,
2026-06-26T20:44:02,1182.190,active,1,AF7+AF8,26.068,19.713,9.2288,40.959,30.971,-0.35464,-0.3571,-0.3589,0.49982,0.4995,0.50037,Medium,
2026-06-26T20:44:03,1183.195,active,1,AF7+AF8,5.9866,10.419,5.5431,42.409,34.794,-0.35539,-0.3581,-0.35864,0.49989,0.49955,0.50037,Medium,
2026-06-26T20:44:04,1184.203,active,1,AF7+AF8,5.6027,9.7898,5.1641,44.822,39.008,-0.35546,-0.35821,-0.35776,0.49999,0.49965,0.50037,Medium,
2026-06-26T20:44:05,1185.210,active,1,AF7+AF8,6.2496,11.158,4.489,39.46,38.851,-0.35537,-0.35836,-0.359,0.49998,0.49964,0.50037,Medium,
2026-06-26T20:44:06,1186.218,active,1,AF7+AF8,8.4848,10.962,7.9116,37.434,30.521,-0.35535,-0.35748,-0.35949,0.49995,0.49962,0.50036,Medium,
2026-06-26T20:44:07,1187.224,active,1,AF7+AF8,10.548,13.633,7.6839,36.089,33.823,-0.35515,-0.35759,-0.3601,0.49992,0.49959,0.50035,Medium,
2026-06-26T20:44:08,1188.230,active,1,AF7+AF8,7.3452,15.687,5.7767,40.026,41.905,-0.35504,-0.35801,-0.35901,0.49992,0.49958,0.50036,Medium,
2026-06-26T20:44:09,1189.236,active,1,AF7+AF8,7.1229,20.695,5.5411,48.083,47.305,-0.3547,-0.35798,-0.3565,0.50008,0.4997,0.50039,Medium,
2026-06-26T20:44:10,1190.241,active,1,AF7+AF8,6.1462,10.181,5.7167,56.308,39.47,-0.35544,-0.35793,-0.35458,0.50028,0.49994,0.50038,Medium,
2026-06-26T20:44:11,1191.245,active,1,AF7+AF8,9.5966,10.016,5.875,47.506,35.215,-0.35544,-0.3579,-0.35719,0.50026,0.49992,0.50037,Medium,
2026-06-26T20:44:12,1192.250,active,1,AF7+AF8,14.361,19.097,5.4691,45.181,34.11,-0.35484,-0.35809,-0.35788,0.50023,0.49989,0.50039,Medium,
2026-06-26T20:44:13,1193.257,active,1,AF7+AF8,61.689,50.739,4.7207,44.007,42.604,-0.35274,-0.35828,-0.35792,0.50021,0.49982,0.50057,Medium,
2026-06-26T20:44:14,1194.264,active,1,AF7+AF8,46.683,40.015,5.7382,37.039,48.247,-0.35345,-0.35801,-0.35955,0.50016,0.49975,0.50057,Medium,
2026-06-26T20:44:15,1195.270,active,1,AF7+AF8,44.974,37.869,11.21,45.762,56.494,-0.35341,-0.35657,-0.35764,0.50013,0.49972,0.50055,Medium,
2026-06-26T20:44:16,1196.274,active,1,AF7+AF8,54.386,38.455,13.593,48.77,47.482,-0.35334,-0.35591,-0.3569,0.5001,0.4997,0.50052,Medium,
2026-06-26T20:44:17,1197.275,active,1,AF7+AF8,76.864,41.581,10.912,44.632,37.2,-0.3531,-0.35663,-0.35782,0.50007,0.49966,0.50051,Medium,
2026-06-26T20:44:18,1198.281,active,1,AF7+AF8,15.006,13.464,3.6979,36.6,37.875,-0.35521,-0.35848,-0.35982,0.50004,0.49964,0.5005,Medium,
2026-06-26T20:44:19,1199.289,active,1,AF7+AF8,7.9082,13.466,4.7747,35.718,37.61,-0.35519,-0.35824,-0.35989,0.50001,0.49961,0.50049,Medium,
2026-06-26T20:44:20,1200.296,active,1,AF7+AF8,10.597,15.7,5.204,30.311,39.79,-0.355,-0.35813,-0.36117,0.49996,0.49956,0.50048,Medium,
2026-06-26T20:44:21,1201.303,active,1,AF7+AF8,22.826,14.906,9.9688,29.782,37.798,-0.355,-0.35694,-0.36131,0.4999,0.49952,0.50045,Medium,
2026-06-26T20:44:22,1202.307,active,1,AF7+AF8,26.496,20.252,11.236,40.028,42.794,-0.35463,-0.35664,-0.35859,0.49988,0.49952,0.50042,Medium,
2026-06-26T20:44:23,1203.314,active,1,AF7+AF8,8.6536,18.731,4.5666,41.775,42.047,-0.35484,-0.35826,-0.35804,0.49997,0.49957,0.50043,Medium,
2026-06-26T20:44:24,1204.321,active,1,AF7+AF8,6.5214,14.621,2.6476,46.554,38.614,-0.35514,-0.35877,-0.35691,0.50013,0.49969,0.50044,Medium,
2026-06-26T20:44:25,1205.327,active,1,AF7+AF8,3.6364,10.149,3.0999,40.513,35.979,-0.35544,-0.35865,-0.35866,0.50011,0.49968,0.50044,Medium,
2026-06-26T20:44:26,1206.328,active,1,AF7+AF8,5.3613,12.133,3.6215,39.893,44.764,-0.35528,-0.3585,-0.35856,0.5001,0.49967,0.50043,Medium,
2026-06-26T20:44:27,1207.334,active,1,AF7+AF8,44.272,20.766,4.6336,43.754,39.577,-0.35461,-0.35825,-0.35778,0.50009,0.49966,0.50045,Medium,
2026-06-26T20:44:28,1208.342,active,1,AF7+AF8,77.421,31.409,8.4483,51.433,34.953,-0.35377,-0.35717,-0.35603,0.50012,0.4997,0.50044,Medium,
2026-06-26T20:44:29,1209.347,active,1,AF7+AF8,16.194,11.984,7.983,43.566,34.545,-0.35528,-0.35745,-0.35778,0.5001,0.4997,0.50042,Medium,
2026-06-26T20:44:30,1210.349,active,1,AF7+AF8,3.7212,10.042,8.1037,37.921,36.78,-0.35548,-0.35744,-0.35939,0.50006,0.49967,0.5004,Medium,
2026-06-26T20:44:31,1211.354,active,1,AF7+AF8,37.874,27.583,4.733,39.934,43.455,-0.35422,-0.35825,-0.35897,0.50004,0.49964,0.50046,Medium,
2026-06-26T20:44:32,1212.359,active,1,AF7+AF8,64.837,42.985,6.677,35.572,36.788,-0.35303,-0.35781,-0.36024,0.5,0.49958,0.50054,Medium,
2026-06-26T20:44:33,1213.362,active,1,AF7+AF8,16.556,15.794,6.432,38.528,50.509,-0.35505,-0.35787,-0.35939,0.49998,0.49956,0.50052,Medium,
2026-06-26T20:44:34,1214.365,active,1,AF7+AF8,4.7498,10.168,5.3332,36.467,43.874,-0.35544,-0.35806,-0.35961,0.49996,0.49955,0.5005,Medium,
2026-06-26T20:44:35,1215.366,active,1,AF7+AF8,3.9331,11.195,4.5768,38.835,43.868,-0.35537,-0.35831,-0.35881,0.49996,0.49956,0.50048,Medium,
2026-06-26T20:44:36,1216.376,active,1,AF7+AF8,5.322,13.728,5.2349,48.123,42.089,-0.35522,-0.35818,-0.35656,0.5001,0.49972,0.50047,Medium,
2026-06-26T20:44:37,1217.378,active,1,AF7+AF8,4.7042,11.077,6.468,50.031,35.202,-0.3554,-0.35785,-0.35561,0.50021,0.49987,0.50045,Medium,
2026-06-26T20:44:38,1218.382,active,1,AF7+AF8,7.3475,15.788,6.5993,52.152,53.287,-0.35504,-0.35787,-0.35579,0.50024,0.49989,0.50044,Medium,
2026-06-26T20:44:39,1219.390,active,1,AF7+AF8,10.337,15.527,8.8985,58.863,82.815,-0.35508,-0.35725,-0.35456,0.5003,0.5,0.50042,Medium,
2026-06-26T20:44:40,1220.393,active,1,AF7+AF8,9.6576,10.951,9.5065,55.1,75.866,-0.35538,-0.35719,-0.35515,0.50029,0.50002,0.50039,Medium,
2026-06-26T20:44:41,1221.395,active,1,AF7+AF8,6.6605,9.3412,7.5668,57.903,68.204,-0.35551,-0.35768,-0.35407,0.50039,0.50011,0.50038,Medium,
2026-06-26T20:44:42,1222.401,active,1,AF7+AF8,7.8541,15.654,7.2989,61.501,67.239,-0.35506,-0.3576,-0.35195,0.50058,0.50028,0.50037,Medium,
2026-06-26T20:44:43,1223.402,active,1,AF7+AF8,10.724,15.951,5.4323,71.244,76.733,-0.35499,-0.35801,-0.34973,0.50085,0.50051,0.50038,Medium,
2026-06-26T20:44:44,1224.404,active,1,AF7+AF8,7.2721,12.077,5.131,71.29,63.179,-0.35531,-0.35812,-0.35038,0.50092,0.50057,0.50037,Medium,
2026-06-26T20:44:45,1225.414,active,1,AF7+AF8,20.137,17.679,6.9749,60.539,58.289,-0.3549,-0.35767,-0.35284,0.50088,0.50053,0.50037,Medium,
2026-06-26T20:44:46,1226.422,active,1,AF7+AF8,15.517,13.658,6.3984,49.72,59.392,-0.35518,-0.35784,-0.35519,0.50082,0.50047,0.50036,Medium,
2026-06-26T20:44:47,1227.430,active,1,AF7+AF8,4.3468,11.264,5.745,62.536,56.857,-0.35537,-0.35802,-0.35201,0.50081,0.50046,0.50036,Medium,
2026-06-26T20:44:48,1228.437,active,1,AF7+AF8,6.2699,12.146,7.0898,55.125,57.062,-0.35532,-0.35767,-0.35485,0.50075,0.50042,0.50035,Medium,
2026-06-26T20:44:49,1229.445,active,1,AF7+AF8,7.9702,9.5117,7.2951,53.882,54.9,-0.35549,-0.35766,-0.35539,0.5007,0.50037,0.50034,Medium,
2026-06-26T20:44:50,1230.449,active,1,AF7+AF8,3.9226,9.8151,6.2715,56.756,39.614,-0.35546,-0.35794,-0.35378,0.50068,0.50035,0.50034,Medium,
2026-06-26T20:44:51,1231.455,active,1,AF7+AF8,2.394,8.6834,5.4549,53.517,40.208,-0.35553,-0.35818,-0.35494,0.50064,0.50032,0.50034,Medium,
2026-06-26T20:44:52,1232.456,active,1,AF7+AF8,39.712,11.749,7.776,54.644,56.888,-0.35531,-0.35763,-0.35464,0.50061,0.50029,0.50033,Medium,
2026-06-26T20:44:53,1233.463,active,1,AF7+AF8,263.05,47.093,21.433,76.815,97.883,-0.35294,-0.35435,-0.34865,0.50067,0.50044,0.50031,Medium,
2026-06-26T20:44:54,1234.470,active,1,AF7+AF8,229.07,78.404,32.929,60.539,70.372,-0.35087,-0.35186,-0.35351,0.50057,0.50034,0.50029,Medium,
2026-06-26T20:44:55,1235.478,active,1,AF7+AF8,373.34,119.5,78.312,79.635,139.74,-0.34819,-0.342,-0.34989,0.50038,0.50028,0.50016,Medium,
2026-06-26T20:44:56,1236.485,active,1,AF7+AF8,606.14,217.72,134.33,131.66,303.67,-0.34177,-0.32943,-0.3354,0.50025,0.50059,0.49996,Medium,
2026-06-26T20:44:57,1237.492,active,1,AF7+AF8,662.57,162.68,53.956,88.264,143.76,-0.34552,-0.34733,-0.34585,0.50024,0.50051,0.50012,Medium,
2026-06-26T20:44:58,1238.496,active,1,AF7+AF8,201.71,43.794,16.455,53.96,55.832,-0.35322,-0.35558,-0.35553,0.50021,0.50042,0.50022,Medium,
2026-06-26T20:44:59,1239.502,active,1,AF7+AF8,83.517,19.929,9.1072,53.458,51.562,-0.3547,-0.35705,-0.35511,0.50023,0.50036,0.50027,Medium,
2026-06-26T20:45:00,1240.504,active,1,AF7+AF8,30.06,20.254,6.1232,44.322,39.465,-0.35473,-0.35782,-0.35742,0.50021,0.50028,0.50034,Medium,
2026-06-26T20:45:01,1241.510,active,1,AF7+AF8,32.616,11.263,7.9305,47.861,47.575,-0.3554,-0.35754,-0.35663,0.5002,0.50023,0.50033,Medium,
2026-06-26T20:45:02,1242.516,active,1,AF7+AF8,25.818,10.592,7.027,52.28,46.554,-0.35544,-0.35781,-0.35572,0.50024,0.50019,0.50033,Medium,
2026-06-26T20:45:03,1243.522,active,1,AF7+AF8,13.182,16.322,6.0048,42.272,35.445,-0.35506,-0.35801,-0.35849,0.5002,0.50012,0.50035,Medium,
2026-06-26T20:45:04,1244.524,active,1,AF7+AF8,23.969,20.409,8.8783,46.436,43.457,-0.35474,-0.35725,-0.35735,0.50017,0.50007,0.50035,Medium,
2026-06-26T20:45:05,1245.528,active,1,AF7+AF8,58.08,27.95,10.064,48.965,97.031,-0.35417,-0.35694,-0.35598,0.50017,0.50003,0.50035,Medium,
2026-06-26T20:45:06,1246.534,active,1,AF7+AF8,39.709,22.537,7.2472,50.682,153.88,-0.35456,-0.35769,-0.35585,0.50021,0.50001,0.50037,Medium,
2026-06-26T20:45:07,1247.539,active,1,AF7+AF8,544.12,74.564,12.381,48.542,149.44,-0.351,-0.35631,-0.35609,0.50018,0.49993,0.50055,Medium,
2026-06-26T20:45:08,1248.545,active,1,AF7+AF8,5980.1,539.34,153.53,197.9,71.27,-0.3158,-0.31652,-0.30393,0.50102,0.50086,0.50049,Medium,
2026-06-26T20:45:09,1249.550,active,1,AF7+AF8,4822.8,1059.6,485.43,541.78,69.912,-0.2727,-0.22424,-0.18623,0.50326,0.50683,0.49971,Medium,
2026-06-26T20:45:10,1250.553,active,1,AF7+AF8,1842.9,579.92,170.46,245.86,125.03,-0.3137,-0.31471,-0.29596,0.50315,0.50628,0.49996,Medium,
2026-06-26T20:45:11,1251.558,active,1,AF7+AF8,2749.3,347.86,54.268,223.05,260.02,-0.33056,-0.34505,-0.30882,0.50398,0.50585,0.50107,Medium,
2026-06-26T20:45:12,1252.564,active,1,AF7+AF8,2796.8,160.6,37.669,132.68,110.85,-0.34293,-0.34884,-0.33277,0.50374,0.5053,0.50103,Medium,
2026-06-26T20:45:13,1253.571,active,1,AF7+AF8,10662,491.59,257.34,95.686,39.157,-0.31802,-0.29088,-0.34119,0.50254,0.50432,0.5005,Medium,
2026-06-26T20:45:14,1254.577,active,1,AF7+AF8,34005,1135.9,819.81,214.19,72.035,-0.2685,-0.1398,-0.30629,0.49974,0.50323,0.49851,Medium,
2026-06-26T20:45:15,1255.583,active,1,AF7+AF8,23776,1418.4,493.56,303.59,167,-0.24553,-0.22923,-0.28052,0.499,0.50232,0.49844,Medium,
2026-06-26T20:45:16,1256.587,active,1,AF7+AF8,50172,7902.5,1320.3,957.06,595.63,0.29071,0.010825,-0.049013,0.49822,0.49696,0.52033,Medium,
2026-06-26T20:45:17,1257.588,active,1,AF7+AF8,44547,5748.7,943.15,748,516.12,0.11581,-0.090927,-0.11205,0.49812,0.49391,0.52363,Medium,
2026-06-26T20:45:18,1258.594,active,1,AF7+AF8,6024.5,472.66,85.441,99.334,50.104,-0.31834,-0.33558,-0.33774,0.49909,0.49611,0.52105,Medium,
2026-06-26T20:45:19,1259.596,active,1,AF7+AF8,814,233.86,42.747,57.558,40.004,-0.33709,-0.34793,-0.35214,0.49932,0.49731,0.51869,Medium,
2026-06-26T20:45:20,1260.604,active,1,AF7+AF8,161.09,55.185,16.824,38.547,32.037,-0.35175,-0.35487,-0.35858,0.49945,0.49841,0.51649,Medium,
2026-06-26T20:45:21,1261.608,active,1,AF7+AF8,78.255,35.972,14.308,32.222,26.51,-0.35322,-0.35551,-0.36016,0.49945,0.49884,0.51455,Medium,
2026-06-26T20:45:22,1262.615,active,1,AF7+AF8,42.381,23.671,14.312,40.507,31.402,-0.3543,-0.3557,-0.35818,0.49959,0.49925,0.51282,Medium,
2026-06-26T20:45:23,1263.621,active,1,AF7+AF8,31.83,25.504,13.467,45.229,33.073,-0.35427,-0.35616,-0.35712,0.49977,0.49949,0.51131,Medium,
2026-06-26T20:45:24,1264.627,active,1,AF7+AF8,22.533,16.178,9.0412,36.213,30.422,-0.35502,-0.35726,-0.35938,0.49976,0.49948,0.50999,Medium,
2026-06-26T20:45:25,1265.633,active,1,AF7+AF8,12.776,10.408,6.1714,38.208,26.109,-0.35541,-0.35802,-0.35875,0.49985,0.49954,0.50883,Medium,
2026-06-26T20:45:26,1266.657,active,1,AF7+AF8,28.873,10.391,6.5125,36.287,27.129,-0.35541,-0.35789,-0.35958,0.49984,0.49953,0.50781,Medium,
2026-06-26T20:45:27,1267.663,active,1,AF7+AF8,25.673,14.131,7.9034,28.67,41.196,-0.35516,-0.35742,-0.36164,0.4998,0.49949,0.5069,Medium,
2026-06-26T20:45:28,1268.669,active,1,AF7+AF8,12.324,8.6771,7.9231,34.019,35.765,-0.35555,-0.35741,-0.36042,0.49978,0.49948,0.5061,Medium,
2026-06-26T20:45:29,1269.673,active,1,AF7+AF8,13.632,7.8345,5.4666,38.62,20.501,-0.35558,-0.35813,-0.35926,0.49983,0.49952,0.50541,Medium,
2026-06-26T20:45:30,1270.679,active,1,AF7+AF8,25.575,13.048,5.3664,40.832,23.759,-0.35515,-0.35815,-0.35819,0.49993,0.49958,0.5048,Medium,
2026-06-26T20:45:31,1271.685,active,1,AF7+AF8,73.542,20.611,13.83,41.997,29.001,-0.3546,-0.35617,-0.35774,0.49991,0.4996,0.50425,Medium,
2026-06-26T20:45:32,1272.691,active,1,AF7+AF8,227.27,30.733,20.415,41.565,36.514,-0.35399,-0.35462,-0.35794,0.49987,0.49958,0.50375,Medium,
2026-06-26T20:45:33,1273.697,active,1,AF7+AF8,79.775,16.327,10.267,39.132,27.844,-0.355,-0.35698,-0.35873,0.49986,0.49958,0.50333,Medium,
2026-06-26T20:45:34,1274.699,active,1,AF7+AF8,162.97,45.456,14.115,39.373,27.36,-0.35268,-0.35589,-0.35879,0.49984,0.49954,0.50298,Medium,
2026-06-26T20:45:35,1275.700,active,1,AF7+AF8,587.23,148.81,34.424,43.089,40.824,-0.34463,-0.35055,-0.35779,0.49975,0.4994,0.50271,Medium,
2026-06-26T20:45:36,1276.706,active,1,AF7+AF8,169.51,47.438,16.228,32.979,41.52,-0.35258,-0.35515,-0.36043,0.4997,0.49935,0.50242,Medium,
2026-06-26T20:45:37,1277.712,active,1,AF7+AF8,21.006,11.419,9.1052,35.255,37.838,-0.35539,-0.35704,-0.35967,0.49969,0.49942,0.50216,Medium,
2026-06-26T20:45:38,1278.720,active,1,AF7+AF8,182.45,63.443,20.344,60.681,44.007,-0.35192,-0.35475,-0.35269,0.50003,0.49971,0.50194,Medium,
2026-06-26T20:45:39,1279.726,active,1,AF7+AF8,1605,358.32,39.728,131.06,161.57,-0.33126,-0.3499,-0.33145,0.5014,0.49987,0.50217,Medium,
2026-06-26T20:45:40,1280.734,active,1,AF7+AF8,3348.6,440.9,36.938,239.94,330.34,-0.32524,-0.34994,-0.29516,0.50467,0.5022,0.50272,Medium,
2026-06-26T20:45:41,1281.736,active,1,AF7+AF8,1188.3,73.877,18.563,141.4,138.38,-0.35104,-0.35481,-0.32648,0.50453,0.50272,0.50245,Medium,
2026-06-26T20:45:42,1282.743,active,1,AF7+AF8,1622.8,814.95,295.27,181.01,75.473,-0.30329,-0.29447,-0.32245,0.50357,0.50211,0.50203,Medium,
2026-06-26T20:45:43,1283.747,active,1,AF7+AF8,6491.6,2948.9,1067.2,428.23,71.803,-0.16514,-0.12597,-0.26771,0.50101,0.50032,0.50119,Medium,
2026-06-26T20:45:44,1284.753,active,1,AF7+AF8,3730.4,1743.8,578.49,223.31,64.083,-0.24162,-0.23235,-0.316,0.49964,0.49916,0.50091,Medium,
2026-06-26T20:45:45,1285.759,active,1,AF7+AF8,1983.9,1036.1,136.97,135.41,60.144,-0.28693,-0.32878,-0.33614,0.49957,0.49853,0.5035,Medium,
2026-06-26T20:45:46,1286.766,active,1,AF7+AF8,806.77,162.09,29.363,63.66,45.046,-0.34546,-0.35284,-0.35287,0.49983,0.49885,0.50319,Medium,
2026-06-26T20:45:47,1287.770,active,1,AF7+AF8,270.59,48.34,12.345,38.407,28.956,-0.35289,-0.3565,-0.35917,0.49981,0.49907,0.50286,Medium,
2026-06-26T20:45:48,1288.777,active,1,AF7+AF8,67.7,21.577,6.3125,35.684,25.299,-0.35461,-0.35785,-0.36021,0.4998,0.49921,0.50257,Medium,
2026-06-26T20:45:49,1289.780,active,1,AF7+AF8,2066.4,96.125,14.075,39.757,40.367,-0.34957,-0.35616,-0.35906,0.49978,0.49916,0.50236,Medium,
2026-06-26T20:45:50,1290.786,active,1,AF7+AF8,5792.3,168.74,33.584,64.099,57.688,-0.3449,-0.35192,-0.3533,0.49981,0.49914,0.50218,Medium,
2026-06-26T20:45:51,1291.790,active,1,AF7+AF8,1295.2,39.925,17.931,55.824,39.598,-0.35341,-0.35532,-0.35525,0.49993,0.49952,0.50195,Medium,
2026-06-26T20:45:52,1292.795,active,1,AF7+AF8,74.883,41.435,15.164,48.772,30.863,-0.35325,-0.35592,-0.35655,0.49993,0.49956,0.50176,Medium,
2026-06-26T20:45:53,1293.801,active,1,AF7+AF8,53.372,37.912,18.55,55.854,36.92,-0.35355,-0.35512,-0.35364,0.50008,0.49982,0.50157,Medium,
2026-06-26T20:45:54,1294.808,active,1,AF7+AF8,26.491,12.974,7.8173,48.596,50.57,-0.35523,-0.35746,-0.35581,0.50016,0.49988,0.50141,Medium,
2026-06-26T20:45:55,1295.813,active,1,AF7+AF8,45.851,18.9,8.8456,44.834,52.762,-0.3548,-0.35727,-0.3566,0.50015,0.49987,0.50128,Medium,
2026-06-26T20:45:56,1296.815,active,1,AF7+AF8,83.339,24.833,11.347,40.049,48.851,-0.35435,-0.35648,-0.35861,0.5001,0.49982,0.50116,Medium,
2026-06-26T20:45:57,1297.825,active,1,AF7+AF8,67.941,20.913,13.097,31.404,25.142,-0.35463,-0.35614,-0.36097,0.50001,0.49975,0.50104,Medium,
2026-06-26T20:45:58,1298.830,active,1,AF7+AF8,53.558,30.203,9.1518,36.875,25.538,-0.35401,-0.35723,-0.35883,0.49999,0.49971,0.50097,Medium,
2026-06-26T20:45:59,1299.833,active,1,AF7+AF8,310.99,42.111,9.4481,42.14,33.431,-0.35282,-0.35713,-0.35701,0.5,0.49968,0.50091,Medium,
2026-06-26T20:46:00,1300.837,active,1,AF7+AF8,395.8,58.848,15.405,44.225,45.785,-0.3515,-0.35557,-0.35688,0.49998,0.49964,0.50087,Medium,
2026-06-26T20:46:01,1301.842,active,1,AF7+AF8,215.84,42.987,13.55,31.877,48.276,-0.35287,-0.35589,-0.36071,0.49991,0.49956,0.50081,Medium,
2026-06-26T20:46:02,1302.851,active,1,AF7+AF8,14661,3592.3,56.8,115.72,31.909,-0.088221,-0.34479,-0.33617,0.50061,0.4959,0.51954,Medium,
2026-06-26T20:46:03,1303.857,active,1,AF7+AF8,31490,8026.7,130.14,235.89,50.208,0.24091,-0.32629,-0.30111,0.50213,0.48831,0.55007,Medium,
2026-06-26T20:46:04,1304.859,active,1,AF7+AF8,3935.1,1004.7,32.516,68.384,38.279,-0.28127,-0.35134,-0.3504,0.50189,0.49014,0.54511,Medium,
2026-06-26T20:46:05,1305.867,active,1,AF7+AF8,75.998,22.654,9.9555,34.98,26.846,-0.35455,-0.35698,-0.35955,0.50163,0.49568,0.53974,Medium,
2026-06-26T20:46:06,1306.873,active,1,AF7+AF8,6.1864,6.652,6.7418,32.129,24.521,-0.35568,-0.35774,-0.36048,0.50139,0.49791,0.535,Medium,
2026-06-26T20:46:07,1307.881,active,1,AF7+AF8,6.0338,6.6369,5.7354,38.491,24.586,-0.35567,-0.35791,-0.35869,0.50121,0.49894,0.53083,Medium,
2026-06-26T20:46:08,1308.886,active,1,AF7+AF8,7.9687,9.2905,4.3323,34.222,22.357,-0.35546,-0.35834,-0.35978,0.50104,0.49925,0.52718,Medium,
2026-06-26T20:46:09,1309.891,active,1,AF7+AF8,6.1326,8.9645,4.0746,32.248,22.346,-0.35549,-0.3584,-0.36054,0.50089,0.49932,0.52396,Medium,
2026-06-26T20:46:10,1310.895,active,1,AF7+AF8,11.256,14.168,3.6964,31.24,25.527,-0.35513,-0.3585,-0.36066,0.50075,0.49932,0.52113,Medium,
2026-06-26T20:46:11,1311.901,active,1,AF7+AF8,9.5209,11.244,3.8804,33.049,26.82,-0.35535,-0.35847,-0.36032,0.50063,0.49936,0.51865,Medium,
2026-06-26T20:46:12,1312.908,active,1,AF7+AF8,5.6066,10.09,4.3975,29.447,22.086,-0.35545,-0.35833,-0.36129,0.50051,0.49934,0.51645,Medium,
2026-06-26T20:46:13,1313.914,active,1,AF7+AF8,8.0485,5.638,3.6302,28.669,24.345,-0.35576,-0.3585,-0.36137,0.50041,0.49934,0.51452,Medium,
2026-06-26T20:46:14,1314.920,active,1,AF7+AF8,14.613,5.3176,3.2562,32.489,21.693,-0.35576,-0.35863,-0.36028,0.50033,0.4994,0.51282,Medium,
2026-06-26T20:46:15,1315.926,active,1,AF7+AF8,24.829,12.552,5.73,40.676,23.404,-0.35518,-0.358,-0.35847,0.50029,0.49951,0.51132,Medium,
2026-06-26T20:46:16,1316.931,active,1,AF7+AF8,47.796,24.238,8.4772,38.81,26.133,-0.35425,-0.35732,-0.35855,0.50023,0.49951,0.51001,Medium,
2026-06-26T20:46:17,1317.937,active,1,AF7+AF8,13.036,8.139,5.3417,35.444,22.472,-0.35554,-0.35816,-0.35881,0.5002,0.49956,0.50885,Medium,
2026-06-26T20:46:18,1318.941,active,1,AF7+AF8,53.959,20.686,5.0493,36.963,21.973,-0.35467,-0.35823,-0.35892,0.50016,0.49955,0.50784,Medium,
2026-06-26T20:46:19,1319.947,active,1,AF7+AF8,6817.4,1550.5,235.15,330.63,72.754,-0.24243,-0.29594,-0.25803,0.50291,0.49937,0.5077,Medium,
2026-06-26T20:46:20,1320.954,active,1,AF7+AF8,22658,4881.6,789.1,970.84,252.45,0.001818,-0.14423,-0.040018,0.50898,0.49882,0.51403,Medium,
2026-06-26T20:46:21,1321.958,active,1,AF7+AF8,7038.7,1098.2,189.38,242.6,121.66,-0.27652,-0.30888,-0.29095,0.50817,0.49874,0.51283,Medium,
2026-06-26T20:46:22,1322.966,active,1,AF7+AF8,559.56,94.769,14.22,36.894,29.462,-0.3498,-0.35616,-0.35944,0.50714,0.49877,0.51139,Medium,
2026-06-26T20:46:23,1323.973,active,1,AF7+AF8,145.56,42.463,16.27,83.835,58.548,-0.35301,-0.35552,-0.34792,0.5064,0.49989,0.51006,Medium,
2026-06-26T20:46:24,1324.978,active,1,AF7+AF8,338.09,71.835,25.262,149.36,100.36,-0.35084,-0.35347,-0.33016,0.50598,0.50151,0.50889,Medium,
2026-06-26T20:46:25,1325.980,active,1,AF7+AF8,77.903,20.057,10.013,77.545,49.511,-0.35465,-0.357,-0.34777,0.5054,0.50143,0.50786,Medium,
2026-06-26T20:46:26,1326.982,active,1,AF7+AF8,15.266,12.686,5.1479,43.739,38.414,-0.35524,-0.35813,-0.35761,0.50476,0.50122,0.50696,Medium,
2026-06-26T20:46:27,1327.987,active,1,AF7+AF8,12.303,11.52,6.6998,36.053,29.721,-0.35534,-0.35782,-0.3598,0.50416,0.50101,0.50616,Medium,
2026-06-26T20:46:28,1328.995,active,1,AF7+AF8,20.726,11.015,6.0052,25.152,27.483,-0.35536,-0.35799,-0.3626,0.50359,0.50078,0.50546,Medium,
2026-06-26T20:46:29,1330.000,active,1,AF7+AF8,21.001,8.2665,5.2804,22.567,24.762,-0.35556,-0.35818,-0.36345,0.50308,0.50057,0.50485,Medium,
2026-06-26T20:46:30,1331.007,active,1,AF7+AF8,13.73,10.503,6.1911,27,23.883,-0.35543,-0.35788,-0.3621,0.50265,0.5004,0.5043,Medium,
2026-06-26T20:46:31,1332.011,active,1,AF7+AF8,21.982,9.7982,6.3539,31.479,27.797,-0.35545,-0.35781,-0.36095,0.50228,0.50027,0.50382,Medium,
2026-06-26T20:46:32,1333.017,active,1,AF7+AF8,9.2182,7.2781,5.2403,29.737,24.574,-0.35561,-0.35811,-0.3613,0.50196,0.50015,0.5034,Medium,
2026-06-26T20:46:33,1334.022,active,1,AF7+AF8,7.7827,6.6253,7.0606,33.881,25.023,-0.35564,-0.35761,-0.36052,0.50168,0.50006,0.50302,Medium,
2026-06-26T20:46:34,1335.028,active,1,AF7+AF8,10.195,7.7263,7.9489,40.072,20.507,-0.35558,-0.35735,-0.35901,0.50146,0.5,0.50268,Medium,
2026-06-26T20:46:35,1336.033,active,1,AF7+AF8,15.392,7.4648,7.0476,45.51,25.085,-0.35563,-0.35767,-0.35745,0.50128,0.49997,0.50239,Medium,
2026-06-26T20:46:36,1337.038,active,1,AF7+AF8,41.475,12.409,8.9282,53.174,30.086,-0.35525,-0.35718,-0.3542,0.50117,0.50007,0.50213,Medium,
2026-06-26T20:46:37,1338.043,active,1,AF7+AF8,38.028,14.114,7.9993,34.574,32.302,-0.35506,-0.35753,-0.35936,0.50101,0.5,0.50192,Medium,
2026-06-26T20:46:38,1339.048,active,1,AF7+AF8,24.225,8.7359,3.9116,25.27,24.667,-0.35548,-0.35844,-0.36268,0.50082,0.49989,0.50173,Medium,
2026-06-26T20:46:39,1340.054,active,1,AF7+AF8,26.436,6.7733,4.3461,33.766,22.604,-0.35566,-0.35831,-0.36058,0.50069,0.49983,0.50156,Medium,
2026-06-26T20:46:40,1341.061,active,1,AF7+AF8,35.307,5.1501,7.441,29.306,27.16,-0.35578,-0.35763,-0.36109,0.50055,0.49977,0.5014,Medium,
2026-06-26T20:46:41,1342.063,active,1,AF7+AF8,7.9079,5.1314,6.0428,30.511,23.019,-0.35577,-0.35794,-0.36078,0.50045,0.49972,0.50127,Medium,
2026-06-26T20:46:42,1343.069,active,1,AF7+AF8,4.4441,8.9612,3.6474,40.317,22.815,-0.35552,-0.35847,-0.35801,0.5004,0.49972,0.50116,Medium,
2026-06-26T20:46:43,1344.070,active,1,AF7+AF8,16.597,11.307,5.8549,42.431,27,-0.35532,-0.35796,-0.35732,0.50036,0.49974,0.50106,Medium,
2026-06-26T20:46:44,1345.076,active,1,AF7+AF8,40.976,30.136,9.5377,37.079,20.737,-0.35384,-0.35695,-0.35872,0.50029,0.4997,0.50098,Medium,
2026-06-26T20:46:45,1346.083,active,1,AF7+AF8,18.081,16.167,6.663,35.947,20.707,-0.35496,-0.35775,-0.3598,0.50023,0.49966,0.5009,Medium,
2026-06-26T20:46:46,1347.090,active,1,AF7+AF8,6.4148,7.9176,4.3508,31.123,22.841,-0.35561,-0.35838,-0.36108,0.50016,0.49962,0.50084,Medium,
2026-06-26T20:46:47,1348.097,active,1,AF7+AF8,12.703,5.8568,5.5886,26.673,23.863,-0.35574,-0.35804,-0.36223,0.50008,0.49957,0.50077,Medium,
2026-06-26T20:46:48,1349.099,active,1,AF7+AF8,10.834,7.5193,5.917,30.938,22.996,-0.3556,-0.35802,-0.36106,0.50002,0.49954,0.50071,Medium,
2026-06-26T20:46:49,1350.104,active,1,AF7+AF8,8.5469,9.8967,7.6126,35.192,19.394,-0.35542,-0.35749,-0.35994,0.49998,0.49952,0.50066,Medium,
2026-06-26T20:46:50,1351.111,active,1,AF7+AF8,8.6924,9.4699,8.5543,34.971,21.489,-0.35541,-0.35727,-0.35994,0.49994,0.49951,0.50061,Medium,
2026-06-26T20:46:51,1352.116,active,1,AF7+AF8,50.265,11.48,9.9205,29.682,24.791,-0.35524,-0.35695,-0.36118,0.49989,0.49948,0.50056,Medium,
2026-06-26T20:46:52,1353.120,active,1,AF7+AF8,584.69,56.462,15.843,38.818,55.125,-0.35216,-0.35527,-0.3581,0.49986,0.49946,0.50054,Medium,
2026-06-26T20:46:53,1354.126,active,1,AF7+AF8,10131,1422.2,109.31,140.67,239.19,-0.25742,-0.3313,-0.32659,0.5003,0.49848,0.50576,Medium,
2026-06-26T20:46:54,1355.128,active,1,AF7+AF8,13862,1771.6,109.48,148.17,244.47,-0.23244,-0.33104,-0.32408,0.50064,0.49729,0.5097,Medium,
2026-06-26T20:46:55,1356.130,active,1,AF7+AF8,927.46,93.844,10.361,24.374,25.122,-0.34949,-0.35676,-0.36241,0.50048,0.49795,0.50864,Medium,
2026-06-26T20:46:56,1357.138,active,1,AF7+AF8,8.4142,7.8475,7.805,21.707,16.53,-0.3556,-0.35754,-0.36349,0.50033,0.49859,0.50763,Medium,
2026-06-26T20:46:57,1358.144,active,1,AF7+AF8,5.354,5.8135,5.7869,24.134,21.903,-0.35572,-0.35798,-0.36301,0.50022,0.49889,0.50675,Medium,
2026-06-26T20:46:58,1359.148,active,1,AF7+AF8,4.2966,5.1665,4.5173,26.117,19.908,-0.35578,-0.35831,-0.36219,0.50013,0.49907,0.50598,Medium,
2026-06-26T20:47:00,1360.153,active,1,AF7+AF8,5.0159,7.6504,3.9722,28.893,21.198,-0.35561,-0.35847,-0.36163,0.50007,0.49918,0.5053,Medium,
2026-06-26T20:47:01,1361.155,active,1,AF7+AF8,5.5898,7.3218,5.3726,28.904,25.345,-0.35562,-0.35804,-0.36161,0.50001,0.49922,0.5047,Medium,
2026-06-26T20:47:02,1362.161,active,1,AF7+AF8,10.089,8.0939,6.421,24.067,18.916,-0.35557,-0.35776,-0.36297,0.49993,0.4992,0.50417,Medium,
2026-06-26T20:47:03,1363.167,active,1,AF7+AF8,5.3993,5.6376,3.4728,24.458,20.365,-0.35576,-0.35858,-0.36301,0.49987,0.49919,0.50371,Medium,
2026-06-26T20:47:04,1364.177,active,1,AF7+AF8,4.5469,3.7788,1.8585,34.98,20.371,-0.35588,-0.35899,-0.36047,0.49986,0.49933,0.50332,Medium,
2026-06-26T20:47:05,1365.183,active,1,AF7+AF8,4.971,5.4942,2.7654,28.502,16.384,-0.35574,-0.35875,-0.36212,0.49983,0.49932,0.50296,Medium,
2026-06-26T20:47:06,1366.190,active,1,AF7+AF8,2.6497,4.721,2.4089,17.175,13.518,-0.35582,-0.35885,-0.36486,0.49976,0.49926,0.50265,Medium,
2026-06-26T20:47:07,1367.192,active,1,AF7+AF8,2.8713,6.6388,2.2343,18.254,12.713,-0.35567,-0.35888,-0.36437,0.49971,0.49922,0.50238,Medium,
2026-06-26T20:47:08,1368.197,active,1,AF7+AF8,3.6685,6.6339,3.3077,19.394,13.603,-0.35568,-0.35862,-0.36387,0.49966,0.49919,0.50214,Medium,
2026-06-26T20:47:09,1369.203,active,1,AF7+AF8,3.7481,5.1033,3.4143,24.209,15.518,-0.35579,-0.35859,-0.36281,0.49964,0.49918,0.50193,Medium,
2026-06-26T20:47:10,1370.209,active,1,AF7+AF8,2.833,4.7084,4.1153,23.168,15.621,-0.35581,-0.35837,-0.36323,0.49961,0.49917,0.50173,Medium,
2026-06-26T20:47:11,1371.212,active,1,AF7+AF8,2.5648,5.9269,3.7051,24.444,20.704,-0.35571,-0.35847,-0.36311,0.49959,0.49916,0.50157,Medium,
2026-06-26T20:47:12,1372.223,active,1,AF7+AF8,3.4688,4.3808,2.4765,25.784,18.263,-0.35583,-0.35883,-0.36284,0.49958,0.49915,0.50142,Medium,
2026-06-26T20:47:13,1373.228,active,1,AF7+AF8,4.7414,4.7448,2.9007,24.151,17.05,-0.35581,-0.35873,-0.36326,0.49956,0.49914,0.5013,Medium,
2026-06-26T20:47:14,1374.236,active,1,AF7+AF8,3.9337,6.3665,2.1725,22.203,17.191,-0.3557,-0.3589,-0.36374,0.49954,0.49913,0.50119,Medium,
2026-06-26T20:47:15,1375.242,active,1,AF7+AF8,3.3233,4.9819,2.0169,23.831,15.258,-0.3558,-0.35894,-0.36328,0.49953,0.49912,0.50109,Medium,
2026-06-26T20:47:16,1376.246,active,1,AF7+AF8,5.4765,4.6249,1.8236,25.161,19.439,-0.35582,-0.35898,-0.363,0.49953,0.49912,0.50101,Medium,
2026-06-26T20:47:17,1377.252,active,1,AF7+AF8,4.7667,4.7939,2.7327,28.964,17.436,-0.35579,-0.35876,-0.36204,0.49956,0.49918,0.50093,Medium,
2026-06-26T20:47:18,1378.258,active,1,AF7+AF8,4.4806,4.3285,3.3712,26.926,17.028,-0.35582,-0.3586,-0.36246,0.49956,0.49918,0.50086,Medium,
2026-06-26T20:47:19,1379.262,active,1,AF7+AF8,3.4087,3.9198,3.6889,23.588,20.505,-0.35587,-0.35853,-0.36324,0.49954,0.49917,0.5008,Medium,
2026-06-26T20:47:20,1380.267,active,1,AF7+AF8,3.0462,4.3445,3.5643,26.726,20.847,-0.35585,-0.35856,-0.3626,0.49954,0.49916,0.50074,Medium,
2026-06-26T20:47:21,1381.274,active,1,AF7+AF8,2.586,4.716,3.4469,29.547,17.447,-0.35583,-0.35859,-0.36186,0.49957,0.49921,0.5007,Medium,
2026-06-26T20:47:22,1382.281,active,1,AF7+AF8,3.4539,6.4491,3.9212,32.427,17.325,-0.35568,-0.35848,-0.36118,0.49963,0.49927,0.50065,Medium,
2026-06-26T20:47:23,1383.287,active,1,AF7+AF8,4.6102,5.8625,2.658,32.33,20.341,-0.35572,-0.35877,-0.3612,0.49967,0.4993,0.50062,Medium,
2026-06-26T20:47:24,1384.293,active,1,AF7+AF8,5.5806,5.2112,3.9839,25.836,18.978,-0.35578,-0.35842,-0.36254,0.49965,0.49928,0.50059,Medium,
2026-06-26T20:47:25,1385.296,active,1,AF7+AF8,5.7639,6.6955,7.0871,34.396,28.881,-0.35566,-0.3575,-0.35921,0.49973,0.49945,0.50054,Medium,
2026-06-26T20:47:26,1386.300,active,1,AF7+AF8,7.6967,7.2224,6.6819,30.348,21.59,-0.35564,-0.35764,-0.3605,0.49972,0.49944,0.50051,Medium,
2026-06-26T20:47:27,1387.305,active,1,AF7+AF8,11.095,5.5888,4.8882,24.306,15.785,-0.35576,-0.35832,-0.36297,0.49968,0.4994,0.50049,Medium,
2026-06-26T20:47:28,1388.310,active,1,AF7+AF8,9.0543,4.5382,5.0385,22.033,22.35,-0.35581,-0.35824,-0.36343,0.49964,0.49936,0.50046,Medium,
2026-06-26T20:47:29,1389.317,active,1,AF7+AF8,240.46,44.885,10.683,42.307,54.9,-0.35286,-0.35669,-0.35713,0.49982,0.49942,0.50047,Medium,
2026-06-26T20:47:30,1390.323,active,1,AF7+AF8,689.9,127.88,24.982,86.62,117.47,-0.34673,-0.35299,-0.34417,0.50059,0.49996,0.50066,Medium,
2026-06-26T20:47:31,1391.331,active,1,AF7+AF8,293.43,63.948,13.206,45.102,39.64,-0.35134,-0.35584,-0.35654,0.50051,0.49989,0.50065,Medium,
2026-06-26T20:47:32,1392.339,active,1,AF7+AF8,159.19,35.673,9.3467,36.463,28.313,-0.35354,-0.35684,-0.35955,0.50041,0.49981,0.50062,Medium,
2026-06-26T20:47:33,1393.349,active,1,AF7+AF8,125.13,28.062,12.831,51.07,46.642,-0.35414,-0.35618,-0.35565,0.50037,0.49981,0.50058,Medium,
2026-06-26T20:47:34,1394.353,active,1,AF7+AF8,107.73,17.777,10.306,45.957,40.898,-0.35489,-0.35692,-0.35623,0.50033,0.49982,0.50054,Medium,
2026-06-26T20:47:35,1395.358,active,1,AF7+AF8,87.616,20.761,12.365,43.723,37.299,-0.35461,-0.35621,-0.35657,0.50029,0.49982,0.5005,Medium,
2026-06-26T20:47:36,1396.361,active,1,AF7+AF8,207.24,21.287,10.393,42.295,29.286,-0.35461,-0.35674,-0.35724,0.50025,0.4998,0.50047,Medium,
2026-06-26T20:47:37,1397.366,active,1,AF7+AF8,228.21,18.391,7.2368,32.049,20.269,-0.3548,-0.35764,-0.36101,0.50017,0.49973,0.50046,Medium,
2026-06-26T20:47:38,1398.374,active,1,AF7+AF8,56.641,15.822,11.549,31.93,32.821,-0.35492,-0.3566,-0.36135,0.50007,0.49967,0.50043,Medium,
2026-06-26T20:47:39,1399.381,active,1,AF7+AF8,78.183,16.201,10.019,20.522,26.312,-0.35492,-0.35697,-0.36412,0.49996,0.49957,0.50041,Medium,
2026-06-26T20:47:40,1400.385,active,1,AF7+AF8,40.289,15.223,6.7455,18.944,18.154,-0.35506,-0.35777,-0.36465,0.49986,0.49948,0.5004,Medium,
2026-06-26T20:47:41,1401.392,active,1,AF7+AF8,26.926,11.869,5.9035,20.919,15.362,-0.35534,-0.35805,-0.36415,0.49979,0.49941,0.50039,Medium,
2026-06-26T20:47:42,1402.398,active,1,AF7+AF8,12.768,7.2474,6.4069,20.69,14.759,-0.35564,-0.35793,-0.36412,0.49972,0.49935,0.50038,Medium,
2026-06-26T20:47:43,1403.399,active,1,AF7+AF8,5.7204,6.493,4.8473,15.975,14.649,-0.35567,-0.35823,-0.36508,0.49965,0.49929,0.50037,Medium,
2026-06-26T20:47:44,1404.405,active,1,AF7+AF8,5.2395,5.5821,4.8908,20.606,16.133,-0.35573,-0.35829,-0.36408,0.4996,0.49925,0.50036,Medium,
2026-06-26T20:47:45,1405.410,active,1,AF7+AF8,5.227,6.286,5.2051,22.158,12.833,-0.35569,-0.35822,-0.3639,0.49957,0.49921,0.50036,Medium,
2026-06-26T20:47:46,1406.415,active,1,AF7+AF8,7.3572,7.0845,4.1605,19.553,11.902,-0.35564,-0.35844,-0.36439,0.49953,0.49918,0.50036,Medium,
2026-06-26T20:47:47,1407.421,active,1,AF7+AF8,11.681,7.2596,3.4812,16.072,11.081,-0.35564,-0.35854,-0.36522,0.49949,0.49913,0.50036,Medium,
2026-06-26T20:47:48,1408.424,active,1,AF7+AF8,11.123,5.9494,4.7171,17.268,12.241,-0.35575,-0.35818,-0.36501,0.49944,0.4991,0.50035,Medium,
2026-06-26T20:47:49,1409.432,active,1,AF7+AF8,10.036,7.5135,5.1611,17.284,13.422,-0.35561,-0.3581,-0.365,0.49941,0.49907,0.50035,Medium,
2026-06-26T20:47:50,1410.438,active,1,AF7+AF8,9.8475,7.7555,4.5921,18.258,14.521,-0.35557,-0.35825,-0.36468,0.49938,0.49904,0.50035,Medium,
2026-06-26T20:47:51,1411.443,active,1,AF7+AF8,7.535,7.6735,4.8995,19.574,15.556,-0.35561,-0.35822,-0.36431,0.49937,0.49903,0.50034,Medium,
2026-06-26T20:47:52,1412.446,active,1,AF7+AF8,15.424,7.5822,4.6545,24.623,13.694,-0.35562,-0.35831,-0.36317,0.49938,0.49904,0.50034,Medium,
2026-06-26T20:47:53,1413.450,active,1,AF7+AF8,140.14,20.481,5.664,24.852,14.916,-0.35465,-0.35796,-0.36288,0.49938,0.49904,0.50039,Medium,
2026-06-26T20:47:54,1414.455,active,1,AF7+AF8,134.98,21.686,7.373,23.636,18.117,-0.35454,-0.35753,-0.36307,0.49937,0.49902,0.50038,Medium,
2026-06-26T20:47:55,1415.460,active,1,AF7+AF8,19.769,15.921,11.704,24.292,17.099,-0.35495,-0.35657,-0.363,0.49935,0.49902,0.50036,Medium,
2026-06-26T20:47:56,1416.466,active,1,AF7+AF8,15.079,14.078,11.22,28.967,19.201,-0.35514,-0.35673,-0.36193,0.49935,0.4991,0.50034,Medium,
2026-06-26T20:47:57,1417.471,active,1,AF7+AF8,9.5747,9.0671,6.3623,29.659,19.354,-0.35552,-0.35781,-0.36208,0.49942,0.49915,0.50034,Medium,
2026-06-26T20:47:58,1418.479,active,1,AF7+AF8,11.93,5.6575,4.907,30.581,20.637,-0.35574,-0.35822,-0.3619,0.49949,0.4992,0.50033,Medium,
2026-06-26T20:47:59,1419.485,active,1,AF7+AF8,29.972,11.744,6.191,29.173,35.364,-0.35533,-0.35787,-0.3623,0.49949,0.49919,0.50033,Medium,
2026-06-26T20:48:00,1420.491,active,1,AF7+AF8,61.531,27.944,8.5194,30.035,42.691,-0.35415,-0.3573,-0.36201,0.49948,0.49917,0.50037,Medium,
2026-06-26T20:48:01,1421.496,active,1,AF7+AF8,17.608,12.548,4.5194,27.792,21.998,-0.35521,-0.35834,-0.36243,0.49948,0.49916,0.50038,Medium,
2026-06-26T20:48:02,1422.502,active,1,AF7+AF8,9.9925,10.703,4.842,24.162,18.753,-0.35537,-0.35828,-0.3634,0.49947,0.49914,0.50038,Medium,
2026-06-26T20:48:03,1423.512,active,1,AF7+AF8,16.886,13.779,7.5694,21.627,15.974,-0.35515,-0.35758,-0.36414,0.49943,0.49911,0.50037,Medium,
2026-06-26T20:48:04,1424.518,active,1,AF7+AF8,19.963,9.2821,4.791,25.571,15.702,-0.35544,-0.35826,-0.36313,0.49943,0.4991,0.50037,Medium,
2026-06-26T20:48:05,1425.525,active,1,AF7+AF8,33.615,13.105,6.1223,26.007,17.285,-0.35512,-0.35793,-0.36273,0.49943,0.49909,0.50037,Medium,
2026-06-26T20:48:06,1426.531,active,1,AF7+AF8,72.311,21.643,10.843,30.647,25.506,-0.35449,-0.35668,-0.36158,0.49942,0.49911,0.50036,Medium,
2026-06-26T20:48:07,1427.534,active,1,AF7+AF8,57.065,18.143,7.3421,30.444,21.942,-0.35474,-0.35758,-0.36166,0.49946,0.49912,0.50036,Medium,
2026-06-26T20:48:08,1428.540,active,1,AF7+AF8,150.72,43.656,7.8984,24.902,20.593,-0.35258,-0.35739,-0.36293,0.49944,0.49907,0.5005,Medium,
2026-06-26T20:48:09,1429.542,active,1,AF7+AF8,72.96,25.201,7.7944,26.686,23.435,-0.35415,-0.35747,-0.36258,0.49943,0.49906,0.50049,Medium,
2026-06-26T20:48:10,1430.548,active,1,AF7+AF8,18.659,15.331,8.3705,24.812,17.435,-0.35497,-0.35732,-0.36313,0.49941,0.49905,0.50047,Medium,
2026-06-26T20:48:11,1431.549,active,1,AF7+AF8,6.6013,10.889,7.4353,24.248,19.403,-0.35532,-0.35759,-0.36335,0.4994,0.49904,0.50045,Medium,
2026-06-26T20:48:12,1432.556,active,1,AF7+AF8,10.527,10.673,5.4818,22.623,22.199,-0.35535,-0.35809,-0.36374,0.49939,0.49903,0.50043,Medium,
2026-06-26T20:48:13,1433.563,active,1,AF7+AF8,40.28,23.682,5.5232,28.246,19.234,-0.35434,-0.35809,-0.36234,0.49944,0.49903,0.50045,Medium,
2026-06-26T20:48:14,1434.570,active,1,AF7+AF8,49.337,34.094,9.5751,27.603,23.251,-0.35359,-0.35715,-0.36237,0.49943,0.49901,0.50045,Medium,
2026-06-26T20:48:15,1435.578,active,1,AF7+AF8,78.584,31.734,14.439,23.711,22.745,-0.35373,-0.35582,-0.36322,0.49938,0.49899,0.50043,Medium,
2026-06-26T20:48:16,1436.583,active,1,AF7+AF8,5322.5,440.54,52.753,47.476,26.764,-0.32314,-0.34683,-0.35702,0.4993,0.4986,0.50195,Medium,
2026-06-26T20:48:17,1437.589,active,1,AF7+AF8,10063,720.86,77.532,73.86,39.942,-0.30227,-0.34102,-0.34984,0.49926,0.49806,0.50369,Medium,
2026-06-26T20:48:18,1438.595,active,1,AF7+AF8,1062,77.54,13.269,28.253,25.65,-0.35033,-0.3562,-0.36186,0.49928,0.49836,0.50333,Medium,
2026-06-26T20:48:19,1439.599,active,1,AF7+AF8,30.324,16.517,6.1794,25.117,18.753,-0.35493,-0.35793,-0.36309,0.49932,0.49873,0.50298,Medium,
2026-06-26T20:48:20,1440.606,active,1,AF7+AF8,15.276,8.1202,5.8724,22.135,15.3,-0.35552,-0.35802,-0.36377,0.49932,0.49887,0.50266,Medium,
2026-06-26T20:48:21,1441.614,active,1,AF7+AF8,13.25,6.8011,5.6935,18.514,15.6,-0.35562,-0.35794,-0.36454,0.4993,0.49888,0.50237,Medium,
2026-06-26T20:48:22,1442.619,active,1,AF7+AF8,11.768,10.925,5.2343,16.086,16.424,-0.35532,-0.35813,-0.36511,0.49928,0.49887,0.50213,Medium,
2026-06-26T20:48:23,1443.625,active,1,AF7+AF8,96.716,22.328,6.8971,16.72,15.363,-0.35443,-0.3578,-0.36496,0.49926,0.49885,0.50193,Medium,
2026-06-26T20:48:24,1444.633,active,1,AF7+AF8,497.04,30.117,11.709,23.537,17.016,-0.35386,-0.35664,-0.36317,0.49925,0.49884,0.50174,Medium,
2026-06-26T20:48:25,1445.639,active,1,AF7+AF8,295.98,22.537,10.076,24.16,19.378,-0.3544,-0.35689,-0.3629,0.49925,0.4989,0.50157,Medium,
2026-06-26T20:48:26,1446.644,active,1,AF7+AF8,27.443,15.238,8.494,31.131,29.451,-0.35501,-0.35737,-0.36144,0.49939,0.49908,0.50141,Medium,
2026-06-26T20:48:27,1447.646,active,1,AF7+AF8,182.23,28.954,10.771,42.28,34.555,-0.35406,-0.35682,-0.35819,0.49966,0.49932,0.50128,Medium,
2026-06-26T20:48:28,1448.652,active,1,AF7+AF8,482.71,43.667,16.018,37.589,29.968,-0.35282,-0.35542,-0.3592,0.49964,0.49931,0.50117,Medium,
2026-06-26T20:48:29,1449.655,active,1,AF7+AF8,171.57,72.377,16.214,27.229,24.866,-0.35086,-0.35524,-0.36208,0.49958,0.49922,0.50109,Medium,
2026-06-26T20:48:30,1450.668,active,1,AF7+AF8,72.334,50.833,11.603,22.404,24.343,-0.35241,-0.35644,-0.36346,0.49953,0.49915,0.50102,Medium,
2026-06-26T20:48:31,1451.676,active,1,AF7+AF8,51.822,20.366,5.5263,21.948,18.416,-0.3546,-0.35801,-0.36379,0.4995,0.49911,0.50095,Medium,
2026-06-26T20:48:32,1452.680,active,1,AF7+AF8,82.289,21.878,9.0237,27.44,17.786,-0.35459,-0.35731,-0.36226,0.49948,0.4991,0.50088,Medium,
2026-06-26T20:48:33,1453.686,active,1,AF7+AF8,35.183,14.73,10.28,43.567,22.206,-0.35512,-0.35693,-0.35796,0.49972,0.49943,0.5008,Medium,
2026-06-26T20:48:34,1454.694,active,1,AF7+AF8,6.3591,10.057,6.0325,46.168,27.95,-0.35547,-0.35797,-0.35769,0.49991,0.49961,0.50074,Medium,
2026-06-26T20:48:35,1455.699,active,1,AF7+AF8,70.341,38.491,5.1311,33.932,27.799,-0.35325,-0.35816,-0.3609,0.49988,0.49954,0.50073,Medium,
2026-06-26T20:48:36,1456.705,active,1,AF7+AF8,118.46,44.55,6.4694,33.617,25.502,-0.35283,-0.35781,-0.36087,0.49985,0.49947,0.50071,Medium,
2026-06-26T20:48:37,1457.707,active,1,AF7+AF8,188.66,69.446,15.271,35.64,29.299,-0.35117,-0.35586,-0.36,0.4998,0.4994,0.5007,Medium,
2026-06-26T20:48:38,1458.712,active,1,AF7+AF8,157.15,64.999,17.257,40.327,37.009,-0.35138,-0.35522,-0.35817,0.49978,0.49937,0.50067,Medium,
2026-06-26T20:48:39,1459.719,active,1,AF7+AF8,102.4,37.458,8.9556,38.614,38.55,-0.35342,-0.35711,-0.35865,0.4998,0.49937,0.50065,Medium,
2026-06-26T20:48:40,1460.726,active,1,AF7+AF8,51.026,22.407,8.1426,54.868,40.311,-0.35456,-0.3573,-0.35396,0.50017,0.49979,0.50061,Medium,
2026-06-26T20:48:41,1461.733,active,1,AF7+AF8,30.098,8.7207,5.3979,53.452,34.275,-0.3555,-0.35808,-0.35437,0.50035,0.5,0.50058,Medium,
2026-06-26T20:48:42,1462.740,active,1,AF7+AF8,312.61,57.205,5.5897,41.411,28.301,-0.35218,-0.35808,-0.35808,0.5003,0.49991,0.50067,Medium,
2026-06-26T20:48:43,1463.741,active,1,AF7+AF8,255.47,66.267,6.4177,26.713,18.9,-0.35153,-0.35779,-0.36252,0.5002,0.49976,0.50074,Medium,
2026-06-26T20:48:44,1464.746,active,1,AF7+AF8,64.28,20.577,7.2347,25.693,16.789,-0.35459,-0.35755,-0.36292,0.50009,0.49966,0.50069,Medium,
2026-06-26T20:48:45,1465.750,active,1,AF7+AF8,420.33,65.224,20.69,61.813,68.159,-0.35103,-0.35421,-0.35159,0.50023,0.49982,0.50066,Medium,
2026-06-26T20:48:46,1466.757,active,1,AF7+AF8,1062.3,157.88,56.633,252.87,608.76,-0.34375,-0.3453,-0.29068,0.50419,0.50391,0.5006,Medium,
2026-06-26T20:48:47,1467.764,active,1,AF7+AF8,357.91,73.843,31.257,216.08,627.74,-0.35059,-0.35164,-0.30398,0.50525,0.50506,0.50055,Medium,
2026-06-26T20:48:48,1468.769,active,1,AF7+AF8,65.639,16.197,13.706,113.83,156.29,-0.35498,-0.35603,-0.33827,0.50489,0.5047,0.5005,Medium,
2026-06-26T20:48:49,1469.775,active,1,AF7+AF8,36.589,25.387,11.08,90.125,92.626,-0.35435,-0.35659,-0.34392,0.50449,0.5043,0.50047,Medium,
2026-06-26T20:48:50,1470.783,active,1,AF7+AF8,268.75,80.286,16.946,62.459,75.565,-0.35042,-0.35519,-0.35168,0.504,0.50376,0.50055,Medium,
2026-06-26T20:48:51,1471.788,active,1,AF7+AF8,300.09,45.416,11.461,39.846,40.635,-0.35279,-0.3566,-0.35863,0.50349,0.50322,0.50054,Medium,
2026-06-26T20:48:52,1472.792,active,1,AF7+AF8,37.753,11.461,4.8593,20.169,15.381,-0.35532,-0.35828,-0.36409,0.50299,0.5027,0.50052,Medium,
2026-06-26T20:48:53,1473.798,active,1,AF7+AF8,6.0424,8.1082,3.8042,21.418,15.513,-0.3556,-0.35855,-0.36405,0.50255,0.50225,0.5005,Medium,
2026-06-26T20:48:54,1474.804,active,1,AF7+AF8,66.519,20.337,4.9807,21.241,16.374,-0.35476,-0.35816,-0.36395,0.50215,0.50184,0.50049,Medium,
2026-06-26T20:48:55,1475.809,active,1,AF7+AF8,436.6,88.065,11.58,37.639,37.161,-0.35016,-0.35654,-0.35988,0.50185,0.50148,0.50067,Medium,
2026-06-26T20:48:56,1476.814,active,1,AF7+AF8,201.76,43.921,16.386,43.878,33.033,-0.35311,-0.35555,-0.35847,0.50158,0.50122,0.50063,Medium,
2026-06-26T20:48:57,1477.821,active,1,AF7+AF8,13.65,5.5408,7.7008,40.288,30.211,-0.35574,-0.35755,-0.35924,0.50136,0.50102,0.50058,Medium,
2026-06-26T20:48:58,1478.829,active,1,AF7+AF8,51.576,14.007,7.7418,36.724,31.195,-0.35515,-0.35751,-0.35963,0.50117,0.50083,0.50055,Medium,
2026-06-26T20:48:59,1479.832,active,1,AF7+AF8,655.86,49.758,20.711,85.306,86.056,-0.35262,-0.35449,-0.34441,0.50122,0.50095,0.50051,Medium,
2026-06-26T20:49:00,1480.839,active,1,AF7+AF8,554.18,44.207,19.739,84.579,67.963,-0.35305,-0.35466,-0.34459,0.50124,0.50101,0.50047,Medium,
2026-06-26T20:49:01,1481.845,active,1,AF7+AF8,230.73,70.578,19.923,55.736,40.953,-0.35103,-0.35442,-0.3545,0.50109,0.50084,0.50047,Medium,
2026-06-26T20:49:02,1482.850,active,1,AF7+AF8,287.57,72.258,11.622,35.626,34.491,-0.35079,-0.35651,-0.35998,0.50091,0.5006,0.50062,Medium,
2026-06-26T20:49:03,1483.855,active,1,AF7+AF8,157.46,64.033,6.4872,21.389,18.311,-0.35143,-0.35779,-0.36381,0.50071,0.50034,0.50072,Medium,
2026-06-26T20:49:04,1484.861,active,1,AF7+AF8,74.318,25.856,6.3766,22.966,12.83,-0.35418,-0.3578,-0.36366,0.50054,0.50016,0.50069,Medium,
2026-06-26T20:49:05,1485.869,active,1,AF7+AF8,112.7,31.486,5.4523,23.811,14.538,-0.35375,-0.35808,-0.36337,0.50039,0.5,0.50067,Medium,
2026-06-26T20:49:06,1486.876,active,1,AF7+AF8,42.646,11.983,5.7895,15.773,13.611,-0.35527,-0.35808,-0.36516,0.50024,0.49985,0.50063,Medium,
2026-06-26T20:49:07,1487.883,active,1,AF7+AF8,156.86,38.741,8.2393,16.569,12.447,-0.35327,-0.35748,-0.36493,0.5001,0.49969,0.50062,Medium,
2026-06-26T20:49:08,1488.889,active,1,AF7+AF8,131.77,43.101,8.1403,26.839,15.722,-0.3528,-0.35729,-0.36228,0.50001,0.49959,0.50061,Medium,
2026-06-26T20:49:09,1489.893,active,1,AF7+AF8,31.694,12.449,6.193,26.295,19.003,-0.35522,-0.35783,-0.36264,0.49994,0.49953,0.50058,Medium,
2026-06-26T20:49:10,1490.898,active,1,AF7+AF8,85.473,21.279,6.9779,30.097,18.713,-0.35453,-0.35771,-0.36148,0.49989,0.49948,0.50056,Medium,
2026-06-26T20:49:11,1491.903,active,1,AF7+AF8,137.78,30.6,9.5751,42.576,24.709,-0.35382,-0.35698,-0.35787,0.49989,0.49949,0.50054,Medium,
2026-06-26T20:49:12,1492.910,active,1,AF7+AF8,133.91,29.312,9.3936,30.775,18.782,-0.35398,-0.35698,-0.36129,0.49984,0.49944,0.50052,Medium,
2026-06-26T20:49:13,1493.914,active,1,AF7+AF8,28.833,14.72,5.1344,23.722,15.644,-0.35511,-0.35812,-0.36335,0.49978,0.49938,0.5005,Medium,
2026-06-26T20:49:14,1494.922,active,1,AF7+AF8,105.38,32.038,9.8452,47.362,33.182,-0.35374,-0.357,-0.35616,0.49997,0.49957,0.50049,Medium,
2026-06-26T20:49:15,1495.929,active,1,AF7+AF8,126.08,49.303,15.066,78.275,52.68,-0.35238,-0.35553,-0.3477,0.50058,0.50018,0.50048,Medium,
2026-06-26T20:49:16,1496.937,active,1,AF7+AF8,22.427,19.552,11.01,67.698,60.656,-0.35471,-0.35652,-0.3515,0.50061,0.50031,0.50045,Medium,
2026-06-26T20:49:17,1497.941,active,1,AF7+AF8,18.782,16.022,8.8855,57.51,70.416,-0.35493,-0.35724,-0.35325,0.50059,0.5003,0.50043,Medium,
2026-06-26T20:49:18,1498.943,active,1,AF7+AF8,45.329,23.224,11.18,58.648,62.027,-0.35439,-0.35663,-0.35174,0.5006,0.50032,0.50041,Medium,
2026-06-26T20:49:19,1499.949,active,1,AF7+AF8,1710.7,287.71,40.315,202.53,202.11,-0.33428,-0.34871,-0.30505,0.50352,0.50232,0.50125,Medium,
2026-06-26T20:49:20,1500.951,active,1,AF7+AF8,2961,405.76,52.764,558.23,773.75,-0.32546,-0.34543,-0.19216,0.5129,0.51092,0.502,Medium,
2026-06-26T20:49:21,1501.955,active,1,AF7+AF8,650.23,84.432,29.685,738.91,1338.2,-0.35003,-0.35182,-0.13322,0.52154,0.52061,0.50178,Medium,
2026-06-26T20:49:22,1502.963,active,1,AF7+AF8,4903.6,2125.6,437.19,1059.3,1275.5,-0.17733,-0.23154,-0.032819,0.52351,0.52031,0.50478,Medium,
2026-06-26T20:49:23,1503.972,active,1,AF7+AF8,13255,5614.7,1108.3,1303.8,822.39,0.11604,-0.038823,0.045675,0.52195,0.51681,0.51352,Medium,
2026-06-26T20:49:24,1504.979,active,1,AF7+AF8,2698.8,937.78,236.11,272.98,201.56,-0.27867,-0.29604,-0.28891,0.51943,0.51464,0.51216,Medium,
2026-06-26T20:49:25,1505.985,active,1,AF7+AF8,936.04,92.365,164.44,83.494,30.907,-0.34991,-0.32183,-0.34883,0.51669,0.5129,0.51028,Medium,
2026-06-26T20:49:26,1506.987,active,1,AF7+AF8,3178,364.14,508.94,184.14,44.993,-0.3311,-0.24388,-0.32581,0.51346,0.51143,0.50774,Medium,
2026-06-26T20:49:27,1507.992,active,1,AF7+AF8,21908,2461.2,430.23,117.67,31.36,-0.15805,-0.2402,-0.33664,0.5104,0.50738,0.50926,Medium,
2026-06-26T20:49:28,1508.996,active,1,AF7+AF8,20151,2180.8,315.82,77.169,27.299,-0.17811,-0.2666,-0.34643,0.50795,0.50397,0.51034,Medium,
2026-06-26T20:49:29,1510.002,active,1,AF7+AF8,778.21,99.344,25.624,25.401,22.515,-0.34809,-0.35229,-0.36244,0.50685,0.50328,0.50916,Medium,
2026-06-26T20:49:30,1511.010,active,1,AF7+AF8,134.5,39.512,22.851,32.348,21.04,-0.353,-0.35308,-0.36035,0.50592,0.50278,0.50806,Medium,
2026-06-26T20:49:31,1512.016,active,1,AF7+AF8,83.478,27.317,14.591,27.47,18.413,-0.35393,-0.35537,-0.36185,0.50511,0.50233,0.50712,Medium,
2026-06-26T20:49:32,1513.017,active,1,AF7+AF8,23.75,19.117,6.2247,24.074,20.32,-0.35461,-0.3578,-0.36322,0.50441,0.50192,0.50631,Medium,
2026-06-26T20:49:33,1514.023,active,1,AF7+AF8,22.821,10.853,4.2682,27.01,21.291,-0.35533,-0.3583,-0.36243,0.50382,0.50158,0.5056,Medium,
2026-06-26T20:49:34,1515.028,active,1,AF7+AF8,19.845,16.997,6.1441,27.135,20.654,-0.35489,-0.35779,-0.36201,0.5033,0.50128,0.50497,Medium,
2026-06-26T20:49:35,1516.034,active,1,AF7+AF8,8.458,8.3799,7.2181,25.404,17.869,-0.35554,-0.35759,-0.36267,0.50283,0.50102,0.5044,Medium,
2026-06-26T20:49:36,1517.037,active,1,AF7+AF8,7.4439,6.1506,6.5662,22.295,14.599,-0.3557,-0.35779,-0.36367,0.5024,0.50078,0.50391,Medium,
2026-06-26T20:49:37,1518.040,active,1,AF7+AF8,39.993,18.344,6.5805,22.887,16.236,-0.35471,-0.35772,-0.36326,0.50203,0.50056,0.50348,Medium,
2026-06-26T20:49:38,1519.047,active,1,AF7+AF8,34.143,18.394,7.3067,29.424,22.143,-0.35474,-0.35749,-0.36133,0.50173,0.50039,0.50311,Medium,
2026-06-26T20:49:39,1520.054,active,1,AF7+AF8,15.764,8.1213,5.5638,31.611,24.122,-0.35556,-0.3579,-0.36098,0.50147,0.50026,0.50277,Medium,
2026-06-26T20:49:40,1521.058,active,1,AF7+AF8,41.282,18.146,9.8062,40.717,25.696,-0.35483,-0.35701,-0.35878,0.50127,0.50017,0.50247,Medium,
2026-06-26T20:49:41,1522.064,active,1,AF7+AF8,93.857,40.503,16.665,46.501,37.795,-0.3532,-0.3554,-0.35723,0.50109,0.50009,0.50221,Medium,
2026-06-26T20:49:42,1523.071,active,1,AF7+AF8,18.205,11.361,7.3193,33.709,30.179,-0.35532,-0.35768,-0.3606,0.50092,0.5,0.50198,Medium,
2026-06-26T20:49:43,1524.075,active,1,AF7+AF8,3.0712,6.5444,4.5759,32.06,24.087,-0.35567,-0.35834,-0.36094,0.50077,0.49992,0.50178,Medium,
2026-06-26T20:49:44,1525.079,active,1,AF7+AF8,20.162,6.3686,6.1874,28.555,21.271,-0.35569,-0.35788,-0.36172,0.50062,0.49984,0.5016,Medium,
2026-06-26T20:49:45,1526.081,active,1,AF7+AF8,115.26,23.632,14.654,34.076,39.976,-0.35449,-0.35555,-0.35966,0.50048,0.49978,0.50142,Medium,
2026-06-26T20:49:46,1527.084,active,1,AF7+AF8,73.594,26.02,11.483,35.261,32.622,-0.35421,-0.35629,-0.35924,0.50038,0.49973,0.50128,Medium,
2026-06-26T20:49:47,1528.089,active,1,AF7+AF8,18.128,13.748,7.6762,26.803,22.899,-0.35509,-0.35734,-0.36205,0.50026,0.49966,0.50116,Medium,
2026-06-26T20:49:48,1529.097,active,1,AF7+AF8,19.973,21.855,10.061,35.409,30.691,-0.35445,-0.35665,-0.35976,0.50019,0.49962,0.50106,Medium,
2026-06-26T20:49:49,1530.103,active,1,AF7+AF8,15.625,19.486,8.2896,29.14,22.612,-0.35464,-0.35725,-0.36118,0.5001,0.49957,0.50097,Medium,
2026-06-26T20:49:50,1531.108,active,1,AF7+AF8,12.788,15.598,6.7264,20.915,17.674,-0.35497,-0.35769,-0.36349,0.5,0.49949,0.50089,Medium,
2026-06-26T20:49:51,1532.114,active,1,AF7+AF8,11.927,14.322,5.9882,23.486,14.065,-0.35505,-0.35793,-0.3629,0.49993,0.49944,0.50083,Medium,
2026-06-26T20:49:52,1533.119,active,1,AF7+AF8,7.0188,7.1103,4.3638,30.586,17.346,-0.35564,-0.35836,-0.3612,0.4999,0.49942,0.50077,Medium,
2026-06-26T20:49:53,1534.125,active,1,AF7+AF8,10.714,11.344,6.5549,40.48,22.052,-0.35537,-0.35783,-0.35857,0.4999,0.49953,0.50071,Medium,
2026-06-26T20:49:54,1535.129,active,1,AF7+AF8,15.752,19.252,8.7267,34.867,22.04,-0.35477,-0.35733,-0.36004,0.49987,0.49951,0.50067,Medium,
2026-06-26T20:49:55,1536.132,active,1,AF7+AF8,26.975,24.624,12.109,41.476,25.491,-0.35435,-0.35643,-0.35861,0.49986,0.4995,0.50062,Medium,
2026-06-26T20:49:56,1537.137,active,1,AF7+AF8,9.6296,5.9986,5.9475,40.264,22.362,-0.35571,-0.35788,-0.35899,0.49986,0.49955,0.50058,Medium,
2026-06-26T20:49:57,1538.144,active,1,AF7+AF8,5.9521,5.2063,5.45,31.716,18.235,-0.35578,-0.35807,-0.36097,0.49983,0.49953,0.50054,Medium,
2026-06-26T20:49:59,1539.153,active,1,AF7+AF8,4.2924,6.8044,5.5309,26.563,16.697,-0.35568,-0.3581,-0.36208,0.49979,0.49949,0.50051,Medium,
2026-06-26T20:50:00,1540.158,active,1,AF7+AF8,11.586,11.292,6.8029,23.777,18.197,-0.35532,-0.35766,-0.36278,0.49974,0.49944,0.50049,Medium,
2026-06-26T20:50:01,1541.163,active,1,AF7+AF8,34.735,33.694,10.189,23.511,25.088,-0.3535,-0.35671,-0.36308,0.49968,0.49936,0.50048,Medium,
2026-06-26T20:50:02,1542.167,active,1,AF7+AF8,27.088,17.663,4.6124,27.179,23.477,-0.35478,-0.35823,-0.36209,0.49966,0.49933,0.50047,Medium,
2026-06-26T20:50:03,1543.170,active,1,AF7+AF8,22.323,9.7378,7.2833,32.393,20.08,-0.35539,-0.35768,-0.36078,0.49965,0.49933,0.50045,Medium,
2026-06-26T20:50:04,1544.175,active,1,AF7+AF8,29.862,13.24,10.71,30.902,23.504,-0.35512,-0.35682,-0.3612,0.49963,0.49932,0.50042,Medium,
2026-06-26T20:50:05,1545.177,active,1,AF7+AF8,66.163,27.884,17.006,38.61,27.655,-0.354,-0.3552,-0.35935,0.49961,0.49933,0.50039,Medium,
2026-06-26T20:50:06,1546.184,active,1,AF7+AF8,22.486,11.745,7.7111,33.474,22.722,-0.35527,-0.35755,-0.36084,0.49961,0.49932,0.50038,Medium,
2026-06-26T20:50:07,1547.185,active,1,AF7+AF8,6.2963,6.2211,4.9269,25.928,20.114,-0.3557,-0.35818,-0.36266,0.49959,0.4993,0.50037,Medium,
2026-06-26T20:50:08,1548.192,active,1,AF7+AF8,10.041,6.0446,7.8185,27.122,18.327,-0.35569,-0.35736,-0.36229,0.49956,0.49928,0.50035,Medium,
2026-06-26T20:50:09,1549.197,active,1,AF7+AF8,12.61,7.0872,8.9484,28.79,19.608,-0.35561,-0.35709,-0.36195,0.49954,0.49928,0.50033,Medium,
2026-06-26T20:50:10,1550.200,active,1,AF7+AF8,9.8431,6.7128,6.8829,34.271,18.94,-0.35566,-0.35767,-0.36066,0.49959,0.49934,0.50032,Medium,
2026-06-26T20:50:11,1551.206,active,1,AF7+AF8,19.004,8.7761,8.075,28.962,15.72,-0.35549,-0.35727,-0.36174,0.49958,0.49932,0.50031,Medium,
2026-06-26T20:50:12,1552.215,active,1,AF7+AF8,13.977,4.1504,4.4626,21.856,17.053,-0.35584,-0.35832,-0.36356,0.49955,0.49929,0.50031,Medium,
2026-06-26T20:50:13,1553.220,active,1,AF7+AF8,32.645,6.7864,2.9638,21.606,17.736,-0.35563,-0.35871,-0.36364,0.49953,0.49925,0.50035,Medium,
2026-06-26T20:50:14,1554.230,active,1,AF7+AF8,14.017,8.9259,5.2429,20.535,15.663,-0.35546,-0.35807,-0.36404,0.49949,0.49921,0.50035,Medium,
2026-06-26T20:50:15,1555.238,active,1,AF7+AF8,7.4166,9.0823,7.2099,22.515,17.922,-0.35546,-0.35754,-0.36356,0.49947,0.49919,0.50034,Medium,
2026-06-26T20:50:16,1556.244,active,1,AF7+AF8,18.784,14.222,7.0171,22.907,18.11,-0.3551,-0.35766,-0.36287,0.49945,0.49917,0.50034,Medium,
2026-06-26T20:50:17,1557.250,active,1,AF7+AF8,20.351,12.356,6.7643,22.394,14.583,-0.35526,-0.35785,-0.36279,0.49944,0.49915,0.50034,Medium,
2026-06-26T20:50:18,1558.256,active,1,AF7+AF8,10.191,6.5394,3.9271,21.857,12.562,-0.35567,-0.35853,-0.36334,0.49944,0.49914,0.50035,Medium,
2026-06-26T20:50:19,1559.259,active,1,AF7+AF8,22.008,12.171,5.2616,21.241,15.891,-0.35521,-0.35807,-0.36353,0.49942,0.49912,0.50035,Medium,
2026-06-26T20:50:20,1560.263,active,1,AF7+AF8,19.562,13.64,4.5833,21.914,16.379,-0.35507,-0.35818,-0.36316,0.49942,0.4991,0.50037,Medium,
2026-06-26T20:50:21,1561.270,active,1,AF7+AF8,16.301,11.013,4.667,21.348,16.701,-0.3553,-0.35822,-0.36354,0.49941,0.49909,0.50037,Medium,
2026-06-26T20:50:22,1562.278,active,1,AF7+AF8,31.212,12.598,5.7938,21.126,16.673,-0.35517,-0.35792,-0.36368,0.49939,0.49907,0.50037,Medium,
2026-06-26T20:50:23,1563.285,active,1,AF7+AF8,16.682,8.8436,3.9553,19.871,16.301,-0.35549,-0.35842,-0.36408,0.49938,0.49905,0.50037,Medium,
2026-06-26T20:50:24,1564.290,active,1,AF7+AF8,17.341,4.5251,3.5879,20.941,17.18,-0.35582,-0.35854,-0.36352,0.49938,0.49905,0.50037,Medium,
2026-06-26T20:50:25,1565.296,active,1,AF7+AF8,14.719,5.5371,3.47,25.558,19.717,-0.35574,-0.35856,-0.36195,0.4995,0.49915,0.50036,Medium,
2026-06-26T20:50:26,1566.302,active,1,AF7+AF8,7.4016,8.4215,4.6293,26.275,18.644,-0.35554,-0.35824,-0.36205,0.49951,0.49917,0.50036,Medium,
2026-06-26T20:50:27,1567.306,active,1,AF7+AF8,5.0041,8.515,4.7115,18.365,13.862,-0.35554,-0.35826,-0.36434,0.49948,0.49914,0.50036,Medium,
2026-06-26T20:50:28,1568.313,active,1,AF7+AF8,3.8921,7.7752,4.4995,16.219,15.388,-0.35559,-0.3583,-0.36495,0.49944,0.4991,0.50036,Medium,
2026-06-26T20:50:29,1569.315,active,1,AF7+AF8,38.868,17.728,8.5463,22.562,23.5,-0.35489,-0.35718,-0.36318,0.49942,0.49909,0.50035,Medium,
2026-06-26T20:50:30,1570.325,active,1,AF7+AF8,92.911,27.969,13.691,34.204,30.724,-0.35406,-0.35597,-0.36007,0.49946,0.49918,0.50033,Medium,
2026-06-26T20:50:31,1571.331,active,1,AF7+AF8,23.455,14.357,7.2738,27.471,19.242,-0.3551,-0.35763,-0.36216,0.49946,0.49918,0.50033,Medium,
2026-06-26T20:50:32,1572.335,active,1,AF7+AF8,53.476,20.192,7.0642,23.047,16.109,-0.35466,-0.35763,-0.3634,0.49944,0.49914,0.50036,Medium,
2026-06-26T20:50:33,1573.338,active,1,AF7+AF8,158.17,36.423,8.3975,23.129,16.5,-0.35336,-0.3573,-0.3632,0.49941,0.4991,0.50044,Medium,
2026-06-26T20:50:34,1574.341,active,1,AF7+AF8,1381.4,131.25,25.505,114.29,44.813,-0.34678,-0.35289,-0.34011,0.50072,0.50014,0.50063,Medium,
2026-06-26T20:50:35,1575.347,active,1,AF7+AF8,1662.5,139.17,34.459,126.37,56.218,-0.34655,-0.35098,-0.33714,0.50133,0.50076,0.50062,Medium,
2026-06-26T20:50:36,1576.353,active,1,AF7+AF8,136.84,24.491,11.143,34.887,23.461,-0.35444,-0.35672,-0.36024,0.50112,0.50058,0.50058,Medium,
2026-06-26T20:50:37,1577.354,active,1,AF7+AF8,117.33,20.399,10.203,28.324,23.109,-0.35462,-0.35676,-0.36183,0.50091,0.50041,0.50055,Medium,
2026-06-26T20:50:38,1578.363,active,1,AF7+AF8,81.128,27.532,8.267,27.15,24.663,-0.35413,-0.35731,-0.36192,0.50073,0.50024,0.50053,Medium,
2026-06-26T20:50:39,1579.367,active,1,AF7+AF8,51.111,50.16,8.5757,28.986,27.298,-0.35256,-0.35729,-0.36114,0.50058,0.50008,0.50057,Medium,
2026-06-26T20:50:40,1580.371,active,1,AF7+AF8,152.09,88.205,11.118,32.248,28.841,-0.3494,-0.3566,-0.36047,0.50046,0.49991,0.50077,Medium,
2026-06-26T20:50:41,1581.372,active,1,AF7+AF8,361.73,76.657,12.776,82.179,102.92,-0.35028,-0.35625,-0.34672,0.5009,0.50023,0.50076,Medium,
2026-06-26T20:50:42,1582.377,active,1,AF7+AF8,723.61,66.152,25.107,183.08,301.39,-0.35114,-0.35342,-0.31854,0.50298,0.50254,0.50071,Medium,
2026-06-26T20:50:43,1583.378,active,1,AF7+AF8,168.75,25.353,17.133,88.922,107.39,-0.35421,-0.35532,-0.34571,0.50276,0.50236,0.50064,Medium,
2026-06-26T20:50:44,1584.382,active,1,AF7+AF8,102.04,30.031,10.562,50.835,32.555,-0.35394,-0.35684,-0.35588,0.50245,0.50205,0.50061,Medium,
2026-06-26T20:50:45,1585.385,active,1,AF7+AF8,208.58,47.971,11.639,36.397,25.362,-0.35266,-0.35653,-0.35893,0.50212,0.50171,0.50059,Medium,
2026-06-26T20:50:46,1586.388,active,1,AF7+AF8,114.05,28.656,10.332,30.52,20.517,-0.35406,-0.35693,-0.361,0.5018,0.5014,0.50056,Medium,
2026-06-26T20:50:47,1587.394,active,1,AF7+AF8,24.302,15.254,5.5264,24.43,17.021,-0.35506,-0.35801,-0.36301,0.50151,0.50111,0.50054,Medium,
2026-06-26T20:50:48,1588.400,active,1,AF7+AF8,8.6764,7.2522,3.3814,20.344,16.81,-0.35561,-0.35854,-0.36421,0.50124,0.50085,0.50052,Medium,
2026-06-26T20:50:49,1589.405,active,1,AF7+AF8,5.8305,6.2362,3.4948,22.616,16.75,-0.35567,-0.35857,-0.36348,0.50102,0.50063,0.5005,Medium,
2026-06-26T20:50:50,1590.410,active,1,AF7+AF8,6.5608,6.8127,4.5266,18.37,12.89,-0.35565,-0.35836,-0.36446,0.50081,0.50042,0.50048,Medium,
2026-06-26T20:50:51,1591.416,active,1,AF7+AF8,23.651,11.772,6.8186,16.132,13.515,-0.3553,-0.35771,-0.36507,0.5006,0.50023,0.50046,Medium,
2026-06-26T20:50:52,1592.421,active,1,AF7+AF8,88.244,38.541,9.6228,20.644,13.925,-0.35331,-0.35701,-0.36394,0.50042,0.50004,0.50046,Medium,
2026-06-26T20:50:53,1593.426,active,1,AF7+AF8,162.04,60.512,7.2146,20.104,16.667,-0.35149,-0.35753,-0.36402,0.50028,0.49985,0.50064,Medium,
2026-06-26T20:50:54,1594.431,active,1,AF7+AF8,135.37,48.057,9.8369,27.525,23.806,-0.35242,-0.35697,-0.36201,0.50017,0.49972,0.50063,Medium,
2026-06-26T20:50:55,1595.439,active,1,AF7+AF8,144.75,32.823,8.947,25.008,21.914,-0.35374,-0.35725,-0.3629,0.50006,0.49962,0.50061,Medium,
2026-06-26T20:50:56,1596.446,active,1,AF7+AF8,174.4,79.444,12.348,21.282,18.78,-0.35043,-0.35613,-0.36379,0.49994,0.49946,0.50067,Medium,
2026-06-26T20:50:57,1597.451,active,1,AF7+AF8,474.81,116.91,11.986,23.759,30.716,-0.34801,-0.35628,-0.36285,0.49985,0.4993,0.50089,Medium,
2026-06-26T20:50:58,1598.458,active,1,AF7+AF8,12592,1482.7,238.74,288.28,266.75,-0.24598,-0.29144,-0.27596,0.5011,0.49894,0.50376,Medium,
2026-06-26T20:50:59,1599.463,active,1,AF7+AF8,46487,3940.2,828.96,814.93,278.6,-0.048147,-0.12101,-0.098769,0.50211,0.49831,0.50697,Medium,
2026-06-26T20:51:00,1600.468,active,1,AF7+AF8,14555,1022.1,215.89,237.89,64.364,-0.27588,-0.29841,-0.29383,0.50192,0.49824,0.50647,Medium,
2026-06-26T20:51:01,1601.475,active,1,AF7+AF8,325.66,256.78,43.545,102.38,64.788,-0.33576,-0.34703,-0.34231,0.50176,0.4988,0.50586,Medium,
2026-06-26T20:51:02,1602.480,active,1,AF7+AF8,84.646,57.548,12.286,35.977,23.43,-0.35163,-0.3561,-0.36018,0.50149,0.49888,0.50523,Medium,
2026-06-26T20:51:03,1603.482,active,1,AF7+AF8,79.292,26.58,7.9772,19.801,17.673,-0.35431,-0.35745,-0.36419,0.50121,0.49887,0.50465,Medium,
2026-06-26T20:51:04,1604.489,active,1,AF7+AF8,155.83,41.397,9.3093,26.767,19.917,-0.35325,-0.357,-0.36178,0.50099,0.49891,0.50415,Medium,
2026-06-26T20:51:05,1605.495,active,1,AF7+AF8,106.12,33.293,8.9326,34.758,24.034,-0.35373,-0.35719,-0.35956,0.50084,0.49913,0.5037,Medium,
2026-06-26T20:51:06,1606.499,active,1,AF7+AF8,81.686,23.845,8.6138,32.558,22.391,-0.35442,-0.3572,-0.36057,0.50069,0.49919,0.5033,Medium,
2026-06-26T20:51:07,1607.505,active,1,AF7+AF8,10.625,6.7845,4.9426,26.099,20.336,-0.35564,-0.35818,-0.36237,0.50054,0.49919,0.50294,Medium,
2026-06-26T20:51:08,1608.511,active,1,AF7+AF8,6.3722,7.3121,4.702,26.83,22.262,-0.35563,-0.3583,-0.36207,0.50042,0.49919,0.50263,Medium,
2026-06-26T20:51:09,1609.516,active,1,AF7+AF8,13.723,7.1087,5.0829,33.939,25.998,-0.35564,-0.35826,-0.3598,0.50035,0.49936,0.50235,Medium,
2026-06-26T20:51:10,1610.525,active,1,AF7+AF8,23.521,13.637,5.3738,35.01,23.093,-0.3552,-0.35812,-0.35984,0.50028,0.4994,0.50211,Medium,
2026-06-26T20:51:11,1611.531,active,1,AF7+AF8,19.731,16.378,5.9862,27.645,20.126,-0.35501,-0.35798,-0.36237,0.50018,0.49936,0.5019,Medium,
2026-06-26T20:51:12,1612.535,active,1,AF7+AF8,9.9678,7.7972,6.5427,28.639,22.37,-0.35561,-0.35791,-0.36223,0.50009,0.49934,0.50171,Medium,
2026-06-26T20:51:13,1613.540,active,1,AF7+AF8,120.95,18.961,5.2736,30.452,43.836,-0.35468,-0.35817,-0.36181,0.50003,0.49931,0.50156,Medium,
2026-06-26T20:51:14,1614.545,active,1,AF7+AF8,239.09,31.67,7.7567,22.447,36.476,-0.35358,-0.35756,-0.3637,0.49993,0.49924,0.50143,Medium,
2026-06-26T20:51:15,1615.548,active,1,AF7+AF8,118.56,27.222,8.8437,22.428,18.431,-0.35409,-0.35721,-0.36348,0.49985,0.49919,0.50131,Medium,
2026-06-26T20:51:16,1616.554,active,1,AF7+AF8,224.6,30.998,6.9877,32.989,21.63,-0.35405,-0.35773,-0.36047,0.49982,0.4992,0.5012,Medium,
2026-06-26T20:51:17,1617.556,active,1,AF7+AF8,67.574,17.975,4.2376,30.316,21.865,-0.35487,-0.35837,-0.36142,0.4998,0.49919,0.50111,Medium,
2026-06-26T20:51:18,1618.562,active,1,AF7+AF8,141.4,27.528,3.9525,20.737,21.811,-0.35418,-0.35845,-0.36385,0.49974,0.49915,0.50104,Medium,
2026-06-26T20:51:19,1619.567,active,1,AF7+AF8,66.646,14.041,3.1015,19.498,16.54,-0.35517,-0.35865,-0.36433,0.49969,0.49911,0.50097,Medium,
2026-06-26T20:51:20,1620.574,active,1,AF7+AF8,13.317,11.777,4.4502,20.397,15.725,-0.35531,-0.3583,-0.36432,0.49964,0.49908,0.5009,Medium,
2026-06-26T20:51:21,1621.580,active,1,AF7+AF8,26.634,14.28,6.0833,21.926,17.885,-0.3551,-0.35789,-0.3639,0.49959,0.49906,0.50083,Medium,
2026-06-26T20:51:22,1622.583,active,1,AF7+AF8,94.548,29.345,9.1116,23.821,18.233,-0.35395,-0.35706,-0.36328,0.49954,0.49903,0.50078,Medium,
2026-06-26T20:51:23,1623.588,active,1,AF7+AF8,358.88,53.518,13.571,29.629,21.934,-0.3522,-0.35604,-0.36141,0.49952,0.49901,0.50074,Medium,
2026-06-26T20:51:24,1624.594,active,1,AF7+AF8,1097.9,110.82,68.688,79.137,66.745,-0.3484,-0.34374,-0.34735,0.49954,0.49968,0.50058,Medium,
2026-06-26T20:51:25,1625.596,active,1,AF7+AF8,3693.9,499.04,129.71,210.59,205.57,-0.31908,-0.32942,-0.31101,0.5012,0.50048,0.50101,Medium,
2026-06-26T20:51:26,1626.605,active,1,AF7+AF8,2843.7,277.07,39.842,83.532,80.891,-0.33477,-0.34981,-0.34683,0.5011,0.50024,0.50153,Medium,
2026-06-26T20:51:27,1627.610,active,1,AF7+AF8,230.96,14.871,8.7504,31.115,19.518,-0.35504,-0.35714,-0.36058,0.50091,0.50013,0.50138,Medium,
2026-06-26T20:51:28,1628.612,active,1,AF7+AF8,18.786,9.0607,5.6559,24.748,18.285,-0.35551,-0.35801,-0.36296,0.50073,0.5,0.50125,Medium,
2026-06-26T20:51:29,1629.616,active,1,AF7+AF8,69.062,15.109,7.6884,26.301,15.451,-0.35508,-0.35759,-0.36259,0.50057,0.49989,0.50114,Medium,
2026-06-26T20:51:30,1630.622,active,1,AF7+AF8,343.35,48.183,17.538,36.653,25.742,-0.35257,-0.35492,-0.35991,0.50042,0.49979,0.50104,Medium,
2026-06-26T20:51:31,1631.625,active,1,AF7+AF8,1977.1,497.33,134.06,210.66,157.66,-0.31807,-0.32351,-0.3084,0.5013,0.50064,0.50099,Medium,
2026-06-26T20:51:32,1632.630,active,1,AF7+AF8,2740,515.89,147.69,292.77,243.59,-0.31771,-0.31972,-0.28353,0.50324,0.50282,0.50091,Medium,
2026-06-26T20:51:33,1633.636,active,1,AF7+AF8,731.02,140.22,35.788,78.692,59.646,-0.34617,-0.35009,-0.34778,0.50288,0.50246,0.50086,Medium,
2026-06-26T20:51:34,1634.642,active,1,AF7+AF8,145.45,54.256,12.841,23.572,20.665,-0.35201,-0.35611,-0.36316,0.50243,0.502,0.50081,Medium,
2026-06-26T20:51:35,1635.647,active,1,AF7+AF8,41.779,27.431,11.067,28.08,17.435,-0.35407,-0.35664,-0.36188,0.50206,0.50164,0.50076,Medium,
2026-06-26T20:51:36,1636.649,active,1,AF7+AF8,63.298,29.619,13.93,36.819,19.6,-0.35392,-0.35603,-0.35988,0.50176,0.50135,0.5007,Medium,
2026-06-26T20:51:37,1637.652,active,1,AF7+AF8,32.314,11.877,5.987,29.609,22.581,-0.35526,-0.35798,-0.36189,0.50149,0.50109,0.50065,Medium,
2026-06-26T20:51:38,1638.659,active,1,AF7+AF8,79.816,10.548,4.3339,24.642,19.792,-0.35533,-0.35838,-0.36315,0.50124,0.50084,0.50062,Medium,
2026-06-26T20:51:39,1639.669,active,1,AF7+AF8,222.89,20.299,6.941,22.421,23.427,-0.35458,-0.35773,-0.36371,0.501,0.5006,0.50059,Medium,
2026-06-26T20:51:40,1640.675,active,1,AF7+AF8,104.77,57.728,18.725,35.924,41.388,-0.35209,-0.3549,-0.35969,0.50081,0.50042,0.50056,Medium,
2026-06-26T20:51:41,1641.676,active,1,AF7+AF8,133.26,58.159,14.979,38.628,30.868,-0.35207,-0.35581,-0.35845,0.50067,0.50027,0.50055,Medium,
2026-06-26T20:51:42,1642.682,active,1,AF7+AF8,81.738,43.164,12.165,29.971,22.708,-0.35312,-0.3564,-0.36114,0.50052,0.50012,0.50054,Medium,
2026-06-26T20:51:43,1643.688,active,1,AF7+AF8,48.405,29.692,12.402,32.68,25.446,-0.35406,-0.3563,-0.36038,0.5004,0.50001,0.50051,Medium,
2026-06-26T20:51:44,1644.698,active,1,AF7+AF8,273.54,51.142,10.683,47.418,44.538,-0.35271,-0.35662,-0.35601,0.50036,0.49996,0.5005,Medium,
2026-06-26T20:51:45,1645.707,active,1,AF7+AF8,1767.5,233.95,25.97,77.755,84.216,-0.34062,-0.35286,-0.34821,0.50049,0.49985,0.50112,Medium,
2026-06-26T20:51:46,1646.714,active,1,AF7+AF8,903.98,102.25,16.294,45.269,36.955,-0.34932,-0.35539,-0.35663,0.50041,0.49976,0.50108,Medium,
2026-06-26T20:51:47,1647.719,active,1,AF7+AF8,36.004,22.021,9.5258,33.424,21.651,-0.35451,-0.35716,-0.35954,0.50033,0.49971,0.50099,Medium,
2026-06-26T20:51:48,1648.722,active,1,AF7+AF8,25.362,21.598,7.4291,27.253,24.54,-0.35458,-0.35757,-0.36139,0.50023,0.49964,0.50091,Medium,
2026-06-26T20:51:49,1649.728,active,1,AF7+AF8,13.232,13.337,6.1612,26.46,23.542,-0.3552,-0.35795,-0.36158,0.50015,0.49959,0.50084,Medium,
2026-06-26T20:51:50,1650.729,active,1,AF7+AF8,181.26,20.867,4.2183,33.48,26.543,-0.35459,-0.3584,-0.36009,0.50011,0.49956,0.5008,Medium,
2026-06-26T20:51:51,1651.736,active,1,AF7+AF8,332.26,39.934,5.8628,30.098,21.131,-0.35308,-0.35788,-0.36156,0.50004,0.49948,0.50078,Medium,
2026-06-26T20:51:52,1652.739,active,1,AF7+AF8,68.035,17.641,5.8984,24.883,17.979,-0.35477,-0.35789,-0.36297,0.49996,0.49942,0.50073,Medium,
2026-06-26T20:51:53,1653.744,active,1,AF7+AF8,22.835,14.745,5.2612,25.698,17.717,-0.35506,-0.35815,-0.36293,0.49989,0.49937,0.50069,Medium,
2026-06-26T20:51:54,1654.751,active,1,AF7+AF8,150.45,40.251,5.4726,34.206,30.265,-0.35332,-0.35814,-0.35971,0.49988,0.49935,0.50068,Medium,
2026-06-26T20:51:55,1655.759,active,1,AF7+AF8,98.033,27.199,5.9307,48.514,39.373,-0.35424,-0.35798,-0.35553,0.50014,0.49964,0.50065,Medium,
2026-06-26T20:51:56,1656.762,active,1,AF7+AF8,107.29,33.228,8.6599,40.355,35.859,-0.35369,-0.35742,-0.35835,0.50011,0.49962,0.50063,Medium,
2026-06-26T20:51:57,1657.769,active,1,AF7+AF8,128.18,41.894,9.022,39.672,30.248,-0.35309,-0.35722,-0.35871,0.50007,0.49958,0.50062,Medium,
2026-06-26T20:51:58,1658.775,active,1,AF7+AF8,212.4,48.321,10.708,33.051,25.359,-0.35272,-0.3567,-0.36038,0.50001,0.49951,0.5006,Medium,
2026-06-26T20:51:59,1659.780,active,1,AF7+AF8,226.9,59.535,11.584,38.8,30.129,-0.35192,-0.35672,-0.35866,0.49998,0.49947,0.5006,Medium,
2026-06-26T20:52:00,1660.789,active,1,AF7+AF8,31.385,14.413,6.1924,38.46,28.018,-0.35513,-0.35791,-0.35911,0.49996,0.49949,0.50057,Medium,
2026-06-26T20:52:01,1661.800,active,1,AF7+AF8,7.7096,11.461,5.9662,42.838,25.563,-0.35531,-0.35786,-0.35782,0.49999,0.49961,0.50054,Medium,
2026-06-26T20:52:02,1662.807,active,1,AF7+AF8,27.872,26.456,9.3567,42.879,36.846,-0.35415,-0.35707,-0.35748,0.49998,0.49961,0.50052,Medium,
2026-06-26T20:52:03,1663.818,active,1,AF7+AF8,1651.5,69.577,21.313,64.055,63.088,-0.35116,-0.35423,-0.35079,0.50025,0.49987,0.5005,Medium,
2026-06-26T20:52:04,1664.825,active,1,AF7+AF8,16973,410.94,104.25,223.08,206.85,-0.32613,-0.33364,-0.30085,0.50256,0.50184,0.50076,Medium,
2026-06-26T20:52:05,1665.830,active,1,AF7+AF8,10116,217.86,54.051,111.14,95.31,-0.33994,-0.34566,-0.33597,0.5024,0.50168,0.50076,Medium,
2026-06-26T20:52:06,1666.832,active,1,AF7+AF8,166.67,14.218,8.5293,43.327,36.63,-0.35512,-0.35737,-0.35748,0.50211,0.50145,0.5007,Medium,
2026-06-26T20:52:07,1667.836,active,1,AF7+AF8,72.486,20.603,13.846,50.756,42.836,-0.35457,-0.35612,-0.3551,0.50187,0.50126,0.50064,Medium,
2026-06-26T20:52:08,1668.844,active,1,AF7+AF8,44.348,15.002,7.1348,32.146,24.239,-0.355,-0.3576,-0.36068,0.5016,0.50103,0.5006,Medium,
2026-06-26T20:52:09,1669.849,active,1,AF7+AF8,10.18,12.093,10.853,32.676,27.504,-0.35528,-0.35676,-0.36032,0.50135,0.50083,0.50055,Medium,
2026-06-26T20:52:10,1670.857,active,1,AF7+AF8,10.424,12.016,15.128,34.617,31.323,-0.35524,-0.35579,-0.35974,0.50113,0.50066,0.50049,Medium,
2026-06-26T20:52:11,1671.865,active,1,AF7+AF8,24.555,10.614,7.1083,26.817,25.269,-0.35533,-0.35772,-0.36231,0.50093,0.50048,0.50047,Medium,
2026-06-26T20:52:12,1672.872,active,1,AF7+AF8,128.67,34.53,8.1661,22.613,16.386,-0.35359,-0.3575,-0.36338,0.50073,0.50027,0.50048,Medium,
2026-06-26T20:52:13,1673.875,active,1,AF7+AF8,173.13,63.428,10.747,39.064,44.759,-0.35131,-0.35684,-0.35856,0.50062,0.50013,0.50061,Medium,
2026-06-26T20:52:14,1674.878,active,1,AF7+AF8,95.678,42.784,9.0386,47.337,50.653,-0.35293,-0.35718,-0.35616,0.50056,0.50007,0.5006,Medium,
2026-06-26T20:52:15,1675.882,active,1,AF7+AF8,42.906,30.593,6.2318,39.647,34.712,-0.35402,-0.35789,-0.35853,0.50048,0.49999,0.50058,Medium,
2026-06-26T20:52:16,1676.884,active,1,AF7+AF8,146.47,48.415,6.4234,38.368,31.296,-0.3524,-0.3579,-0.35908,0.5004,0.49989,0.50065,Medium,
2026-06-26T20:52:17,1677.890,active,1,AF7+AF8,516.44,178.29,20.034,44.572,37.746,-0.34227,-0.35468,-0.3573,0.50032,0.49968,0.50119,Medium,
2026-06-26T20:52:18,1678.900,active,1,AF7+AF8,432.25,120.37,16.32,40.266,35.865,-0.34722,-0.35563,-0.35812,0.50024,0.49955,0.50117,Medium,
2026-06-26T20:52:19,1679.907,active,1,AF7+AF8,114.89,29.012,8.3902,35.282,25.293,-0.35406,-0.35735,-0.35933,0.50018,0.49953,0.50108,Medium,
2026-06-26T20:52:20,1680.915,active,1,AF7+AF8,18.858,13.71,10.004,42.966,27.368,-0.35507,-0.35687,-0.35775,0.50015,0.49961,0.50098,Medium,
2026-06-26T20:52:21,1681.921,active,1,AF7+AF8,6.5091,7.77,5.2075,46.372,30.239,-0.35557,-0.35818,-0.35682,0.50016,0.49975,0.5009,Medium,
2026-06-26T20:52:22,1682.924,active,1,AF7+AF8,20.411,8.1339,5.7086,42.242,32.173,-0.35556,-0.35803,-0.35782,0.50015,0.49975,0.50083,Medium,
2026-06-26T20:52:23,1683.930,active,1,AF7+AF8,202.59,18.503,11.3,52.187,35.307,-0.35475,-0.35657,-0.35454,0.50021,0.49991,0.50076,Medium,
2026-06-26T20:52:24,1684.932,active,1,AF7+AF8,137.4,13.956,8.7075,43.614,36.302,-0.35511,-0.35716,-0.35732,0.50018,0.49989,0.5007,Medium,
2026-06-26T20:52:25,1685.939,active,1,AF7+AF8,10.181,9.5636,4.8364,37.797,34.221,-0.35549,-0.35812,-0.35903,0.50015,0.49985,0.50065,Medium,
2026-06-26T20:52:26,1686.946,active,1,AF7+AF8,99.764,33.151,5.4632,35.853,23.821,-0.35368,-0.35803,-0.35965,0.50011,0.49978,0.50064,Medium,
2026-06-26T20:52:27,1687.956,active,1,AF7+AF8,261.55,52.922,8.6466,28.779,19.482,-0.35209,-0.35717,-0.36165,0.50003,0.49966,0.50064,Medium,
2026-06-26T20:52:28,1688.964,active,1,AF7+AF8,462,32.155,13.343,23.997,18.069,-0.35364,-0.35599,-0.36319,0.49991,0.49956,0.5006,Medium,
2026-06-26T20:52:29,1689.971,active,1,AF7+AF8,165.92,15.764,10.331,23.33,16.103,-0.35498,-0.35685,-0.36324,0.49983,0.49949,0.50055,Medium,
2026-06-26T20:52:30,1690.977,active,1,AF7+AF8,100.26,33.913,7.3546,28.901,19.763,-0.35352,-0.35755,-0.36203,0.49978,0.49942,0.50055,Medium,
2026-06-26T20:52:31,1691.983,active,1,AF7+AF8,203.38,46.36,7.234,28.864,23.699,-0.3525,-0.35764,-0.36201,0.49974,0.49935,0.5006,Medium,
2026-06-26T20:52:32,1692.984,active,1,AF7+AF8,50.328,15.86,4.4371,28.943,19.522,-0.35493,-0.35827,-0.36193,0.49972,0.49932,0.50058,Medium,
2026-06-26T20:52:33,1693.990,active,1,AF7+AF8,18.931,9.8638,3.5547,26.63,16.521,-0.35544,-0.35852,-0.36244,0.49969,0.4993,0.50056,Medium,
2026-06-26T20:52:34,1694.994,active,1,AF7+AF8,16.709,12.19,7.66,25.969,19.266,-0.35527,-0.35748,-0.36252,0.49965,0.49927,0.50052,Medium,
2026-06-26T20:52:35,1696.000,active,1,AF7+AF8,69.194,39.098,11.91,29.442,18.668,-0.35314,-0.35616,-0.36168,0.49961,0.49923,0.50051,Medium,
2026-06-26T20:52:36,1697.006,active,1,AF7+AF8,150.18,39.898,8.8539,35.816,22.735,-0.35305,-0.35702,-0.36021,0.49961,0.49922,0.50051,Medium,
2026-06-26T20:52:37,1698.014,active,1,AF7+AF8,724.15,127.17,20.648,46.164,29.619,-0.3457,-0.35357,-0.3567,0.49961,0.49915,0.50079,Medium,
2026-06-26T20:52:38,1699.021,active,1,AF7+AF8,7153.2,975.87,112.94,146.14,49.444,-0.27361,-0.32602,-0.32129,0.5002,0.49853,0.50425,Medium,
2026-06-26T20:52:39,1700.027,active,1,AF7+AF8,4762.7,586.17,65.885,111.57,46.132,-0.30661,-0.34012,-0.33489,0.50047,0.49829,0.50424,Medium,
2026-06-26T20:52:40,1701.028,active,1,AF7+AF8,239.63,35.788,8.7024,42.139,32.204,-0.35336,-0.35711,-0.35856,0.50039,0.49892,0.50379,Medium,
2026-06-26T20:52:41,1702.033,active,1,AF7+AF8,56.732,9.5214,5.2906,33.486,24.945,-0.35542,-0.35801,-0.36082,0.5003,0.49916,0.50337,Medium,
2026-06-26T20:52:42,1703.040,active,1,AF7+AF8,14.024,10.292,4.7714,33.483,21.995,-0.35536,-0.35816,-0.36066,0.50023,0.49927,0.50301,Medium,
2026-06-26T20:52:43,1704.047,active,1,AF7+AF8,10.542,12.287,5.467,33.988,19.66,-0.35525,-0.35802,-0.36035,0.50017,0.49932,0.50269,Medium,
2026-06-26T20:52:44,1705.055,active,1,AF7+AF8,21.686,20.745,7.6626,31.697,16.707,-0.35464,-0.35756,-0.36073,0.5001,0.49931,0.50241,Medium,
2026-06-26T20:52:45,1706.060,active,1,AF7+AF8,110.67,54.703,15.025,36.228,19.163,-0.35214,-0.35582,-0.35981,0.50003,0.49928,0.50218,Medium,
2026-06-26T20:52:46,1707.066,active,1,AF7+AF8,241.07,69.247,11.885,31.791,19.791,-0.35092,-0.35651,-0.36109,0.49996,0.49922,0.502,Medium,
2026-06-26T20:52:47,1708.074,active,1,AF7+AF8,153.3,44.158,11.418,21.097,54.008,-0.3527,-0.35646,-0.36398,0.49985,0.49914,0.50182,Medium,
2026-06-26T20:52:48,1709.080,active,1,AF7+AF8,36.509,14.931,5.9849,21.431,72.676,-0.35504,-0.35783,-0.36389,0.49978,0.49911,0.50164,Medium,
2026-06-26T20:52:49,1710.085,active,1,AF7+AF8,8.2368,9.9079,5.3173,27.128,28.432,-0.35542,-0.35797,-0.36246,0.49974,0.49912,0.50148,Medium,
2026-06-26T20:52:50,1711.090,active,1,AF7+AF8,21.333,10.255,6.0357,29.365,27.619,-0.35535,-0.35781,-0.36192,0.49971,0.49915,0.50134,Medium,
2026-06-26T20:52:51,1712.096,active,1,AF7+AF8,42.187,14.66,5.9956,30.248,24.338,-0.35499,-0.35782,-0.3617,0.49968,0.49916,0.50122,Medium,
2026-06-26T20:52:52,1713.101,active,1,AF7+AF8,24.305,11.836,6.3036,30.107,25.808,-0.35525,-0.35785,-0.36179,0.49966,0.49917,0.50111,Medium,
2026-06-26T20:52:53,1714.109,active,1,AF7+AF8,13.521,11.053,4.6422,24.373,22.474,-0.35529,-0.3583,-0.36305,0.49963,0.49916,0.50103,Medium,
2026-06-26T20:52:54,1715.117,active,1,AF7+AF8,18.828,9.2142,4.0895,17.212,18.848,-0.35543,-0.35842,-0.36473,0.49958,0.49912,0.50095,Medium,
2026-06-26T20:52:55,1716.122,active,1,AF7+AF8,19.674,10.033,4.7076,18.625,18.769,-0.3554,-0.35826,-0.36439,0.49954,0.49909,0.50088,Medium,
2026-06-26T20:52:56,1717.128,active,1,AF7+AF8,10.301,7.8303,4.8684,21.18,22.542,-0.35556,-0.35822,-0.36385,0.49951,0.49907,0.50081,Medium,
2026-06-26T20:52:57,1718.133,active,1,AF7+AF8,5.8826,8.6214,3.9671,17.633,23.207,-0.3555,-0.35838,-0.3646,0.49948,0.49905,0.50076,Medium,
2026-06-26T20:52:58,1719.136,active,1,AF7+AF8,6.0653,6.4079,4.1859,18.452,20.324,-0.35566,-0.35836,-0.3646,0.49944,0.49903,0.50071,Medium,
2026-06-26T20:52:59,1720.142,active,1,AF7+AF8,13.004,7.3634,6.2112,26.505,30.085,-0.35561,-0.35792,-0.36277,0.49944,0.49907,0.50066,Medium,
2026-06-26T20:53:01,1721.151,active,1,AF7+AF8,48.927,8.0404,6.6718,28.433,21.681,-0.35556,-0.35786,-0.36238,0.49944,0.49912,0.50061,Medium,
2026-06-26T20:53:02,1722.154,active,1,AF7+AF8,55.83,8.0473,6.2006,21.293,23.05,-0.35552,-0.35786,-0.36402,0.49941,0.4991,0.50057,Medium,
2026-06-26T20:53:03,1723.162,active,1,AF7+AF8,7.8107,7.423,9.5272,31.041,31.638,-0.3556,-0.35701,-0.36175,0.49941,0.49918,0.50053,Medium,
2026-06-26T20:53:04,1724.169,active,1,AF7+AF8,30.602,10.21,11.665,32.826,31.342,-0.35539,-0.35657,-0.36119,0.49942,0.49924,0.50048,Medium,
2026-06-26T20:53:05,1725.177,active,1,AF7+AF8,183.84,31.724,22.604,32.445,39.218,-0.35373,-0.35354,-0.36067,0.49938,0.49922,0.50042,Medium,
2026-06-26T20:53:06,1726.180,active,1,AF7+AF8,243.32,39.143,20.125,55.302,59.404,-0.3531,-0.3541,-0.35426,0.49974,0.4996,0.50038,Medium,
2026-06-26T20:53:07,1727.184,active,1,AF7+AF8,173.8,25.297,8.1646,47.485,59.259,-0.35431,-0.35722,-0.35657,0.49995,0.49967,0.50038,Medium,
2026-06-26T20:53:08,1728.192,active,1,AF7+AF8,37.513,10.441,4.8465,33.664,34.68,-0.35543,-0.35823,-0.36057,0.49992,0.49963,0.50038,Medium,
2026-06-26T20:53:09,1729.199,active,1,AF7+AF8,14.219,7.482,5.952,27.645,17.709,-0.35562,-0.35802,-0.36247,0.49986,0.49958,0.50037,Medium,
2026-06-26T20:53:10,1730.204,active,1,AF7+AF8,13.245,10.334,5.1589,22.859,15.831,-0.3554,-0.35815,-0.36363,0.49979,0.4995,0.50037,Medium,
2026-06-26T20:53:11,1731.211,active,1,AF7+AF8,12.4,9.3389,5.7694,20.278,17.257,-0.35548,-0.35796,-0.36417,0.49973,0.49943,0.50036,Medium,
2026-06-26T20:53:12,1732.215,active,1,AF7+AF8,15.056,10.575,6.3828,23.295,16.706,-0.35539,-0.35785,-0.36344,0.49967,0.49938,0.50035,Medium,
2026-06-26T20:53:13,1733.221,active,1,AF7+AF8,21.631,12.68,7.5715,26.9,16.299,-0.35516,-0.35741,-0.36261,0.49964,0.49934,0.50034,Medium,
2026-06-26T20:53:14,1734.226,active,1,AF7+AF8,60.628,31.416,14.723,30.742,19.653,-0.35386,-0.35578,-0.36169,0.49959,0.4993,0.50033,Medium,
2026-06-26T20:53:15,1735.227,active,1,AF7+AF8,462.68,261.76,168.89,126.83,20.78,-0.33863,-0.32223,-0.33986,0.49938,0.49963,0.50005,Medium,
2026-06-26T20:53:16,1736.230,active,1,AF7+AF8,421.77,250.66,165.51,121.38,25.37,-0.33941,-0.32283,-0.34113,0.49918,0.49972,0.49979,Medium,
2026-06-26T20:53:17,1737.236,active,1,AF7+AF8,87.454,63.187,28.773,52.375,24.542,-0.35165,-0.35245,-0.3558,0.49942,0.49969,0.49998,Medium,
2026-06-26T20:53:18,1738.245,active,1,AF7+AF8,20.652,34.003,22.544,50.84,25.685,-0.35372,-0.35387,-0.3559,0.49962,0.49971,0.5,Medium,
2026-06-26T20:53:19,1739.252,active,1,AF7+AF8,31.972,9.2417,5.954,27.817,18.797,-0.3555,-0.35793,-0.36242,0.49959,0.49964,0.50018,Medium,
2026-06-26T20:53:20,1740.259,active,1,AF7+AF8,113.75,27.992,6.442,23.98,19.146,-0.35397,-0.35778,-0.36334,0.49956,0.49955,0.50036,Medium,
2026-06-26T20:53:21,1741.265,active,1,AF7+AF8,124.14,43.456,7.3585,27.828,20.366,-0.35267,-0.35748,-0.36238,0.49954,0.49946,0.5005,Medium,
2026-06-26T20:53:22,1742.267,active,1,AF7+AF8,25.093,14.996,7.4098,34.703,21.699,-0.35498,-0.35762,-0.36082,0.49958,0.49943,0.50048,Medium,
2026-06-26T20:53:23,1743.274,active,1,AF7+AF8,12.057,12.056,5.0371,27.115,21.698,-0.35523,-0.35823,-0.36268,0.49956,0.49939,0.50047,Medium,
2026-06-26T20:53:24,1744.280,active,1,AF7+AF8,12.151,10.218,4.925,25.869,19.55,-0.35538,-0.35824,-0.36298,0.49954,0.49935,0.50046,Medium,
2026-06-26T20:53:25,1745.282,active,1,AF7+AF8,65.985,18.971,7.0382,28.504,18.59,-0.35484,-0.3578,-0.36229,0.49953,0.49931,0.50045,Medium,
2026-06-26T20:53:26,1746.284,active,1,AF7+AF8,147.89,36.833,7.6559,28.03,18.249,-0.35349,-0.35765,-0.3623,0.49952,0.49926,0.50049,Medium,
2026-06-26T20:53:27,1747.290,active,1,AF7+AF8,166.11,49.324,5.8555,32.161,19.675,-0.35234,-0.35802,-0.36121,0.49957,0.49922,0.50062,Medium,
2026-06-26T20:53:28,1748.292,active,1,AF7+AF8,9783.5,5392.1,1173.9,377.68,42.47,0.099749,-0.0062514,-0.23661,0.49617,0.49428,0.5082,Medium,
2026-06-26T20:53:29,1749.300,active,1,AF7+AF8,54691,40231,8600.9,2329.5,207.96,3.0135,2.2069,0.45762,0.47194,0.46112,0.56296,Medium,
2026-06-26T20:53:30,1750.302,active,1,AF7+AF8,42908,18913,4271.5,1127,121.22,1.2024,0.90161,0.025757,0.46238,0.44862,0.55991,Medium,
2026-06-26T20:53:31,1751.305,active,1,AF7+AF8,9653,449.31,180.03,97.324,18.425,-0.3198,-0.30594,-0.33722,0.4826,0.47814,0.55251,Medium,
2026-06-26T20:53:32,1752.311,active,1,AF7+AF8,155.87,32.606,11.055,26.809,13.383,-0.35348,-0.35638,-0.36248,0.49258,0.49058,0.54625,Medium,
2026-06-26T20:53:33,1753.317,active,1,AF7+AF8,125.16,17.377,9.6398,19.094,12.832,-0.35479,-0.35676,-0.36423,0.49647,0.49553,0.54073,Medium,
2026-06-26T20:53:34,1754.324,active,1,AF7+AF8,21.671,7.1318,5.4489,17.353,13.343,-0.35563,-0.35805,-0.36485,0.49808,0.49752,0.53588,Medium,
2026-06-26T20:53:35,1755.330,active,1,AF7+AF8,32.886,21.486,7.8667,24.821,16.346,-0.3546,-0.35744,-0.36281,0.49883,0.49839,0.53162,Medium,
2026-06-26T20:53:36,1756.340,active,1,AF7+AF8,105.2,49.996,12.518,30.817,15.716,-0.35253,-0.3563,-0.36127,0.49916,0.4987,0.52788,Medium,
2026-06-26T20:53:37,1757.342,active,1,AF7+AF8,48.036,17.671,7.6615,29.645,18.722,-0.35487,-0.3576,-0.36205,0.49933,0.49894,0.52458,Medium,
2026-06-26T20:53:38,1758.348,active,1,AF7+AF8,7849.5,438.67,55.289,61.331,43.334,-0.32664,-0.34565,-0.35431,0.49928,0.49865,0.52191,Medium,
2026-06-26T20:53:39,1759.355,active,1,AF7+AF8,50959,2672,302.82,136.62,81.857,-0.17982,-0.28979,-0.3366,0.49866,0.49646,0.52093,Medium,
2026-06-26T20:53:40,1760.359,active,1,AF7+AF8,30427,1687.9,197.07,109.06,136.35,-0.24602,-0.31585,-0.3437,0.49841,0.49542,0.51947,Medium,
2026-06-26T20:53:41,1761.364,active,1,AF7+AF8,963.25,66.126,12.2,58.361,73.262,-0.3517,-0.35663,-0.35541,0.49945,0.49789,0.5172,Medium,
2026-06-26T20:53:42,1762.370,active,1,AF7+AF8,101.79,14.44,7.0755,40.129,35.01,-0.35507,-0.35771,-0.35956,0.49964,0.49882,0.51518,Medium,
2026-06-26T20:53:43,1763.381,active,1,AF7+AF8,1284.5,157.96,26.866,53.579,39.241,-0.3448,-0.35244,-0.35627,0.49963,0.49879,0.51347,Medium,
2026-06-26T20:53:44,1764.384,active,1,AF7+AF8,8296.9,736.46,130.2,98.006,114.25,-0.30479,-0.32846,-0.34251,0.49946,0.49837,0.51221,Medium,
2026-06-26T20:53:45,1765.391,active,1,AF7+AF8,28051,1501.6,373.64,346.11,514.93,-0.254,-0.27335,-0.26725,0.50024,0.49837,0.51104,Medium,
2026-06-26T20:53:46,1766.394,active,1,AF7+AF8,9182.8,441.5,128.43,295.42,378.34,-0.3251,-0.32875,-0.284,0.50345,0.50243,0.50977,Medium,
2026-06-26T20:53:47,1767.399,active,1,AF7+AF8,757.97,91.699,24.915,92.911,114.95,-0.34886,-0.35299,-0.34457,0.50316,0.5022,0.50866,Medium,
2026-06-26T20:53:48,1768.404,active,1,AF7+AF8,1916.7,182.7,26.858,42.035,30.675,-0.34142,-0.35248,-0.35804,0.5027,0.50169,0.50778,Medium,
2026-06-26T20:53:49,1769.409,active,1,AF7+AF8,1634.4,102.33,27.889,57.61,34.877,-0.34803,-0.35237,-0.35353,0.50236,0.5014,0.50691,Medium,
2026-06-26T20:53:50,1770.416,active,1,AF7+AF8,758.67,46.195,26.92,67.662,47.812,-0.35259,-0.35248,-0.34936,0.50212,0.50128,0.50608,Medium,
2026-06-26T20:53:51,1771.428,active,1,AF7+AF8,216.76,36.919,18.677,42.454,30.095,-0.35347,-0.35461,-0.35645,0.50184,0.50108,0.50537,Medium,
2026-06-26T20:53:52,1772.433,active,1,AF7+AF8,61.63,13.931,7.7742,27.952,28.872,-0.35514,-0.35741,-0.3612,0.50156,0.50086,0.50476,Medium,
2026-06-26T20:53:53,1773.435,active,1,AF7+AF8,27.425,6.2919,5.5099,27.956,25.011,-0.35568,-0.35808,-0.36138,0.50133,0.50067,0.50422,Medium,
2026-06-26T20:53:54,1774.445,active,1,AF7+AF8,33.888,8.5647,5.488,36.06,25.762,-0.35552,-0.35806,-0.35916,0.50115,0.50054,0.50376,Medium,
2026-06-26T20:53:55,1775.453,active,1,AF7+AF8,44.965,15.101,7.5771,38.214,27.526,-0.35506,-0.35753,-0.35851,0.501,0.50042,0.50334,Medium,
2026-06-26T20:53:56,1776.459,active,1,AF7+AF8,202.51,38.641,11.55,27.349,23.482,-0.35332,-0.35658,-0.36177,0.5008,0.50024,0.50299,Medium,
2026-06-26T20:53:57,1777.463,active,1,AF7+AF8,415.79,47.99,11.019,32.247,21.167,-0.3526,-0.35672,-0.36079,0.50064,0.50009,0.50269,Medium,
2026-06-26T20:53:58,1778.467,active,1,AF7+AF8,91.941,14.071,6.7183,34.512,21.593,-0.35512,-0.35768,-0.36025,0.50053,0.5,0.50241,Medium,
2026-06-26T20:53:59,1779.474,active,1,AF7+AF8,111.28,15.259,7.152,31.428,19.972,-0.35504,-0.35764,-0.36114,0.50041,0.49991,0.50216,Medium,
2026-06-26T20:54:00,1780.480,active,1,AF7+AF8,297.06,40.51,8.5396,37.607,25.078,-0.35319,-0.35745,-0.35875,0.50034,0.49984,0.50196,Medium,
2026-06-26T20:54:01,1781.485,active,1,AF7+AF8,168.1,45.475,5.3796,44.029,37.695,-0.35267,-0.35817,-0.35698,0.50032,0.49979,0.50181,Medium,
2026-06-26T20:54:02,1782.494,active,1,AF7+AF8,225.72,121.5,20.426,73.749,100.4,-0.34767,-0.35477,-0.35052,0.50045,0.49978,0.5017,Medium,
2026-06-26T20:54:03,1783.501,active,1,AF7+AF8,1913.4,305,52.245,156.65,203.01,-0.33516,-0.34703,-0.32567,0.50178,0.50062,0.50167,Medium,
2026-06-26T20:54:04,1784.506,active,1,AF7+AF8,3043.9,277.06,62.236,271.18,356.27,-0.33707,-0.34334,-0.28617,0.505,0.50407,0.50157,Medium,
2026-06-26T20:54:05,1785.512,active,1,AF7+AF8,364.99,50.21,18.273,153.33,193.63,-0.35261,-0.35457,-0.32042,0.50491,0.50406,0.50141,Medium,
2026-06-26T20:54:06,1786.515,active,1,AF7+AF8,208.69,51.24,13.274,98.435,108.41,-0.3524,-0.35617,-0.33976,0.50457,0.50376,0.5013,Medium,
2026-06-26T20:54:07,1787.518,active,1,AF7+AF8,748.96,98.734,20.492,61.014,40.906,-0.3488,-0.35408,-0.35152,0.50406,0.50327,0.50122,Medium,
2026-06-26T20:54:08,1788.524,active,1,AF7+AF8,466.22,64.505,14.96,36.638,23.303,-0.3513,-0.35553,-0.35864,0.50352,0.50277,0.50114,Medium,
2026-06-26T20:54:09,1789.530,active,1,AF7+AF8,178.04,20.588,6.602,27.72,20.925,-0.35462,-0.35776,-0.36205,0.50304,0.50232,0.50105,Medium,
2026-06-26T20:54:10,1790.536,active,1,AF7+AF8,231.06,48.206,13.227,54.887,41.974,-0.35283,-0.35615,-0.3542,0.5027,0.50203,0.50097,Medium,
2026-06-26T20:54:11,1791.542,active,1,AF7+AF8,844.56,133.19,30.835,189.86,189.03,-0.34691,-0.3518,-0.3127,0.50401,0.50338,0.50093,Medium,
2026-06-26T20:54:12,1792.548,active,1,AF7+AF8,568.64,81.56,25.988,155.1,180.48,-0.35023,-0.35325,-0.32208,0.504,0.50346,0.50086,Medium,
2026-06-26T20:54:13,1793.553,active,1,AF7+AF8,137.94,46.384,14.389,74.554,71.049,-0.35299,-0.35602,-0.34711,0.50365,0.50313,0.5008,Medium,
2026-06-26T20:54:14,1794.559,active,1,AF7+AF8,115.56,106.34,23.59,65.079,75.088,-0.34907,-0.35396,-0.34997,0.50327,0.50274,0.50078,Medium,
2026-06-26T20:54:15,1795.565,active,1,AF7+AF8,114.4,45.599,13.468,45.452,39.139,-0.35284,-0.35613,-0.35636,0.50288,0.50236,0.50074,Medium,
2026-06-26T20:54:16,1796.572,active,1,AF7+AF8,768.2,63.701,14.687,43.243,28.823,-0.35128,-0.35572,-0.35692,0.50251,0.50199,0.50071,Medium,
2026-06-26T20:54:17,1797.576,active,1,AF7+AF8,15338,498.36,37.916,166.55,127.75,-0.31579,-0.34984,-0.3179,0.5034,0.50172,0.50284,Medium,
2026-06-26T20:54:18,1798.582,active,1,AF7+AF8,12515,400.3,32.564,194.15,209.8,-0.3238,-0.35127,-0.30903,0.50453,0.5018,0.5032,Medium,
2026-06-26T20:54:19,1799.586,active,1,AF7+AF8,365.63,23.601,10.81,69.62,101.55,-0.35431,-0.35673,-0.34977,0.50409,0.50165,0.50285,Medium,
2026-06-26T20:54:20,1800.588,active,1,AF7+AF8,26.233,13.829,10.767,52.379,60.961,-0.35505,-0.35682,-0.35528,0.50362,0.50145,0.50253,Medium,
2026-06-26T20:54:21,1801.594,active,1,AF7+AF8,62.084,30.182,10.055,57.823,46.602,-0.35369,-0.35687,-0.35396,0.50323,0.50127,0.50228,Medium,
2026-06-26T20:54:22,1802.596,active,1,AF7+AF8,228.77,31.353,10.723,67.365,42.511,-0.35372,-0.35679,-0.35212,0.50291,0.50114,0.50205,Medium,
2026-06-26T20:54:23,1803.602,active,1,AF7+AF8,356.16,46.979,10.845,33.796,26.005,-0.35271,-0.35677,-0.36065,0.50251,0.50089,0.50186,Medium,
2026-06-26T20:54:24,1804.609,active,1,AF7+AF8,211.38,69.646,10.892,30.087,19.082,-0.35117,-0.35685,-0.36128,0.50214,0.50063,0.50173,Medium,
2026-06-26T20:54:25,1805.616,active,1,AF7+AF8,128.37,47.173,9.441,35.637,20.305,-0.35281,-0.35717,-0.35932,0.50185,0.50045,0.50158,Medium,
2026-06-26T20:54:26,1806.623,active,1,AF7+AF8,145.97,16.754,5.296,33.194,23.629,-0.35491,-0.35806,-0.3604,0.50159,0.50032,0.50144,Medium,
2026-06-26T20:54:27,1807.630,active,1,AF7+AF8,268.96,28.141,10.715,33.063,23.318,-0.3542,-0.35686,-0.36054,0.50135,0.50018,0.50131,Medium,
2026-06-26T20:54:28,1808.640,active,1,AF7+AF8,182.67,20.261,8.4971,33.588,21.442,-0.35478,-0.35739,-0.36023,0.50114,0.50008,0.50119,Medium,
2026-06-26T20:54:29,1809.643,active,1,AF7+AF8,17.628,6.3954,6.1304,34.098,20.353,-0.3557,-0.3579,-0.36027,0.50097,0.5,0.50108,Medium,
2026-06-26T20:54:30,1810.650,active,1,AF7+AF8,808.26,83.939,44.033,152.9,97.86,-0.35062,-0.34894,-0.32574,0.50213,0.50187,0.50093,Medium,
2026-06-26T20:54:31,1811.657,active,1,AF7+AF8,2202.1,184.01,104.7,333.59,217.74,-0.34389,-0.33351,-0.26977,0.50563,0.50631,0.50066,Medium,
2026-06-26T20:54:32,1812.661,active,1,AF7+AF8,770.57,98.281,31.477,85.014,59.604,-0.34932,-0.35131,-0.34432,0.50506,0.50562,0.50061,Medium,
2026-06-26T20:54:33,1813.668,active,1,AF7+AF8,152.55,36.224,10.371,31.889,22.32,-0.35356,-0.35697,-0.36139,0.50439,0.50483,0.50059,Medium,
2026-06-26T20:54:34,1814.674,active,1,AF7+AF8,14.944,7.014,4.8004,30.194,21.814,-0.35564,-0.3583,-0.36184,0.50381,0.50416,0.50056,Medium,
2026-06-26T20:54:35,1815.680,active,1,AF7+AF8,4.068,5.4856,6.3796,34.935,26.76,-0.35574,-0.35789,-0.36053,0.50331,0.50359,0.50052,Medium,
2026-06-26T20:54:36,1816.686,active,1,AF7+AF8,144.72,33.844,7.2189,47.212,30.06,-0.35379,-0.35762,-0.35728,0.50292,0.5031,0.50052,Medium,
2026-06-26T20:54:37,1817.689,active,1,AF7+AF8,2465.9,450.02,22.53,123.13,88.194,-0.32534,-0.35373,-0.3377,0.50281,0.50255,0.50234,Medium,
2026-06-26T20:54:38,1818.696,active,1,AF7+AF8,2221.4,368.31,30.824,104.75,107.43,-0.33093,-0.35183,-0.34176,0.50262,0.50208,0.5025,Medium,
2026-06-26T20:54:39,1819.702,active,1,AF7+AF8,291.25,55.791,15.173,33.567,31.826,-0.3519,-0.35573,-0.36045,0.50224,0.5017,0.50226,Medium,
2026-06-26T20:54:40,1820.708,active,1,AF7+AF8,473.93,115.1,24.293,37.963,35.638,-0.34647,-0.35233,-0.35862,0.50187,0.50131,0.50208,Medium,
2026-06-26T20:54:41,1821.714,active,1,AF7+AF8,268.28,59.236,14.33,33.522,28.049,-0.35119,-0.35532,-0.36016,0.50158,0.50102,0.50189,Medium,
2026-06-26T20:54:42,1822.723,active,1,AF7+AF8,18.497,9.9647,4.5463,21.441,19.27,-0.3554,-0.3583,-0.36363,0.50131,0.50078,0.50171,Medium,
2026-06-26T20:54:43,1823.731,active,1,AF7+AF8,40.79,28.264,4.4499,22.129,18.173,-0.35406,-0.35835,-0.36351,0.50107,0.50054,0.50157,Medium,
2026-06-26T20:54:44,1824.740,active,1,AF7+AF8,18.423,17.973,3.2631,23.734,19.21,-0.35484,-0.35861,-0.36302,0.50088,0.50035,0.50143,Medium,
2026-06-26T20:54:45,1825.752,active,1,AF7+AF8,10.326,7.5723,3.1431,22.182,19.009,-0.35561,-0.35868,-0.36377,0.5007,0.50019,0.50131,Medium,
2026-06-26T20:54:46,1826.758,active,1,AF7+AF8,24.094,11.624,4.4008,21.799,15.832,-0.35534,-0.35829,-0.36401,0.50053,0.50004,0.5012,Medium,
2026-06-26T20:54:47,1827.763,active,1,AF7+AF8,164.58,29.462,9.9025,24.097,16.749,-0.354,-0.35687,-0.36328,0.50037,0.49989,0.50109,Medium,
2026-06-26T20:54:48,1828.769,active,1,AF7+AF8,403.42,54.53,15.084,32.832,19.049,-0.35218,-0.35573,-0.36108,0.50024,0.49977,0.50102,Medium,
2026-06-26T20:54:49,1829.776,active,1,AF7+AF8,249.38,28.179,11.215,25.553,20.512,-0.35402,-0.35674,-0.3629,0.50012,0.49967,0.50094,Medium,
2026-06-26T20:54:50,1830.783,active,1,AF7+AF8,18.032,7.5677,3.6856,19.971,20.146,-0.35561,-0.35854,-0.36435,0.50002,0.49958,0.50087,Medium,
2026-06-26T20:54:51,1831.794,active,1,AF7+AF8,34.195,14.714,4.9086,17.817,17.295,-0.3551,-0.35825,-0.36479,0.49992,0.49948,0.50081,Medium,
2026-06-26T20:54:52,1832.802,active,1,AF7+AF8,164.93,64.696,9.8191,17.484,14.623,-0.35147,-0.35716,-0.36465,0.49982,0.49935,0.5008,Medium,
2026-06-26T20:54:53,1833.809,active,1,AF7+AF8,158.74,51.663,7.2241,15.702,15.215,-0.35233,-0.3577,-0.36521,0.49973,0.49923,0.50078,Medium,
2026-06-26T20:54:54,1834.814,active,1,AF7+AF8,141.67,21.612,5.0613,19.884,16.915,-0.3545,-0.35808,-0.36436,0.49966,0.49918,0.50074,Medium,
2026-06-26T20:54:55,1835.820,active,1,AF7+AF8,41.371,20.908,9.0399,21.363,14.266,-0.35456,-0.35702,-0.36408,0.4996,0.49913,0.50069,Medium,
2026-06-26T20:54:56,1836.826,active,1,AF7+AF8,24.353,12.639,7.2228,20.346,12.698,-0.3552,-0.35757,-0.36435,0.49955,0.4991,0.50064,Medium,
2026-06-26T20:54:57,1837.833,active,1,AF7+AF8,2854.5,225.29,29.35,121.99,145.23,-0.33833,-0.3522,-0.33187,0.50134,0.50012,0.5013,Medium,
2026-06-26T20:54:58,1838.839,active,1,AF7+AF8,6018.7,532.64,84.465,421.69,603.44,-0.31338,-0.3386,-0.24037,0.5079,0.50552,0.50241,Medium,
2026-06-26T20:54:59,1839.844,active,1,AF7+AF8,878.34,138.64,47.472,357.83,655.52,-0.34547,-0.34758,-0.26608,0.50927,0.50816,0.50215,Medium,
2026-06-26T20:55:00,1840.851,active,1,AF7+AF8,256.73,62.993,19.91,209.49,350.04,-0.35159,-0.35423,-0.30668,0.50887,0.50786,0.50193,Medium,
2026-06-26T20:55:01,1841.858,active,1,AF7+AF8,415.28,73.256,12.072,93.115,102.58,-0.35047,-0.35623,-0.34181,0.50802,0.50704,0.50179,Medium,
2026-06-26T20:55:02,1842.862,active,1,AF7+AF8,553.2,116.81,20.606,113.46,156.54,-0.3473,-0.3539,-0.33706,0.50731,0.50635,0.50167,Medium,
2026-06-26T20:55:03,1843.868,active,1,AF7+AF8,414.69,94.705,16.467,93.636,110.96,-0.34894,-0.35504,-0.34332,0.50661,0.50567,0.50156,Medium,
2026-06-26T20:55:04,1844.874,active,1,AF7+AF8,429.19,101.51,17.424,119.71,92.436,-0.34866,-0.35476,-0.33312,0.50614,0.50523,0.50147,Medium,
2026-06-26T20:55:05,1845.882,active,1,AF7+AF8,670.61,131.75,21.009,161.62,114.62,-0.3463,-0.35378,-0.31964,0.50592,0.505,0.5014,Medium,
2026-06-26T20:55:06,1846.890,active,1,AF7+AF8,201.92,65.057,13.353,79.444,61.523,-0.35128,-0.35602,-0.34616,0.50536,0.50448,0.50131,Medium,
2026-06-26T20:55:07,1847.898,active,1,AF7+AF8,111.04,76.124,19.529,51.368,44.107,-0.35023,-0.35448,-0.35486,0.50471,0.50387,0.50121,Medium,
2026-06-26T20:55:08,1848.907,active,1,AF7+AF8,2578.1,1577,590.69,238.33,62.514,-0.23862,-0.20633,-0.30085,0.50273,0.50247,0.50058,Medium,
2026-06-26T20:55:09,1849.910,active,1,AF7+AF8,8628.1,4945.1,1815.9,626.96,89.514,0.011257,0.11059,-0.19075,0.49789,0.49915,0.49902,Medium,
2026-06-26T20:55:10,1850.917,active,1,AF7+AF8,1941.6,921.75,332.06,136.44,35.326,-0.28793,-0.27364,-0.33164,0.49727,0.49859,0.49893,Medium,
2026-06-26T20:55:11,1851.923,active,1,AF7+AF8,99.189,21.354,11.027,44.633,23.578,-0.35457,-0.35664,-0.35848,0.49877,0.49914,0.49973,Medium,
2026-06-26T20:55:12,1852.928,active,1,AF7+AF8,89.361,46.693,11.019,36.365,21.901,-0.35278,-0.35661,-0.36027,0.49923,0.49913,0.50018,Medium,
2026-06-26T20:55:13,1853.935,active,1,AF7+AF8,33.601,29.924,6.0584,30.955,22.719,-0.35404,-0.35789,-0.36184,0.4994,0.49912,0.50036,Medium,
2026-06-26T20:55:14,1854.942,active,1,AF7+AF8,13.697,9.7965,4.8147,30.154,23.615,-0.35543,-0.35821,-0.36203,0.49947,0.49915,0.50036,Medium,
2026-06-26T20:55:15,1855.951,active,1,AF7+AF8,17.32,5.8168,6.5676,38.66,26.561,-0.35573,-0.35779,-0.35994,0.49963,0.49935,0.50035,Medium,
2026-06-26T20:55:16,1856.956,active,1,AF7+AF8,8.603,5.5285,5.056,36.528,19.548,-0.35576,-0.35812,-0.36065,0.49966,0.49937,0.50034,Medium,
2026-06-26T20:55:17,1857.959,active,1,AF7+AF8,16.332,9.3333,4.8366,34.903,18.561,-0.35546,-0.35817,-0.3609,0.49966,0.49937,0.50034,Medium,
2026-06-26T20:55:18,1858.965,active,1,AF7+AF8,19.744,12.987,5.3468,35.741,18.1,-0.35519,-0.35806,-0.36071,0.49967,0.49936,0.50035,Medium,
2026-06-26T20:55:19,1859.967,active,1,AF7+AF8,30.954,19.715,6.5976,34.006,20.778,-0.35467,-0.35778,-0.36093,0.49966,0.49934,0.50037,Medium,
2026-06-26T20:55:20,1860.973,active,1,AF7+AF8,97.03,61.639,7.5573,34.012,27.673,-0.35141,-0.35745,-0.36072,0.49965,0.49928,0.5006,Medium,
2026-06-26T20:55:21,1861.975,active,1,AF7+AF8,248.47,49.605,8.1927,30.296,31.181,-0.35247,-0.35738,-0.36156,0.49963,0.49923,0.50061,Medium,
2026-06-26T20:55:22,1862.982,active,1,AF7+AF8,1486.8,330.5,44.687,90.639,101.8,-0.33331,-0.34872,-0.3433,0.50026,0.49917,0.5014,Medium,
2026-06-26T20:55:23,1863.988,active,1,AF7+AF8,1496.3,297.13,52.938,269.97,364.35,-0.33565,-0.34658,-0.29465,0.504,0.50274,0.5014,Medium,
2026-06-26T20:55:24,1864.995,active,1,AF7+AF8,479.26,78.552,35.545,315.25,549.03,-0.35066,-0.35074,-0.28227,0.50673,0.50623,0.50123,Medium,
2026-06-26T20:55:25,1865.998,active,1,AF7+AF8,61.738,23.142,18.589,105.11,205.3,-0.3544,-0.35496,-0.34048,0.50614,0.50569,0.50109,Medium,
2026-06-26T20:55:26,1867.000,active,1,AF7+AF8,705.68,77.029,26.197,60.319,42.973,-0.35034,-0.35277,-0.35389,0.50539,0.50495,0.501,Medium,
2026-06-26T20:55:27,1868.006,active,1,AF7+AF8,38055,2480.1,528.15,301.68,73.433,-0.1665,-0.21814,-0.27305,0.50392,0.50276,0.50427,Medium,
2026-06-26T20:55:28,1869.012,active,1,AF7+AF8,55932,3177.8,629.36,454.95,121.1,-0.10922,-0.18958,-0.22646,0.5029,0.50067,0.50773,Medium,
2026-06-26T20:55:29,1870.015,active,1,AF7+AF8,11286,1119.2,235.52,297.3,107.65,-0.27254,-0.29946,-0.29154,0.50267,0.50031,0.50721,Medium,
2026-06-26T20:55:30,1871.023,active,1,AF7+AF8,5386.4,695.33,141.51,179.22,84.07,-0.30699,-0.32702,-0.32653,0.50235,0.49998,0.50665,Medium,
2026-06-26T20:55:31,1872.029,active,1,AF7+AF8,514.5,76.77,27.375,76.326,48.801,-0.35067,-0.35309,-0.35016,0.50212,0.50003,0.50588,Medium,
2026-06-26T20:55:32,1873.035,active,1,AF7+AF8,138,36.297,16.152,98.637,43.695,-0.35366,-0.35556,-0.34484,0.50202,0.50067,0.50521,Medium,
2026-06-26T20:55:33,1874.040,active,1,AF7+AF8,33.877,18.007,8.4363,74.363,40.494,-0.35485,-0.35743,-0.35145,0.50187,0.50064,0.50462,Medium,
2026-06-26T20:55:34,1875.048,active,1,AF7+AF8,25.263,16.237,7.4959,38.031,29.565,-0.35493,-0.35768,-0.35999,0.50161,0.50049,0.50411,Medium,
2026-06-26T20:55:35,1876.051,active,1,AF7+AF8,31.59,15.197,6.6148,33.205,21.069,-0.35505,-0.35775,-0.36105,0.50137,0.50034,0.50365,Medium,
2026-06-26T20:55:36,1877.056,active,1,AF7+AF8,38.684,15.495,8.9325,38.79,24.061,-0.355,-0.35691,-0.35977,0.50116,0.50023,0.50324,Medium,
2026-06-26T20:55:37,1878.062,active,1,AF7+AF8,25.747,15.687,7.1671,32.956,23.596,-0.35504,-0.3575,-0.36079,0.50097,0.50012,0.50289,Medium,
2026-06-26T20:55:38,1879.071,active,1,AF7+AF8,19.848,19.799,8.0819,27.751,22.546,-0.35472,-0.35748,-0.36216,0.50079,0.49999,0.50259,Medium,
2026-06-26T20:55:39,1880.080,active,1,AF7+AF8,33.616,35.282,17.047,26.946,26.278,-0.35356,-0.35522,-0.36212,0.50059,0.49986,0.5023,Medium,
2026-06-26T20:55:40,1881.088,active,1,AF7+AF8,53.983,38.267,12.929,34.863,23.189,-0.35334,-0.35622,-0.36039,0.50045,0.49977,0.50207,Medium,
2026-06-26T20:55:41,1882.092,active,1,AF7+AF8,159.83,72.747,13.857,42.324,41.103,-0.35115,-0.35626,-0.35854,0.50037,0.49969,0.5019,Medium,
2026-06-26T20:55:42,1883.098,active,1,AF7+AF8,921.43,234.2,28.895,37.98,32.176,-0.33931,-0.35214,-0.35962,0.50021,0.49942,0.50186,Medium,
2026-06-26T20:55:43,1884.103,active,1,AF7+AF8,31533,5559.1,478.87,150.09,40.649,0.044924,-0.23454,-0.33021,0.49875,0.49388,0.52167,Medium,
2026-06-26T20:55:44,1885.104,active,1,AF7+AF8,44407,6132.7,503.1,243.26,79.46,0.080984,-0.23053,-0.30832,0.49773,0.48879,0.53199,Medium,
2026-06-26T20:55:45,1886.110,active,1,AF7+AF8,3968.4,461.63,39.962,99.421,58.902,-0.32521,-0.35014,-0.34404,0.49955,0.49411,0.52852,Medium,
2026-06-26T20:55:46,1887.119,active,1,AF7+AF8,271.83,148.68,25.651,56.193,27.866,-0.34634,-0.35365,-0.35532,0.49969,0.49697,0.52521,Medium,
2026-06-26T20:55:47,1888.127,active,1,AF7+AF8,66.634,29.025,15.799,59.442,24.369,-0.3542,-0.35583,-0.35523,0.49992,0.49871,0.52221,Medium,
2026-06-26T20:55:48,1889.134,active,1,AF7+AF8,15.572,9.7236,7.307,60.692,18.811,-0.35543,-0.35771,-0.35489,0.50018,0.49952,0.51958,Medium,
2026-06-26T20:55:49,1890.141,active,1,AF7+AF8,20.123,29.339,8.1699,54.064,16.279,-0.35408,-0.35742,-0.35613,0.50018,0.49966,0.51728,Medium,
2026-06-26T20:55:50,1891.149,active,1,AF7+AF8,9.5642,26.166,8.1623,52.085,16.701,-0.3543,-0.35747,-0.35675,0.50017,0.49968,0.51525,Medium,
2026-06-26T20:55:52,1892.155,active,1,AF7+AF8,9.1827,13.66,9.6641,55.722,18.174,-0.35515,-0.35704,-0.35608,0.50016,0.4998,0.51345,Medium,
2026-06-26T20:55:53,1893.157,active,1,AF7+AF8,23.644,24.296,11.928,55.077,22.61,-0.35435,-0.35644,-0.35621,0.50015,0.4998,0.51187,Medium,
2026-06-26T20:55:54,1894.163,active,1,AF7+AF8,146.58,152.48,56.017,68.08,27.146,-0.34506,-0.34442,-0.35202,0.50001,0.49972,0.51043,Medium,
2026-06-26T20:55:55,1895.171,active,1,AF7+AF8,91.972,88.695,32.718,53.118,25.528,-0.34973,-0.35073,-0.35597,0.49993,0.49966,0.5092,Medium,
2026-06-26T20:55:56,1896.175,active,1,AF7+AF8,29.547,17.013,7.2753,30.788,20.231,-0.35487,-0.35749,-0.36175,0.49988,0.4996,0.50813,Medium,
2026-06-26T20:55:57,1897.183,active,1,AF7+AF8,15.634,9.6192,6.1588,29.891,20.401,-0.35543,-0.35784,-0.36199,0.49983,0.49955,0.50719,Medium,
2026-06-26T20:55:58,1898.189,active,1,AF7+AF8,9.2885,9.2733,5.991,33.204,16.043,-0.35551,-0.358,-0.36115,0.4998,0.49952,0.50637,Medium,
2026-06-26T20:55:59,1899.194,active,1,AF7+AF8,27.71,15.537,10.401,28.007,19.744,-0.35505,-0.35689,-0.36237,0.49975,0.49946,0.50563,Medium,
2026-06-26T20:56:00,1900.206,active,1,AF7+AF8,32.72,12.902,9.1994,22.527,20.435,-0.35526,-0.35719,-0.3637,0.49968,0.4994,0.50498,Medium,
2026-06-26T20:56:01,1901.212,active,1,AF7+AF8,275.63,34.64,17.103,38.864,32.964,-0.35368,-0.35516,-0.35893,0.49966,0.49939,0.50441,Medium,
2026-06-26T20:56:02,1902.215,active,1,AF7+AF8,408,32.336,13.317,46.341,35.033,-0.3537,-0.35596,-0.35737,0.49976,0.49948,0.50391,Medium,
2026-06-26T20:56:03,1903.221,active,1,AF7+AF8,145.29,10.463,6.5258,27.784,29.12,-0.35539,-0.35779,-0.36248,0.49972,0.49944,0.50348,Medium,
2026-06-26T20:56:04,1904.227,active,1,AF7+AF8,81.926,11.305,6.9912,25.582,31.603,-0.35533,-0.35776,-0.36302,0.49967,0.49939,0.5031,Medium,
2026-06-26T20:56:05,1905.233,active,1,AF7+AF8,25.339,13.721,5.7217,33.559,40.405,-0.35521,-0.35802,-0.36114,0.49966,0.49937,0.50277,Medium,
2026-06-26T20:56:06,1906.243,active,1,AF7+AF8,36.306,19.254,5.3305,33.894,29.719,-0.35487,-0.35811,-0.36098,0.49966,0.49936,0.50249,Medium,
2026-06-26T20:56:07,1907.249,active,1,AF7+AF8,31.268,12.56,6.3642,28.202,23.979,-0.35531,-0.35794,-0.36234,0.49964,0.49933,0.50223,Medium,
2026-06-26T20:56:08,1908.254,active,1,AF7+AF8,10.03,10.216,5.4284,27.285,21.674,-0.35546,-0.35809,-0.36267,0.49961,0.4993,0.502,Medium,
2026-06-26T20:56:09,1909.258,active,1,AF7+AF8,7.3696,9.9015,5.0384,27.967,23.998,-0.35549,-0.3581,-0.36261,0.49959,0.49928,0.5018,Medium,
2026-06-26T20:56:10,1910.264,active,1,AF7+AF8,8.5475,7.5059,3.3462,26.658,24.047,-0.35564,-0.35858,-0.36285,0.49958,0.49926,0.50163,Medium,
2026-06-26T20:56:11,1911.268,active,1,AF7+AF8,25.846,8.2833,3.3344,20.609,20.852,-0.35558,-0.35862,-0.36422,0.49954,0.49922,0.50148,Medium,
2026-06-26T20:56:12,1912.273,active,1,AF7+AF8,14.989,7.5829,6.7952,20.037,24.23,-0.35561,-0.35763,-0.36432,0.4995,0.49918,0.50133,Medium,
2026-06-26T20:56:13,1913.279,active,1,AF7+AF8,17.757,11.143,9.4238,18.913,23.058,-0.35536,-0.35695,-0.36451,0.49944,0.49914,0.50119,Medium,
2026-06-26T20:56:14,1914.285,active,1,AF7+AF8,2071.1,875.71,157.58,152.21,48.948,-0.28902,-0.31819,-0.32252,0.49945,0.49874,0.50267,Medium,
2026-06-26T20:56:15,1915.294,active,1,AF7+AF8,48696,18774,3408.6,2631.5,391.56,1.0849,0.53984,0.48434,0.49869,0.48995,0.5417,Medium,
2026-06-26T20:56:16,1916.301,active,1,AF7+AF8,45708,16885,3135.9,2350,351.8,0.93814,0.46999,0.39644,0.49774,0.48308,0.55163,Medium,
2026-06-26T20:56:17,1917.307,active,1,AF7+AF8,1122.5,348.41,72.165,82.959,29.301,-0.32981,-0.34043,-0.34508,0.49875,0.49209,0.54559,Medium,
2026-06-26T20:56:18,1918.312,active,1,AF7+AF8,51.159,14.24,5.3374,39.561,23.69,-0.35515,-0.3581,-0.35978,0.49937,0.49649,0.54017,Medium,
2026-06-26T20:56:19,1919.318,active,1,AF7+AF8,40.272,16.156,5.4792,36.853,25.069,-0.35502,-0.35809,-0.3604,0.49958,0.49819,0.53539,Medium,
2026-06-26T20:56:20,1920.324,active,1,AF7+AF8,24.636,10.578,5.2173,39.281,32.18,-0.35539,-0.35817,-0.3593,0.49975,0.49898,0.53119,Medium,
2026-06-26T20:56:21,1921.329,active,1,AF7+AF8,55.175,16.438,7.5388,41.386,30.642,-0.35496,-0.35759,-0.35769,0.49989,0.49939,0.52748,Medium,
2026-06-26T20:56:22,1922.332,active,1,AF7+AF8,91.447,31.104,11.026,45.978,22.483,-0.35396,-0.35674,-0.35669,0.49996,0.49955,0.52423,Medium,
2026-06-26T20:56:23,1923.339,active,1,AF7+AF8,295.91,30.55,11.583,40.549,21.148,-0.35393,-0.35651,-0.35908,0.49993,0.49953,0.52136,Medium,
2026-06-26T20:56:24,1924.344,active,1,AF7+AF8,153.29,15.697,13.626,50.553,21.378,-0.35502,-0.3562,-0.35737,0.49992,0.49963,0.51881,Medium,
2026-06-26T20:56:25,1925.350,active,1,AF7+AF8,81.205,17.111,13.698,54.791,22.237,-0.35487,-0.35629,-0.35638,0.49996,0.49974,0.51658,Medium,
2026-06-26T20:56:26,1926.353,active,1,AF7+AF8,92.941,25.887,9.9962,34.802,29.382,-0.35425,-0.35713,-0.36092,0.49991,0.49967,0.51463,Medium,
2026-06-26T20:56:27,1927.358,active,1,AF7+AF8,53.989,31.466,9.8287,28.534,29.769,-0.35393,-0.35714,-0.3623,0.49984,0.49959,0.51292,Medium,
2026-06-26T20:56:28,1928.361,active,1,AF7+AF8,183.15,103.85,18.129,62.307,51.087,-0.34918,-0.35524,-0.35306,0.5001,0.49958,0.51146,Medium,
2026-06-26T20:56:29,1929.367,active,1,AF7+AF8,873.01,371.39,57.258,305.59,275.26,-0.33144,-0.34578,-0.28495,0.5046,0.50332,0.5103,Medium,
2026-06-26T20:56:30,1930.373,active,1,AF7+AF8,415.41,139.27,51.149,315.14,357.21,-0.34672,-0.34695,-0.28127,0.50677,0.50624,0.50907,Medium,
2026-06-26T20:56:31,1931.379,active,1,AF7+AF8,297.75,66.751,45.685,269.09,389.15,-0.35137,-0.34825,-0.29682,0.50673,0.50659,0.50794,Medium,
2026-06-26T20:56:32,1932.382,active,1,AF7+AF8,77.71,28.476,30.655,186.33,220.64,-0.35408,-0.35222,-0.32,0.5064,0.50631,0.50695,Medium,
2026-06-26T20:56:33,1933.388,active,1,AF7+AF8,126.07,20.387,21.976,68.832,82.566,-0.35471,-0.35432,-0.35078,0.50569,0.50561,0.50611,Medium,
2026-06-26T20:56:34,1934.393,active,1,AF7+AF8,118.2,23.779,13.699,38.742,31.424,-0.35447,-0.3562,-0.35922,0.50496,0.50486,0.50541,Medium,
2026-06-26T20:56:35,1935.412,active,1,AF7+AF8,23.009,14.078,6.6881,29.104,18.211,-0.35515,-0.35779,-0.36185,0.5043,0.50418,0.5048,Medium,
2026-06-26T20:56:36,1936.421,active,1,AF7+AF8,129.18,35.616,8.8067,27.908,24.199,-0.35353,-0.3574,-0.3621,0.50372,0.50355,0.50428,Medium,
2026-06-26T20:56:37,1937.427,active,1,AF7+AF8,266.45,62.082,10.65,32.507,30.613,-0.35147,-0.35689,-0.36107,0.50321,0.50298,0.50385,Medium,
2026-06-26T20:56:38,1938.434,active,1,AF7+AF8,238.2,40.939,8.7041,37.784,45.786,-0.35299,-0.35721,-0.35993,0.50278,0.50252,0.50345,Medium,
2026-06-26T20:56:39,1939.445,active,1,AF7+AF8,247.66,21.104,9.684,39.847,28.494,-0.35458,-0.35685,-0.35944,0.50241,0.50214,0.50307,Medium,
2026-06-26T20:56:40,1940.453,active,1,AF7+AF8,130.74,18.974,6.8728,26.885,18.05,-0.35473,-0.35767,-0.36256,0.50205,0.50177,0.50274,Medium,
2026-06-26T20:56:41,1941.459,active,1,AF7+AF8,272.56,106.66,26.218,74.99,28.02,-0.34873,-0.3532,-0.35086,0.50184,0.50152,0.50248,Medium,
2026-06-26T20:56:42,1942.461,active,1,AF7+AF8,396.8,268.29,78.063,174.74,45.837,-0.33812,-0.3414,-0.32643,0.50186,0.50152,0.50223,Medium,
2026-06-26T20:56:43,1943.466,active,1,AF7+AF8,112.22,61.269,25.585,65.097,22.44,-0.35199,-0.35349,-0.35327,0.50164,0.50132,0.50199,Medium,
2026-06-26T20:56:44,1944.474,active,1,AF7+AF8,23.006,13.589,10.526,35.753,21.601,-0.35514,-0.35682,-0.36058,0.50138,0.50108,0.50177,Medium,
2026-06-26T20:56:45,1945.483,active,1,AF7+AF8,23.413,13.583,9.8143,30.596,22.807,-0.35518,-0.35705,-0.3619,0.50115,0.50085,0.50159,Medium,
2026-06-26T20:56:46,1946.490,active,1,AF7+AF8,13.019,10.003,5.1769,32.818,21.249,-0.35548,-0.35816,-0.36141,0.50096,0.50066,0.50144,Medium,
2026-06-26T20:56:47,1947.496,active,1,AF7+AF8,24.507,18.661,6.6233,31.609,19.176,-0.3549,-0.35778,-0.36166,0.50079,0.50048,0.50131,Medium,
2026-06-26T20:56:48,1948.504,active,1,AF7+AF8,49.292,28.721,9.386,34.532,25.381,-0.35418,-0.35718,-0.36077,0.50064,0.50032,0.5012,Medium,
2026-06-26T20:56:49,1949.509,active,1,AF7+AF8,35.101,21.009,9.2927,42.248,44.074,-0.35465,-0.35719,-0.35812,0.50055,0.50023,0.50109,Medium,
2026-06-26T20:56:50,1950.514,active,1,AF7+AF8,37.666,21.143,7.9738,59.821,76.125,-0.35462,-0.35748,-0.35256,0.50059,0.50025,0.501,Medium,
2026-06-26T20:56:51,1951.516,active,1,AF7+AF8,33.402,19.578,13.747,64.543,92.139,-0.35476,-0.35597,-0.35089,0.50062,0.50039,0.5009,Medium,
2026-06-26T20:56:52,1952.523,active,1,AF7+AF8,26.039,22.621,14.055,69.891,84.25,-0.35455,-0.35572,-0.3492,0.50074,0.50056,0.50081,Medium,
2026-06-26T20:56:53,1953.530,active,1,AF7+AF8,37.758,20.737,12.319,69.488,76.884,-0.35463,-0.35635,-0.34923,0.50083,0.50063,0.50074,Medium,
2026-06-26T20:56:54,1954.539,active,1,AF7+AF8,35.087,19.746,14.707,65.093,73.716,-0.35465,-0.35584,-0.35064,0.50081,0.50061,0.50067,Medium,
2026-06-26T20:56:55,1955.546,active,1,AF7+AF8,66.531,24.274,11.58,39.191,41.054,-0.35436,-0.3566,-0.35843,0.50068,0.50048,0.50062,Medium,
2026-06-26T20:56:56,1956.553,active,1,AF7+AF8,273.07,46.793,7.7292,23.897,23.469,-0.35272,-0.3575,-0.36309,0.50052,0.50026,0.50062,Medium,
2026-06-26T20:56:57,1957.558,active,1,AF7+AF8,758.45,64.638,12.447,30.748,21.171,-0.35127,-0.35629,-0.36112,0.50038,0.50009,0.50062,Medium,
2026-06-26T20:56:58,1958.572,active,1,AF7+AF8,275.16,18.168,7.4372,33.032,24.601,-0.35478,-0.3576,-0.36104,0.50028,0.49998,0.50059,Medium,
2026-06-26T20:56:59,1959.573,active,1,AF7+AF8,20.668,12.04,4.8395,31.928,27.506,-0.35527,-0.35819,-0.36127,0.5002,0.49989,0.50056,Medium,
2026-06-26T20:57:00,1960.582,active,1,AF7+AF8,41.819,20.253,10.411,29.736,24.84,-0.35466,-0.35666,-0.36204,0.5001,0.4998,0.50053,Medium,
2026-06-26T20:57:01,1961.590,active,1,AF7+AF8,25.111,19.246,12.237,34.871,53.023,-0.35481,-0.35645,-0.36092,0.50002,0.49973,0.50049,Medium,
2026-06-26T20:57:02,1962.597,active,1,AF7+AF8,15.824,12.471,9.546,41.097,69.726,-0.35526,-0.35719,-0.35941,0.49998,0.4997,0.50046,Medium,
2026-06-26T20:57:03,1963.605,active,1,AF7+AF8,24.58,10.57,9.8545,32.599,69.507,-0.35535,-0.35705,-0.3612,0.49992,0.49965,0.50043,Medium,
2026-06-26T20:57:04,1964.610,active,1,AF7+AF8,38.562,18.39,14.315,33.317,80.223,-0.35481,-0.35602,-0.36097,0.49986,0.4996,0.5004,Medium,
2026-06-26T20:57:05,1965.613,active,1,AF7+AF8,39.868,21.188,9.6824,35.607,58.801,-0.35455,-0.35699,-0.36045,0.49982,0.49956,0.50038,Medium,
2026-06-26T20:57:06,1966.616,active,1,AF7+AF8,35.361,14.891,7.8173,26.413,33.584,-0.35499,-0.35734,-0.36265,0.49977,0.4995,0.50037,Medium,
2026-06-26T20:57:07,1967.622,active,1,AF7+AF8,29.276,12.352,9.0246,20.63,17.415,-0.35523,-0.35709,-0.36407,0.49969,0.49942,0.50036,Medium,
2026-06-26T20:57:08,1968.624,active,1,AF7+AF8,17.491,11.479,6.1583,19.349,14.271,-0.35531,-0.35786,-0.36435,0.49963,0.49936,0.50035,Medium,
2026-06-26T20:57:09,1969.630,active,1,AF7+AF8,27.836,30.062,8.1776,22.851,23.472,-0.35395,-0.35745,-0.36329,0.49959,0.49929,0.5004,Medium,
2026-06-26T20:57:10,1970.637,active,1,AF7+AF8,30.744,28.074,9.1907,33.517,32.295,-0.35408,-0.35714,-0.36041,0.49959,0.49928,0.5004,Medium,
2026-06-26T20:57:11,1971.641,active,1,AF7+AF8,14.519,13.728,8.3026,30.292,37.676,-0.35515,-0.35739,-0.36164,0.49957,0.49927,0.50039,Medium,
2026-06-26T20:57:12,1972.651,active,1,AF7+AF8,10.749,13.813,6.5856,35.439,53.752,-0.35517,-0.35786,-0.36044,0.49964,0.49931,0.50038,Medium,
2026-06-26T20:57:13,1973.658,active,1,AF7+AF8,10.287,6.7873,5.0156,34.095,29.116,-0.35566,-0.35823,-0.36098,0.49965,0.49933,0.50037,Medium,
2026-06-26T20:57:14,1974.661,active,1,AF7+AF8,85.991,31.479,9.7863,26.606,17.27,-0.35385,-0.35709,-0.3627,0.49961,0.49927,0.50039,Medium,
2026-06-26T20:57:15,1975.667,active,1,AF7+AF8,206.33,52.338,11.616,23.339,25.109,-0.35227,-0.35672,-0.36321,0.49956,0.4992,0.50049,Medium,
2026-06-26T20:57:16,1976.671,active,1,AF7+AF8,214.54,43.143,9.9501,22.824,22.224,-0.35293,-0.35682,-0.36341,0.49951,0.49914,0.50049,Medium,
2026-06-26T20:57:17,1977.678,active,1,AF7+AF8,54.032,18.197,7.7653,23.26,15.736,-0.3548,-0.35732,-0.36339,0.49948,0.49911,0.50047,Medium,
2026-06-26T20:57:18,1978.689,active,1,AF7+AF8,9.8255,6.4896,3.499,20.972,17.05,-0.35568,-0.35855,-0.3639,0.49946,0.49909,0.50046,Medium,
2026-06-26T20:57:19,1979.692,active,1,AF7+AF8,113.31,21.009,5.5857,22.368,16.468,-0.35461,-0.358,-0.36359,0.49944,0.49907,0.50045,Medium,
2026-06-26T20:57:20,1980.699,active,1,AF7+AF8,293.99,35.889,9.3551,23.693,16.166,-0.35343,-0.35709,-0.36323,0.49942,0.49903,0.50046,Medium,
2026-06-26T20:57:21,1981.710,active,1,AF7+AF8,258.5,52.147,10.93,30.905,24.443,-0.35241,-0.3568,-0.36151,0.49942,0.49901,0.50051,Medium,
2026-06-26T20:57:22,1982.716,active,1,AF7+AF8,215.5,86.563,14.911,44.354,46.108,-0.35,-0.35574,-0.35755,0.49963,0.49904,0.50064,Medium,
2026-06-26T20:57:23,1983.722,active,1,AF7+AF8,158.61,33.202,16.56,35.903,29.93,-0.35373,-0.35557,-0.35997,0.49961,0.49915,0.50059,Medium,
2026-06-26T20:57:24,1984.733,active,1,AF7+AF8,2765.9,130.94,18.131,40.723,26.515,-0.34617,-0.3553,-0.35905,0.4996,0.49906,0.50092,Medium,
2026-06-26T20:57:25,1985.741,active,1,AF7+AF8,42643,1492.5,85.236,127.08,83.773,-0.23915,-0.33949,-0.33221,0.50039,0.49777,0.50789,Medium,
2026-06-26T20:57:26,1986.745,active,1,AF7+AF8,29098,854.1,78.7,135.06,78.414,-0.28938,-0.34102,-0.33259,0.50079,0.49739,0.50772,Medium,
2026-06-26T20:57:27,1987.752,active,1,AF7+AF8,755.11,64.547,33.657,118.43,71.612,-0.35177,-0.35168,-0.34087,0.50113,0.49978,0.50679,Medium,
2026-06-26T20:57:28,1988.755,active,1,AF7+AF8,529.13,112.17,49.128,111.6,72.908,-0.3487,-0.34831,-0.34281,0.50107,0.50035,0.50597,Medium,
2026-06-26T20:57:29,1989.763,active,1,AF7+AF8,344.86,65.197,21.035,51.833,39.107,-0.35178,-0.35454,-0.35663,0.50091,0.50024,0.5053,Medium,
2026-06-26T20:57:30,1990.770,active,1,AF7+AF8,111.64,39.361,11.902,37.309,31.987,-0.35348,-0.35659,-0.36003,0.50075,0.50011,0.50471,Medium,
2026-06-26T20:57:31,1991.778,active,1,AF7+AF8,586.97,165.22,42.716,89.657,73.767,-0.34507,-0.34943,-0.34634,0.50071,0.50008,0.50421,Medium,
2026-06-26T20:57:32,1992.783,active,1,AF7+AF8,640.96,83.776,31.667,113.56,79.469,-0.35032,-0.35183,-0.33947,0.50121,0.50084,0.50372,Medium,
2026-06-26T20:57:33,1993.794,active,1,AF7+AF8,169.58,49.021,22.661,102.12,74.211,-0.35255,-0.35385,-0.34224,0.50135,0.50111,0.5033,Medium,
2026-06-26T20:57:34,1994.803,active,1,AF7+AF8,52.361,31.065,15.016,51.354,49.722,-0.35383,-0.35546,-0.35639,0.50118,0.50094,0.50293,Medium,
2026-06-26T20:57:35,1995.809,active,1,AF7+AF8,116.58,16.865,16.632,58.924,61.958,-0.35496,-0.35524,-0.35463,0.50105,0.50083,0.50258,Medium,
2026-06-26T20:57:36,1996.815,active,1,AF7+AF8,186.01,19.175,14.639,71.452,67.701,-0.35475,-0.3558,-0.35104,0.50099,0.50079,0.50229,Medium,
2026-06-26T20:57:37,1997.821,active,1,AF7+AF8,65.302,15.372,10.919,43.271,51.94,-0.355,-0.3568,-0.35816,0.50085,0.50065,0.50204,Medium,
2026-06-26T20:57:38,1998.822,active,1,AF7+AF8,18.579,8.6528,7.3283,35.303,59.295,-0.35551,-0.35764,-0.3598,0.50072,0.5005,0.50183,Medium,
2026-06-26T20:57:39,1999.828,active,1,AF7+AF8,10.412,8.5272,6.0765,31.106,30.669,-0.35553,-0.35791,-0.36123,0.50058,0.50036,0.50164,Medium,
2026-06-26T20:57:40,2000.835,active,1,AF7+AF8,7.5872,7.3889,6.038,31.181,22.998,-0.35562,-0.35792,-0.36133,0.50046,0.50023,0.50148,Medium,
2026-06-26T20:57:41,2001.843,active,1,AF7+AF8,27.102,16.406,10.254,27.866,19.19,-0.35488,-0.35667,-0.36219,0.50032,0.50009,0.50133,Medium,
2026-06-26T20:57:42,2002.850,active,1,AF7+AF8,46.535,18.064,10.236,31.606,17.449,-0.35478,-0.35673,-0.36155,0.50021,0.49998,0.5012,Medium,
2026-06-26T20:57:43,2003.858,active,1,AF7+AF8,84.576,15.287,8.3465,51.71,17.814,-0.35504,-0.35729,-0.35702,0.50019,0.49995,0.50109,Medium,
2026-06-26T20:57:44,2004.864,active,1,AF7+AF8,104.05,27.578,7.4728,67.323,16.64,-0.35415,-0.35756,-0.35336,0.50039,0.50004,0.50101,Medium,
2026-06-26T20:57:45,2005.872,active,1,AF7+AF8,230.31,45.642,14.537,45.106,23.505,-0.35281,-0.35601,-0.35809,0.50031,0.49996,0.50094,Medium,
2026-06-26T20:57:46,2006.878,active,1,AF7+AF8,304.95,49.326,14.431,38.13,32.665,-0.35235,-0.35588,-0.35983,0.50022,0.49985,0.50088,Medium,
2026-06-26T20:57:47,2007.883,active,1,AF7+AF8,139.34,28.835,16.308,42.173,43.536,-0.35393,-0.35546,-0.35925,0.50013,0.49979,0.50079,Medium,
2026-06-26T20:57:48,2008.889,active,1,AF7+AF8,81.884,19.787,12.027,30.353,38,-0.35472,-0.35665,-0.36188,0.50004,0.49971,0.50073,Medium,
2026-06-26T20:57:49,2009.893,active,1,AF7+AF8,63.395,14.969,12.784,24.215,39.28,-0.35507,-0.35653,-0.36323,0.49993,0.49962,0.50066,Medium,
2026-06-26T20:57:50,2010.901,active,1,AF7+AF8,12.914,7.5171,9.0243,28.887,31.402,-0.35559,-0.35728,-0.36214,0.49987,0.49957,0.50061,Medium,
2026-06-26T20:57:51,2011.916,active,1,AF7+AF8,20.858,12.551,9.5901,29.982,16.253,-0.35517,-0.35697,-0.36189,0.49981,0.49952,0.50056,Medium,
2026-06-26T20:57:52,2012.924,active,1,AF7+AF8,24.659,12.773,10.738,22.526,16.259,-0.35516,-0.35664,-0.36355,0.49973,0.49945,0.50052,Medium,
2026-06-26T20:57:53,2013.930,active,1,AF7+AF8,11.445,10.531,7.1295,21.039,16.637,-0.35539,-0.35765,-0.36393,0.49967,0.49939,0.50049,Medium,
2026-06-26T20:57:54,2014.936,active,1,AF7+AF8,30.828,16.42,8.3114,25.356,29.904,-0.35491,-0.35748,-0.36295,0.49963,0.49934,0.50047,Medium,
2026-06-26T20:57:55,2015.937,active,1,AF7+AF8,12.818,11.511,7.9715,32.815,51.223,-0.35533,-0.35762,-0.36124,0.49962,0.49933,0.50045,Medium,
2026-06-26T20:57:56,2016.942,active,1,AF7+AF8,6.2822,5.2624,4.8291,23.131,43.523,-0.35578,-0.35826,-0.36358,0.49958,0.49929,0.50043,Medium,
2026-06-26T20:57:57,2017.950,active,1,AF7+AF8,19.432,5.5733,7.2002,27.918,66.942,-0.35574,-0.35761,-0.3624,0.49956,0.49928,0.50041,Medium,
2026-06-26T20:57:58,2018.957,active,1,AF7+AF8,392.35,61.836,17.169,54.647,77.528,-0.35203,-0.35528,-0.35458,0.49988,0.49952,0.50041,Medium,
2026-06-26T20:57:59,2019.964,active,1,AF7+AF8,1397.4,152.84,31.354,91.878,121.88,-0.34599,-0.35192,-0.3432,0.5006,0.50002,0.50061,Medium,
2026-06-26T20:58:00,2020.969,active,1,AF7+AF8,464.69,53.22,14.855,52.194,52.764,-0.3525,-0.35574,-0.35554,0.50053,0.49997,0.50058,Medium,
2026-06-26T20:58:01,2021.973,active,1,AF7+AF8,38.257,12.569,11.239,35.765,58.372,-0.35525,-0.3566,-0.35997,0.50042,0.4999,0.50053,Medium,
2026-06-26T20:58:02,2022.980,active,1,AF7+AF8,34.012,14.048,9.8906,30.871,47.375,-0.35516,-0.35702,-0.36154,0.5003,0.49982,0.5005,Medium,
2026-06-26T20:58:03,2023.985,active,1,AF7+AF8,29.556,17.04,12.789,34.451,31.464,-0.355,-0.35634,-0.36085,0.5002,0.49975,0.50046,Medium,
2026-06-26T20:58:04,2024.990,active,1,AF7+AF8,19.55,13.293,9.2046,29.288,23.162,-0.35523,-0.35722,-0.36212,0.5001,0.49968,0.50043,Medium,
2026-06-26T20:58:05,2025.997,active,1,AF7+AF8,29.385,23.467,8.142,36.119,35.891,-0.35438,-0.35736,-0.36056,0.50004,0.49962,0.50043,Medium,
2026-06-26T20:58:06,2027.002,active,1,AF7+AF8,235.98,39.904,22.464,35.151,37.755,-0.35329,-0.35413,-0.36067,0.49994,0.49956,0.50039,Medium,
2026-06-26T20:58:07,2028.009,active,1,AF7+AF8,514,41.424,35.046,28.585,33.81,-0.35335,-0.35143,-0.36202,0.49979,0.49948,0.50031,Medium,
2026-06-26T20:58:08,2029.013,active,1,AF7+AF8,101.25,9.133,9.3146,28.179,25.652,-0.35552,-0.35721,-0.36226,0.49974,0.49944,0.5003,Medium,
2026-06-26T20:58:09,2030.018,active,1,AF7+AF8,86.511,7.8565,4.627,33.472,21.812,-0.35555,-0.35822,-0.36111,0.49972,0.49943,0.50032,Medium,
2026-06-26T20:58:10,2031.024,active,1,AF7+AF8,80.153,8.1097,4.1641,26.035,18.124,-0.35554,-0.35838,-0.36287,0.49969,0.49939,0.50034,Medium,
2026-06-26T20:58:11,2032.030,active,1,AF7+AF8,36.382,9.8349,4.3542,19.329,16.636,-0.35543,-0.35837,-0.36442,0.49964,0.49932,0.50036,Medium,
2026-06-26T20:58:12,2033.035,active,1,AF7+AF8,15.106,12.444,4.8964,17.211,14.679,-0.35526,-0.35825,-0.36475,0.49958,0.49926,0.50037,Medium,
2026-06-26T20:58:13,2034.043,active,1,AF7+AF8,13.717,20.623,6.6776,20.061,16.385,-0.35455,-0.35769,-0.36362,0.49954,0.49922,0.50038,Medium,
2026-06-26T20:58:14,2035.046,active,1,AF7+AF8,9.4802,14.087,5.2291,22.961,20.439,-0.35509,-0.35805,-0.36295,0.49952,0.49919,0.50038,Medium,
2026-06-26T20:58:15,2036.052,active,1,AF7+AF8,7.9313,11.52,6.6592,26.166,28.58,-0.35536,-0.35767,-0.36247,0.49951,0.49918,0.50037,Medium,
2026-06-26T20:58:16,2037.059,active,1,AF7+AF8,7.4446,6.9742,6.4198,30.457,29.132,-0.35567,-0.35778,-0.3614,0.49953,0.49924,0.50036,Medium,
2026-06-26T20:58:17,2038.067,active,1,AF7+AF8,53.944,11.302,7.2128,32.122,31.885,-0.35536,-0.35762,-0.36067,0.49958,0.4993,0.50035,Medium,
2026-06-26T20:58:18,2039.069,active,1,AF7+AF8,85.998,13.105,6.647,27.758,33.134,-0.35522,-0.35782,-0.36174,0.49958,0.49929,0.50035,Medium,
2026-06-26T20:58:19,2040.075,active,1,AF7+AF8,29.363,9.7878,5.444,35.43,56.283,-0.35543,-0.35809,-0.36029,0.49967,0.49935,0.50034,Medium,
2026-06-26T20:58:20,2041.080,active,1,AF7+AF8,127.73,19.554,12.52,45.261,123.92,-0.35469,-0.35641,-0.35815,0.49974,0.49948,0.50033,Medium,
2026-06-26T20:58:21,2042.088,active,1,AF7+AF8,280.3,31.293,13.504,50.287,154.15,-0.35389,-0.35625,-0.35694,0.49984,0.49956,0.50032,Medium,
2026-06-26T20:58:22,2043.095,active,1,AF7+AF8,59.183,22.549,8.9343,42.531,143.13,-0.35449,-0.35728,-0.35877,0.49984,0.49955,0.50034,Medium,
2026-06-26T20:58:23,2044.101,active,1,AF7+AF8,22.043,26.425,8.0366,49.716,155.86,-0.35416,-0.35744,-0.35707,0.49996,0.4996,0.50038,Medium,
2026-06-26T20:58:24,2045.107,active,1,AF7+AF8,11.543,15.885,6.9025,38.903,83.753,-0.35501,-0.35774,-0.35939,0.49994,0.49958,0.50038,Medium,
2026-06-26T20:58:25,2046.113,active,1,AF7+AF8,24.087,17.901,9.4019,29.372,35.435,-0.35482,-0.35694,-0.36159,0.49988,0.49953,0.50036,Medium,
2026-06-26T20:58:26,2047.116,active,1,AF7+AF8,214.76,70.877,14.725,37.243,55.389,-0.35069,-0.35557,-0.35926,0.49984,0.49946,0.50051,Medium,
2026-06-26T20:58:27,2048.118,active,1,AF7+AF8,400.76,119.52,14.512,29.878,31.07,-0.34666,-0.35557,-0.36111,0.49978,0.49931,0.50087,Medium,
2026-06-26T20:58:28,2049.121,active,1,AF7+AF8,145.11,56.132,10.203,29.825,21.759,-0.35175,-0.3567,-0.36138,0.49973,0.49925,0.50084,Medium,
2026-06-26T20:58:29,2050.125,active,1,AF7+AF8,15.87,20.289,6.2315,30.684,21.823,-0.35474,-0.3578,-0.36143,0.49971,0.49924,0.50079,Medium,
2026-06-26T20:58:30,2051.132,active,1,AF7+AF8,21.192,22.642,5.3884,31.855,49.299,-0.35461,-0.35802,-0.36106,0.4997,0.49923,0.50074,Medium,
2026-06-26T20:58:31,2052.141,active,1,AF7+AF8,85.169,18.097,3.9932,28.823,28.297,-0.35493,-0.35843,-0.36217,0.49968,0.49922,0.50071,Medium,
2026-06-26T20:58:32,2053.147,active,1,AF7+AF8,153.69,24.664,4.7077,23.857,14.946,-0.3545,-0.35835,-0.36351,0.49964,0.49917,0.50068,Medium,
2026-06-26T20:58:34,2054.155,active,1,AF7+AF8,75.772,14.311,5.6197,24.52,16.379,-0.35519,-0.35811,-0.36323,0.49961,0.49915,0.50064,Medium,
2026-06-26T20:58:35,2055.158,active,1,AF7+AF8,49.079,17.467,11.1,32.929,39.008,-0.35482,-0.3566,-0.36114,0.49959,0.49919,0.50059,Medium,
2026-06-26T20:58:36,2056.164,active,1,AF7+AF8,60.053,23.195,11.416,40.241,30.151,-0.35429,-0.3564,-0.35946,0.4996,0.49929,0.50055,Medium,
2026-06-26T20:58:37,2057.167,active,1,AF7+AF8,35.662,11.174,6.2828,29.183,28.791,-0.35527,-0.35782,-0.36219,0.49959,0.49927,0.50052,Medium,
2026-06-26T20:58:38,2058.175,active,1,AF7+AF8,18.111,7.4526,4.2695,21.957,31.164,-0.35558,-0.35834,-0.36379,0.49955,0.49923,0.5005,Medium,
2026-06-26T20:58:39,2059.181,active,1,AF7+AF8,40.554,19.004,7.6443,19.66,28.032,-0.35468,-0.35739,-0.36428,0.4995,0.49918,0.50048,Medium,
2026-06-26T20:58:40,2060.185,active,1,AF7+AF8,42.541,18.08,7.9487,22.539,35.445,-0.35475,-0.35737,-0.3637,0.49947,0.49915,0.50046,Medium,
2026-06-26T20:58:41,2061.193,active,1,AF7+AF8,33.174,12.025,8.58,25.314,47.225,-0.35528,-0.35733,-0.36314,0.49945,0.49913,0.50044,Medium,
2026-06-26T20:58:42,2062.196,active,1,AF7+AF8,23.594,13.808,8.4299,23.95,31.807,-0.35513,-0.35737,-0.36345,0.49942,0.49911,0.50042,Medium,
2026-06-26T20:58:43,2063.199,active,1,AF7+AF8,19.344,12.119,7.3472,22.857,29.795,-0.35522,-0.35759,-0.36379,0.4994,0.49909,0.50041,Medium,
2026-06-26T20:58:44,2064.204,active,1,AF7+AF8,16.756,7.9696,4.6789,23.931,38.418,-0.35555,-0.35826,-0.36358,0.49939,0.49908,0.5004,Medium,
2026-06-26T20:58:45,2065.209,active,1,AF7+AF8,12.094,10.073,3.381,30.685,41.154,-0.35541,-0.35857,-0.36196,0.4995,0.49914,0.5004,Medium,
2026-06-26T20:58:46,2066.218,active,1,AF7+AF8,9.5375,9.928,6.0366,31.735,30.23,-0.35542,-0.35791,-0.36166,0.49952,0.49919,0.50039,Medium,
2026-06-26T20:58:47,2067.224,active,1,AF7+AF8,16.327,10.914,7.3236,22.927,20.202,-0.35535,-0.35764,-0.36355,0.49949,0.49916,0.50037,Medium,
2026-06-26T20:58:48,2068.228,active,1,AF7+AF8,25.099,12.1,7.9274,26.917,23.886,-0.35531,-0.35749,-0.36264,0.49947,0.49915,0.50036,Medium,
2026-06-26T20:58:49,2069.236,active,1,AF7+AF8,19.976,7.5357,5.0714,22.721,24.138,-0.35563,-0.3582,-0.36373,0.49945,0.49913,0.50036,Medium,
2026-06-26T20:58:50,2070.243,active,1,AF7+AF8,11.253,3.4914,5.419,18.193,30.334,-0.35591,-0.35813,-0.36478,0.49942,0.4991,0.50035,Medium,
2026-06-26T20:58:51,2071.249,active,1,AF7+AF8,14.958,5.6958,6.5574,20.886,33.773,-0.35576,-0.3579,-0.36416,0.4994,0.49909,0.50034,Medium,
2026-06-26T20:58:52,2072.254,active,1,AF7+AF8,19.202,8.4023,5.9597,27.249,42.511,-0.35557,-0.35801,-0.36266,0.49941,0.4991,0.50033,Medium,
2026-06-26T20:58:53,2073.259,active,1,AF7+AF8,69.564,23.895,10.933,34.644,39.945,-0.35445,-0.35688,-0.36084,0.49947,0.49916,0.50033,Medium,
2026-06-26T20:58:54,2074.269,active,1,AF7+AF8,357.83,81.639,18.064,49.132,48.385,-0.35006,-0.3553,-0.35666,0.49968,0.49917,0.50053,Medium,
2026-06-26T20:58:55,2075.273,active,1,AF7+AF8,205.22,38.432,9.1386,52.361,36.432,-0.35324,-0.35725,-0.35653,0.49993,0.49942,0.50052,Medium,
2026-06-26T20:58:56,2076.280,active,1,AF7+AF8,18.594,5.8473,9.0633,41.634,35.155,-0.35573,-0.35719,-0.35933,0.4999,0.4995,0.50048,Medium,
2026-06-26T20:58:57,2077.282,active,1,AF7+AF8,38.481,17.355,7.0164,38.458,40.912,-0.35491,-0.35769,-0.35994,0.49988,0.49948,0.50047,Medium,
2026-06-26T20:58:58,2078.286,active,1,AF7+AF8,67.888,22.353,5.8342,36.24,39.734,-0.35457,-0.35799,-0.36037,0.49986,0.49946,0.50046,Medium,
2026-06-26T20:58:59,2079.288,active,1,AF7+AF8,173.21,31.416,7.7171,34.673,26.675,-0.35398,-0.35751,-0.36083,0.49983,0.49942,0.50046,Medium,
2026-06-26T20:59:00,2080.289,active,1,AF7+AF8,124.94,26.706,10.74,31.915,26.035,-0.35423,-0.3568,-0.36156,0.49978,0.49938,0.50044,Medium,
2026-06-26T20:59:01,2081.292,active,1,AF7+AF8,160.72,59.229,12.462,30.092,34.65,-0.35168,-0.35626,-0.36184,0.49972,0.4993,0.50052,Medium,
2026-06-26T20:59:02,2082.297,active,1,AF7+AF8,159.05,62.771,11.444,31.781,37.144,-0.35127,-0.3565,-0.36132,0.49968,0.49923,0.5006,Medium,
2026-06-26T20:59:03,2083.303,active,1,AF7+AF8,23.453,28.567,5.797,19.689,20.014,-0.35408,-0.35799,-0.36408,0.49963,0.49918,0.50059,Medium,
2026-06-26T20:59:04,2084.309,active,1,AF7+AF8,8.5609,24.38,3.1199,14.566,10.579,-0.35442,-0.35861,-0.36537,0.49957,0.49911,0.50058,Medium,
2026-06-26T20:59:05,2085.313,active,1,AF7+AF8,74.061,43.104,8.0922,23.749,13.227,-0.35294,-0.35736,-0.36325,0.49953,0.49906,0.50058,Medium,
2026-06-26T20:59:06,2086.320,active,1,AF7+AF8,163.29,82.009,12.428,32.665,18.041,-0.3499,-0.35627,-0.36076,0.49952,0.49901,0.50071,Medium,
2026-06-26T20:59:07,2087.325,active,1,AF7+AF8,123.21,78.692,10.936,22.015,13.512,-0.35016,-0.35659,-0.36337,0.49948,0.49893,0.50077,Medium,
2026-06-26T20:59:08,2088.329,active,1,AF7+AF8,119.15,61.279,7.1627,15.666,7.0226,-0.35152,-0.35757,-0.36509,0.49943,0.49886,0.50076,Medium,
2026-06-26T20:59:09,2089.335,active,1,AF7+AF8,117.47,59.341,7.1678,13.795,7.6986,-0.35158,-0.3576,-0.36566,0.49938,0.49878,0.50076,Medium,
2026-06-26T20:59:10,2090.342,active,1,AF7+AF8,20.329,21.764,5.9102,15.355,11.228,-0.35461,-0.35801,-0.36533,0.49934,0.49877,0.50072,Medium,
2026-06-26T20:59:11,2091.350,active,1,AF7+AF8,14.215,18.42,6.5054,17.038,11.848,-0.3549,-0.35782,-0.36496,0.49931,0.49877,0.50068,Medium,
2026-06-26T20:59:12,2092.354,active,1,AF7+AF8,8.619,16.614,4.7467,18.888,11.62,-0.355,-0.35822,-0.36447,0.4993,0.4988,0.50065,Medium,
2026-06-26T20:59:13,2093.362,active,1,AF7+AF8,15.933,23.475,6.0936,17.293,10.719,-0.35451,-0.35789,-0.3648,0.49928,0.49879,0.50062,Medium,
2026-06-26T20:59:14,2094.371,active,1,AF7+AF8,24.38,24.938,7.3244,16.186,8.9517,-0.35443,-0.35761,-0.36519,0.49925,0.49877,0.50059,Medium,
2026-06-26T20:59:15,2095.376,active,1,AF7+AF8,45.549,22.269,4.9386,16.964,9.0866,-0.35457,-0.35813,-0.36491,0.49924,0.49876,0.50057,Medium,
2026-06-26T20:59:16,2096.382,active,1,AF7+AF8,130.57,31.746,5.615,19.019,9.1683,-0.3539,-0.358,-0.36441,0.49924,0.49875,0.50057,Medium,
2026-06-26T20:59:17,2097.383,active,1,AF7+AF8,48.087,30.116,4.2188,15.43,8.4907,-0.354,-0.35835,-0.36519,0.49923,0.49874,0.50056,Medium,
2026-06-26T20:59:18,2098.388,active,1,AF7+AF8,7.3774,22.629,3.8153,16.993,8.9491,-0.35453,-0.35847,-0.3649,0.49922,0.49873,0.50056,Medium,
2026-06-26T20:59:19,2099.392,active,1,AF7+AF8,36.799,33.268,5.1893,15.348,8.0431,-0.35371,-0.35807,-0.36529,0.49921,0.49871,0.50055,Medium,
2026-06-26T20:59:20,2100.397,active,1,AF7+AF8,76.089,50.827,6.7458,13.829,6.6515,-0.35248,-0.35764,-0.36571,0.49918,0.49867,0.50061,Medium,
2026-06-26T20:59:21,2101.404,active,1,AF7+AF8,40.483,38.053,6.051,13.765,7.5055,-0.3535,-0.35795,-0.36563,0.49916,0.49864,0.5006,Medium,
2026-06-26T20:59:22,2102.409,active,1,AF7+AF8,6.6176,18.607,3.7571,15.3,7.3635,-0.35488,-0.35854,-0.36525,0.49916,0.49868,0.50058,Medium,
2026-06-26T20:59:23,2103.414,active,1,AF7+AF8,19.9,19.328,5.0216,16.805,13.455,-0.35483,-0.35823,-0.3649,0.49917,0.49872,0.50057,Medium,
2026-06-26T20:59:24,2104.419,active,1,AF7+AF8,22.153,31.107,5.9239,22.224,12.823,-0.35399,-0.35804,-0.36375,0.49924,0.49875,0.50056,Medium,
2026-06-26T20:59:25,2105.422,active,1,AF7+AF8,15.988,31.512,5.3998,27.623,12.953,-0.354,-0.35816,-0.36267,0.49936,0.49885,0.50055,Medium,
2026-06-26T20:59:26,2106.429,active,1,AF7+AF8,35.836,29.941,5.7725,26.736,13.825,-0.3541,-0.35804,-0.36284,0.49938,0.49889,0.50055,Medium,
2026-06-26T20:59:27,2107.434,active,1,AF7+AF8,179.28,46.118,12.144,27.173,14.713,-0.35292,-0.35642,-0.36262,0.49936,0.49887,0.50053,Medium,
2026-06-26T20:59:28,2108.440,active,1,AF7+AF8,178.61,60.104,13.287,25.942,13.374,-0.3519,-0.35606,-0.36262,0.49934,0.49885,0.50053,Medium,
2026-06-26T20:59:29,2109.442,active,1,AF7+AF8,109.63,66.453,10.663,27.671,11.744,-0.35126,-0.35661,-0.36233,0.49933,0.49882,0.50061,Medium,
2026-06-26T20:59:30,2110.446,active,1,AF7+AF8,103.69,39.693,5.9374,26.177,13.288,-0.3531,-0.35781,-0.36277,0.49936,0.49882,0.50061,Medium,
2026-06-26T20:59:31,2111.452,active,1,AF7+AF8,93.643,33.532,3.4371,19.977,12.708,-0.35357,-0.3585,-0.36411,0.49935,0.4988,0.50061,Medium,
2026-06-26T20:59:32,2112.457,active,1,AF7+AF8,26.249,21.934,3.196,14.516,7.3768,-0.35458,-0.3586,-0.36543,0.49933,0.49878,0.5006,Medium,
2026-06-26T20:59:33,2113.461,active,1,AF7+AF8,8.183,13.369,3.1655,16.421,6.2554,-0.35521,-0.35863,-0.36501,0.49931,0.49878,0.50058,Medium,
2026-06-26T20:59:34,2114.468,active,1,AF7+AF8,26.311,15.803,4.7043,15.113,8.5912,-0.35507,-0.35821,-0.36535,0.49929,0.49877,0.50056,Medium,
2026-06-26T20:59:35,2115.474,active,1,AF7+AF8,26.02,14.426,5.4552,18.203,11.369,-0.35516,-0.35799,-0.36446,0.49928,0.49881,0.50053,Medium,
2026-06-26T20:59:36,2116.477,active,1,AF7+AF8,52.122,21.188,11.848,26.264,17.832,-0.35455,-0.35629,-0.36214,0.49928,0.49896,0.50049,Medium,
2026-06-26T20:59:37,2117.479,active,1,AF7+AF8,103.24,53.168,13.633,18.739,12.539,-0.35184,-0.35571,-0.36421,0.49924,0.4989,0.50049,Medium,
2026-06-26T20:59:38,2118.481,active,1,AF7+AF8,104.13,41.786,13.707,17.675,9.7709,-0.35289,-0.35568,-0.36444,0.4992,0.49885,0.50048,Medium,
2026-06-26T20:59:39,2119.485,active,1,AF7+AF8,48.548,32.377,10.496,21.63,11.017,-0.35387,-0.35669,-0.36368,0.49919,0.49885,0.50046,Medium,
2026-06-26T20:59:40,2120.489,active,1,AF7+AF8,67.91,48.99,9.0926,22.6,12.436,-0.35245,-0.35703,-0.36359,0.49919,0.49882,0.50053,Medium,
2026-06-26T20:59:41,2121.532,active,1,AF7+AF8,48.444,31.408,6.6958,22.203,11.301,-0.35377,-0.35767,-0.36382,0.49921,0.49881,0.50052,Medium,
2026-06-26T20:59:42,2122.538,active,1,AF7+AF8,28.617,20.094,5.9024,23.641,9.3524,-0.3548,-0.35788,-0.36341,0.49927,0.49888,0.50051,Medium,
2026-06-26T20:59:43,2123.552,active,1,AF7+AF8,68.342,34.981,10.379,16.834,6.5115,-0.35367,-0.35661,-0.36481,0.49923,0.49884,0.50049,Medium,
2026-06-26T20:59:44,2124.555,active,1,AF7+AF8,56.099,33.743,9.0007,15.662,10.659,-0.35357,-0.35704,-0.36516,0.4992,0.49881,0.50048,Medium,
2026-06-26T20:59:45,2125.562,active,1,AF7+AF8,28.336,29.66,18.88,102.49,429.03,-0.35403,-0.35488,-0.34317,0.50056,0.50034,0.50044,Medium,
2026-06-26T20:59:46,2126.568,active,1,AF7+AF8,35.232,43.877,26.008,150.46,648.54,-0.35305,-0.35321,-0.33104,0.50189,0.50179,0.50039,Medium,
2026-06-26T20:59:47,2127.574,active,1,AF7+AF8,219.03,89.039,10.52,29.921,56.707,-0.34934,-0.35683,-0.36173,0.50159,0.50139,0.50072,Medium,
2026-06-26T20:59:48,2128.578,active,1,AF7+AF8,185.39,68.616,12.042,21.389,31.743,-0.35084,-0.35631,-0.36378,0.50128,0.50103,0.50071,Medium,
2026-06-26T20:59:49,2129.579,active,1,AF7+AF8,37.943,15.264,8.0598,21.684,36.489,-0.35494,-0.35732,-0.3638,0.50103,0.50077,0.50066,Medium,
2026-06-26T20:59:50,2130.584,active,1,AF7+AF8,26.286,12.275,5.6206,25.491,28.409,-0.35528,-0.35801,-0.36298,0.50083,0.50056,0.50062,Medium,
2026-06-26T20:59:51,2131.588,active,1,AF7+AF8,29.772,19.383,6.4011,33.486,19.633,-0.35479,-0.35784,-0.36123,0.50068,0.5004,0.5006,Medium,
2026-06-26T20:59:52,2132.591,active,1,AF7+AF8,94.132,37.647,6.6676,31.122,17.877,-0.35337,-0.35775,-0.36183,0.50054,0.50022,0.50059,Medium,
2026-06-26T20:59:53,2133.598,active,1,AF7+AF8,155,47.745,8.3744,26.18,20.951,-0.3526,-0.35726,-0.3629,0.50039,0.50004,0.50059,Medium,
2026-06-26T20:59:54,2134.603,active,1,AF7+AF8,159.84,46.692,10.175,21.118,17.959,-0.35257,-0.35676,-0.36402,0.50024,0.49986,0.50058,Medium,
2026-06-26T20:59:55,2135.605,active,1,AF7+AF8,94.915,32.384,8.9671,23.743,14.422,-0.35362,-0.35709,-0.36342,0.50011,0.49973,0.50056,Medium,
2026-06-26T20:59:56,2136.606,active,1,AF7+AF8,15.062,9.2544,7.1619,38.465,21.001,-0.35548,-0.35769,-0.36003,0.50006,0.4997,0.50053,Medium,
2026-06-26T20:59:57,2137.609,active,1,AF7+AF8,17.321,10.606,8.3245,56.894,31.305,-0.35538,-0.35747,-0.35566,0.50016,0.49986,0.5005,Medium,
2026-06-26T20:59:58,2138.612,active,1,AF7+AF8,24.478,14.818,10.995,55.248,24.2,-0.355,-0.3568,-0.3561,0.50015,0.49986,0.50046,Medium,
2026-06-26T20:59:59,2139.619,active,1,AF7+AF8,14.597,12.326,10.412,57.691,30.684,-0.35519,-0.35694,-0.35552,0.50017,0.49992,0.50043,Medium,
2026-06-26T21:00:00,2140.624,active,1,AF7+AF8,28.096,17.651,11.815,51.357,60.325,-0.35487,-0.3567,-0.35697,0.50014,0.4999,0.50041,Medium,
2026-06-26T21:00:01,2141.626,active,1,AF7+AF8,38.971,21.849,11.042,67.808,39.919,-0.35456,-0.35679,-0.35333,0.50032,0.50005,0.50039,Medium,
2026-06-26T21:00:02,2142.630,active,1,AF7+AF8,65.561,90.229,15.583,75.985,68.435,-0.35006,-0.35582,-0.35089,0.5005,0.50003,0.50059,Medium,
2026-06-26T21:00:03,2143.637,active,1,AF7+AF8,314.37,200.21,23.754,105.58,136.09,-0.34271,-0.35388,-0.34157,0.50112,0.5001,0.50107,Medium,
2026-06-26T21:00:04,2144.642,active,1,AF7+AF8,190,39.906,8.2128,76.077,152.33,-0.35345,-0.35736,-0.3484,0.50112,0.50042,0.501,Medium,
2026-06-26T21:00:05,2145.646,active,1,AF7+AF8,115.88,28.361,10.307,92.551,119.52,-0.35424,-0.35698,-0.3423,0.50155,0.50106,0.50092,Medium,
2026-06-26T21:00:06,2146.650,active,1,AF7+AF8,586.01,41.877,20.657,105.72,92.701,-0.35323,-0.35465,-0.33841,0.50184,0.50154,0.50083,Medium,
2026-06-26T21:00:07,2147.656,active,1,AF7+AF8,797.69,48.467,16.903,39.891,40.3,-0.35276,-0.35547,-0.35876,0.50157,0.50126,0.50077,Medium,
2026-06-26T21:00:08,2148.662,active,1,AF7+AF8,157.84,47.097,9.0422,19.305,17.477,-0.35266,-0.3572,-0.36425,0.50127,0.50094,0.50075,Medium,
2026-06-26T21:00:09,2149.670,active,1,AF7+AF8,6595.8,1247,306.94,183.95,53.057,-0.26729,-0.28597,-0.31981,0.50061,0.50004,0.5017,Medium,
2026-06-26T21:00:10,2150.677,active,1,AF7,1.1958e+05,24148,11857,5272.8,466.94,1.2054,2.1917,0.82499,0.4808,0.49434,0.487,Medium,
2026-06-26T21:00:11,2151.679,active,0,,,,,,,,,,,,,Medium,
2026-06-26T21:00:12,2152.684,active,0,,,,,,,,,,,,,Medium,
2026-06-26T21:00:13,2153.690,active,1,AF7,2.0029e+05,39666,7452.1,2852.2,3031.5,2.2093,1.2313,0.27543,0.46904,0.46808,0.56672,Medium,
2026-06-26T21:00:14,2154.691,active,1,AF7+AF8,40958,7425.7,2041.6,592.92,590.79,0.13184,0.10287,-0.21412,0.46801,0.46673,0.55915,Medium,
2026-06-26T21:00:15,2155.697,active,1,AF7+AF8,1161.3,707.57,141.27,153.54,169.44,-0.30957,-0.32728,-0.3286,0.4871,0.48527,0.55232,Medium,
2026-06-26T21:00:16,2156.704,active,1,AF7+AF8,485.56,272.71,122.29,100.42,55.388,-0.33799,-0.33193,-0.34423,0.49392,0.49364,0.54595,Medium,
2026-06-26T21:00:17,2157.710,active,1,AF7+AF8,304.36,129.97,113.53,114.14,30.603,-0.34764,-0.33442,-0.34184,0.49701,0.49789,0.54024,Medium,
2026-06-26T21:00:18,2158.720,active,1,AF7+AF8,203.32,129.47,49.743,90.709,41.062,-0.34733,-0.34799,-0.34665,0.4989,0.49921,0.53542,Medium,
2026-06-26T21:00:19,2159.728,active,1,AF7+AF8,319.63,113.11,31.598,69.236,62.286,-0.34823,-0.35174,-0.35012,0.49968,0.49954,0.53122,Medium,
2026-06-26T21:00:20,2160.733,active,1,AF7+AF8,138.31,32.187,13.748,48.672,44.278,-0.35394,-0.35613,-0.35607,0.49988,0.49966,0.52751,Medium,
2026-06-26T21:00:21,2161.739,active,1,AF7+AF8,54.26,23.891,12.084,32.801,30.946,-0.35456,-0.35646,-0.36012,0.49984,0.49961,0.52424,Medium,
2026-06-26T21:00:22,2162.743,active,1,AF7+AF8,371.65,42.385,17.961,58.291,46.42,-0.35335,-0.35504,-0.3513,0.50022,0.5,0.52135,Medium,
2026-06-26T21:00:23,2163.746,active,1,AF7+AF8,749.06,80.333,41.897,109.43,97.331,-0.35079,-0.34932,-0.33429,0.50121,0.50124,0.51877,Medium,
2026-06-26T21:00:24,2164.756,active,1,AF7+AF8,128.67,31.005,22.764,65.627,65.546,-0.35399,-0.35399,-0.34915,0.50114,0.50116,0.51652,Medium,
2026-06-26T21:00:25,2165.761,active,1,AF7+AF8,49.637,25.335,13.013,37.378,37.39,-0.35422,-0.35618,-0.35806,0.50098,0.50096,0.51456,Medium,
2026-06-26T21:00:26,2166.768,active,1,AF7+AF8,133.29,45.952,15.694,36.077,33.095,-0.35259,-0.35533,-0.35878,0.50081,0.50076,0.51286,Medium,
2026-06-26T21:00:27,2167.779,active,1,AF7+AF8,129.44,29.165,13.783,33.492,19.248,-0.35403,-0.35597,-0.36001,0.50065,0.50058,0.51134,Medium,
2026-06-26T21:00:28,2168.785,active,1,AF7+AF8,100.9,21.041,12.838,25.932,14.548,-0.35468,-0.35633,-0.36191,0.50049,0.5004,0.51001,Medium,
2026-06-26T21:00:29,2169.789,active,1,AF7+AF8,48.335,24.742,11.414,28.51,18.026,-0.35443,-0.35674,-0.36141,0.50036,0.50025,0.50884,Medium,
2026-06-26T21:00:30,2170.791,active,1,AF7+AF8,45.739,24.594,11.202,28.61,14.915,-0.35442,-0.35684,-0.36167,0.50024,0.50011,0.50782,Medium,
2026-06-26T21:00:31,2171.792,active,1,AF7+AF8,26.26,24.537,11.21,21.647,10.462,-0.35444,-0.35685,-0.36383,0.50011,0.49995,0.50691,Medium,
2026-06-26T21:00:32,2172.795,active,1,AF7+AF8,59.749,28.917,16.028,22.516,8.4432,-0.35408,-0.35559,-0.3637,0.49997,0.49981,0.50611,Medium,
2026-06-26T21:00:33,2173.801,active,1,AF7+AF8,116.96,29.322,11.694,23.875,10.602,-0.35401,-0.35654,-0.36319,0.49988,0.4997,0.50541,Medium,
2026-06-26T21:00:34,2174.805,active,1,AF7+AF8,175.38,60.63,14.553,20.957,11.412,-0.35159,-0.3558,-0.36367,0.49977,0.49955,0.50483,Medium,
2026-06-26T21:00:35,2175.811,active,1,AF7+AF8,77.028,34.301,18.374,21.31,9.9744,-0.35365,-0.355,-0.3639,0.49967,0.49945,0.50427,Medium,
2026-06-26T21:00:36,2176.813,active,1,AF7+AF8,76.152,17.351,23.362,29.985,18.008,-0.35492,-0.35392,-0.36133,0.4996,0.49942,0.50374,Medium,
2026-06-26T21:00:37,2177.819,active,1,AF7+AF8,61.384,19.588,12.23,34.706,22.936,-0.35477,-0.35654,-0.35983,0.4996,0.49942,0.50332,Medium,
2026-06-26T21:00:38,2178.823,active,1,AF7+AF8,56.057,19.973,10.229,57.948,60.509,-0.35464,-0.35683,-0.35238,0.50017,0.49994,0.50295,Medium,
2026-06-26T21:00:39,2179.826,active,1,AF7+AF8,74.851,44.764,16.854,67.027,47.219,-0.35304,-0.35529,-0.34907,0.50054,0.50027,0.50263,Medium,
2026-06-26T21:00:40,2180.832,active,1,AF7+AF8,188.08,76.674,21.271,49.301,20.892,-0.3509,-0.35428,-0.35495,0.50046,0.50018,0.50237,Medium,
2026-06-26T21:00:41,2181.839,active,1,AF7+AF8,112.85,33.814,12.779,55.287,32.592,-0.35385,-0.35627,-0.35347,0.50045,0.50016,0.50212,Medium,
2026-06-26T21:00:42,2182.842,active,1,AF7+AF8,50.671,25.283,12.068,47.645,32.071,-0.35425,-0.35624,-0.35575,0.5004,0.50012,0.50189,Medium,
2026-06-26T21:00:43,2183.843,active,1,AF7+AF8,48.705,23.863,18.123,66.634,71.72,-0.35432,-0.35494,-0.35157,0.50041,0.50025,0.50168,Medium,
2026-06-26T21:00:44,2184.849,active,1,AF7+AF8,23.911,15.904,12.124,45.965,54.904,-0.35495,-0.35632,-0.35684,0.50036,0.5002,0.5015,Medium,
2026-06-26T21:00:45,2185.854,active,1,AF7+AF8,41.868,17.851,9.2423,35.814,24.066,-0.35486,-0.35706,-0.3586,0.50029,0.50012,0.50135,Medium,
2026-06-26T21:00:46,2186.857,active,1,AF7+AF8,50.57,26.475,10.138,32.136,22.026,-0.35424,-0.35683,-0.3597,0.50021,0.50002,0.50123,Medium,
2026-06-26T21:00:47,2187.860,active,1,AF7+AF8,593.08,61.083,22.208,33.43,20.697,-0.35175,-0.35399,-0.35971,0.5001,0.4999,0.50111,Medium,
2026-06-26T21:00:48,2188.866,active,1,AF7+AF8,2384.2,131.22,44.146,50.203,20.307,-0.34687,-0.34923,-0.35667,0.49998,0.49976,0.50101,Medium,
2026-06-26T21:00:49,2189.872,active,1,AF7+AF8,1537.1,165.26,43.135,51.223,23.406,-0.34417,-0.34933,-0.35677,0.49987,0.4996,0.50097,Medium,
2026-06-26T21:00:50,2190.881,active,1,AF7+AF8,461.75,102.96,25.876,36.689,26.318,-0.34876,-0.35321,-0.3601,0.49978,0.49948,0.50092,Medium,
2026-06-26T21:00:51,2191.888,active,1,AF7+AF8,818.82,91.7,26.579,71.449,55.537,-0.3498,-0.35306,-0.34992,0.50015,0.49978,0.50086,Medium,
2026-06-26T21:00:52,2192.904,active,1,AF7+AF8,974.41,117.91,26.927,89.818,78.128,-0.34826,-0.35312,-0.34411,0.50073,0.50022,0.50083,Medium,
2026-06-26T21:00:53,2193.910,active,1,AF7+AF8,968.1,100.58,13.069,45.844,32.107,-0.34936,-0.35639,-0.35626,0.50065,0.50009,0.50086,Medium,
2026-06-26T21:00:54,2194.920,active,1,AF7+AF8,310.73,59.889,14.868,21.798,14.956,-0.35165,-0.35546,-0.36353,0.50045,0.4999,0.50081,Medium,
2026-06-26T21:00:55,2195.926,active,1,AF7+AF8,157.14,62.314,20.527,24.111,10.833,-0.35135,-0.35411,-0.36317,0.50026,0.49974,0.50076,Medium,
2026-06-26T21:00:56,2196.928,active,1,AF7+AF8,37.367,18.726,10.71,26.248,13.081,-0.35476,-0.35685,-0.36271,0.50014,0.49965,0.5007,Medium,
2026-06-26T21:00:57,2197.933,baseline_rest,1,AF7+AF8,2715.2,442.14,36.073,41.971,33.144,,,,,,,Medium,
2026-06-26T21:00:58,2198.939,baseline_rest,1,AF7+AF8,7755.5,1052.7,57.476,78.043,76.371,,,,,,,Medium,
2026-06-26T21:00:59,2199.945,baseline_rest,1,AF7+AF8,1362.7,157.58,13.167,69.796,50.773,,,,,,,Medium,
2026-06-26T21:01:00,2200.951,baseline_rest,1,AF7+AF8,32.041,23.574,9.5313,60.347,32.548,,,,,,,Medium,
2026-06-26T21:01:01,2201.954,baseline_rest,1,AF7+AF8,62.294,29.691,11.839,54.208,42.458,,,,,,,Medium,
2026-06-26T21:01:02,2202.960,baseline_rest,1,AF7+AF8,56.804,20.152,8.4642,43.263,45.081,,,,,,,Medium,
2026-06-26T21:01:03,2203.965,baseline_rest,1,AF7+AF8,19.995,14.817,8.548,49.878,35.947,,,,,,,Medium,
2026-06-26T21:01:04,2204.967,baseline_rest,1,AF7+AF8,29.136,21.007,13.859,38.504,32.295,,,,,,,Medium,
2026-06-26T21:01:05,2205.973,baseline_rest,1,AF7+AF8,66.314,26.334,16.234,55.105,39.971,,,,,,,Medium,
2026-06-26T21:01:06,2206.978,baseline_rest,1,AF7+AF8,72.646,14.721,18.045,67.633,38.724,,,,,,,Medium,
2026-06-26T21:01:07,2207.985,baseline_rest,1,AF7+AF8,31.811,11.166,8.429,55.459,28.818,,,,,,,Medium,
2026-06-26T21:01:08,2208.992,baseline_rest,1,AF7+AF8,25.068,14.234,5.4711,44.22,31.137,,,,,,,Medium,
2026-06-26T21:01:09,2209.997,baseline_rest,1,AF7+AF8,17.418,13.716,7.1093,45.735,36.84,,,,,,,Medium,
2026-06-26T21:01:10,2211.003,baseline_rest,1,AF7+AF8,12.339,11.932,7.5609,42.978,33.15,,,,,,,Medium,
2026-06-26T21:01:11,2212.010,baseline_rest,1,AF7+AF8,11.857,10.58,5.8482,40.853,28.805,,,,,,,Medium,
2026-06-26T21:01:12,2213.019,baseline_rest,1,AF7+AF8,16.32,15.432,4.6356,35.111,25.154,,,,,,,Medium,
2026-06-26T21:01:13,2214.025,baseline_rest,1,AF7+AF8,19.202,13.997,4.9759,38.121,28.247,,,,,,,Medium,
2026-06-26T21:01:14,2215.032,baseline_rest,1,AF7+AF8,14.634,10.19,6.9427,37.789,29.212,,,,,,,Medium,
2026-06-26T21:01:15,2216.037,baseline_rest,1,AF7+AF8,14.759,7.9286,6.4324,40.355,20.108,,,,,,,Medium,
2026-06-26T21:01:16,2217.043,baseline_rest,1,AF7+AF8,16.817,11.545,5.2499,32.294,19.752,,,,,,,Medium,
2026-06-26T21:01:17,2218.051,idle,1,AF7+AF8,17.921,10.063,7.252,37.075,19.936,,,,,,,Medium,
2026-06-26T21:01:18,2219.058,idle,1,AF7+AF8,13.967,8.1857,6.6216,38.796,24.774,,,,,,,Medium,
2026-06-26T21:01:19,2220.065,baseline_active,1,AF7+AF8,29.958,12.616,7.9772,36.593,36.18,,,,,,,Medium,
2026-06-26T21:01:20,2221.067,baseline_active,1,AF7+AF8,72.816,35.072,15.614,41.734,30.897,,,,,,,Medium,
2026-06-26T21:01:21,2222.068,baseline_active,1,AF7+AF8,108.27,57.862,22.516,42.974,22.877,,,,,,,Medium,
2026-06-26T21:01:22,2223.075,baseline_active,1,AF7+AF8,116.19,59.094,17.067,43.229,25.983,,,,,,,Medium,
2026-06-26T21:01:23,2224.078,baseline_active,1,AF7+AF8,124.07,56.469,16.207,48.971,26.47,,,,,,,Medium,
2026-06-26T21:01:24,2225.088,baseline_active,1,AF7+AF8,69.222,28.305,15.422,46.769,22.425,,,,,,,Medium,
2026-06-26T21:01:25,2226.096,baseline_active,1,AF7+AF8,71.669,22.875,21.04,57.916,30.964,,,,,,,Medium,
2026-06-26T21:01:26,2227.103,baseline_active,1,AF7+AF8,195.72,42.623,25.744,96.291,83.144,,,,,,,Medium,
2026-06-26T21:01:27,2228.107,baseline_active,1,AF7+AF8,105.69,50.87,23.481,94.108,79.609,,,,,,,Medium,
2026-06-26T21:01:28,2229.113,baseline_active,1,AF7+AF8,89.466,134.28,28.454,70.103,41.084,,,,,,,Medium,
2026-06-26T21:01:29,2230.118,baseline_active,1,AF7+AF8,63.01,70.799,25.529,42.979,26.514,,,,,,,Medium,
2026-06-26T21:01:30,2231.126,baseline_active,1,AF7+AF8,51.067,35.79,14.963,36.663,16.762,,,,,,,Medium,
2026-06-26T21:01:31,2232.129,baseline_active,1,AF7+AF8,56.341,35.19,9.2586,37.842,14.093,,,,,,,Medium,
2026-06-26T21:01:32,2233.132,baseline_active,1,AF7+AF8,63.819,29.284,9.1211,29.243,14.268,,,,,,,Medium,
2026-06-26T21:01:33,2234.136,baseline_active,1,AF7+AF8,39.064,17.573,5.1757,18.127,10.95,,,,,,,Medium,
2026-06-26T21:01:34,2235.143,baseline_active,1,AF7+AF8,46.552,13.821,5.2205,17.344,8.851,,,,,,,Medium,
2026-06-26T21:01:35,2236.150,baseline_active,1,AF7+AF8,32.388,11.537,6.5116,25.862,10.519,,,,,,,Medium,
2026-06-26T21:01:37,2237.155,baseline_active,1,AF7+AF8,58.708,22.123,9.6886,38.877,10.513,,,,,,,Medium,
2026-06-26T21:01:38,2238.161,baseline_active,1,AF7+AF8,556.58,75.558,15.32,39.951,14.615,,,,,,,Medium,
2026-06-26T21:01:39,2239.169,baseline_active,1,AF7+AF8,473.67,106.13,25.132,33.714,13.008,,,,,,,Medium,
2026-06-26T21:01:40,2240.174,baseline_active,1,AF7+AF8,114.28,58.505,23.467,24.548,12.985,,,,,,,Medium,
2026-06-26T21:01:41,2241.181,baseline_active,1,AF7+AF8,74.995,62.006,18.414,29.026,17.628,,,,,,,Medium,
2026-06-26T21:01:42,2242.187,baseline_active,1,AF7+AF8,78.275,43.094,18.066,36.35,24.038,,,,,,,Medium,
2026-06-26T21:01:43,2243.189,baseline_active,1,AF7+AF8,239.21,35.569,18.49,40.119,19.414,,,,,,,Medium,
2026-06-26T21:01:44,2244.197,baseline_active,1,AF7+AF8,1073.9,91.286,28.074,54.67,33.48,,,,,,,Medium,
2026-06-26T21:01:45,2245.203,baseline_active,1,AF7+AF8,406.88,57.902,16.967,44.667,35.47,,,,,,,Medium,
2026-06-26T21:01:46,2246.205,baseline_active,1,AF7+AF8,132.84,39.48,15.805,43.765,26.275,,,,,,,Medium,
2026-06-26T21:01:47,2247.210,baseline_active,1,AF7+AF8,1822.2,236.24,38.356,68.201,50.51,,,,,,,Medium,
2026-06-26T21:01:48,2248.217,baseline_active,1,AF7+AF8,3222.1,290.26,39.732,103.49,127,,,,,,,Medium,
2026-06-26T21:01:49,2249.223,baseline_active,1,AF7+AF8,384.37,43.282,12.726,81.935,104.36,,,,,,,Medium,
2026-06-26T21:01:50,2250.231,baseline_active,1,AF7+AF8,51.495,34.541,10.746,56.865,62.826,,,,,,,Medium,
2026-06-26T21:01:51,2251.241,baseline_active,1,AF7+AF8,20.454,18.102,8.1819,50.47,48.532,,,,,,,Medium,
2026-06-26T21:01:52,2252.244,baseline_active,1,AF7+AF8,17.015,11.97,7.5003,46.349,36.69,,,,,,,Medium,
2026-06-26T21:01:53,2253.250,baseline_active,1,AF7+AF8,18.491,14.776,8.6527,46.187,35.485,,,,,,,Medium,
2026-06-26T21:01:54,2254.255,baseline_active,1,AF7+AF8,28.482,11.963,8.6538,46.336,26.171,,,,,,,Medium,
2026-06-26T21:01:55,2255.261,baseline_active,1,AF7+AF8,71.433,24.798,7.0106,37.534,30.564,,,,,,,Medium,
2026-06-26T21:01:56,2256.267,baseline_active,1,AF7+AF8,45.106,21.083,6.3553,38.674,29.01,,,,,,,Medium,
2026-06-26T21:01:57,2257.275,baseline_active,1,AF7+AF8,25.905,11.642,6.5175,35.071,24.067,,,,,,,Medium,
2026-06-26T21:01:58,2258.282,baseline_active,1,AF7+AF8,197.58,23.562,9.5389,45.043,30.487,,,,,,,Medium,
2026-06-26T21:01:59,2259.286,baseline_active,1,AF7+AF8,670.27,62.804,22.56,80.107,40.955,,,,,,,Medium,
2026-06-26T21:02:00,2260.290,baseline_active,1,AF7+AF8,171.87,47.424,18.641,64.21,35.016,,,,,,,Medium,
2026-06-26T21:02:01,2261.293,baseline_active,1,AF7+AF8,80.553,27.576,8.613,48.615,24.659,,,,,,,Medium,
2026-06-26T21:02:02,2262.297,baseline_active,1,AF7+AF8,162.21,26.906,7.4478,33.603,17.488,,,,,,,Medium,
2026-06-26T21:02:03,2263.305,baseline_active,1,AF7+AF8,49.318,13.88,7.3126,29.365,20.376,,,,,,,Medium,
2026-06-26T21:02:04,2264.312,baseline_active,1,AF7+AF8,30.606,13.429,5.9145,25.656,16.313,,,,,,,Medium,
2026-06-26T21:02:05,2265.319,baseline_active,1,AF7+AF8,424.43,94.866,20.082,57.547,30.672,,,,,,,Medium,
2026-06-26T21:02:06,2266.329,baseline_active,1,AF7+AF8,468.42,111.99,33.626,62.305,33.379,,,,,,,Medium,
2026-06-26T21:02:07,2267.336,baseline_active,1,AF7+AF8,98.109,28.519,11.436,28.086,13.926,,,,,,,Medium,
2026-06-26T21:02:08,2268.341,baseline_active,1,AF7+AF8,68.505,12.599,6.8547,22.71,7.5443,,,,,,,Medium,
2026-06-26T21:02:09,2269.346,baseline_active,1,AF7+AF8,68.957,18.742,10.592,21.084,9.8257,,,,,,,Medium,
2026-06-26T21:02:10,2270.349,baseline_active,1,AF7+AF8,25.294,10.693,7.1479,15.889,9.8277,,,,,,,Medium,
2026-06-26T21:02:11,2271.356,active,1,AF7+AF8,79.791,36.292,13.371,23.045,10.637,-0.30599,-0.10887,-1.0262,0.4866,0.489,0.49766,Medium,
2026-06-26T21:02:12,2272.363,active,1,AF7+AF8,165.62,75.447,27.344,41.451,16.308,0.058064,0.60241,-0.20555,0.47625,0.48638,0.48982,Medium,
2026-06-26T21:02:13,2273.370,active,1,AF7+AF8,132.05,38.02,23.662,39.3,22.973,-0.31177,0.55546,-0.30797,0.46635,0.49483,0.47824,Medium,
2026-06-26T21:02:14,2274.377,active,1,AF7+AF8,167.38,49.698,21.646,55.653,33.881,0.049732,0.79958,0.4282,0.46483,0.52623,0.46973,Hard,
2026-06-26T21:02:15,2275.383,active,1,AF7+AF8,62.234,45.428,11.842,42.007,19.728,0.12958,-0.098097,-0.17942,0.47983,0.51846,0.50495,Hard,
2026-06-26T21:02:16,2276.385,active,1,AF7+AF8,57.192,35.691,10.223,26.015,14.298,-0.29676,-0.47787,-0.89305,0.47605,0.50737,0.51555,Hard,
2026-06-26T21:02:17,2277.391,active,1,AF7+AF8,99.213,37.406,12.186,27.591,14.649,-0.36268,-0.57154,-0.81114,0.47533,0.49978,0.52187,Hard,
2026-06-26T21:02:18,2278.397,active,1,AF7+AF8,306.36,90.239,22.313,46.472,33.972,0.12043,0.18918,0.038018,0.4788,0.49857,0.51822,Hard,
2026-06-26T21:02:19,2279.403,active,1,AF7+AF8,218.3,73.706,20.736,65.732,54.387,0.040447,0.29624,0.91944,0.53789,0.56431,0.5122,Hard,
2026-06-26T21:02:20,2280.411,active,1,AF7+AF8,146.56,87.817,16.87,69.804,46.384,0.14467,-0.11819,1.0954,0.60348,0.59572,0.52457,Hard,
2026-06-26T21:02:21,2281.417,active,1,AF7+AF8,58.545,70.504,13.764,46.213,20.362,0.14244,-0.24464,0.0075762,0.59484,0.58221,0.53877,Hard,
2026-06-26T21:02:22,2282.423,active,1,AF7+AF8,40.35,55.218,13.827,35.243,18.555,0.16505,-0.14713,-0.48455,0.57841,0.56269,0.53887,Hard,
2026-06-26T21:02:23,2283.429,active,1,AF7+AF8,134.47,50.29,19.401,44.55,28.988,0.48552,0.73052,-0.035577,0.55765,0.54739,0.53054,Hard,
2026-06-26T21:02:24,2284.435,active,1,AF7+AF8,184.86,63.545,25.936,52.573,31.55,1.1879,1.6609,0.33883,0.53159,0.52916,0.51981,Hard,
2026-06-26T21:02:25,2285.441,active,1,AF7+AF8,312.89,72.61,33.415,78.385,82.183,0.557,2.7651,1.4869,0.50925,0.58017,0.48731,Hard,
2026-06-26T21:02:26,2286.451,active,1,AF7+AF8,745.93,144.66,41.398,180.83,307.2,1.1728,5.7504,6.092,0.52926,0.78483,0.43988,Hard,
2026-06-26T21:02:27,2287.457,active,1,AF7+AF8,154.31,41.457,18.019,119.28,254.62,0.0045257,1.4426,3.3728,0.64619,0.82,0.42641,Hard,
2026-06-26T21:02:28,2288.461,active,1,AF7+AF8,23.598,9.5891,7.906,83.912,175.52,-0.67843,-0.66635,1.8073,0.72348,0.81473,0.46966,Hard,
2026-06-26T21:02:29,2289.469,active,1,AF7+AF8,13.815,7.3907,6.0372,84.762,118.71,-0.73489,-0.88126,1.8214,0.766,0.81082,0.49884,Hard,
2026-06-26T21:02:30,2290.478,active,1,AF7+AF8,37.157,12.117,7.884,74.791,47.182,-0.58801,-0.65817,1.3558,0.76197,0.80058,0.5048,Hard,
2026-06-26T21:02:31,2291.487,active,1,AF7+AF8,62,25.092,9.7294,51.071,45.55,-0.28903,-0.41215,0.28384,0.74087,0.77304,0.51115,Hard,
2026-06-26T21:02:32,2292.493,active,1,AF7+AF8,63.736,33.265,15.853,60.788,70.636,-0.29014,0.00015504,0.70368,0.72241,0.75489,0.50546,Hard,
2026-06-26T21:02:33,2293.498,active,1,AF7+AF8,83.139,26.459,17.845,95.291,165.8,-0.36687,1.511,2.2891,0.70725,0.77626,0.47854,Hard,
2026-06-26T21:02:34,2294.505,active,1,AF7+AF8,50.651,19.364,14.467,117.56,238.37,-0.436,0.84599,3.3124,0.74753,0.83067,0.46252,Hard,
2026-06-26T21:02:35,2295.512,active,1,AF7+AF8,19.388,11.189,9.643,90.681,213.83,-0.49866,-0.55536,2.057,0.77114,0.82484,0.48926,Hard,
2026-06-26T21:02:36,2296.523,active,1,AF7+AF8,93.029,26.576,10.088,81.502,149.94,0.099285,-0.33874,1.6613,0.76633,0.80817,0.52843,Hard,
2026-06-26T21:02:37,2297.528,active,1,AF7+AF8,174.42,38.269,12.148,98.151,76.512,0.34279,0.024938,2.4315,0.76799,0.79995,0.53516,Hard,
2026-06-26T21:02:38,2298.547,active,1,AF7+AF8,105.37,25.327,9.2624,76.075,43.373,-0.29388,-0.44319,1.4078,0.76177,0.78804,0.53318,Hard,
2026-06-26T21:02:39,2299.553,active,1,AF7+AF8,295.64,58.208,19.847,39.854,29.333,0.078822,0.39802,-0.24384,0.72081,0.74865,0.52442,Hard,
2026-06-26T21:02:40,2300.559,active,1,AF7+AF8,139.64,31.487,13.023,29.03,17.525,-0.43001,-0.20228,-0.74079,0.68629,0.71416,0.51808,Hard,
2026-06-26T21:02:41,2301.560,active,1,AF7+AF8,54.5,11.009,9.3766,38.318,26.543,-0.68237,-0.45401,-0.32427,0.66588,0.69382,0.51249,Hard,
2026-06-26T21:02:42,2302.566,active,1,AF7+AF8,38.244,13.819,10.593,41.026,26.854,-0.62945,-0.42346,-0.20702,0.64922,0.67687,0.5079,Hard,
2026-06-26T21:02:43,2303.573,active,1,AF7+AF8,13.745,8.8497,5.7392,32.357,15.451,-0.69962,-0.90905,-0.59343,0.63603,0.65724,0.51885,Hard,
2026-06-26T21:02:44,2304.577,active,1,AF7+AF8,97.511,22.658,9.7976,37.561,20.736,-0.45447,-0.62626,-0.3703,0.62354,0.63963,0.52042,Hard,
2026-06-26T21:02:45,2305.586,active,1,AF7+AF8,2022.5,231.53,77.653,106.13,159.04,2.7138,4.5402,2.7724,0.5838,0.62376,0.49233,Hard,
2026-06-26T21:02:46,2306.591,active,1,AF7+AF8,1902.4,197.63,64.59,140.99,330.25,2.1442,3.5378,4.4357,0.59975,0.70474,0.47315,Hard,
2026-06-26T21:02:47,2307.596,active,1,AF7+AF8,57.65,11.637,7.0685,100.01,209.37,-0.62171,-0.66644,2.5539,0.73996,0.78008,0.49262,Hard,
2026-06-26T21:02:48,2308.602,active,1,AF7+AF8,18.204,6.4953,7.716,108.34,144.89,-0.69475,-0.45348,2.8843,0.80084,0.82615,0.48989,Hard,
2026-06-26T21:02:49,2309.607,active,1,AF7+AF8,32.662,4.4955,8.6968,112.23,150.83,-0.76015,-0.57039,3.0854,0.83724,0.85393,0.48826,Hard,
2026-06-26T21:02:50,2310.613,active,1,AF7+AF8,11.776,5.4998,6.5731,95.859,165.88,-0.74836,-0.87752,2.3346,0.83672,0.8503,0.50499,Hard,
2026-06-26T21:02:51,2311.623,active,1,AF7+AF8,3.2134,6.3426,6.0317,92.71,130.11,-0.72041,-0.91661,2.1684,0.83517,0.84536,0.5167,Hard,
2026-06-26T21:02:52,2312.628,active,1,AF7+AF8,9.1863,5.9081,6.0241,81.777,92.459,-0.72796,-0.94047,1.6791,0.82945,0.83622,0.5226,Hard,
2026-06-26T21:02:53,2313.633,active,1,AF7+AF8,20.441,9.8503,8.4449,103.4,121.72,-0.58067,-0.20658,2.711,0.82728,0.83748,0.51429,Hard,
2026-06-26T21:02:54,2314.641,active,1,AF7+AF8,23.987,12.214,9.5364,136.9,270.35,-0.54527,-0.032267,4.2653,0.86824,0.88533,0.50493,Hard,
2026-06-26T21:02:55,2315.645,active,1,AF7+AF8,14.171,10.9,11.053,93.627,194.82,-0.59417,-0.15284,2.2097,0.85588,0.87539,0.49774,Hard,
2026-06-26T21:02:56,2316.651,active,1,AF7+AF8,11.622,9.6109,12.792,79.185,99.349,-0.61593,0.10596,1.5464,0.83389,0.85995,0.4873,Hard,
2026-06-26T21:02:57,2317.657,active,1,AF7+AF8,48.984,23.429,14.54,94.853,82.193,-0.36413,0.088322,2.2575,0.82351,0.85127,0.48207,Hard,
2026-06-26T21:02:58,2318.670,active,1,AF7+AF8,132.71,38.364,13.048,127.93,180.38,0.11631,0.015478,3.7861,0.85034,0.85792,0.50039,Hard,
2026-06-26T21:02:59,2319.699,active,1,AF7+AF8,51.581,20.255,19.96,93.992,134.66,-0.28508,1.5517,2.2653,0.81889,0.84876,0.47458,Hard,
2026-06-26T21:03:00,2320.709,active,1,AF7+AF8,68.056,25.844,23.134,103.94,143.47,-0.15187,1.421,2.7357,0.79966,0.844,0.45518,Hard,
2026-06-26T21:03:01,2321.716,active,1,AF7+AF8,57.483,16.788,11.273,109.06,123.29,-0.38366,-0.29022,2.9337,0.82007,0.84352,0.47506,Hard,
2026-06-26T21:03:02,2322.721,active,1,AF7+AF8,153.29,55.513,19.267,71.378,73.33,1.2494,1.2618,1.1876,0.78055,0.80137,0.4891,Hard,
2026-06-26T21:03:03,2323.724,active,1,AF7+AF8,650.07,159.98,25.847,45.278,41.757,4.5116,2.7494,0.031437,0.71142,0.71675,0.61987,Hard,
2026-06-26T21:03:04,2324.729,active,1,AF7+AF8,784.73,158.48,27.438,46.948,27.041,3.7814,2.2194,0.081203,0.65671,0.64705,0.65949,Hard,
2026-06-26T21:03:05,2325.731,active,1,AF7+AF8,551.02,95.12,18.225,62.234,30.998,1.1641,0.7315,0.77483,0.63856,0.62358,0.64681,Hard,
2026-06-26T21:03:06,2326.741,active,1,AF7+AF8,241.08,82.799,19.982,56.812,22.639,0.50351,0.24675,0.49263,0.62562,0.60859,0.63304,Hard,
2026-06-26T21:03:07,2327.749,active,1,AF7+AF8,177.98,56.694,41.131,57.207,20.175,0.11474,2.0234,0.50726,0.58883,0.60143,0.59044,Hard,
2026-06-26T21:03:08,2328.756,active,1,AF7+AF8,164.34,80.79,24.615,74.921,46.771,0.91469,0.93298,1.3184,0.58393,0.59529,0.57931,Hard,
2026-06-26T21:03:09,2329.768,active,1,AF7+AF8,173.37,77.443,20.634,90.473,107.85,1.0211,0.92381,2.0496,0.61585,0.6136,0.57125,Hard,
2026-06-26T21:03:10,2330.773,active,1,AF7+AF8,42.257,21.03,7.1947,83.335,118.61,-0.41141,-0.78211,1.7573,0.71475,0.69383,0.56825,Hard,
2026-06-26T21:03:11,2331.777,active,1,AF7+AF8,29.653,26.838,12.766,84.775,110.5,-0.27632,-0.36423,1.8019,0.73415,0.72074,0.56138,Hard,
2026-06-26T21:03:12,2332.783,active,1,AF7+AF8,19.022,17.592,9.6743,74.041,88.342,-0.51213,-0.48249,1.3266,0.73147,0.72004,0.55357,Hard,
2026-06-26T21:03:13,2333.786,active,1,AF7+AF8,12.526,8.4918,6.0723,76.902,72.071,-0.67959,-0.60909,1.471,0.7359,0.73538,0.54608,Hard,
2026-06-26T21:03:14,2334.790,active,1,AF7+AF8,23.496,7.9645,11.107,89.746,75.912,-0.65406,-0.0073724,2.0359,0.73583,0.77013,0.53093,Hard,
2026-06-26T21:03:15,2335.797,active,1,AF7+AF8,20.165,9.7804,11.774,88.67,65.937,-0.62324,-0.17149,1.9844,0.74199,0.77994,0.52047,Hard,
2026-06-26T21:03:16,2336.804,active,1,AF7+AF8,16.412,17.323,10.058,68.755,57.818,-0.54261,-0.33257,1.0802,0.73331,0.76944,0.51487,Hard,
2026-06-26T21:03:17,2337.809,active,1,AF7+AF8,31.423,45.931,21.584,71.828,53.777,0.026738,1.2661,1.2038,0.70438,0.75427,0.49507,Hard,
2026-06-26T21:03:18,2338.817,active,1,AF7+AF8,56.601,39.523,21.988,58.321,43.827,0.23299,1.1495,0.58182,0.67139,0.72897,0.48215,Hard,
2026-06-26T21:03:19,2339.819,active,1,AF7+AF8,236.88,69.166,22.783,133.87,116.06,1.8263,1.1603,4.0718,0.75508,0.74429,0.54235,Hard,
2026-06-26T21:03:20,2340.824,active,1,AF7+AF8,219.63,77.666,22.858,158.68,149.49,1.1593,1.5204,5.2571,0.82179,0.82922,0.53187,Hard,
2026-06-26T21:03:21,2341.835,active,1,AF7+AF8,80.478,44.661,15.966,98.451,106.28,-0.17963,0.53279,2.4956,0.81047,0.82476,0.51747,Hard,
2026-06-26T21:03:22,2342.842,active,1,AF7+AF8,37.348,11.673,10.589,53.881,47.521,-0.57465,-0.31032,0.42125,0.78406,0.80043,0.51141,Hard,
2026-06-26T21:03:23,2343.850,active,1,AF7+AF8,23.015,16.228,9.4538,40.504,34.571,-0.54445,-0.29781,-0.19245,0.75156,0.76964,0.50635,Hard,
2026-06-26T21:03:24,2344.859,active,1,AF7+AF8,14.318,17.874,11.058,42.684,30.131,-0.55727,-0.15455,-0.095958,0.72225,0.74418,0.49957,Hard,
2026-06-26T21:03:25,2345.861,active,1,AF7+AF8,13.021,15.254,9.1379,44.861,27.146,-0.52311,-0.48409,0.0053711,0.70288,0.72276,0.49903,Hard,
2026-06-26T21:03:26,2346.866,active,1,AF7+AF8,25.094,13.309,6.839,49.879,40.596,-0.50516,-0.64317,0.23857,0.69155,0.70705,0.50996,Hard,
2026-06-26T21:03:27,2347.872,active,1,AF7+AF8,15.015,8.2189,5.0554,66.072,50.641,-0.66575,-0.85321,1.0177,0.70753,0.70607,0.51803,Hard,
2026-06-26T21:03:28,2348.875,active,1,AF7+AF8,22.546,9.8008,5.0275,64.287,39.568,-0.66268,-0.80826,0.92753,0.70714,0.70401,0.51813,Hard,
2026-06-26T21:03:29,2349.881,active,1,AF7+AF8,313.56,15.008,6.6136,41.257,39.095,-0.58257,-0.64939,-0.16183,0.68956,0.68582,0.51695,Hard,
2026-06-26T21:03:30,2350.889,active,1,AF7+AF8,741.81,116.84,38.106,67.409,49.751,0.49681,1.213,0.98756,0.66344,0.67084,0.50429,Hard,
2026-06-26T21:03:31,2351.893,active,1,AF7+AF8,2448.1,695.72,208.33,260.47,315.09,6.2903,11.73,9.6535,0.61521,0.77421,0.45119,Hard,
2026-06-26T21:03:32,2352.897,active,1,AF7+AF8,914.79,263.01,82.806,245.75,426.29,1.8483,4.1569,9.1354,0.80011,0.89439,0.42581,Hard,
2026-06-26T21:03:33,2353.904,active,1,AF7+AF8,8.4587,9.3409,6.6014,108.38,269.86,-0.6757,-0.68029,2.9084,0.83452,0.88992,0.47067,Hard,
2026-06-26T21:03:34,2354.906,active,1,AF7+AF8,28.691,15.881,9.2629,80.808,203.81,-0.47586,-0.4598,1.6253,0.8231,0.87204,0.48706,Hard,
2026-06-26T21:03:35,2355.912,active,1,AF7+AF8,26.775,15.791,8.8246,102.18,207.93,-0.47038,-0.36732,2.6156,0.82229,0.86626,0.4871,Hard,
2026-06-26T21:03:36,2356.918,active,1,AF7+AF8,53.882,23.19,12.178,131.38,130.79,-0.26062,0.21311,3.9778,0.84964,0.88216,0.48157,Hard,
2026-06-26T21:03:37,2357.924,active,1,AF7+AF8,197.15,44.761,15.307,106.06,70.665,0.69523,1.0416,2.8233,0.83277,0.86551,0.4786,Hard,
2026-06-26T21:03:38,2358.929,active,1,AF7+AF8,674.16,61.108,17.252,73.953,48.359,1.2869,1.3225,1.3196,0.7928,0.82214,0.48877,Hard,
2026-06-26T21:03:39,2359.940,active,1,AF7+AF8,8802,378.33,35.275,54.722,26.507,14.033,4.9966,0.42574,0.70874,0.72362,0.78903,Hard,
2026-06-26T21:03:40,2360.946,active,1,AF7+AF8,19781,889.3,61.129,73.546,30.984,35.055,8.0597,1.2936,0.62763,0.63678,0.91561,Hard,
2026-06-26T21:03:41,2361.953,active,1,AF7+AF8,3888.4,266.58,49.152,61.383,38.218,8.1445,4.0333,0.72332,0.57157,0.56324,0.91212,Hard,
2026-06-26T21:03:42,2362.959,active,1,AF7+AF8,1224.9,109.45,45.709,136.1,287.41,1.1445,2.8345,4.1766,0.62567,0.71727,0.83872,Hard,
2026-06-26T21:03:43,2363.965,active,1,AF7+AF8,867.36,74.075,31.331,209.44,687.52,0.49621,1.7836,7.596,0.81916,0.87015,0.77941,Hard,
2026-06-26T21:03:44,2364.969,active,1,AF7+AF8,37.879,17.012,8.7397,132.72,478.83,-0.45814,-0.4677,4.0373,0.87058,0.89073,0.74602,Hard,
2026-06-26T21:03:45,2365.979,active,1,AF7+AF8,28.108,17.829,15.776,150.65,278.43,-0.28614,0.28816,4.8805,0.89337,0.91416,0.70794,Hard,
2026-06-26T21:03:46,2366.985,active,1,AF7+AF8,74.175,41.586,22.416,130.63,117.39,0.5715,1.5151,3.9289,0.87853,0.90559,0.66909,Hard,
2026-06-26T21:03:47,2367.993,active,1,AF7+AF8,39.016,25.09,13.105,102.89,54.75,-0.23353,0.095462,2.6135,0.86657,0.89362,0.64388,Hard,
2026-06-26T21:03:48,2369.000,active,1,AF7+AF8,41.899,13.388,11.437,85.737,69.531,-0.50918,0.13905,1.8697,0.84704,0.87839,0.61697,Hard,
2026-06-26T21:03:49,2370.004,active,1,AF7+AF8,54.365,15.183,8.9181,101.29,122.87,-0.45307,-0.3801,2.6112,0.84342,0.87166,0.60184,Hard,
2026-06-26T21:03:50,2371.008,active,1,AF7+AF8,129.08,59.113,22.092,134.08,230.45,0.5279,1.192,4.1332,0.83979,0.87008,0.57975,Hard,
2026-06-26T21:03:51,2372.014,active,1,AF7+AF8,135.46,67.314,22.777,132.01,293.01,0.59436,1.184,4.0196,0.83562,0.86733,0.5614,Hard,
2026-06-26T21:03:52,2373.022,active,1,AF7+AF8,39.16,16.367,10.068,104.34,177.81,-0.58802,-0.29306,2.6859,0.83326,0.8637,0.54961,Hard,
2026-06-26T21:03:53,2374.029,active,1,AF7+AF8,51.401,25.509,13.601,109.24,111.72,-0.4325,0.12405,2.8899,0.82921,0.86091,0.53537,Hard,
2026-06-26T21:03:54,2375.036,active,1,AF7+AF8,84.581,38.946,14.763,116.85,99.944,-0.069423,0.32726,3.2807,0.82739,0.85867,0.52519,Hard,
2026-06-26T21:03:55,2376.042,active,1,AF7+AF8,225.79,71.89,13.346,121.04,188.68,1.3653,0.33816,3.4877,0.82803,0.84478,0.58546,Hard,
2026-06-26T21:03:56,2377.048,active,1,AF7+AF8,150.25,49.541,8.2873,165.71,223.3,0.67064,-0.3475,5.5579,0.90145,0.88997,0.60894,Hard,
2026-06-26T21:03:57,2378.056,active,1,AF7+AF8,31.364,19.515,8.2356,147.04,142.12,-0.28947,-0.51045,4.696,0.91922,0.91017,0.59918,Hard,
2026-06-26T21:03:58,2379.061,active,1,AF7+AF8,70.241,24.849,8.418,131.64,166.3,-0.247,-0.45954,4.023,0.91738,0.90826,0.59046,Hard,
2026-06-26T21:03:59,2380.063,active,1,AF7+AF8,47.663,18.668,10.497,172.37,192.53,-0.56744,-0.27668,5.9353,0.94124,0.94094,0.57525,Hard,
2026-06-26T21:04:00,2381.070,active,1,AF7+AF8,17.143,13.969,10.809,165.39,169.41,-0.58774,-0.38767,5.4969,0.94643,0.94904,0.56322,Hard,
2026-06-26T21:04:01,2382.076,active,1,AF7+AF8,15.819,8.4137,8.8226,138.47,183.11,-0.67959,-0.62896,4.2634,0.94329,0.94581,0.55488,Hard,
2026-06-26T21:04:02,2383.083,active,1,AF7+AF8,18.213,10.515,8.6842,149.6,142.12,-0.68082,-0.63824,4.8073,0.9427,0.94506,0.54765,Hard,
2026-06-26T21:04:03,2384.089,active,1,AF7+AF8,23.885,20.138,16.309,180.88,129.12,-0.54261,0.2509,6.2842,0.94907,0.9589,0.53019,Hard,
2026-06-26T21:04:04,2385.095,active,1,AF7+AF8,58.485,44.872,21.567,207.69,361.87,-0.15262,1.7948,7.5222,0.94871,0.9709,0.49946,Hard,
2026-06-26T21:04:05,2386.101,active,1,AF7+AF8,40.039,22.639,14.597,174.19,283.58,-0.34035,0.6553,5.9578,0.94695,0.96946,0.48489,Hard,
2026-06-26T21:04:06,2387.107,active,1,AF7+AF8,123.41,77.913,32.024,186.77,146.14,1.3774,2.1469,6.4835,0.941,0.96446,0.4753,Hard,
2026-06-26T21:04:07,2388.113,active,1,AF7+AF8,188.44,123.28,49.178,174.41,146.32,2.2639,4.4228,5.9832,0.91037,0.95255,0.4487,Hard,
2026-06-26T21:04:08,2389.116,active,1,AF7+AF8,144.97,31.926,15.642,160.97,247.03,-0.14802,0.94737,5.2878,0.90883,0.95082,0.43882,Hard,
2026-06-26T21:04:09,2390.121,active,1,AF7+AF8,177.92,26.949,9.3727,196.2,515.29,-0.31446,-0.28906,6.8978,0.94747,0.96446,0.47362,Hard,
2026-06-26T21:04:10,2391.124,active,1,AF7+AF8,30.064,11.012,9.8033,148.81,345.18,-0.6051,-0.38992,4.736,0.94519,0.96096,0.47357,Hard,
2026-06-26T21:04:11,2392.131,active,1,AF7+AF8,146.2,47.492,17.018,150.88,151.56,0.70152,1.0666,4.8916,0.93632,0.95249,0.47128,Hard,
2026-06-26T21:04:12,2393.137,active,1,AF7+AF8,219.07,83.9,23.307,167.44,150.61,1.3978,2.372,5.6958,0.92482,0.94566,0.46039,Hard,
2026-06-26T21:04:13,2394.139,active,1,AF7+AF8,232.91,106.63,30.518,241.4,502.76,0.69748,3.8343,9.1961,0.93146,0.96982,0.42584,Hard,
2026-06-26T21:04:14,2395.145,active,1,AF7+AF8,72.063,38.004,17.007,214.78,495.68,-0.31966,1.0208,7.8885,0.95383,0.97819,0.41535,Hard,
2026-06-26T21:04:15,2396.149,active,1,AF7+AF8,22.558,13.333,8.0688,212.15,290.08,-0.61821,-0.52386,7.5854,0.9713,0.98151,0.45907,Hard,
2026-06-26T21:04:17,2397.155,active,1,AF7+AF8,25.804,13.759,8.7801,189.35,156.58,-0.60685,-0.38571,6.5137,0.97105,0.98041,0.46706,Hard,
2026-06-26T21:04:18,2398.161,active,1,AF7+AF8,48.396,26.118,10.988,128.43,83.308,-0.29447,0.16853,3.7948,0.9577,0.96901,0.4641,Hard,
2026-06-26T21:04:19,2399.167,active,1,AF7+AF8,76.011,46.232,19.707,142.19,66.122,0.27085,1.7154,4.363,0.93755,0.959,0.44763,Hard,
2026-06-26T21:04:20,2400.173,active,1,AF7+AF8,29.17,41.344,18.628,122.89,54.662,0.2275,1.5789,3.4682,0.91145,0.9441,0.43438,Hard,
2026-06-26T21:04:21,2401.181,active,1,AF7+AF8,86.433,47.284,16.989,58.986,39.498,0.27584,0.78164,0.64067,0.85996,0.89626,0.43602,Hard,
2026-06-26T21:04:22,2402.186,active,1,AF7+AF8,165.61,71.28,27.309,47.751,32.923,1.4728,2.4307,0.14433,0.78578,0.82949,0.4296,Hard,
2026-06-26T21:04:23,2403.190,active,1,AF7+AF8,141.03,80.274,28.201,47.604,32.577,1.7807,2.6137,0.10658,0.71813,0.76621,0.42573,Hard,
2026-06-26T21:04:24,2404.198,active,1,AF7+AF8,63.014,43.491,25.957,51.215,30.972,0.12399,1.644,0.26409,0.67204,0.73636,0.41288,Hard,
2026-06-26T21:04:25,2405.206,active,1,AF7+AF8,34.016,19.152,16.299,52.077,30.52,-0.46383,0.31721,0.29968,0.65113,0.71931,0.41176,Hard,
2026-06-26T21:04:26,2406.213,active,1,AF7+AF8,27.945,8.4022,12.123,66.125,44.238,-0.6883,-0.17064,0.91761,0.64893,0.71587,0.4261,Hard,
2026-06-26T21:04:27,2407.222,active,1,AF7+AF8,22.783,10.573,12.575,85.756,55.916,-0.58988,-0.056937,1.8175,0.69069,0.74786,0.4307,Hard,
2026-06-26T21:04:28,2408.226,active,1,AF7+AF8,12.979,12.487,11.782,83.956,37.738,-0.49511,0.09228,1.749,0.69388,0.75176,0.43027,Hard,
2026-06-26T21:04:29,2409.233,active,1,AF7+AF8,12.049,15.802,15.238,65.61,33.462,-0.48635,0.36018,0.9162,0.6789,0.74177,0.42613,Hard,
2026-06-26T21:04:30,2410.239,active,1,AF7+AF8,6.9981,15.901,10.046,65.144,28.775,-0.56095,-0.42461,0.89573,0.67655,0.73369,0.46023,Hard,
2026-06-26T21:04:31,2411.244,active,1,AF7+AF8,14.033,23.323,11.995,76.029,27.378,-0.39843,-0.22777,1.3528,0.68336,0.73036,0.4713,Hard,
2026-06-26T21:04:32,2412.248,active,1,AF7+AF8,35.431,32.87,14.813,73.097,34.651,-0.19003,0.397,1.196,0.67318,0.72271,0.466,Hard,
2026-06-26T21:04:33,2413.256,active,1,AF7+AF8,43.143,18.84,11.458,65.817,34.197,-0.41492,-0.38069,0.89178,0.67087,0.71492,0.48383,Hard,
2026-06-26T21:04:34,2414.264,active,1,AF7+AF8,25.517,14.24,6.1386,64.965,32.145,-0.51208,-0.91064,0.83988,0.69185,0.70867,0.52333,Hard,
2026-06-26T21:04:35,2415.270,active,1,AF7+AF8,8.6976,9.1909,5.3616,43.161,19.899,-0.62869,-0.9456,-0.133,0.68085,0.69102,0.53305,Hard,
2026-06-26T21:04:36,2416.278,active,1,AF7+AF8,7.4932,7.2101,5.6123,41.409,17.655,-0.69938,-0.96599,-0.20296,0.67046,0.67551,0.53319,Hard,
2026-06-26T21:04:37,2417.285,active,1,AF7+AF8,4.6838,6.3573,3.8453,40.126,24.586,-0.68659,-1.2233,-0.24442,0.6644,0.66105,0.55329,Hard,
2026-06-26T21:04:38,2418.291,active,1,AF7+AF8,5.5262,6.6413,4.2555,49.002,25.328,-0.66539,-1.1872,0.13102,0.66376,0.65352,0.56023,Hard,
2026-06-26T21:04:39,2419.296,active,1,AF7+AF8,90.743,21.904,6.3137,74.623,34.208,-0.29277,-0.75804,1.2671,0.70562,0.67281,0.55995,Hard,
2026-06-26T21:04:40,2420.302,active,1,AF7+AF8,335.09,50.539,10.038,70.448,41.757,0.61254,-0.00030389,1.1058,0.69712,0.65943,0.56959,Hard,
2026-06-26T21:04:41,2421.307,active,1,AF7+AF8,161.67,16.281,10.082,55.603,19.12,-0.32972,-0.21982,0.41081,0.68285,0.65128,0.55959,Hard,
2026-06-26T21:04:42,2422.317,active,1,AF7+AF8,7.4423,4.1387,9.1845,59.841,31.6,-0.755,-0.21823,0.60445,0.67308,0.65872,0.54443,Hard,
2026-06-26T21:04:43,2423.326,active,1,AF7+AF8,3.9258,5.5794,5.0986,53.32,32.89,-0.73614,-0.87228,0.32409,0.66974,0.65521,0.54114,Hard,
2026-06-26T21:04:44,2424.335,active,1,AF7+AF8,7.5994,10.092,3.9911,49.321,25.22,-0.63726,-1.1718,0.13298,0.66827,0.648,0.55631,Hard,
2026-06-26T21:04:45,2425.345,active,1,AF7+AF8,13.002,11.004,7.763,47.453,34.172,-0.61826,-0.59055,0.061444,0.65778,0.64034,0.54914,Hard,
2026-06-26T21:04:46,2426.349,active,1,AF7+AF8,11.625,9.6435,7.4853,55.152,37.187,-0.66102,-0.40552,0.39525,0.6507,0.63898,0.53941,Hard,
2026-06-26T21:04:47,2427.355,active,1,AF7+AF8,5.245,5.4353,4.5355,54.002,22.775,-0.69321,-0.95331,0.32839,0.65325,0.63731,0.53858,Hard,
2026-06-26T21:04:48,2428.364,active,1,AF7+AF8,5.5003,5.0003,6.034,55.112,21.226,-0.71205,-0.7734,0.3789,0.65168,0.6368,0.53487,Hard,
2026-06-26T21:04:49,2429.371,active,1,AF7+AF8,3.4948,3.0492,4.9185,59.953,21.56,-0.77777,-0.86351,0.59325,0.66534,0.6537,0.53197,Hard,
2026-06-26T21:04:50,2430.378,active,1,AF7+AF8,2.6265,4.6219,4.4493,51.08,21.986,-0.75347,-1.039,0.20516,0.66358,0.64937,0.53416,Hard,
2026-06-26T21:04:51,2431.386,active,1,AF7+AF8,2.3107,5.2796,3.8748,44.617,21.994,-0.74427,-1.0662,-0.077785,0.65848,0.64135,0.53776,Hard,
2026-06-26T21:04:52,2432.390,active,1,AF7+AF8,2.9836,5.0618,4.0001,51.006,23.73,-0.74538,-1.0553,0.20418,0.65776,0.63837,0.5383,Hard,
2026-06-26T21:04:53,2433.394,active,1,AF7+AF8,2.8764,5.7247,3.8773,55.33,26.946,-0.67823,-1.1438,0.39536,0.67316,0.63749,0.55008,Hard,
2026-06-26T21:04:54,2434.400,active,1,AF7+AF8,3.1179,4.9293,5.0991,48.852,25.58,-0.72523,-1.0182,0.11114,0.66888,0.63336,0.54846,Hard,
2026-06-26T21:04:55,2435.405,active,1,AF7+AF8,6.2373,7.1897,6.5615,49.023,17.933,-0.71594,-0.74723,0.12516,0.6615,0.62979,0.54311,Hard,
2026-06-26T21:04:56,2436.412,active,1,AF7+AF8,9.1966,7.4389,5.4949,49.892,14.85,-0.73245,-0.95472,0.16472,0.65849,0.62745,0.54127,Hard,
2026-06-26T21:04:57,2437.420,active,1,AF7+AF8,23.538,6.8968,7.5293,59.632,22.187,-0.742,-0.78032,0.59224,0.66248,0.6475,0.53689,Hard,
2026-06-26T21:04:58,2438.429,active,1,AF7+AF8,17.882,9.6397,8.6159,72.858,29.049,-0.71027,-0.6874,1.1713,0.69516,0.69056,0.53212,Hard,
2026-06-26T21:04:59,2439.434,active,1,AF7+AF8,6.0186,5.8654,7.2931,67.519,22.108,-0.74678,-0.83747,0.931,0.70268,0.69516,0.52963,Hard,
2026-06-26T21:05:00,2440.443,active,1,AF7+AF8,5.5571,5.7943,7.5412,44.217,22.527,-0.72648,-0.76116,-0.086222,0.68839,0.68126,0.52659,Hard,
2026-06-26T21:05:01,2441.447,active,1,AF7+AF8,5.2408,9.2281,8.7697,43.375,17.792,-0.66059,-0.66992,-0.12513,0.6739,0.6675,0.52354,Hard,
2026-06-26T21:05:02,2442.457,active,1,AF7+AF8,6.1581,8.0269,4.7277,47.579,17.873,-0.68883,-1.0147,0.048459,0.66862,0.65833,0.5338,Hard,
2026-06-26T21:05:03,2443.468,active,1,AF7+AF8,3.5154,5.6107,4.8078,51.06,20.343,-0.73999,-1.0114,0.20434,0.66608,0.65324,0.53384,Hard,
2026-06-26T21:05:04,2444.474,active,1,AF7+AF8,2.4802,6.0094,5.2201,55.742,17.989,-0.67729,-0.75341,0.41886,0.66325,0.65089,0.53093,Hard,
2026-06-26T21:05:05,2445.485,active,1,AF7+AF8,28.957,13.065,7.913,57.568,31.418,-0.47693,-0.38564,0.51462,0.65694,0.64736,0.52584,Hard,
2026-06-26T21:05:06,2446.498,active,1,AF7+AF8,128.03,31.89,13.144,91.553,108.21,0.086208,0.5208,2.0739,0.67373,0.69685,0.51625,Hard,
2026-06-26T21:05:07,2447.507,active,1,AF7+AF8,61.796,16.779,10.364,58.556,54.243,-0.45255,-0.21806,0.57807,0.66467,0.68835,0.51079,Hard,
2026-06-26T21:05:08,2448.519,active,1,AF7+AF8,14.138,11.293,10.291,39.964,21.071,-0.62091,-0.18086,-0.28747,0.64331,0.67074,0.50292,Hard,
2026-06-26T21:05:09,2449.530,active,1,AF7+AF8,34.871,23.301,11.042,44.161,26.951,-0.08435,0.17656,-0.082499,0.62223,0.65028,0.49866,Hard,
2026-06-26T21:05:10,2450.535,active,1,AF7+AF8,77.391,27.601,15.686,52.515,30.07,0.12368,0.42198,0.30026,0.60574,0.63489,0.49435,Hard,
2026-06-26T21:05:11,2451.551,active,1,AF7+AF8,33.876,15.222,10.683,35.282,17.986,-0.44436,-0.2871,-0.48148,0.59014,0.61815,0.49267,Hard,
2026-06-26T21:05:12,2452.561,active,1,AF7+AF8,22.134,13.628,9.1696,35.574,23.759,-0.62644,-0.48084,-0.45301,0.57974,0.60657,0.49137,Hard,
2026-06-26T21:05:13,2453.568,active,1,AF7+AF8,19.767,7.6767,9.2297,37.307,29.078,-0.69055,-0.28045,-0.33668,0.56933,0.59908,0.48628,Hard,
2026-06-26T21:05:14,2454.578,active,1,AF7+AF8,8.5982,4.9525,6.1934,34.546,32.573,-0.70096,-0.71553,-0.46214,0.5648,0.59077,0.4956,Hard,
2026-06-26T21:05:15,2455.590,active,1,AF7+AF8,7.5846,6.4759,4.9329,30.115,21.321,-0.68832,-1.0442,-0.67596,0.56253,0.58006,0.52486,Hard,
2026-06-26T21:05:16,2456.600,active,1,AF7+AF8,5.7363,6.6564,5.2256,27.798,13.645,-0.67817,-1.1366,-0.79306,0.56017,0.56873,0.54417,Hard,
2026-06-26T21:05:17,2457.630,active,1,AF7+AF8,5.772,9.6009,4.4729,29.611,18.467,-0.62034,-1.0925,-0.71767,0.55856,0.55902,0.55292,Hard,
2026-06-26T21:05:18,2458.641,active,1,AF7+AF8,7.006,10.271,5.3192,35.798,18.442,-0.61513,-1.0185,-0.44277,0.56631,0.55452,0.5526,Hard,
2026-06-26T21:05:19,2459.650,active,1,AF7+AF8,4.6751,7.7951,6.1347,33.776,15.414,-0.6979,-0.80772,-0.53272,0.56247,0.55046,0.54794,Hard,
2026-06-26T21:05:20,2460.654,active,1,AF7+AF8,14.81,15.932,9.3682,41.839,24.753,-0.45009,-0.23451,-0.16868,0.55596,0.54862,0.53895,Hard,
2026-06-26T21:05:21,2461.667,active,1,AF7+AF8,84.083,61.215,11.526,46.252,37.707,1.0281,0.19316,0.055577,0.54718,0.52848,0.57731,Hard,
2026-06-26T21:05:22,2462.678,active,1,AF7+AF8,247.37,113.44,16.193,52.928,36.877,2.2617,0.61162,0.3165,0.5371,0.49798,0.6481,Hard,
2026-06-26T21:05:23,2463.683,active,1,AF7+AF8,372.17,86.503,15.678,62.556,38.01,2.0976,0.62218,0.73346,0.53432,0.47852,0.66514,Hard,
2026-06-26T21:05:24,2464.695,active,1,AF7+AF8,107.39,30.595,10.256,64.46,34.811,0.24646,-0.024288,0.82276,0.57632,0.53433,0.64938,Hard,
2026-06-26T21:05:25,2465.706,active,1,AF7+AF8,17.813,7.7795,9.1183,58.613,25.929,-0.73188,-0.21173,0.55675,0.58747,0.60717,0.62369,Hard,
2026-06-26T21:05:26,2466.715,active,1,AF7+AF8,23.144,7.5868,7.7099,55.931,24.926,-0.73915,-0.52032,0.42989,0.60494,0.62813,0.60557,Hard,
2026-06-26T21:05:27,2467.726,active,1,AF7+AF8,439.77,23.005,14.033,49.728,22.871,-0.29715,0.57646,0.15746,0.58609,0.61955,0.58,Hard,
2026-06-26T21:05:28,2468.733,active,1,AF7+AF8,916.09,84.967,42.49,68.039,38.823,1.2186,5.3991,1.0354,0.52792,0.60245,0.52361,Hard,
2026-06-26T21:05:29,2469.746,active,1,AF7+AF8,432.38,101.88,45.81,80.415,33.86,1.9342,6.533,1.5654,0.47381,0.58464,0.47172,Hard,
2026-06-26T21:05:30,2470.759,active,1,AF7+AF8,104.53,42.859,16.706,58.732,23.077,0.56551,1.4772,0.55541,0.46337,0.57434,0.46167,Hard,
2026-06-26T21:05:31,2471.767,active,1,AF7+AF8,48.522,14.102,8.2842,47.326,24.451,-0.39342,-0.39804,0.051957,0.51896,0.57207,0.48501,Hard,
2026-06-26T21:05:32,2472.774,active,1,AF7+AF8,34.523,9.9448,12.355,37.513,21.315,-0.4933,-0.13016,-0.38497,0.51286,0.56504,0.48138,Hard,
2026-06-26T21:05:33,2473.782,active,1,AF7+AF8,61.331,20.39,16.863,48.531,22.475,-0.083371,1.0659,0.10392,0.49716,0.56005,0.46683,Hard,
2026-06-26T21:05:34,2474.792,active,1,AF7+AF8,1012.7,238.91,66.472,80.405,61.699,2.6819,3.6178,1.5406,0.46887,0.53617,0.45703,Hard,
2026-06-26T21:05:35,2475.805,active,1,AF7+AF8,2475.7,514.69,128.81,160.23,163.21,6.477,7.4605,5.1965,0.44186,0.51325,0.44772,Hard,
2026-06-26T21:05:36,2476.818,active,1,AF7+AF8,464.63,78.936,37.167,131.89,141.06,0.40556,2.4697,3.9207,0.58103,0.71705,0.42552,Hard,
2026-06-26T21:05:37,2477.828,active,1,AF7+AF8,112.74,27.804,22.677,258.85,409.58,-0.2302,2.2642,9.7632,0.81862,0.88279,0.40124,Hard,
2026-06-26T21:05:38,2478.835,active,1,AF7+AF8,47.243,10.748,13.315,191.93,390.65,-0.58973,0.45208,6.7067,0.90225,0.93789,0.3978,Hard,
2026-06-26T21:05:39,2479.848,active,1,AF7+AF8,7.1724,4.9606,9.8511,155.65,170.09,-0.72729,-0.38196,5.0501,0.92368,0.94353,0.43329,Hard,
2026-06-26T21:05:40,2480.855,active,1,AF7+AF8,42.1,17.101,9.4353,141.68,104.51,-0.24019,-0.30694,4.4474,0.92265,0.9398,0.47832,Hard,
2026-06-26T21:05:41,2481.865,active,1,AF7+AF8,78.329,42.212,14.148,100.81,72.127,0.73204,0.2244,2.567,0.90354,0.91276,0.5292,Hard,
2026-06-26T21:05:42,2482.875,active,1,AF7+AF8,98.963,35.895,14.326,84.683,58.848,0.43998,0.36018,1.795,0.87575,0.88281,0.52689,Hard,
2026-06-26T21:05:43,2483.885,active,1,AF7+AF8,101.18,36.637,14.219,77.411,68.425,0.34271,0.65979,1.4558,0.84245,0.85315,0.51892,Hard,
2026-06-26T21:05:44,2484.889,active,1,AF7+AF8,53.676,29.387,9.6101,66.514,52.354,-0.070226,-0.1944,0.95923,0.8182,0.82589,0.51851,Hard,
2026-06-26T21:05:45,2485.898,active,1,AF7+AF8,17.566,13.853,8.4453,54.199,24.163,-0.52202,-0.42311,0.39421,0.7921,0.80029,0.51481,Hard,
2026-06-26T21:05:46,2486.908,active,1,AF7+AF8,21.498,13.59,8.8464,56.166,34.211,-0.62911,-0.21719,0.46627,0.7672,0.78028,0.50687,Hard,
2026-06-26T21:05:47,2487.919,active,1,AF7+AF8,80.737,37.997,16.736,87.103,143.33,0.13122,1.1731,1.8711,0.7455,0.77122,0.49076,Hard,
2026-06-26T21:05:48,2488.933,active,1,AF7+AF8,45.751,24.273,10.178,97.063,174.41,-0.12582,0.24772,2.3697,0.74519,0.77463,0.48628,Hard,
2026-06-26T21:05:49,2489.941,active,1,AF7+AF8,18.389,9.297,4.6575,113.34,128.67,-0.62684,-0.89549,3.0991,0.82638,0.82924,0.51463,Hard,
2026-06-26T21:05:50,2490.942,active,1,AF7+AF8,32.798,12.09,6.8834,117.22,89.245,-0.55887,-0.66558,3.2354,0.85585,0.85343,0.51448,Hard,
2026-06-26T21:05:51,2491.956,active,1,AF7+AF8,32.354,16.068,10.301,85.93,75.642,-0.46792,0.32203,1.8227,0.83466,0.84206,0.50104,Hard,
2026-06-26T21:05:52,2492.967,active,1,AF7+AF8,25.178,15.124,6.6746,81.732,61.683,-0.38635,-0.32801,1.6611,0.8221,0.8293,0.50004,Hard,
2026-06-26T21:05:53,2493.980,active,1,AF7+AF8,41.864,28.177,5.9821,70.689,46.797,0.094208,-0.70966,1.1955,0.81004,0.8059,0.55951,Hard,
2026-06-26T21:05:54,2494.992,active,1,AF7+AF8,25.311,18.893,10.894,57.028,39.334,-0.34809,-0.37526,0.54851,0.78645,0.78242,0.55277,Hard,
2026-06-26T21:05:55,2496.003,active,1,AF7+AF8,47.829,20.33,12.971,58.502,26.177,-0.32775,-0.2588,0.58507,0.76455,0.76199,0.54541,Hard,
2026-06-26T21:05:56,2497.013,active,1,AF7+AF8,78.108,16.385,15.769,43.959,27.388,-0.444,0.55067,-0.048305,0.72389,0.73646,0.52534,Hard,
2026-06-26T21:05:57,2498.024,active,1,AF7+AF8,40.55,12.424,15.36,56.611,35.57,-0.5319,0.56913,0.5207,0.6963,0.72352,0.50619,Hard,
2026-06-26T21:05:58,2499.025,active,1,AF7+AF8,30.113,13.798,10.016,67.346,54.638,-0.5623,0.083095,1.0106,0.68641,0.71915,0.49585,Hard,
2026-06-26T21:05:59,2500.037,active,1,AF7+AF8,31.623,15.361,7.1769,59.241,42.56,-0.55638,-0.32952,0.63854,0.67828,0.71026,0.49295,Hard,
2026-06-26T21:06:00,2501.046,active,1,AF7+AF8,147.16,32.336,14.317,59.657,35.651,-0.13893,0.068303,0.665,0.66577,0.69693,0.49069,Hard,
2026-06-26T21:06:01,2502.053,active,1,AF7+AF8,411.95,47.983,16.729,49.529,25.405,0.36081,0.63575,0.21502,0.63959,0.67111,0.48769,Hard,
2026-06-26T21:06:02,2503.065,active,1,AF7+AF8,160.29,20.608,10.809,37.934,20.63,-0.22056,-0.034125,-0.33564,0.61833,0.64885,0.48637,Hard,
2026-06-26T21:06:03,2504.072,active,1,AF7+AF8,34.563,20.898,10.559,34.651,24.357,-0.35071,-0.48654,-0.49645,0.60398,0.6288,0.50473,Hard,
2026-06-26T21:06:04,2505.085,active,1,AF7+AF8,38.772,23.156,13.195,44.762,26.755,-0.43948,-0.19279,-0.042919,0.59375,0.61928,0.50047,Hard,
2026-06-26T21:06:05,2506.087,active,1,AF7+AF8,20.367,14.849,7.9372,41.005,25.073,-0.53972,-0.36805,-0.20038,0.58501,0.61004,0.49784,Hard,
2026-06-26T21:06:06,2507.097,active,1,AF7+AF8,23.301,12.159,7.728,47.974,26.739,-0.53559,-0.62303,0.1133,0.58861,0.60649,0.50569,Hard,
2026-06-26T21:06:07,2508.101,active,1,AF7+AF8,57.535,18.773,13.172,79.306,53.951,-0.22811,0.51041,1.5234,0.60984,0.66616,0.49406,Hard,
2026-06-26T21:06:08,2509.104,active,1,AF7+AF8,74.311,25.775,18.515,88.009,89.135,-0.047938,1.8024,1.9581,0.59899,0.70546,0.46884,Hard,
2026-06-26T21:06:09,2510.112,active,1,AF7+AF8,28.435,15.128,16.159,79.813,72.953,-0.51362,0.53656,1.5809,0.61619,0.72633,0.45718,Hard,
2026-06-26T21:06:10,2511.120,active,1,AF7+AF8,29.993,14.861,12.479,104.88,72.023,-0.52058,0.18091,2.6881,0.71323,0.79011,0.4519,Hard,
2026-06-26T21:06:11,2512.135,active,1,AF7+AF8,28.562,14.424,10.227,91.361,67.452,-0.42164,-0.26296,2.0903,0.7439,0.7887,0.46887,Hard,
2026-06-26T21:06:12,2513.147,active,1,AF7+AF8,44.432,20.081,16.608,81.448,62.992,-0.21324,0.086966,1.633,0.73673,0.77993,0.46811,Hard,
2026-06-26T21:06:13,2514.150,active,1,AF7+AF8,103.72,37.21,16.1,73.883,67.216,0.36873,0.36223,1.2895,0.72199,0.75991,0.48773,Hard,
2026-06-26T21:06:15,2515.151,active,1,AF7+AF8,63.078,26.373,9.3947,98.303,59.967,-0.013422,-0.47168,2.3485,0.77106,0.76304,0.52931,Hard,
2026-06-26T21:06:16,2516.158,active,1,AF7+AF8,13.291,9.5264,7.4319,93.06,52.262,-0.55739,-0.58104,2.1022,0.78408,0.7797,0.52615,Hard,
2026-06-26T21:06:17,2517.172,active,1,AF7+AF8,19.554,6.5971,9.0315,96.226,89.76,-0.67009,-0.45033,2.2571,0.79047,0.79913,0.51972,Hard,
2026-06-26T21:06:18,2518.230,active,1,AF7+AF8,48.43,14.318,12.72,98.682,106.95,-0.54495,0.036347,2.402,0.78747,0.8078,0.50869,Hard,
2026-06-26T21:06:19,2519.242,active,1,AF7+AF8,89.486,25.721,21.668,87.025,57.763,-0.081939,1.202,1.9293,0.76376,0.79872,0.48903,Hard,
2026-06-26T21:06:20,2520.254,active,1,AF7+AF8,481.73,37.674,24.45,55.78,27.34,0.13867,1.8118,0.47301,0.71275,0.76788,0.46661,Hard,
2026-06-26T21:06:21,2521.268,active,1,AF7+AF8,317.22,34.846,16.287,40.612,21.593,-0.084745,0.82731,-0.2329,0.67168,0.73351,0.45717,Hard,
2026-06-26T21:06:22,2522.274,active,1,AF7+AF8,1055.9,100.59,15.799,63.477,89.134,1.7019,1.0425,0.82497,0.64782,0.69254,0.53188,Hard,
2026-06-26T21:06:23,2523.282,active,1,AF7+AF8,658.76,65.796,14.007,77.329,189.56,1.0109,0.68501,1.4462,0.64136,0.67594,0.53714,Hard,
2026-06-26T21:06:24,2524.298,active,1,AF7+AF8,79.802,26.306,10.526,71.64,106.58,-0.20066,-0.18426,1.1589,0.65366,0.67447,0.53244,Hard,
2026-06-26T21:06:25,2525.310,active,1,AF7+AF8,42.724,21.24,9.3715,53.108,48.628,-0.47191,-0.3105,0.31493,0.64453,0.66519,0.52613,Hard,
2026-06-26T21:06:26,2526.321,active,1,AF7+AF8,47.322,17.083,7.8181,45.9,31.433,-0.5808,-0.62819,-0.0082649,0.63641,0.6539,0.5237,Hard,
2026-06-26T21:06:27,2527.337,active,1,AF7+AF8,32.088,12.79,8.5644,50.701,31.847,-0.57508,-0.74703,0.20846,0.6341,0.64703,0.52344,Hard,
2026-06-26T21:06:28,2528.350,active,1,AF7+AF8,65.077,15.764,10.611,61.103,37.609,-0.44142,-0.50705,0.69261,0.64101,0.64596,0.52161,Hard,
2026-06-26T21:06:29,2529.360,active,1,AF7+AF8,27.019,11.772,7.2944,59.509,47.196,-0.57544,-0.68097,0.64461,0.65234,0.64715,0.5206,Hard,
2026-06-26T21:06:30,2530.371,active,1,AF7+AF8,84.504,62.943,10.025,64.934,47.344,1.3029,-0.10411,0.8919,0.6487,0.62335,0.60962,Hard,
2026-06-26T21:06:31,2531.375,active,1,AF7+AF8,135.25,103.55,14.254,54.674,41.615,2.8748,0.64287,0.4487,0.62794,0.57605,0.69579,Hard,
2026-06-26T21:06:32,2532.385,active,1,AF7+AF8,25.161,16.249,7.1629,41.68,33.758,-0.29681,-0.59122,-0.13801,0.61936,0.5693,0.6767,Hard,
2026-06-26T21:06:33,2533.400,active,1,AF7+AF8,23.937,9.4449,5.6118,41.909,39.367,-0.51722,-0.74211,-0.12605,0.6142,0.56684,0.65887,Hard,
2026-06-26T21:06:34,2534.407,active,1,AF7+AF8,20.902,6.805,6.1416,46.184,40.192,-0.66405,-0.91102,0.080945,0.61859,0.58197,0.6435,Hard,
2026-06-26T21:06:35,2535.419,active,1,AF7+AF8,8.9472,5.8883,6.0815,56.089,37.412,-0.72521,-0.93507,0.55494,0.65429,0.62565,0.62943,Hard,
2026-06-26T21:06:36,2536.431,active,1,AF7+AF8,12.515,10.84,8.8781,55.539,31.923,-0.5265,-0.58105,0.49323,0.65151,0.62555,0.61471,Hard,
2026-06-26T21:06:37,2537.432,active,1,AF7+AF8,13.575,11.394,8.4467,50.142,26.631,-0.55916,-0.17828,0.21905,0.63927,0.62201,0.59525,Hard,
2026-06-26T21:06:38,2538.443,active,1,AF7+AF8,27.574,14.301,8.244,52.997,33.029,-0.41923,-0.29386,0.33201,0.63187,0.61851,0.58194,Hard,
2026-06-26T21:06:39,2539.453,active,1,AF7+AF8,67.964,17.444,9.0615,62.951,38.803,-0.39719,-0.37414,0.77039,0.63632,0.63257,0.57176,Hard,
2026-06-26T21:06:40,2540.459,active,1,AF7+AF8,104.16,18.927,11.507,84.605,53.323,-0.49863,0.40628,1.763,0.65255,0.70662,0.54981,Hard,
2026-06-26T21:06:41,2541.467,active,1,AF7+AF8,52.729,13.34,9.0548,84.883,50.682,-0.52109,-0.37792,1.7618,0.70776,0.73741,0.54168,Hard,
2026-06-26T21:06:42,2542.481,active,1,AF7+AF8,58.036,22.423,9.1203,85.776,67.852,-0.14874,-0.33217,1.8195,0.73053,0.73628,0.53943,Hard,
2026-06-26T21:06:43,2543.489,active,1,AF7+AF8,39.862,21.224,12.988,92.646,68.455,-0.14249,0.60694,2.1275,0.72463,0.74857,0.52359,Hard,
2026-06-26T21:06:44,2544.501,active,1,AF7+AF8,18.855,12.322,9.4687,104.2,75.992,-0.55964,-0.094539,2.6312,0.76759,0.79825,0.51381,Hard,
2026-06-26T21:06:45,2545.511,active,1,AF7+AF8,32.842,16.557,11.161,86.749,68.094,-0.44004,0.28163,1.8715,0.75815,0.79373,0.50144,Hard,
2026-06-26T21:06:46,2546.517,active,1,AF7+AF8,45.174,17.509,10.692,98.434,59.884,-0.39652,-0.11613,2.4156,0.77128,0.79938,0.49707,Hard,
2026-06-26T21:06:47,2547.526,active,1,AF7+AF8,14.816,7.8468,9.1958,104.97,67.453,-0.67575,-0.35002,2.7114,0.80178,0.82657,0.49255,Hard,
2026-06-26T21:06:48,2548.532,active,1,AF7+AF8,15.517,11.942,11.285,93.55,102.1,-0.49471,-0.03774,2.2022,0.79604,0.82265,0.48662,Hard,
2026-06-26T21:06:49,2549.534,active,1,AF7+AF8,93.874,35.037,10.116,65.343,73.269,-0.083906,-0.10723,0.90755,0.77542,0.7985,0.4964,Hard,
2026-06-26T21:06:50,2550.544,active,1,AF7+AF8,120.06,44.347,9.8906,50.461,38.966,0.1259,-0.26262,0.24141,0.74989,0.76442,0.52761,Hard,
2026-06-26T21:06:51,2551.559,active,1,AF7+AF8,24.198,17.868,10.419,52.897,29.185,-0.28099,-0.17724,0.33603,0.72756,0.74187,0.52274,Hard,
2026-06-26T21:06:52,2552.567,active,1,AF7+AF8,20.611,15.377,9.2242,83.289,46.293,-0.28136,-0.10039,1.7224,0.72585,0.74062,0.5173,Hard,
2026-06-26T21:06:53,2553.577,active,1,AF7+AF8,28.582,13.249,14.871,81.778,56.346,-0.57257,0.42182,1.6575,0.71671,0.74808,0.5006,Hard,
2026-06-26T21:06:54,2554.583,active,1,AF7+AF8,37.889,16.818,12.071,55.009,36.758,-0.4902,0.15021,0.44916,0.69518,0.73215,0.49101,Hard,
2026-06-26T21:06:55,2555.592,active,1,AF7+AF8,34.841,16.668,16.19,46.797,25.596,-0.46617,1.2918,0.082447,0.65416,0.71247,0.46729,Hard,
2026-06-26T21:06:56,2556.596,active,1,AF7+AF8,66.651,17.791,13.309,46.136,32.222,-0.49681,0.59833,0.065415,0.62771,0.69535,0.45519,Hard,
2026-06-26T21:06:57,2557.608,active,1,AF7+AF8,166.83,32.581,12.763,65.934,75.338,-0.13589,0.14247,0.95601,0.62442,0.68789,0.46123,Hard,
2026-06-26T21:06:58,2558.619,active,1,AF7+AF8,292.01,58.89,18.077,80.864,108.06,0.68687,0.80636,1.644,0.62188,0.67944,0.47553,Hard,
2026-06-26T21:06:59,2559.630,active,1,AF7+AF8,259.45,50.436,20.727,67.891,43.705,0.78138,1.3939,1.0133,0.60156,0.66138,0.46935,Hard,
2026-06-26T21:07:00,2560.639,active,1,AF7+AF8,47.023,18.865,11.495,50.14,22.525,-0.29567,0.13531,0.21571,0.59058,0.64964,0.46659,Hard,
2026-06-26T21:07:01,2561.651,active,1,AF7+AF8,15.988,14.373,7.546,43.02,26.491,-0.43373,-0.3459,-0.097764,0.58343,0.63671,0.48005,Hard,
2026-06-26T21:07:02,2562.662,active,1,AF7+AF8,16.041,13.979,7.3634,48.067,40.196,-0.34295,-0.38065,0.14368,0.58123,0.62757,0.49485,Hard,
2026-06-26T21:07:03,2563.672,active,1,AF7+AF8,9.6819,8.4532,7.2976,56.301,34.532,-0.62494,-0.76739,0.54772,0.62772,0.63654,0.50862,Hard,
2026-06-26T21:07:04,2564.675,active,1,AF7+AF8,20.983,11.255,11.538,65.247,25.575,-0.49276,0.095522,0.9531,0.62506,0.65857,0.49882,Hard,
2026-06-26T21:07:05,2565.685,active,1,AF7+AF8,35.572,12.338,14.341,45.923,24.44,-0.51222,0.84046,0.049272,0.59834,0.64791,0.47941,Hard,
2026-06-26T21:07:06,2566.699,active,1,AF7+AF8,63.277,29.222,12.806,39.514,26.953,-0.12327,0.21734,-0.23941,0.57972,0.62842,0.47679,Hard,
2026-06-26T21:07:07,2567.700,active,1,AF7+AF8,66.255,40.614,12.799,42.083,34.369,0.24789,0.56824,-0.10275,0.56018,0.60776,0.47478,Hard,
2026-06-26T21:07:08,2568.713,active,1,AF7+AF8,63.812,29.279,14.563,42.636,29.198,0.037543,1.1999,-0.095728,0.53418,0.59283,0.46084,Hard,
2026-06-26T21:07:09,2569.724,active,1,AF7+AF8,55.738,15.413,9.514,67.873,45.134,-0.45081,-0.29622,1.0083,0.60818,0.64196,0.47275,Hard,
2026-06-26T21:07:10,2570.726,active,1,AF7+AF8,31.227,20.945,9.2559,77.527,65.065,-0.35353,-0.38766,1.433,0.67111,0.68252,0.49166,Hard,
2026-06-26T21:07:11,2571.734,active,1,AF7+AF8,92.158,34.983,11.967,84.931,70.983,-0.050333,0.020483,1.7855,0.69285,0.70178,0.4916,Hard,
2026-06-26T21:07:12,2572.745,active,1,AF7+AF8,566.05,111.63,31.871,174.54,129.12,0.61615,2.4533,5.8196,0.78314,0.8393,0.46684,Hard,
2026-06-26T21:07:13,2573.750,active,1,AF7+AF8,587.2,119.05,29.881,181.29,171.79,0.66333,2.459,6.1275,0.83061,0.89905,0.44556,Hard,
2026-06-26T21:07:14,2574.761,active,1,AF7+AF8,87.236,26.954,12.686,106.12,88.289,-0.29288,0.54237,2.7284,0.82081,0.88947,0.43974,Hard,
2026-06-26T21:07:15,2575.769,active,1,AF7+AF8,37.988,19.268,9.4145,95.078,64.698,-0.30915,-0.43206,2.2377,0.81731,0.87649,0.48511,Hard,
2026-06-26T21:07:16,2576.784,active,1,AF7+AF8,47.971,28.54,14.228,63.638,54.524,0.045385,-0.33276,0.83197,0.79623,0.84296,0.52232,Hard,
2026-06-26T21:07:17,2577.795,active,1,AF7+AF8,55.795,27.949,19.738,53.165,45.819,-0.10597,0.36052,0.38176,0.761,0.80908,0.51268,Hard,
2026-06-26T21:07:18,2578.796,active,1,AF7+AF8,76.224,28.071,14.804,58.733,56.463,-0.13589,0.59399,0.63793,0.73034,0.78346,0.50033,Hard,
2026-06-26T21:07:19,2579.807,active,1,AF7+AF8,50.212,28.743,10.144,41.963,26.874,-0.054432,-0.12763,-0.15368,0.70231,0.74796,0.50562,Hard,
2026-06-26T21:07:20,2580.811,active,1,AF7+AF8,21.382,19.205,13.118,24.741,19.592,-0.30433,0.52265,-0.92409,0.65723,0.70898,0.49271,Hard,
2026-06-26T21:07:21,2581.826,active,1,AF7+AF8,83.107,17.326,12.478,22.956,17.819,-0.37152,0.43002,-1.0042,0.61773,0.67449,0.48172,Hard,
2026-06-26T21:07:22,2582.837,active,1,AF7+AF8,360.94,37.916,15.024,50.616,50.585,0.29102,0.43451,0.25224,0.60087,0.65297,0.48193,Hard,
2026-06-26T21:07:23,2583.850,active,1,AF7+AF8,177.68,23.059,11.134,67.926,63.908,-0.20504,-0.18495,1.0447,0.62977,0.65277,0.49127,Hard,
2026-06-26T21:07:24,2584.862,active,1,AF7+AF8,28.174,14.111,9.3744,64.929,51.148,-0.46413,-0.42007,0.89801,0.64734,0.6595,0.4932,Hard,
2026-06-26T21:07:25,2585.870,active,1,AF7+AF8,25.292,11.102,11.914,70.997,71.093,-0.55088,0.31477,1.1836,0.64249,0.6863,0.48123,Hard,
2026-06-26T21:07:26,2586.877,active,1,AF7+AF8,20.91,12.231,11.188,69.501,72.544,-0.47789,0.027939,1.1218,0.6414,0.68849,0.47594,Hard,
2026-06-26T21:07:27,2587.888,active,1,AF7+AF8,11.408,9.4274,5.7216,58.096,50.466,-0.60897,-0.92871,0.59893,0.66587,0.68346,0.5143,Hard,
2026-06-26T21:07:28,2588.894,active,1,AF7+AF8,17.041,8.4521,6.1929,69.175,78.345,-0.68956,-0.73981,1.138,0.69768,0.70165,0.51334,Hard,
2026-06-26T21:07:29,2589.904,active,1,AF7+AF8,69.216,23.186,13.739,101.86,184.13,-0.39445,0.2896,2.6531,0.73823,0.77332,0.50158,Hard,
2026-06-26T21:07:30,2590.916,active,1,AF7+AF8,45.423,38.726,23.237,107.25,197.68,0.24052,1.1629,2.9082,0.73428,0.78421,0.48779,Hard,
2026-06-26T21:07:31,2591.922,active,1,AF7+AF8,14.473,19.861,12.993,75.317,89.323,-0.24012,0.051042,1.4195,0.72593,0.77366,0.4849,Hard,
2026-06-26T21:07:32,2592.932,active,1,AF7+AF8,32.01,9.0111,9.0896,67.128,57.984,-0.57909,-0.57065,1.0451,0.72181,0.76393,0.49333,Hard,
2026-06-26T21:07:33,2593.946,active,1,AF7+AF8,32.502,14.124,11.459,66.912,42.894,-0.40116,0.62021,1.0384,0.70145,0.75297,0.47913,Hard,
2026-06-26T21:07:34,2594.950,active,1,AF7+AF8,32.241,17.035,11.713,76.951,42.2,-0.23778,0.59068,1.4986,0.69066,0.74714,0.46938,Hard,
2026-06-26T21:07:35,2595.958,active,1,AF7+AF8,35.347,16.953,8.5717,55.053,32.564,-0.25507,-0.19327,0.4765,0.67774,0.72833,0.48312,Hard,
2026-06-26T21:07:36,2596.975,active,1,AF7+AF8,44.643,20.133,8.7978,54.583,36.28,-0.17976,0.11666,0.45528,0.66148,0.71038,0.48071,Hard,
2026-06-26T21:07:37,2597.991,active,1,AF7+AF8,130.39,29.644,10.831,62.008,43.762,-0.20058,0.075989,0.79174,0.65272,0.69972,0.47888,Hard,
2026-06-26T21:07:38,2599.003,active,1,AF7+AF8,74.657,23.453,12.641,71.018,66.425,-0.29713,0.40206,1.1864,0.64601,0.69704,0.47103,Hard,
2026-06-26T21:07:39,2600.012,active,1,AF7+AF8,19.823,17.188,9.1936,50.412,47.513,-0.3767,-0.078652,0.24127,0.63328,0.68259,0.47005,Hard,
2026-06-26T21:07:40,2601.024,active,1,AF7+AF8,19.675,13.637,12.666,75.609,81.996,-0.49733,0.41174,1.3764,0.63148,0.70411,0.46023,Hard,
2026-06-26T21:07:41,2602.038,active,1,AF7+AF8,18.394,11.605,14.077,90.407,84.326,-0.53476,0.49632,2.0297,0.66228,0.75134,0.44987,Hard,
2026-06-26T21:07:42,2603.046,active,1,AF7+AF8,14.293,16.165,9.3956,96.504,84.16,-0.38876,-0.29417,2.3099,0.73662,0.77695,0.47286,Hard,
2026-06-26T21:07:43,2604.048,active,1,AF7+AF8,40.792,16.241,8.9809,106.94,136.03,-0.43587,-0.28432,2.8207,0.78981,0.81234,0.47778,Hard,
2026-06-26T21:07:44,2605.062,active,1,AF7+AF8,46.661,15.194,10.112,108.64,99.664,-0.51556,-0.22675,2.9015,0.81209,0.83292,0.47612,Hard,
2026-06-26T21:07:45,2606.073,active,1,AF7+AF8,30.597,13.535,12.582,81.135,56.739,-0.57863,0.11294,1.6478,0.79659,0.8233,0.46872,Hard,
2026-06-26T21:07:46,2607.086,active,1,AF7+AF8,71.843,20.768,17.907,68.806,50.24,-0.49374,0.52808,1.0634,0.76899,0.80675,0.45747,Hard,
2026-06-26T21:07:47,2608.099,active,1,AF7+AF8,69.558,26.263,14.091,65.793,48.985,-0.37399,-0.12484,0.9494,0.75244,0.78909,0.46433,Hard,
2026-06-26T21:07:48,2609.110,active,1,AF7+AF8,74.805,43.643,14.158,65.295,46.039,-0.29516,0.27199,0.92579,0.73187,0.77217,0.46016,Hard,
2026-06-26T21:07:49,2610.121,active,1,AF7+AF8,60.707,44.019,15.239,61.733,50.66,-0.30816,0.050563,0.74997,0.71443,0.75502,0.45957,Hard,
2026-06-26T21:07:50,2611.127,active,1,AF7+AF8,37.058,25.559,16.919,74.104,61.9,-0.39747,0.76845,1.3433,0.69726,0.749,0.44741,Hard,
2026-06-26T21:07:51,2612.138,active,1,AF7+AF8,27.589,13.251,8.2256,68.939,35.662,-0.46581,-0.47493,1.0653,0.69562,0.74102,0.47965,Hard,
2026-06-26T21:07:52,2613.146,active,1,AF7+AF8,50.442,15.652,6.8463,72.957,35.139,-0.36011,-0.64403,1.2563,0.71093,0.73511,0.51312,Hard,
2026-06-26T21:07:54,2614.191,active,1,AF7+AF8,57.284,18.484,9.1286,70.432,53.261,-0.28273,-0.21308,1.1647,0.70551,0.72771,0.5105,Hard,
2026-06-26T21:07:55,2615.199,active,1,AF7+AF8,24.485,17.725,9.3986,62.558,54.049,-0.37953,-0.24048,0.81623,0.69634,0.7178,0.50715,Hard,
2026-06-26T21:07:56,2616.210,active,1,AF7+AF8,33.319,21.167,8.7913,65.277,65.561,-0.26555,-0.43489,0.95078,0.69277,0.70937,0.51555,Hard,
2026-06-26T21:07:57,2617.222,active,1,AF7+AF8,117.33,32.647,13.112,91.86,65.914,0.32365,0.78023,2.1671,0.68964,0.71298,0.50687,Hard,
2026-06-26T21:07:58,2618.229,active,1,AF7+AF8,76.177,31.053,14.234,73.432,49.479,0.065745,0.97721,1.3115,0.67189,0.70553,0.4926,Hard,
2026-06-26T21:07:59,2619.234,active,1,AF7+AF8,59.838,34.097,12.248,93.134,54.639,-0.097204,0.38385,2.241,0.69883,0.74,0.48631,Hard,
2026-06-26T21:08:00,2620.245,active,1,AF7+AF8,93.593,28.065,16.846,69.066,42.396,-0.22089,1.1974,1.1204,0.67382,0.7306,0.46753,Hard,
2026-06-26T21:08:01,2621.250,active,1,AF7+AF8,126.6,25.438,16.31,46.815,29.908,-0.23137,0.9295,0.070621,0.64027,0.70745,0.45448,Hard,
2026-06-26T21:08:02,2622.264,active,1,AF7+AF8,49.759,16.89,11.851,39.039,20.398,-0.38442,0.28109,-0.28606,0.61499,0.68403,0.45006,Hard,
2026-06-26T21:08:03,2623.279,active,1,AF8,26258,6891.8,2948.3,1167.1,433.87,308.81,719.99,53.878,0.54119,0.60195,0.39605,Hard,
