iso_time,t,phase,contact,used,delta,theta,alpha,beta,gamma,theta_z,alpha_z,beta_z,stress,attention,cognitive_load,difficulty,event
2026-06-26T18:59:05,20.133,idle,0,,,,,,,,,,,,,,
2026-06-26T18:59:06,21.147,idle,1,AF7+AF8,14.37,10.413,6.2047,25.987,24.342,,,,,,,,
2026-06-26T18:59:07,22.150,idle,1,AF7+AF8,24.563,16.964,7.2566,39.382,26.397,,,,,,,,
2026-06-26T18:59:08,23.151,idle,1,AF7+AF8,518.09,150.31,14.072,92.844,61.222,,,,,,,,
2026-06-26T18:59:09,24.166,baseline_rest,1,AF7+AF8,1291.5,324.41,20.426,158.42,126.66,,,,,,,,
2026-06-26T18:59:10,25.176,baseline_rest,1,AF7+AF8,251.47,65.924,16.718,113.32,114.85,,,,,,,,
2026-06-26T18:59:11,26.182,baseline_rest,1,AF7+AF8,64.884,23.112,20.802,96.956,95.486,,,,,,,,
2026-06-26T18:59:12,27.187,baseline_rest,1,AF7+AF8,55.469,30.939,15.838,75.985,49.627,,,,,,,,
2026-06-26T18:59:13,28.195,baseline_rest,1,AF7+AF8,4020.3,720.33,184.76,143.91,71.308,,,,,,,,
2026-06-26T18:59:14,29.202,baseline_rest,1,AF7+AF8,33664,4860,1200.2,612.47,253.12,,,,,,,,
2026-06-26T18:59:15,30.209,baseline_rest,1,AF7+AF8,36553,6582.5,1374.6,570.03,231.03,,,,,,,,
2026-06-26T18:59:16,31.212,baseline_rest,1,AF7+AF8,16008,3820.5,977.73,366.32,145.79,,,,,,,,
2026-06-26T18:59:17,32.217,baseline_rest,1,AF7+AF8,3545.5,1521.9,310.03,237.51,131.35,,,,,,,,
2026-06-26T18:59:18,33.223,baseline_rest,1,AF7+AF8,5067.8,3500.3,1335,809.55,190.01,,,,,,,,
2026-06-26T18:59:19,34.229,baseline_rest,1,AF7+AF8,15770,12097,6521.5,21344,3630.6,,,,,,,,
2026-06-26T18:59:20,35.235,baseline_rest,1,AF8,11294,3181.8,1272.8,487.14,92.282,,,,,,,,
2026-06-26T18:59:21,36.244,baseline_rest,1,AF8,11397,792.92,77.765,77.155,67.854,,,,,,,,
2026-06-26T18:59:22,37.247,baseline_rest,1,AF8,13329,254.47,55.358,82.308,80.749,,,,,,,,
2026-06-26T18:59:23,38.253,baseline_rest,1,AF8,4314.1,83.987,36.828,83.851,59.399,,,,,,,,
2026-06-26T18:59:24,39.262,baseline_rest,1,AF8,229.91,40.549,24.169,54.983,35.961,,,,,,,,
2026-06-26T18:59:25,40.268,baseline_rest,1,AF8,222.78,48.337,14.202,51.504,40.091,,,,,,,,
2026-06-26T18:59:26,41.274,baseline_rest,1,AF8,116.59,37.878,15.348,41.525,29.162,,,,,,,,
2026-06-26T18:59:27,42.279,baseline_rest,1,AF8,106.37,18.338,11.239,35.322,21.374,,,,,,,,
2026-06-26T18:59:28,43.283,baseline_rest,1,AF8,18.537,9.4302,5.9067,33.981,21.093,,,,,,,,
2026-06-26T18:59:29,44.291,idle,1,AF8,5.0326,6.2584,4.3124,36.017,27.857,,,,,,,,
2026-06-26T18:59:30,45.301,idle,1,AF8,5.1248,7.0374,3.2089,33.07,19.481,,,,,,,,
2026-06-26T18:59:31,46.306,baseline_active,1,AF8,7.4649,5.7367,2.9627,32.817,20.56,,,,,,,,
2026-06-26T18:59:32,47.313,baseline_active,1,AF8,20.911,20.75,6.8312,34.086,28.181,,,,,,,,
2026-06-26T18:59:33,48.325,baseline_active,1,AF8,34.139,30.283,11.266,29.85,22.973,,,,,,,,
2026-06-26T18:59:34,49.331,baseline_active,1,AF8,36.637,13.981,12.092,48.568,36.827,,,,,,,,
2026-06-26T18:59:35,50.336,baseline_active,1,AF8,45.277,16.372,13.531,88.962,81.592,,,,,,,,
2026-06-26T18:59:36,51.342,baseline_active,1,AF8,17.961,14.642,5.488,78.146,75.589,,,,,,,,
2026-06-26T18:59:37,52.346,baseline_active,1,AF8,38.602,25.456,5.6461,69.944,59.923,,,,,,,,
2026-06-26T18:59:38,53.353,baseline_active,1,AF8,30.647,18.88,7.9314,64.284,64.493,,,,,,,,
2026-06-26T18:59:39,54.359,baseline_active,1,AF8,19.504,8.0035,7.8935,55.183,41.504,,,,,,,,
2026-06-26T18:59:40,55.365,baseline_active,1,AF8,9.6411,5.3351,5.9756,53.509,28.684,,,,,,,,
2026-06-26T18:59:41,56.371,baseline_active,1,AF8,7.9892,10.063,6.2986,50.566,29.846,,,,,,,,
2026-06-26T18:59:42,57.377,baseline_active,1,AF8,8.9307,12.256,11.448,45.197,31.764,,,,,,,,
2026-06-26T18:59:43,58.383,baseline_active,1,AF8,9.5472,6.13,8.7157,51.09,31.853,,,,,,,,
2026-06-26T18:59:44,59.389,baseline_active,1,AF8,5.2008,4.8845,5.9535,57.599,41.285,,,,,,,,
2026-06-26T18:59:45,60.395,baseline_active,1,AF8,10.652,7.902,6.7273,41.148,44.26,,,,,,,,
2026-06-26T18:59:46,61.399,baseline_active,1,AF8,27.424,23.16,10.113,53.911,39.327,,,,,,,,
2026-06-26T18:59:47,62.403,baseline_active,1,AF8,13.567,12.933,6.1405,69.598,44.517,,,,,,,,
2026-06-26T18:59:48,63.411,baseline_active,1,AF8,12.748,6.3015,6.1035,36.467,38.095,,,,,,,,
2026-06-26T18:59:49,64.417,baseline_active,1,AF8,35.103,11.698,4.4885,47.341,54.77,,,,,,,,
2026-06-26T18:59:50,65.424,baseline_active,1,AF8,44.25,15.342,6.4964,46.99,57.25,,,,,,,,
2026-06-26T18:59:51,66.431,baseline_active,1,AF8,38.205,13.112,7.7642,47.149,25.042,,,,,,,,
2026-06-26T18:59:52,67.437,baseline_active,1,AF8,16.399,15.574,5.927,43.787,28.878,,,,,,,,
2026-06-26T18:59:53,68.442,baseline_active,1,AF8,29.407,32.014,6.7503,57.154,42.642,,,,,,,,
2026-06-26T18:59:54,69.447,baseline_active,1,AF8,143.03,98.088,20.091,87.669,165.85,,,,,,,,
2026-06-26T18:59:55,70.449,baseline_active,1,AF8,219.3,53.01,31.796,136.03,485.13,,,,,,,,
2026-06-26T18:59:56,71.455,baseline_active,1,AF8,51.216,12.653,12.928,139.2,364.86,,,,,,,,
2026-06-26T18:59:57,72.462,baseline_active,1,AF8,8.4434,5.9691,5.5414,134.14,146.02,,,,,,,,
2026-06-26T18:59:58,73.468,baseline_active,1,AF8,10.279,7.4388,7.3896,138.51,136.03,,,,,,,,
2026-06-26T18:59:59,74.472,baseline_active,1,AF8,39.602,12.054,11.858,110.06,204.98,,,,,,,,
2026-06-26T19:00:00,75.477,baseline_active,1,AF8,33.308,7.6184,7.4425,112.8,329.73,,,,,,,,
2026-06-26T19:00:01,76.483,baseline_active,1,AF8,19.886,10.219,5.1059,162.8,252.7,,,,,,,,
2026-06-26T19:00:02,77.488,baseline_active,1,AF8,37.512,12.878,4.9404,111.55,190.46,,,,,,,,
2026-06-26T19:00:03,78.494,baseline_active,1,AF8,11.349,5.1949,4.3523,118.68,142.77,,,,,,,,
2026-06-26T19:00:04,79.499,baseline_active,1,AF8,5.5915,4.7403,10.23,139.54,132.75,,,,,,,,
2026-06-26T19:00:05,80.505,baseline_active,1,AF8,29.357,18.606,15.29,119.7,154.46,,,,,,,,
2026-06-26T19:00:06,81.512,baseline_active,1,AF8,107.58,40.329,19.991,108.19,99.084,,,,,,,,
2026-06-26T19:00:07,82.519,baseline_active,1,AF8,111.01,47.888,17.395,102.1,88.522,,,,,,,,
2026-06-26T19:00:08,83.525,baseline_active,1,AF8,13.966,18.178,13.817,98.483,70.582,,,,,,,,
2026-06-26T19:00:09,84.533,baseline_active,1,AF8,12.042,14.792,14.071,91.952,54.001,,,,,,,,
2026-06-26T19:00:10,85.540,baseline_active,1,AF8,22.782,17.376,10.805,90.111,56.304,,,,,,,,
2026-06-26T19:00:11,86.546,baseline_active,1,AF8,7.5922,10.525,5.7515,73.235,42.204,,,,,,,,
2026-06-26T19:00:12,87.552,baseline_active,1,AF8,8.3036,9.8696,6.0526,63.484,44.769,,,,,,,,
2026-06-26T19:00:13,88.557,baseline_active,1,AF8,11.722,10.827,5.6245,63.778,48.911,,,,,,,,
2026-06-26T19:00:14,89.558,baseline_active,1,AF8,37.443,21.196,5.8001,65.198,64.145,,,,,,,,
2026-06-26T19:00:15,90.562,active,1,AF8,32.162,14.277,6.5155,78.813,55.663,-0.19802,-0.51915,-0.0017877,0.53859,0.51471,0.52403,,
2026-06-26T19:00:16,91.564,active,1,AF8,6.9099,3.7307,8.992,63.254,43.106,-0.8448,-0.055971,-0.44435,0.52815,0.53582,0.50947,,
2026-06-26T19:00:17,92.573,active,1,AF8,82.848,22.343,8.295,113.57,149.75,0.29663,-0.18633,0.98671,0.5968,0.56557,0.53983,,
2026-06-26T19:00:18,93.577,active,1,AF8,261.97,80.213,20.35,315.05,728.42,3.8457,2.0683,6.7177,0.78526,0.71093,0.6411,Easy,
2026-06-26T19:00:19,94.584,active,1,AF8,110.88,51.033,19.346,315.58,663.45,2.0562,1.8806,6.7328,0.86538,0.83157,0.6268,Easy,
2026-06-26T19:00:20,95.593,active,1,AF8,22.87,21.004,14.626,178.3,211.46,0.21453,0.99782,2.8279,0.84722,0.82622,0.59999,Easy,
2026-06-26T19:00:21,96.596,active,1,AF8,24.956,24.155,10.517,124.83,139.57,0.4078,0.22932,1.3071,0.82134,0.80034,0.59066,Easy,
2026-06-26T19:00:23,97.599,active,1,AF8,70.774,15.998,17.994,113.39,148.47,-0.092476,1.6276,0.98172,0.77317,0.78003,0.55546,Easy,
2026-06-26T19:00:24,98.603,active,1,AF8,63.651,12.203,14.538,133.56,286.48,-0.3252,0.98119,1.5554,0.74895,0.77273,0.52988,Easy,
2026-06-26T19:00:25,99.610,active,1,AF8,26.042,23.865,12.578,116.76,238.94,0.38999,0.61471,1.0775,0.72598,0.75021,0.52293,Easy,
2026-06-26T19:00:26,100.619,active,1,AF8,52.389,35.753,15.236,106.44,101.01,1.1191,1.1119,0.78393,0.69396,0.71517,0.52028,Easy,
2026-06-26T19:00:27,101.624,active,1,AF8,72.391,55.73,20.145,76.967,65.569,2.3442,2.0299,-0.054297,0.64197,0.65715,0.53163,Easy,
2026-06-26T19:00:28,102.632,active,1,AF8,106.63,50.167,14.849,63.55,121.32,2.003,1.0395,-0.43593,0.60376,0.60565,0.58355,Easy,
2026-06-26T19:00:29,103.638,active,1,AF8,64.597,23.386,11.026,123.43,323.78,0.36064,0.32438,1.2674,0.61095,0.60913,0.57407,Easy,
2026-06-26T19:00:30,104.646,active,1,AF8,14.078,7.716,3.876,105.31,201.49,-0.60039,-1.0128,0.75186,0.66876,0.64138,0.57134,Easy,
2026-06-26T19:00:31,105.652,active,1,AF8,39.686,30.099,10.726,88.644,145.4,0.77228,0.26825,0.27783,0.64865,0.61703,0.5703,Easy,
2026-06-26T19:00:32,106.658,active,1,AF8,63.621,39.434,22.722,140.38,124.29,1.3448,2.5119,1.7493,0.61951,0.60903,0.54484,Easy,
2026-06-26T19:00:33,107.663,active,1,AF8,125.55,48.246,12.221,197.31,150.15,1.8852,0.54803,3.3686,0.73009,0.65003,0.61465,Easy,
2026-06-26T19:00:34,108.668,active,1,AF8,338.16,142.36,13.584,146.75,116.93,7.6568,0.80281,1.9307,0.71896,0.57851,0.82698,Easy,
2026-06-26T19:00:35,109.676,active,1,AF8,4652.9,185.47,121.3,196.07,202.88,4.7266,0.37757,0.66606,0.69701,0.52302,0.86955,Easy,
2026-06-26T19:00:36,110.684,active,1,AF8,36.389,16.07,18.083,103.62,46.322,0.17512,1.5714,0.40688,0.65638,0.52657,0.80507,Easy,
2026-06-26T19:00:37,111.687,active,1,AF8,30.238,20.93,14.785,113.33,52.89,0.25623,1.5887,0.35746,0.61971,0.5249,0.74919,Easy,
2026-06-26T19:00:38,112.688,active,1,AF8,27.496,15.671,15.068,87.431,56.477,-0.04796,0.46212,-0.42972,0.59218,0.5162,0.71167,Easy,
2026-06-26T19:00:39,113.698,active,1,AF8,61.404,28.384,33.295,172.95,239.25,-0.089984,-0.14918,-0.84381,0.5708,0.50308,0.68716,Easy,
2026-06-26T19:00:40,114.704,active,1,AF8,34.464,23.47,11.807,98.318,100.04,0.36575,0.47047,0.553,0.56354,0.51527,0.66313,Easy,solved:21.7
2026-06-26T19:00:41,115.705,active,1,AF8,21.33,11.69,10.95,147.68,153.92,-0.35666,0.3102,1.957,0.64239,0.66256,0.63364,Easy,
2026-06-26T19:00:42,116.707,active,1,AF8,27.664,16.181,24.077,174.2,130.18,-0.081272,2.7654,2.7114,0.6245,0.74599,0.5809,Easy,
2026-06-26T19:00:43,117.716,active,1,AF8,85.177,57.143,34.427,150.87,75.175,2.4309,4.701,2.0478,0.57472,0.71074,0.54038,Easy,
2026-06-26T19:00:44,118.722,active,1,AF8,2289.7,140.88,47.853,150.08,103.15,1.5798,2.6537,0.61366,0.53756,0.67123,0.51981,Easy,
2026-06-26T19:00:45,119.729,active,1,AF8,14.085,19.053,14.393,93.912,58.85,0.024031,0.97437,0.25965,0.52244,0.65422,0.50344,Easy,
2026-06-26T19:00:46,120.734,active,1,AF8,19.527,20.777,18.021,69.523,51.685,0.17154,1.4437,-0.58274,0.49171,0.62453,0.48456,Easy,
2026-06-26T19:00:47,121.740,active,1,AF8,29.392,23.456,24.422,65.412,50.776,0.47343,2.1986,-0.72709,0.45527,0.5921,0.46203,Easy,
2026-06-26T19:00:48,122.751,active,1,AF8,56.224,32.75,31.202,72.78,57.184,0.25079,2.0152,-0.52559,0.42694,0.56955,0.44171,Easy,
2026-06-26T19:00:49,123.755,active,1,AF8,269.52,45.512,33.909,62.609,44.009,1.7175,4.6042,-0.46269,0.38453,0.53139,0.41163,Medium,
2026-06-26T19:00:50,124.761,active,1,AF8,324.84,51.486,19.783,74.719,66.217,2.0839,1.9622,-0.11825,0.36972,0.49757,0.47378,Medium,
2026-06-26T19:00:51,125.769,active,1,AF8,36.008,17.625,20.868,97.986,78.608,0.0073244,2.1651,0.54356,0.36228,0.53901,0.44737,Medium,
2026-06-26T19:00:52,126.774,active,1,AF8,29.749,25.586,16.974,93.307,67.145,0.49552,1.4369,0.41046,0.36957,0.53305,0.43982,Medium,
2026-06-26T19:00:53,127.783,active,1,AF8,22.908,14.68,9.9114,99.889,71.337,-0.1733,0.11597,0.59768,0.48378,0.57034,0.45427,Medium,
2026-06-26T19:00:54,128.790,active,1,AF8,18.78,18.911,12.863,96.07,117.13,0.086172,0.66805,0.48905,0.48305,0.56792,0.45109,Medium,
2026-06-26T19:00:55,129.799,active,1,AF8,15.856,19.063,7.4604,117.04,144.49,0.095506,-0.34243,1.0856,0.59599,0.59994,0.51315,Medium,
2026-06-26T19:00:56,130.806,active,1,AF8,6.146,7.4281,5.1302,137.38,107.16,-0.61805,-0.77824,1.6642,0.70176,0.69471,0.51727,Medium,
2026-06-26T19:00:57,131.811,active,1,AF8,12.34,6.3354,5.6709,126.01,90.527,-0.68506,-0.67711,1.3406,0.72038,0.71803,0.51508,Medium,
2026-06-26T19:00:58,132.816,active,1,AF8,32.989,8.4696,6.7196,92.631,67.265,-0.55418,-0.48096,0.39123,0.70682,0.70579,0.51217,Medium,
2026-06-26T19:00:59,133.821,active,1,AF8,35.296,17.3,21.155,135.2,73.651,-0.012618,2.2188,1.6021,0.67282,0.70408,0.48033,Medium,
2026-06-26T19:01:00,134.828,active,1,AF8,30.457,13.603,18.797,135.82,59.884,-0.23937,1.7778,1.6198,0.64971,0.71182,0.45476,Medium,
2026-06-26T19:01:01,135.834,active,1,AF8,12.773,8.2012,10.262,99.543,63.324,-0.57063,0.18164,0.58783,0.63782,0.70331,0.44903,Medium,
2026-06-26T19:01:02,136.840,active,1,AF8,11.893,14.202,7.4279,107.45,54.322,-0.20261,-0.34851,0.8127,0.63985,0.69382,0.49055,Medium,
2026-06-26T19:01:03,137.849,active,1,AF8,24.261,16.324,7.7929,125.93,49.464,-0.072457,-0.28023,1.3384,0.67112,0.69089,0.51179,Medium,
2026-06-26T19:01:04,138.857,active,1,AF8,50.387,32.033,9.887,78.715,67.903,0.89092,0.11142,-0.0045951,0.64885,0.65477,0.56245,Medium,
2026-06-26T19:01:05,139.863,active,1,AF8,53.49,61.891,13.964,65.534,54.207,2.7221,0.87388,-0.37949,0.61278,0.5972,0.6545,Medium,
2026-06-26T19:01:06,140.868,active,1,AF8,72.047,45.366,23.438,80.563,30.51,1.7086,2.6459,0.047984,0.56496,0.56196,0.62216,Medium,
2026-06-26T19:01:07,141.873,active,1,AF8,81.606,32.859,14.833,130.28,84.632,0.94156,1.0365,1.4621,0.56353,0.5636,0.60607,Medium,
2026-06-26T19:01:08,142.877,active,1,AF8,24.754,12.393,8.2686,153.2,193.44,-0.31356,-0.19127,2.114,0.68141,0.68802,0.59151,Medium,
2026-06-26T19:01:09,143.884,active,1,AF8,10.594,17.532,8.727,199.59,215.92,0.0016131,-0.10554,3.4336,0.7852,0.78378,0.58214,Medium,
2026-06-26T19:01:10,144.888,active,1,AF8,7.7796,18.558,10.49,226.84,266.05,0.064547,0.22419,4.2086,0.84207,0.8464,0.56989,Medium,
2026-06-26T19:01:11,145.892,active,1,AF8,13.773,18.635,13.596,194.28,211.95,0.069253,0.80518,3.2824,0.83406,0.84479,0.55058,Medium,
2026-06-26T19:01:12,146.897,active,1,AF8,73.676,45.051,18.231,121.64,109.87,1.6893,1.672,1.2164,0.78717,0.79635,0.54477,Medium,
2026-06-26T19:01:13,147.903,active,1,AF8,466.52,174.71,34.718,110.51,74.564,9.6407,4.7554,0.89987,0.70795,0.70229,0.76992,Medium,
2026-06-26T19:01:14,148.906,active,1,AF8,281.06,94.607,20.082,107.5,77.356,4.7284,2.0182,0.81411,0.66546,0.63287,0.78495,Medium,
2026-06-26T19:01:15,149.912,active,1,AF8,75.935,25.741,16.775,118.79,85.438,0.50505,1.3997,1.1352,0.64164,0.6263,0.73755,Medium,
2026-06-26T19:01:16,150.915,active,1,AF8,35.073,21.071,15.55,83.539,68.53,0.21864,1.1705,0.13264,0.60942,0.60985,0.69503,Medium,
2026-06-26T19:01:17,151.917,active,1,AF8,15.295,27.672,25.969,67.999,67.764,0.62346,3.1192,-0.30938,0.5546,0.58293,0.6384,Medium,
2026-06-26T19:01:18,152.923,active,1,AF8,7.4999,23.304,34.404,71.357,49.504,0.35558,4.6967,-0.21386,0.49753,0.56449,0.57408,Medium,
2026-06-26T19:01:19,153.930,active,1,AF8,11.111,13,13.734,85.527,42.51,-0.27637,0.831,0.18917,0.48829,0.5637,0.54899,Medium,
2026-06-26T19:01:20,154.938,active,1,AF8,18.61,15.012,13.397,62.282,35.818,-0.15296,0.76781,-0.47199,0.47167,0.55128,0.52954,Medium,
2026-06-26T19:01:21,155.950,active,1,AF8,17.224,26.94,15.482,49.276,23.026,0.57856,1.1577,-0.84194,0.44734,0.52468,0.51737,Medium,
2026-06-26T19:01:22,156.953,active,1,AF8,44.307,29.26,15.116,56.632,22.033,0.72083,1.0894,-0.63271,0.42932,0.50215,0.50977,Medium,
2026-06-26T19:01:23,157.957,active,1,AF8,214.18,53.201,11.678,41.6,20.868,2.1891,0.44643,-1.0603,0.41621,0.46164,0.62692,Medium,
2026-06-26T19:01:24,158.963,active,1,AF8,132.5,26.502,6.9609,22.338,15.484,0.5517,-0.43585,-1.6081,0.40917,0.43667,0.62621,Medium,
2026-06-26T19:01:25,159.967,active,1,AF8,70.444,7.4846,8.4149,38.237,58.337,-0.61458,-0.16391,-1.1559,0.40548,0.4362,0.60433,Medium,
2026-06-26T19:01:26,160.975,active,1,AF8,175.19,12.815,13.233,117.7,228.68,-0.28768,0.73726,1.1043,0.48964,0.57486,0.57677,Medium,
2026-06-26T19:01:27,161.980,active,1,AF8,49.074,11.61,9.5919,143.78,183.69,-0.36159,0.056233,1.846,0.6218,0.68052,0.56131,Medium,
2026-06-26T19:01:28,162.986,active,1,AF8,27.216,12.331,10.215,113.7,154.09,-0.31736,0.17278,0.99045,0.61928,0.67781,0.54664,Medium,
2026-06-26T19:01:29,163.993,active,1,AF8,29.916,16.035,11.077,94.322,133,-0.090184,0.33407,0.43934,0.60654,0.66437,0.5347,Medium,
2026-06-26T19:01:30,165.002,active,1,AF8,30.689,22.348,8.0256,95.737,102.2,0.29693,-0.23672,0.47957,0.60439,0.64738,0.55367,Medium,
2026-06-26T19:01:31,166.007,active,1,AF8,36.865,18.469,8.2914,108.88,91.597,0.059075,-0.187,0.85351,0.61808,0.64146,0.55091,Medium,
2026-06-26T19:01:32,167.008,active,1,AF8,11.911,11.978,8.7353,106.14,119.83,-0.33904,-0.10398,0.77558,0.6169,0.64078,0.54128,Medium,
2026-06-26T19:01:33,168.014,active,1,AF8,28.171,19.334,15.899,77.537,88.75,0.11213,1.2358,-0.038085,0.58438,0.62164,0.5199,Medium,
2026-06-26T19:01:34,169.016,active,1,AF8,23.095,17.762,13.126,60.726,57.557,0.015723,0.71718,-0.51626,0.55632,0.59911,0.5071,Medium,
2026-06-26T19:01:35,170.025,active,1,AF8,43.426,30.409,9.4725,57.364,62.794,0.79131,0.033894,-0.6119,0.53996,0.56699,0.55898,Medium,
2026-06-26T19:01:36,171.035,active,1,AF8,25.151,19.07,11.31,90.044,50.949,0.095943,0.37763,0.31765,0.53426,0.56227,0.54768,Medium,
2026-06-26T19:01:37,172.042,active,1,AF8,81.457,17.754,18.534,88.425,117.02,0.015198,1.7287,0.27161,0.50921,0.55864,0.51772,Medium,
2026-06-26T19:01:38,173.067,active,1,AF8,86.28,16.919,15.489,104.33,206.77,-0.035987,1.1591,0.72389,0.5016,0.57977,0.49818,Medium,
2026-06-26T19:01:39,174.074,active,1,AF8,94.064,41.819,12.922,115.74,131.56,1.4911,0.67899,1.0485,0.52827,0.56359,0.55936,Medium,
2026-06-26T19:01:40,175.080,active,1,AF8,126.84,82.628,22.022,135.3,262.06,3.9938,2.3809,1.6049,0.51338,0.52385,0.63855,Medium,
2026-06-26T19:01:41,176.085,active,1,AF8,46.941,39.712,18.411,178.87,325.58,1.3618,1.7056,2.8441,0.58851,0.61589,0.61678,Medium,
2026-06-26T19:01:42,177.093,active,1,AF8,18.511,18.155,12.614,148.69,149.12,0.039821,0.62136,1.9858,0.63394,0.68178,0.59411,Medium,
2026-06-26T19:01:43,178.097,active,1,AF8,26.589,12.43,12.422,130.98,142.08,-0.3113,0.58548,1.4821,0.6311,0.69887,0.56958,Medium,
2026-06-26T19:01:44,179.101,active,1,AF8,45.87,41.898,21.451,141.27,149.28,1.4959,2.2741,1.7747,0.60791,0.67918,0.54971,Medium,
2026-06-26T19:01:45,180.110,active,1,AF8,129.96,75.902,24.538,111.95,89.093,3.5813,2.8516,0.94072,0.5683,0.62297,0.57401,Medium,
2026-06-26T19:01:46,181.113,active,1,AF8,423.5,123.62,24.745,121.14,74.528,6.5076,2.8902,1.2022,0.53618,0.55612,0.74513,Medium,
2026-06-26T19:01:47,182.130,active,1,AF8,206.85,143.63,52.287,123.33,88.685,7.7352,8.0413,1.2645,0.47576,0.49392,0.71113,Medium,
2026-06-26T19:01:48,183.136,active,1,AF8,112.58,92.082,36.604,111.74,136.84,4.5736,5.1082,0.93467,0.43192,0.45139,0.67782,Medium,
2026-06-26T19:01:49,184.142,active,1,AF8,120.39,90.358,18.854,177.08,262.91,4.4678,1.7885,2.7932,0.54658,0.43348,0.74659,Medium,
2026-06-26T19:01:50,185.148,active,1,AF8,92.156,50.532,14.231,153.23,149.82,2.0254,0.92381,2.1149,0.60541,0.4801,0.73312,Medium,
2026-06-26T19:01:51,186.153,active,1,AF8,98.516,29.883,25.331,139.37,104.24,0.75903,2.9999,1.7207,0.5742,0.56281,0.67466,Medium,
2026-06-26T19:01:52,187.159,active,1,AF8,58.492,34.158,24.676,149.44,71.841,1.0212,2.8773,2.007,0.55245,0.5976,0.6277,Medium,
2026-06-26T19:01:53,188.166,active,1,AF8,695.77,97.296,32.193,149.27,117.21,0.39776,1.346,1.1791,0.54365,0.59746,0.59841,Medium,
2026-06-26T19:01:54,189.177,active,1,AF8,72.609,20.472,30.959,73.818,45.125,0.18193,4.0525,-0.14388,0.49153,0.58089,0.54174,Medium,
2026-06-26T19:01:55,190.188,active,1,AF8,91.668,22.227,21.748,61.834,53.043,0.28953,2.3298,-0.48474,0.45614,0.55971,0.50853,Medium,
2026-06-26T19:01:56,191.194,active,1,AF8,96.267,42.54,14.885,59.013,44.695,1.5353,1.0461,-0.565,0.43847,0.52365,0.53992,Medium,
2026-06-26T19:01:57,192.198,active,1,AF8,2852.8,1018.4,681.24,529.33,580.57,1.7479,1.5564,-1.409,0.40805,0.48133,0.538,Medium,
2026-06-26T19:01:58,193.202,active,1,AF8,36.841,32.678,15.264,38.193,29.479,0.50527,0.73473,-1.6993,0.3865,0.45349,0.53,Medium,
2026-06-26T19:01:59,194.206,active,1,AF8,1281.8,142.82,63.253,65.776,38.855,6.4597,9.3581,-1.5027,0.34064,0.40127,0.48922,Medium,
2026-06-26T19:02:00,195.214,active,0,,,,,,,,,,,,,Medium,
2026-06-26T19:02:01,196.221,active,0,,,,,,,,,,,,,Medium,
2026-06-26T19:02:02,197.225,active,0,,,,,,,,,,,,,Medium,
2026-06-26T19:02:03,198.234,active,0,,,,,,,,,,,,,Medium,
2026-06-26T19:02:04,199.240,active,0,,,,,,,,,,,,,Medium,
2026-06-26T19:02:05,200.244,active,0,,,,,,,,,,,,,Medium,
2026-06-26T19:02:06,201.249,active,0,,,,,,,,,,,,,Medium,
2026-06-26T19:02:07,202.255,active,0,,,,,,,,,,,,,Medium,
2026-06-26T19:02:08,203.264,active,0,,,,,,,,,,,,,Medium,
2026-06-26T19:02:09,204.270,active,0,,,,,,,,,,,,,Medium,
2026-06-26T19:02:10,205.277,active,0,,,,,,,,,,,,,Medium,
2026-06-26T19:02:11,206.280,active,0,,,,,,,,,,,,,Medium,
2026-06-26T19:02:12,207.288,active,0,,,,,,,,,,,,,Medium,
2026-06-26T19:02:13,208.290,active,0,,,,,,,,,,,,,Medium,
2026-06-26T19:02:14,209.293,active,0,,,,,,,,,,,,,Medium,
2026-06-26T19:02:15,210.296,active,0,,,,,,,,,,,,,Medium,
2026-06-26T19:02:16,211.298,active,0,,,,,,,,,,,,,Medium,
2026-06-26T19:02:17,212.308,active,0,,,,,,,,,,,,,Medium,
2026-06-26T19:02:18,213.311,active,0,,,,,,,,,,,,,Medium,
2026-06-26T19:02:19,214.317,active,0,,,,,,,,,,,,,Medium,
2026-06-26T19:02:20,215.323,active,0,,,,,,,,,,,,,Medium,
2026-06-26T19:02:21,216.330,active,0,,,,,,,,,,,,,Medium,
2026-06-26T19:02:22,217.334,active,0,,,,,,,,,,,,,Medium,
2026-06-26T19:02:23,218.337,active,0,,,,,,,,,,,,,Medium,
2026-06-26T19:02:24,219.343,active,0,,,,,,,,,,,,,Medium,
2026-06-26T19:02:25,220.347,active,0,,,,,,,,,,,,,Medium,
2026-06-26T19:02:26,221.354,active,0,,,,,,,,,,,,,Medium,
2026-06-26T19:02:27,222.360,active,0,,,,,,,,,,,,,Medium,
2026-06-26T19:02:28,223.365,active,0,,,,,,,,,,,,,Medium,
2026-06-26T19:02:29,224.366,active,0,,,,,,,,,,,,,Medium,
2026-06-26T19:02:30,225.368,active,0,,,,,,,,,,,,,Medium,
2026-06-26T19:02:31,226.373,active,0,,,,,,,,,,,,,Medium,
2026-06-26T19:02:32,227.377,active,0,,,,,,,,,,,,,Medium,
2026-06-26T19:02:33,228.389,active,0,,,,,,,,,,,,,Medium,
2026-06-26T19:02:34,229.394,active,0,,,,,,,,,,,,,Medium,
2026-06-26T19:02:35,230.400,active,0,,,,,,,,,,,,,Medium,
2026-06-26T19:02:36,231.405,active,0,,,,,,,,,,,,,Medium,
2026-06-26T19:02:37,232.411,active,0,,,,,,,,,,,,,Medium,
2026-06-26T19:02:38,233.415,active,0,,,,,,,,,,,,,Medium,
2026-06-26T19:02:39,234.420,active,0,,,,,,,,,,,,,Medium,
2026-06-26T19:02:40,235.423,active,0,,,,,,,,,,,,,Medium,
2026-06-26T19:02:41,236.428,active,0,,,,,,,,,,,,,Medium,
2026-06-26T19:02:42,237.430,active,0,,,,,,,,,,,,,Medium,
2026-06-26T19:02:43,238.435,active,0,,,,,,,,,,,,,Medium,
2026-06-26T19:02:44,239.440,active,0,,,,,,,,,,,,,Medium,
2026-06-26T19:02:45,240.446,active,0,,,,,,,,,,,,,Medium,
2026-06-26T19:02:46,241.449,active,0,,,,,,,,,,,,,Medium,
2026-06-26T19:02:47,242.453,active,0,,,,,,,,,,,,,Medium,
2026-06-26T19:02:48,243.456,active,0,,,,,,,,,,,,,Medium,
2026-06-26T19:02:49,244.461,active,0,,,,,,,,,,,,,Medium,
2026-06-26T19:02:50,245.471,active,0,,,,,,,,,,,,,Medium,
2026-06-26T19:02:51,246.480,active,0,,,,,,,,,,,,,Medium,
2026-06-26T19:02:52,247.485,active,0,,,,,,,,,,,,,Medium,
2026-06-26T19:02:53,248.491,active,0,,,,,,,,,,,,,Medium,
2026-06-26T19:02:54,249.497,active,0,,,,,,,,,,,,,Medium,
2026-06-26T19:02:55,250.506,active,0,,2674.4,294.17,190.4,382.35,399.9,,,,,,,Medium,
2026-06-26T19:02:56,251.512,active,0,,9881.6,731.15,837.84,580.94,919.47,,,,,,,Medium,
2026-06-26T19:02:57,252.514,active,0,,,,,,,,,,,,,Medium,
2026-06-26T19:02:58,253.520,active,0,,,,,,,,,,,,,Medium,
2026-06-26T19:02:59,254.528,active,0,,,,,,,,,,,,,Medium,
2026-06-26T19:03:00,255.532,active,0,,,,,,,,,,,,,Medium,
2026-06-26T19:03:01,256.538,active,0,,,,,,,,,,,,,Medium,
2026-06-26T19:03:02,257.541,active,0,,,,,,,,,,,,,Medium,
2026-06-26T19:03:03,258.544,active,0,,,,,,,,,,,,,Medium,
2026-06-26T19:03:04,259.549,active,0,,,,,,,,,,,,,Medium,
2026-06-26T19:03:05,260.554,active,0,,,,,,,,,,,,,Medium,
2026-06-26T19:03:06,261.555,active,0,,,,,,,,,,,,,Medium,
2026-06-26T19:03:07,262.561,active,0,,,,,,,,,,,,,Medium,
2026-06-26T19:03:08,263.566,active,0,,,,,,,,,,,,,Medium,
2026-06-26T19:03:09,264.573,active,0,,,,,,,,,,,,,Medium,
2026-06-26T19:03:10,265.579,active,0,,,,,,,,,,,,,Medium,
2026-06-26T19:03:11,266.586,active,0,,,,,,,,,,,,,Medium,
2026-06-26T19:03:12,267.593,active,0,,,,,,,,,,,,,Medium,
2026-06-26T19:03:14,268.600,active,0,,,,,,,,,,,,,Medium,
2026-06-26T19:03:15,269.605,active,1,AF8,3455.8,1509.3,305.35,318.53,409.53,120.75,63.351,5.2035,0.29977,0.35312,0.79569,Medium,
2026-06-26T19:03:16,270.607,active,1,AF8,165.55,87.185,29.947,142.18,136.19,3.5449,2.8095,0.2488,0.28989,0.33011,0.77111,Medium,
2026-06-26T19:03:17,271.613,active,1,AF8,164.31,73.327,26.677,120.16,99.513,3.7184,2.3785,0.099136,0.28419,0.30738,0.75796,Medium,
2026-06-26T19:03:18,272.623,active,1,AF8,662.15,112.81,34.624,169.66,102.12,4.5929,4.2675,2.4179,0.28417,0.30074,0.73187,Medium,
2026-06-26T19:03:19,273.629,active,1,AF8,2499.3,443.61,78.855,271.4,132.84,25.208,13.679,7.9025,0.2564,0.26467,0.89087,Medium,
2026-06-26T19:03:20,274.635,active,1,AF8,998.86,250.74,41.298,142.07,89.183,15.418,5.7483,1.8145,0.24035,0.23305,0.95162,Medium,
2026-06-26T19:03:21,275.641,active,1,AF8,1251.7,785.76,407.04,409.25,114.85,48.958,122.57,8.8003,0.21151,0.20508,0.83742,Medium,
2026-06-26T19:03:22,276.643,active,0,,6483.3,1924.4,368.91,965.85,251.69,,,,,,,Medium,
2026-06-26T19:03:23,277.647,active,0,,1386.5,560.59,111.78,332.6,246.14,,,,,,,Medium,
2026-06-26T19:03:24,278.648,active,0,,129.01,160.21,45.381,288.49,196.3,,,,,,,Medium,
2026-06-26T19:03:25,279.651,active,0,,45.483,101.27,33.843,236.3,140.09,,,,,,,Medium,
2026-06-26T19:03:26,280.657,active,0,,44.65,61.921,33.605,211.76,154.35,,,,,,,Medium,
2026-06-26T19:03:27,281.666,active,0,,111.96,144.82,45.72,209,145.03,,,,,,,Medium,
2026-06-26T19:03:28,282.674,active,0,,226.87,166.65,36.957,211.66,153.86,,,,,,,Medium,
2026-06-26T19:03:29,283.681,active,0,,204.02,96.995,36.147,145.32,156.67,,,,,,,Medium,
2026-06-26T19:03:30,284.687,active,0,,240.63,263.14,49.682,164.64,183.36,,,,,,,Medium,
2026-06-26T19:03:31,285.693,active,1,AF8,340.58,229.44,66.042,152.11,170.49,10.755,8.8165,-0.45361,0.18728,0.18091,0.82393,Medium,
2026-06-26T19:03:32,286.697,active,1,AF8,211.35,134.7,40.018,187.27,165.4,5.0844,4.2606,0.17003,0.17855,0.16867,0.79725,Medium,
2026-06-26T19:03:33,287.703,baseline_rest,1,AF7+AF8,110.73,64.572,26.804,154.33,120.56,,,,,,,Medium,
2026-06-26T19:03:34,288.709,baseline_rest,1,AF7+AF8,105.36,69.229,27.736,135.99,135.17,,,,,,,Medium,
2026-06-26T19:03:35,289.715,baseline_rest,1,AF7+AF8,135.66,69.83,25.702,118.22,104.96,,,,,,,Medium,
2026-06-26T19:03:36,290.721,baseline_rest,1,AF7+AF8,112.79,46.582,21.078,129.1,94.004,,,,,,,Medium,
2026-06-26T19:03:37,291.728,baseline_rest,1,AF7,149.94,171.53,33.147,221.93,210.42,,,,,,,Medium,
2026-06-26T19:03:38,292.736,baseline_rest,1,AF7,595.94,400.36,82.163,255.87,235.75,,,,,,,Medium,
2026-06-26T19:03:39,293.744,baseline_rest,1,AF7,226.69,170.11,65.178,244.58,168.75,,,,,,,Medium,
2026-06-26T19:03:40,294.752,baseline_rest,1,AF7,65.222,112.58,35.323,227.07,155.56,,,,,,,Medium,
2026-06-26T19:03:41,295.757,baseline_rest,1,AF7,81.324,104.73,41.365,204.33,232.66,,,,,,,Medium,
2026-06-26T19:03:42,296.763,baseline_rest,1,AF7,71.981,145.37,51.579,174.01,190.51,,,,,,,Medium,
2026-06-26T19:03:43,297.764,baseline_rest,1,AF7,76.641,106.8,33.624,232.09,179.38,,,,,,,Medium,
2026-06-26T19:03:44,298.771,baseline_rest,1,AF7,53.83,36.563,31.711,285.58,197.89,,,,,,,Medium,
2026-06-26T19:03:45,299.778,baseline_rest,1,AF7,34.006,71.083,20.252,227.12,202.42,,,,,,,Medium,
2026-06-26T19:03:46,300.782,baseline_rest,1,AF7,55.424,85.126,16.518,171.88,185.31,,,,,,,Medium,
2026-06-26T19:03:47,301.786,baseline_rest,1,AF7,57.638,68.82,17.23,192.15,219.06,,,,,,,Medium,
2026-06-26T19:03:48,302.795,baseline_rest,1,AF7,331.41,115.41,29.743,262.05,263.7,,,,,,,Medium,
2026-06-26T19:03:49,303.799,baseline_rest,1,AF7,398.52,106.8,42.569,294.23,221.24,,,,,,,Medium,
2026-06-26T19:03:50,304.804,baseline_rest,1,AF7,89.165,78.408,35.664,235.67,210.15,,,,,,,Medium,
2026-06-26T19:03:51,305.810,baseline_rest,1,AF7,103.98,124.77,34.855,206.3,217.76,,,,,,,Medium,
2026-06-26T19:03:52,306.815,baseline_rest,1,AF7,50.248,128.92,55.057,236.73,248.04,,,,,,,Medium,
2026-06-26T19:03:53,307.818,idle,1,AF7,36.937,103.31,55.478,238.16,246.33,,,,,,,Medium,
2026-06-26T19:03:54,308.822,idle,1,AF7,36.804,62.811,30.664,263.03,229.8,,,,,,,Medium,
2026-06-26T19:03:55,309.830,baseline_active,1,AF7,81.887,71.025,80.334,212.52,224.98,,,,,,,Medium,
2026-06-26T19:03:56,310.837,baseline_active,1,AF7,4960.5,288.73,337.12,328.82,255.43,,,,,,,Medium,
2026-06-26T19:03:57,311.843,baseline_active,1,AF7,22090,2733.5,1245.9,817.47,285.82,,,,,,,Medium,
2026-06-26T19:03:58,312.845,baseline_active,1,AF8,1.7367e+05,23785,6752,779.21,579.1,,,,,,,Medium,
2026-06-26T19:03:59,313.851,baseline_active,1,AF8,2.392e+05,28890,8949.9,981.14,644.81,,,,,,,Medium,
2026-06-26T19:04:00,314.860,baseline_active,1,AF8,27328,2660.1,1286.2,197.82,101.11,,,,,,,Medium,
2026-06-26T19:04:01,315.865,baseline_active,1,AF8,95.516,62.131,12.193,42.706,29.506,,,,,,,Medium,
2026-06-26T19:04:02,316.872,baseline_active,1,AF8,36.867,45.162,14.417,35.375,30.274,,,,,,,Medium,
2026-06-26T19:04:03,317.881,baseline_active,1,AF8,68.488,43.187,20.038,61.052,42.317,,,,,,,Medium,
2026-06-26T19:04:04,318.887,baseline_active,1,AF8,106.23,61.996,22.428,148.11,74.769,,,,,,,Medium,
2026-06-26T19:04:05,319.896,baseline_active,1,AF8,56.735,26.841,20.561,134.23,134.7,,,,,,,Medium,
2026-06-26T19:04:06,320.902,baseline_active,1,AF8,23.267,7.2882,11.792,105.73,126.99,,,,,,,Medium,
2026-06-26T19:04:07,321.907,baseline_active,1,AF8,45.76,19.506,11.945,80.631,91.266,,,,,,,Medium,
2026-06-26T19:04:08,322.913,baseline_active,1,AF8,39.44,26.751,10.145,79.017,86.227,,,,,,,Medium,
2026-06-26T19:04:09,323.924,baseline_active,1,AF7+AF8,274.77,41.196,17.015,138.1,123.94,,,,,,,Medium,
2026-06-26T19:04:10,324.928,baseline_active,1,AF7+AF8,21.505,37.235,14.491,133.53,96.249,,,,,,,Medium,
2026-06-26T19:04:11,325.940,baseline_active,1,AF7+AF8,32.968,54.225,13.116,121.64,95.197,,,,,,,Medium,
2026-06-26T19:04:12,326.952,baseline_active,1,AF7+AF8,667.88,684.27,225.48,873.5,771.93,,,,,,,Medium,
2026-06-26T19:04:13,327.960,baseline_active,1,AF7+AF8,10679,3392.9,1552.1,4699.3,3477.8,,,,,,,Medium,
2026-06-26T19:04:14,328.966,baseline_active,1,AF7+AF8,29409,3078.4,1468.3,3083.4,2185.3,,,,,,,Medium,
2026-06-26T19:04:15,329.972,baseline_active,1,AF7+AF8,6377.3,317.27,115.75,266.7,228.7,,,,,,,Medium,
2026-06-26T19:04:16,330.978,baseline_active,1,AF7+AF8,24.29,22.205,13.06,128.35,75.813,,,,,,,Medium,
2026-06-26T19:04:17,331.981,baseline_active,1,AF7+AF8,17.046,23.897,10.19,118.85,70.328,,,,,,,Medium,
2026-06-26T19:04:18,332.987,baseline_active,1,AF7+AF8,140.95,66.806,85.683,283.78,238.94,,,,,,,Medium,
2026-06-26T19:04:19,333.989,baseline_active,1,AF7+AF8,4566.6,1779.6,898.04,2064.9,1745.3,,,,,,,Medium,
2026-06-26T19:04:20,334.997,baseline_active,1,AF7+AF8,28400,4595,1298.1,2816.4,2374.7,,,,,,,Medium,
2026-06-26T19:04:21,336.002,baseline_active,1,AF7+AF8,14742,1221.4,304.63,710.45,562.3,,,,,,,Medium,
2026-06-26T19:04:22,337.011,baseline_active,1,AF7+AF8,144.36,21.677,11.442,140.9,91.074,,,,,,,Medium,
2026-06-26T19:04:23,338.017,baseline_active,1,AF7+AF8,9.7253,15.87,9.6806,128.96,70.13,,,,,,,Medium,
2026-06-26T19:04:24,339.023,baseline_active,1,AF7+AF8,9.1663,13.759,4.8387,146.1,72.307,,,,,,,Medium,
2026-06-26T19:04:25,340.031,baseline_active,1,AF7+AF8,6.7985,10.818,7.1211,122.79,74.864,,,,,,,Medium,
2026-06-26T19:04:26,341.037,baseline_active,1,AF7+AF8,72.056,57.617,22.887,116.5,70.961,,,,,,,Medium,
2026-06-26T19:04:27,342.046,baseline_active,1,AF7+AF8,165.08,104.41,39.162,142.82,64.23,,,,,,,Medium,
2026-06-26T19:04:28,343.053,baseline_active,1,AF7+AF8,38.303,24.435,13.91,125.68,51.654,,,,,,,Medium,
2026-06-26T19:04:29,344.060,baseline_active,1,AF7+AF8,5.5994,14.529,12.416,113.55,45.138,,,,,,,Medium,
2026-06-26T19:04:30,345.066,baseline_active,1,AF7+AF8,4.9229,10.289,11.11,113.04,55.302,,,,,,,Medium,
2026-06-26T19:04:31,346.072,baseline_active,1,AF7+AF8,5.8697,10.831,9.7424,87.846,57.069,,,,,,,Medium,
2026-06-26T19:04:32,347.076,baseline_active,1,AF7+AF8,2955.6,799.3,696.81,748.49,87.858,,,,,,,Medium,
2026-06-26T19:04:33,348.086,baseline_active,1,AF7+AF8,35330,5846.1,4776,4669.2,329.04,,,,,,,Medium,
2026-06-26T19:04:34,349.092,baseline_active,1,AF7+AF8,21765,2533.7,1913.6,1989.2,213.37,,,,,,,Medium,
2026-06-26T19:04:35,350.100,baseline_active,1,AF7+AF8,468.63,206.07,50.171,165.9,92.529,,,,,,,Medium,
2026-06-26T19:04:36,351.110,baseline_active,1,AF7+AF8,436.22,162.74,57.702,175.77,85.608,,,,,,,Medium,
2026-06-26T19:04:37,352.115,baseline_active,1,AF7+AF8,112.95,36.531,24.603,212.75,163.62,,,,,,,Medium,
2026-06-26T19:04:38,353.121,baseline_active,1,AF7+AF8,9.6643,17.099,20.479,242.18,159.88,,,,,,,Medium,
2026-06-26T19:04:39,354.126,baseline_active,1,AF7+AF8,7.3268,17.473,18.803,243.56,137.46,,,,,,,Medium,
2026-06-26T19:04:40,355.131,baseline_active,1,AF7+AF8,24.812,26.847,24.112,222.17,191.83,,,,,,,Medium,
2026-06-26T19:04:41,356.133,baseline_active,1,AF7+AF8,29.868,21.413,24.38,314.43,181.89,,,,,,,Medium,
2026-06-26T19:04:42,357.146,baseline_active,1,AF7+AF8,17.191,15.837,24.337,295,116.46,,,,,,,Medium,
2026-06-26T19:04:43,358.152,baseline_active,1,AF7+AF8,463.23,301.92,196.85,652.23,817.4,,,,,,,Medium,
2026-06-26T19:04:44,359.157,active,1,AF8,6354.8,1792.1,264.7,593.36,732.34,0.097126,-0.073886,2.7368,0.55324,0.54096,0.76414,Medium,
2026-06-26T19:04:45,360.166,active,0,,,,,,,,,,,,,Medium,
2026-06-26T19:04:46,361.173,active,0,,,,,,,,,,,,,Medium,
2026-06-26T19:04:47,362.178,active,0,,,,,,,,,,,,,Medium,
2026-06-26T19:04:48,363.181,active,0,,,,,,,,,,,,,Medium,
2026-06-26T19:04:49,364.187,active,1,AF8,7388.3,6597.4,1132.8,356.63,548.99,0.9893,0.46233,1.3356,0.58577,0.54229,0.7403,Easy,
2026-06-26T19:04:50,365.190,active,1,AF8,4674.4,2651.8,457,381.1,711.26,0.25675,0.044892,1.4804,0.63758,0.60593,0.71464,Easy,
2026-06-26T19:04:51,366.199,active,1,AF8,145.31,31.617,26.796,203.1,377.63,-0.22972,-0.22084,0.42679,0.6307,0.60298,0.68875,Easy,
2026-06-26T19:04:52,367.205,active,1,AF8,29.479,26.019,14.844,197.28,239.68,-0.23076,-0.22822,0.39238,0.62425,0.5999,0.66606,Easy,
2026-06-26T19:04:53,368.213,active,1,AF7+AF8,3352.9,242.79,111.35,285.85,260.17,-0.28406,-0.27441,-0.072058,0.61237,0.59109,0.64599,Easy,
2026-06-26T19:04:54,369.221,active,1,AF7+AF8,60.72,47.181,25.561,215.3,144.03,-0.35643,-0.32384,-0.28182,0.59952,0.58128,0.62798,Easy,
2026-06-26T19:04:55,370.227,active,1,AF7+AF8,38.78,30.671,14.504,163.34,94.267,-0.36123,-0.33031,-0.35927,0.58714,0.57155,0.61216,Easy,
2026-06-26T19:04:56,371.231,active,1,AF7+AF8,199.58,41.845,21.951,191.15,119.38,-0.36012,-0.32595,-0.28735,0.57726,0.56406,0.59819,Easy,
2026-06-26T19:04:57,372.232,active,1,AF7+AF8,192.27,76.769,17.791,301.37,156.54,-0.3523,-0.3283,-0.025884,0.57252,0.56126,0.58605,Easy,
2026-06-26T19:04:58,373.240,active,1,AF7+AF8,147.31,83.424,19.616,269.82,144.2,-0.35035,-0.32719,-0.25475,0.5649,0.55534,0.57537,Easy,
2026-06-26T19:04:59,374.246,active,1,AF7+AF8,158.21,110.3,30.489,231.95,149.78,-0.34374,-0.32076,-0.2773,0.55777,0.54969,0.56598,Easy,
2026-06-26T19:05:00,375.251,active,1,AF7+AF8,27.051,27.945,21.014,123.03,96.178,-0.36332,-0.32646,-0.38071,0.55002,0.54347,0.55751,Easy,
2026-06-26T19:05:01,376.256,active,1,AF7+AF8,29.558,33.44,20.869,109.99,91.423,-0.36059,-0.32653,-0.44281,0.54228,0.53702,0.5501,Easy,
2026-06-26T19:05:02,377.263,active,1,AF7+AF8,50.021,51.434,17.625,137.22,100.98,-0.35514,-0.32831,-0.37025,0.53657,0.53235,0.54369,Easy,
2026-06-26T19:05:03,378.269,active,1,AF7+AF8,163.35,118.82,44.012,191.02,116.12,-0.33222,-0.313,-0.27242,0.53279,0.52937,0.53816,Easy,
2026-06-26T19:05:04,379.271,active,1,AF7+AF8,181.71,118.59,52.239,263.17,170.74,-0.32983,-0.30832,-0.1635,0.53103,0.52834,0.53325,Easy,
2026-06-26T19:05:05,380.277,active,1,AF7+AF8,81.847,35.133,34.212,235.31,113.31,-0.36036,-0.31866,-0.11358,0.53038,0.52982,0.52864,Easy,
2026-06-26T19:05:06,381.286,active,1,AF7+AF8,79.567,57.869,46.38,178.83,80.315,-0.35435,-0.31145,-0.28681,0.5271,0.52725,0.52456,Easy,
2026-06-26T19:05:07,382.292,active,1,AF7+AF8,798.28,104.01,70.591,502.47,259.14,-0.33955,-0.29746,-0.25047,0.52456,0.52532,0.52098,Easy,solved:18.1
2026-06-26T19:05:08,383.299,active,1,AF7+AF8,35907,4116.3,798.13,6809.9,4761.7,1.1556,0.12117,2.5899,0.67457,0.61332,0.58429,Easy,
2026-06-26T19:05:09,384.305,active,1,AF7+AF8,64115,12052,1940.2,7202.9,7784.4,4.1283,0.77829,2.9272,0.7171,0.58223,0.73906,Easy,
2026-06-26T19:05:10,385.311,active,1,AF8,131.96,54.614,12.466,182.57,305.83,-0.22545,-0.22969,0.30532,0.69902,0.58027,0.71044,Medium,
2026-06-26T19:05:11,386.313,active,1,AF8,186.33,43.192,18.855,217.68,587.03,-0.22757,-0.22574,0.51314,0.6861,0.58704,0.68516,Medium,
2026-06-26T19:05:12,387.317,active,1,AF8,44.588,20.062,16.263,229.63,456.06,-0.23187,-0.22734,0.58385,0.67577,0.59516,0.66287,Medium,
2026-06-26T19:05:13,388.322,active,1,AF8,77.121,45.734,21.615,192.57,171.1,-0.2271,-0.22403,0.36449,0.66344,0.59255,0.64328,Medium,
2026-06-26T19:05:14,389.334,active,1,AF7+AF8,2648.3,115.3,53.142,283.17,121.2,-0.33388,-0.3079,-0.045639,0.64776,0.58576,0.6257,Medium,
2026-06-26T19:05:15,390.339,active,1,AF7+AF8,113.9,29.071,22.76,145.68,71.966,-0.36417,-0.32539,-0.31254,0.63022,0.57624,0.61003,Medium,
2026-06-26T19:05:16,391.345,active,1,AF7+AF8,162.11,42.993,23.582,135.01,66.589,-0.35942,-0.32491,-0.38752,0.61365,0.56667,0.59631,Medium,
2026-06-26T19:05:17,392.350,active,1,AF7+AF8,386.44,184.05,85.872,426.12,324.12,-0.30709,-0.28919,-0.20347,0.6013,0.56023,0.58448,Medium,
2026-06-26T19:05:18,393.355,active,1,AF8,179.77,41.887,19.491,195.17,280.61,-0.22782,-0.22535,0.37988,0.59815,0.56932,0.57431,Medium,
2026-06-26T19:05:19,394.361,active,1,AF8,41.037,20.204,17.474,250.25,316.51,-0.23184,-0.22659,0.7059,0.60796,0.5968,0.56531,Medium,
2026-06-26T19:05:20,395.364,active,1,AF8,14.55,14.674,8.1095,144,123.26,-0.23287,-0.23238,0.07699,0.59964,0.58982,0.55747,Medium,
2026-06-26T19:05:21,396.370,active,1,AF7+AF8,1782.1,97.665,52.279,175.75,169.44,-0.3364,-0.30853,-0.30888,0.58767,0.57945,0.55015,Medium,
2026-06-26T19:05:22,397.377,active,1,AF7+AF8,112.74,38.565,24.238,92.534,74.062,-0.3606,-0.32449,-0.42444,0.57565,0.56896,0.54359,Medium,
2026-06-26T19:05:23,398.414,active,1,AF7+AF8,93.388,41.614,22.732,97.882,61.963,-0.36027,-0.32548,-0.38959,0.56561,0.56025,0.53784,Medium,
2026-06-26T19:05:24,399.423,active,1,AF7+AF8,54.958,36.069,22.448,116.29,63.439,-0.36179,-0.32553,-0.31227,0.55794,0.55376,0.53276,Medium,
2026-06-26T19:05:25,400.430,active,1,AF7+AF8,77.582,52.933,26.934,103.17,59.322,-0.35717,-0.32284,-0.39137,0.54996,0.5468,0.52831,Medium,
2026-06-26T19:05:26,401.437,active,1,AF7+AF8,111.12,62.378,35.141,76.635,47.262,-0.35475,-0.3182,-0.54538,0.54056,0.53832,0.52436,Medium,
2026-06-26T19:05:27,402.442,active,1,AF7+AF8,154.52,89.587,39.039,97.188,40.182,-0.34628,-0.31589,-0.54882,0.5322,0.53069,0.52099,Medium,
2026-06-26T19:05:28,403.447,active,1,AF7+AF8,121.98,52.938,31.863,107.84,46.041,-0.35561,-0.32005,-0.55774,0.52478,0.52398,0.51793,Medium,
2026-06-26T19:05:29,404.450,active,1,AF7+AF8,4674.9,1105.7,600.13,646.39,1108.8,0.038586,0.0068349,-0.21909,0.51842,0.51724,0.51626,Medium,
2026-06-26T19:05:30,405.460,active,1,AF7+AF8,34441,4657,1827.7,1725.5,2680,1.3678,0.71326,0.46797,0.51253,0.5019,0.55516,Medium,
2026-06-26T19:05:31,406.465,active,1,AF7+AF8,15966,1467.3,424.59,520.56,628.25,0.17618,-0.094311,-0.1621,0.51001,0.49661,0.55259,Medium,
2026-06-26T19:05:32,407.475,active,1,AF7+AF8,142.13,22.25,12.236,180.68,169.42,-0.36475,-0.33163,-0.3352,0.50876,0.50086,0.54578,Medium,
2026-06-26T19:05:33,408.483,active,1,AF7+AF8,32.418,24.59,16.094,179.43,151.92,-0.36407,-0.32936,-0.18456,0.51436,0.5138,0.53977,Medium,
2026-06-26T19:05:34,409.491,active,1,AF8,151.49,51.221,28.309,175.1,131.72,-0.22608,-0.2199,0.26109,0.54164,0.54188,0.5349,Medium,
2026-06-26T19:05:35,410.496,active,1,AF8,774.23,191.4,73.305,355.8,572.64,-0.20006,-0.19211,1.3307,0.62565,0.62626,0.5306,Medium,
2026-06-26T19:05:36,411.500,active,1,AF8,340.21,91.12,44.878,346.41,740.59,-0.21867,-0.20967,1.2751,0.65677,0.65761,0.52679,Medium,
2026-06-26T19:05:37,412.505,active,1,AF8,43.288,26.295,17.82,252.49,380.41,-0.23071,-0.22638,0.71919,0.65188,0.65268,0.52351,Medium,
2026-06-26T19:05:38,413.510,active,1,AF8,43.561,16.775,14.723,151.63,231.89,-0.23248,-0.22829,0.12215,0.6389,0.63966,0.52063,Medium,
2026-06-26T19:05:39,414.517,active,1,AF7+AF8,285.99,17.882,15.044,245.92,164.49,-0.36603,-0.32987,-0.066082,0.62618,0.62739,0.51761,Medium,
2026-06-26T19:05:40,415.523,active,1,AF7+AF8,23.936,19.545,22.317,286.47,124.82,-0.36634,-0.32544,0.0086066,0.61604,0.61772,0.51488,Medium,
2026-06-26T19:05:41,416.531,active,1,AF7+AF8,32.816,23.607,30.504,262.53,135.5,-0.36493,-0.32047,0.032006,0.60739,0.60952,0.51243,Medium,
2026-06-26T19:05:42,417.540,active,1,AF7+AF8,38.521,31.548,21.762,243.08,157.56,-0.3623,-0.32583,0.026548,0.59978,0.6022,0.51039,Medium,
2026-06-26T19:05:43,418.545,active,1,AF7+AF8,55.009,29.853,22.921,208.19,152.41,-0.36281,-0.32525,-0.11126,0.59101,0.5937,0.50858,Medium,
2026-06-26T19:05:44,419.551,active,1,AF7+AF8,235.64,54.735,52.719,287.71,156.56,-0.35475,-0.30805,-0.13603,0.58267,0.58573,0.50685,Medium,
2026-06-26T19:05:45,420.554,active,1,AF7+AF8,19002,1427.4,970.89,2242.5,1273.6,0.15987,0.22027,0.71494,0.58013,0.58372,0.50512,Medium,
2026-06-26T19:05:46,421.562,active,1,AF7+AF8,36622,2322.8,1195.9,2530.8,1559.8,0.49644,0.34984,0.83475,0.57775,0.57874,0.51304,Medium,
2026-06-26T19:05:47,422.568,active,1,AF7+AF8,8194.4,2076.3,452.7,468.44,779.13,0.40402,-0.077916,-0.028186,0.56917,0.56283,0.54119,Medium,
2026-06-26T19:05:48,423.573,active,1,AF7+AF8,12737,4145.8,793.62,585.03,1208.6,1.1777,0.11826,0.065256,0.56007,0.53902,0.59413,Medium,
2026-06-26T19:05:49,424.583,active,1,AF7+AF8,1840.9,528.06,103.23,228.88,224.17,-0.17493,-0.27916,-0.093046,0.55565,0.53557,0.5844,Medium,
2026-06-26T19:05:50,425.592,active,1,AF7+AF8,28.514,12.347,11.418,167.79,93.227,-0.36763,-0.33207,-0.22646,0.55056,0.53341,0.57373,Medium,
2026-06-26T19:05:51,426.595,active,1,AF7+AF8,37.083,19.141,10.262,148.69,102.9,-0.36617,-0.33271,-0.23138,0.54601,0.53143,0.56438,Medium,
2026-06-26T19:05:53,427.600,active,1,AF7+AF8,23.255,18.821,15.259,131.23,119.24,-0.36635,-0.3297,-0.17944,0.54274,0.53046,0.55611,Medium,
2026-06-26T19:05:54,428.606,active,1,AF7+AF8,120.16,89.34,81.533,279.52,501.59,-0.33944,-0.2912,-0.1075,0.54037,0.53028,0.54865,Medium,
2026-06-26T19:05:55,429.610,active,1,AF8,166.96,14.842,29.241,222.28,534.21,-0.23284,-0.21932,0.54034,0.57245,0.56939,0.54261,Medium,
2026-06-26T19:05:56,430.615,active,1,AF8,108.47,19.546,18.804,263.11,591.03,-0.23196,-0.22577,0.78202,0.603,0.60222,0.5374,Medium,
2026-06-26T19:05:57,431.623,active,1,AF8,181.1,81.846,29.783,195.67,291.31,-0.2204,-0.21899,0.38282,0.5996,0.59893,0.5329,Medium,
2026-06-26T19:05:58,432.630,active,1,AF7+AF8,6527.6,224.1,130.8,272.56,312.86,-0.29399,-0.26307,-0.06594,0.5906,0.59048,0.52848,Medium,
2026-06-26T19:05:59,433.637,active,1,AF7+AF8,75.351,27.289,18.345,164.83,180.13,-0.36318,-0.32794,-0.19195,0.58177,0.58218,0.52454,Medium,
2026-06-26T19:06:00,434.638,active,1,AF7+AF8,56.731,42.834,20.776,178.2,157.17,-0.36102,-0.32652,-0.11718,0.5751,0.57598,0.52108,Medium,
2026-06-26T19:06:01,435.644,active,1,AF7+AF8,65.698,53.49,18.056,150.82,117.82,-0.35932,-0.32809,-0.15976,0.56861,0.56985,0.51808,Medium,
2026-06-26T19:06:02,436.649,active,1,AF7+AF8,49.394,38.544,19.964,137.52,93.798,-0.36165,-0.32694,-0.22727,0.56187,0.56348,0.51539,Medium,
2026-06-26T19:06:03,437.656,active,1,AF7+AF8,113.73,51.863,29.386,128.31,95.146,-0.3575,-0.32141,-0.30552,0.55468,0.55664,0.513,Medium,
2026-06-26T19:06:04,438.660,active,1,AF7+AF8,56.677,28.004,24.992,121.95,94.108,-0.3633,-0.32406,-0.34408,0.54782,0.55014,0.51085,Medium,
2026-06-26T19:06:05,439.665,active,1,AF7+AF8,13.67,17.969,21.056,117.72,69.117,-0.36577,-0.32633,-0.28197,0.54275,0.54538,0.50896,Medium,
2026-06-26T19:06:06,440.676,active,1,AF7+AF8,30.417,24.19,22.15,137.46,70.483,-0.36443,-0.32576,-0.19819,0.53953,0.54242,0.5073,Medium,
2026-06-26T19:06:07,441.684,active,1,AF7+AF8,41.982,40.578,21.895,110.44,91.716,-0.35969,-0.3259,-0.30415,0.53511,0.53817,0.50592,Medium,
2026-06-26T19:06:08,442.688,active,1,AF7+AF8,48.672,37.327,20.681,118.02,78.532,-0.36023,-0.32658,-0.26202,0.53187,0.53506,0.5047,Medium,
2026-06-26T19:06:09,443.693,active,1,AF7+AF8,97.93,37.089,22.038,158.43,86.508,-0.35988,-0.32581,-0.19891,0.52995,0.53326,0.50363,Medium,
2026-06-26T19:06:10,444.697,active,1,AF7+AF8,74.365,34.273,15.155,134.75,107.6,-0.36152,-0.32978,-0.30497,0.52673,0.53012,0.50272,Medium,
2026-06-26T19:06:11,445.704,active,1,AF7+AF8,59.912,22.756,11.974,130.84,188.18,-0.36534,-0.33177,-0.27859,0.52432,0.52781,0.50189,Medium,
2026-06-26T19:06:12,446.712,active,1,AF7+AF8,13.306,15.509,10.873,146.94,189.83,-0.36699,-0.33241,-0.25886,0.5225,0.52609,0.50114,Medium,
2026-06-26T19:06:13,447.718,active,1,AF7+AF8,6.2116,18.604,11.862,117.04,117.71,-0.36559,-0.33188,-0.32869,0.51985,0.52351,0.5005,Medium,
2026-06-26T19:06:14,448.726,active,1,AF7+AF8,37.661,23.785,20.984,106.67,84.561,-0.36504,-0.32647,-0.32818,0.51744,0.52125,0.49986,Medium,
2026-06-26T19:06:15,449.734,active,1,AF7+AF8,83.954,38.081,19.467,100.67,75.099,-0.36217,-0.32729,-0.33559,0.51522,0.51909,0.49935,Medium,
2026-06-26T19:06:16,450.737,active,1,AF7+AF8,82.142,42.109,23.236,92.506,76.783,-0.36112,-0.32491,-0.39976,0.51227,0.51622,0.49889,Medium,
2026-06-26T19:06:17,451.741,active,1,AF7+AF8,2390.4,487.99,316.46,412.97,290.28,-0.19578,-0.15585,-0.2466,0.50944,0.51351,0.49842,Medium,
2026-06-26T19:06:18,452.747,active,1,AF7+AF8,50327,4089.6,3244.1,5196.4,4610.4,1.1447,1.5291,2.0934,0.54582,0.57525,0.49286,Medium,
2026-06-26T19:06:19,453.752,active,1,AF7+AF8,77519,4765.9,3587.6,5977.2,5107.9,1.4046,1.7267,2.3849,0.56725,0.60219,0.4889,Medium,
2026-06-26T19:06:20,454.757,active,1,AF7+AF8,12890,792.48,302.28,530.17,381.73,-0.077176,-0.16457,-0.1451,0.55948,0.58891,0.50211,Medium,
2026-06-26T19:06:21,455.760,active,1,AF7+AF8,47.014,35.778,29.37,114.98,117.25,-0.36061,-0.32161,-0.32695,0.55226,0.57874,0.50127,Medium,
2026-06-26T19:06:22,456.768,active,1,AF8,222.73,33.297,30.152,132.44,146.3,-0.22941,-0.21876,0.0085937,0.54939,0.57286,0.50096,Medium,
2026-06-26T19:06:23,457.774,active,1,AF8,614.4,51.673,62.835,287.55,440.43,-0.226,-0.19857,0.92668,0.60199,0.61328,0.50044,Medium,solved:71.9
2026-06-26T19:06:24,458.778,active,1,AF8,207.89,56.573,32.581,323.22,340.48,-0.22509,-0.21726,1.1378,0.63871,0.64375,0.50027,Medium,
2026-06-26T19:06:25,459.782,active,1,AF8,268.33,134.12,60.74,267.7,244.06,-0.21069,-0.19987,0.80919,0.63689,0.64147,0.50007,Medium,
2026-06-26T19:06:26,460.787,active,1,AF8,313.04,116.26,54.213,163.97,269.61,-0.21401,-0.2039,0.19521,0.62643,0.63061,0.49991,Hard,
2026-06-26T19:06:27,461.794,active,1,AF8,71.217,71.946,27.725,135.52,292.75,-0.22223,-0.22026,0.026796,0.61496,0.61867,0.49989,Hard,
2026-06-26T19:06:28,462.798,active,1,AF8,82.608,55.589,22.299,152.37,266.41,-0.22527,-0.22361,0.12652,0.6064,0.60969,0.49988,Hard,
2026-06-26T19:06:29,463.806,active,1,AF8,312.15,156.72,50.886,241.51,128.11,-0.20649,-0.20596,0.65416,0.60634,0.60924,0.49991,Hard,
2026-06-26T19:06:30,464.812,active,1,AF7+AF8,33180,3442.6,873.73,2297.4,1021.7,0.88895,0.16607,0.8601,0.60389,0.5957,0.5536,Hard,
2026-06-26T19:06:31,465.818,active,1,AF8,780.63,251.76,57.972,181.25,157.11,-0.18885,-0.20158,0.29751,0.59887,0.59148,0.54736,Hard,
2026-06-26T19:06:32,466.824,active,1,AF8,922.04,115.14,46.699,289.58,532.25,-0.21422,-0.20854,0.93872,0.62331,0.62074,0.54159,Hard,
2026-06-26T19:06:33,467.828,active,1,AF8,183.08,35.351,31.43,223.84,438.23,-0.22903,-0.21797,0.54958,0.61988,0.61779,0.53643,Hard,
2026-06-26T19:06:34,468.833,active,1,AF8,135.41,25.597,57.574,124.85,157.8,-0.23084,-0.20182,-0.036373,0.60798,0.60657,0.53163,Hard,
2026-06-26T19:06:35,469.840,active,1,AF8,142.54,31.182,66.01,77.504,49.99,-0.2298,-0.19661,-0.31661,0.59322,0.59248,0.52733,Hard,
2026-06-26T19:06:36,470.848,active,1,AF7+AF8,5166.1,1002.1,909.21,3352.6,2085.2,-0.0091976,0.186,1.2009,0.61182,0.62508,0.52113,Hard,
2026-06-26T19:06:37,471.852,active,1,AF7+AF8,28278,3023.7,1921.8,4543,3035.3,0.74817,0.76841,1.762,0.61775,0.62496,0.51829,Hard,
2026-06-26T19:06:38,472.861,active,1,AF7+AF8,16264,1029.8,507.26,696.25,547.52,0.005079,-0.046032,0.019654,0.60461,0.61018,0.51686,Hard,
2026-06-26T19:06:39,473.869,active,1,AF7+AF8,269.55,63.096,31.778,112.64,60.268,-0.35372,-0.31991,-0.33078,0.59189,0.59731,0.51433,Hard,
2026-06-26T19:06:40,474.876,active,1,AF8,342.1,28.33,38.529,131.43,58.47,-0.23033,-0.21359,0.0025712,0.5841,0.58912,0.51236,Hard,
2026-06-26T19:06:41,475.881,active,1,AF8,341.28,16.815,21.227,215.92,146.2,-0.23247,-0.22427,0.50268,0.58757,0.59017,0.51075,Hard,
2026-06-26T19:06:42,476.886,active,1,AF8,77.161,17.279,7.5145,166.98,309.83,-0.23238,-0.23274,0.21301,0.58372,0.586,0.50947,Hard,
2026-06-26T19:06:43,477.894,active,1,AF8,28.932,15.885,7.7202,150.24,238.68,-0.23264,-0.23262,0.11394,0.57886,0.58087,0.50833,Hard,
2026-06-26T19:06:44,478.899,active,1,AF7+AF8,252.6,65.133,49.352,151.56,165.07,-0.3484,-0.31011,-0.21999,0.57075,0.57309,0.50676,Hard,
2026-06-26T19:06:45,479.911,active,1,AF7+AF8,65.421,16.681,16.265,143.03,125.82,-0.36616,-0.3291,-0.27156,0.56312,0.56574,0.50539,Hard,
2026-06-26T19:06:46,480.920,active,1,AF7+AF8,191.04,52.392,61.396,194.41,224.7,-0.35322,-0.30253,-0.22712,0.55668,0.55974,0.50398,Hard,
2026-06-26T19:06:47,481.928,active,1,AF8,327.95,19.258,71.496,200.3,251.1,-0.23202,-0.19322,0.41025,0.56759,0.57166,0.50292,Hard,
2026-06-26T19:06:48,482.933,active,1,AF8,188.22,24.41,30.014,191.39,439.4,-0.23106,-0.21885,0.35752,0.56997,0.57249,0.50239,Hard,
2026-06-26T19:06:49,483.936,active,1,AF8,24.728,25.628,13.611,183.74,340.25,-0.23083,-0.22898,0.31222,0.56964,0.57189,0.50208,Hard,
2026-06-26T19:06:50,484.939,active,1,AF8,81.302,35.475,25.821,159.92,233.95,-0.22901,-0.22144,0.17126,0.56715,0.56924,0.50171,Hard,
2026-06-26T19:06:51,485.943,active,1,AF7+AF8,1634.5,341.6,238.8,859.44,898.58,-0.24678,-0.20057,0.29311,0.56646,0.56899,0.50081,Hard,
2026-06-26T19:06:52,486.951,active,1,AF7+AF8,21845,2632.5,1927.3,2789.8,2554.9,0.61097,0.77122,1.2778,0.56605,0.57715,0.49831,Hard,
2026-06-26T19:06:53,487.960,active,1,AF7+AF8,24496,1825.3,1197.2,1151.9,1025,0.30881,0.35084,0.34972,0.5581,0.5685,0.49789,Hard,
2026-06-26T19:06:54,488.968,active,1,AF7+AF8,1422.1,118,61.831,160.18,141.49,-0.33371,-0.30207,-0.062684,0.55472,0.56434,0.49766,Hard,
2026-06-26T19:06:55,489.975,active,1,AF7+AF8,489.81,119.06,34.203,165.8,99.517,-0.33481,-0.31826,-0.03151,0.55245,0.56116,0.49782,Hard,
2026-06-26T19:06:56,490.979,active,1,AF8,1354.9,90.645,46.388,258.09,317.83,-0.21876,-0.20873,0.75235,0.5917,0.5959,0.49838,Hard,
2026-06-26T19:06:57,491.984,active,1,AF8,4012.5,103.23,82.486,654.38,1874.8,-0.21643,-0.18644,3.0981,0.73939,0.74228,0.49812,Hard,
2026-06-26T19:06:58,492.992,active,1,AF8,920.92,51.951,48.411,522.12,1578.9,-0.22595,-0.20748,2.3152,0.76331,0.76542,0.49807,Hard,
2026-06-26T19:06:59,494.000,active,1,AF8,90.064,40.025,23.406,350.01,605.32,-0.22816,-0.22293,1.2964,0.75346,0.75539,0.49884,Hard,
2026-06-26T19:07:00,495.006,active,1,AF7+AF8,6278.9,333.29,122.96,366.68,279.84,-0.25514,-0.26756,0.25421,0.73083,0.73234,0.50047,Hard,
2026-06-26T19:07:01,496.014,active,1,AF7+AF8,198,125.81,47.3,247.48,132.71,-0.34088,-0.31071,0.13028,0.70972,0.71149,0.49996,Hard,
2026-06-26T19:07:02,497.019,active,1,AF7+AF8,972.73,331.12,151.48,449.73,527.75,-0.26489,-0.25065,-0.0081603,0.68819,0.68996,0.49975,Hard,
2026-06-26T19:07:03,498.027,active,1,AF8,233.62,204.46,29.93,268.89,235.78,-0.19763,-0.2189,0.81625,0.68079,0.68206,0.50149,Hard,
2026-06-26T19:07:04,499.033,active,1,AF8,135.18,56.508,38.773,248.4,265.8,-0.2251,-0.21344,0.69495,0.67249,0.67377,0.50114,Hard,
2026-06-26T19:07:05,500.038,active,1,AF8,135.51,27.685,39.286,155.98,120.78,-0.23045,-0.21312,0.14791,0.6572,0.65858,0.50074,Hard,
2026-06-26T19:07:06,501.047,active,1,AF7+AF8,3762.1,316.44,82.686,121.01,75.032,-0.25659,-0.29061,-0.49961,0.6352,0.63591,0.50285,Hard,
2026-06-26T19:07:07,502.051,active,1,AF7+AF8,896.3,341.05,249.07,362.57,457.9,-0.2491,-0.19484,-0.39075,0.61604,0.61748,0.50169,Hard,
2026-06-26T19:07:08,503.059,active,1,AF7+AF8,25214,3852.7,1964.1,2669.1,3823.1,1.0591,0.79272,0.90094,0.60374,0.60101,0.52063,Hard,
2026-06-26T19:07:09,504.067,active,1,AF7+AF8,28365,2899,1126.2,1427.3,1976.1,0.70794,0.30999,0.24808,0.59036,0.58202,0.538,Hard,
2026-06-26T19:07:10,505.076,active,1,AF7+AF8,1433,118.5,38.576,101.79,71.438,-0.33473,-0.31619,-0.44157,0.57764,0.57057,0.53316,Hard,
2026-06-26T19:07:11,506.082,active,1,AF7+AF8,129.35,57.979,34.829,83.631,63.043,-0.35715,-0.31833,-0.47707,0.56594,0.56031,0.5286,Hard,
2026-06-26T19:07:12,507.087,active,1,AF7+AF8,35.41,26.045,43.066,42.668,38.083,-0.36264,-0.31373,-0.57185,0.55416,0.54993,0.52443,Hard,
2026-06-26T19:07:13,508.093,active,1,AF7+AF8,273.19,76.364,32.883,42.485,37.329,-0.34357,-0.31966,-0.58276,0.54372,0.54036,0.52114,Hard,
2026-06-26T19:07:14,509.105,active,1,AF7+AF8,5070.9,816.36,92.78,111.03,133.12,-0.067861,-0.28503,-0.4287,0.53632,0.53012,0.52473,Hard,
2026-06-26T19:07:15,510.112,active,1,AF7+AF8,4119.5,598.95,70.911,178.76,144.71,-0.14953,-0.29754,-0.19048,0.53357,0.52589,0.52398,Hard,
2026-06-26T19:07:16,511.118,active,1,AF7+AF8,571.82,59.639,31.143,100.49,66.09,-0.35041,-0.32048,-0.39622,0.5284,0.5221,0.52065,Hard,
2026-06-26T19:07:17,512.127,active,1,AF8,56.261,47.673,36.742,89.952,100.15,-0.22674,-0.21469,-0.24293,0.52457,0.5192,0.518,Hard,
2026-06-26T19:07:18,513.135,active,1,AF8,80.622,70.604,70.225,152.56,267.61,-0.22248,-0.19401,0.12768,0.5339,0.53388,0.51541,Hard,
2026-06-26T19:07:19,514.141,active,1,AF8,61.873,46.071,34.47,121.7,200.68,-0.22704,-0.21609,-0.055013,0.53225,0.53239,0.5134,Hard,
2026-06-26T19:07:20,515.145,active,1,AF7+AF8,5709.7,223.78,132.93,211.82,278.14,-0.29227,-0.26138,-0.22523,0.52892,0.52951,0.51132,Hard,
2026-06-26T19:07:21,516.147,active,1,AF7+AF8,2101,286.94,60.87,107.54,72.848,-0.27238,-0.30311,-0.35923,0.52461,0.52466,0.51043,Hard,
2026-06-26T19:07:22,517.151,active,1,AF7+AF8,1665.7,216.03,34.887,51.326,34.71,-0.30054,-0.31841,-0.5698,0.51789,0.51767,0.50944,Hard,
2026-06-26T19:07:23,518.159,active,1,AF8,2208.4,303.45,29.903,58.382,61.485,-0.17925,-0.21892,-0.4298,0.51258,0.5118,0.50891,Hard,
2026-06-26T19:07:24,519.167,active,1,AF8,1172.4,381.72,47.91,165.39,231.89,-0.16472,-0.20779,0.20362,0.53578,0.53227,0.50848,Hard,
2026-06-26T19:07:25,520.174,active,1,AF8,124.09,69.525,31.176,155.3,165.52,-0.22268,-0.21813,0.14389,0.54139,0.54032,0.5074,Hard,
2026-06-26T19:07:26,521.180,active,1,AF8,88.838,31.089,25.702,117.67,109.55,-0.22982,-0.22151,-0.078856,0.53856,0.53775,0.50638,Hard,
2026-06-26T19:07:27,522.186,active,1,AF8,149.58,44.869,27.46,122.91,106.21,-0.22726,-0.22042,-0.04786,0.53652,0.53591,0.50552,Hard,
2026-06-26T19:07:28,523.190,active,1,AF8,211.49,67.629,55.366,326.03,594.87,-0.22304,-0.20319,1.1545,0.6127,0.61378,0.50456,Hard,
2026-06-26T19:07:29,524.193,active,1,AF8,183.3,73.198,49.266,331.47,915.33,-0.222,-0.20696,1.1867,0.64557,0.647,0.50378,Hard,
2026-06-26T19:07:30,525.205,active,1,AF8,219.49,39.543,24.143,354.08,474.45,-0.22825,-0.22247,1.3205,0.66853,0.66948,0.50324,Hard,
2026-06-26T19:07:31,526.214,active,1,AF8,425.58,91.314,25.414,222.71,213.58,-0.21864,-0.22169,0.54292,0.65964,0.66043,0.5029,Hard,
2026-06-26T19:07:32,527.219,active,1,AF8,744.76,209.75,26.72,215.83,221.32,-0.19665,-0.22088,0.50218,0.65121,0.65155,0.50298,Hard,
2026-06-26T19:07:33,528.227,active,1,AF8,252.36,79.634,17.814,235.86,236.36,-0.22081,-0.22638,0.62072,0.64559,0.64581,0.5027,Hard,
2026-06-26T19:07:34,529.234,active,1,AF8,104.41,44.578,13.516,198.8,213.85,-0.22732,-0.22904,0.40138,0.63749,0.63766,0.5024,Hard,
2026-06-26T19:07:35,530.239,active,1,AF7+AF8,12321,592.7,242.74,571.87,500.75,-0.15457,-0.19865,-0.019286,0.62368,0.62317,0.50427,Hard,
2026-06-26T19:07:36,531.241,active,1,AF7+AF8,233.33,70.088,42.365,290.13,177.48,-0.35541,-0.31354,-0.14502,0.61137,0.61155,0.50313,Hard,
2026-06-26T19:07:37,532.247,active,1,AF7+AF8,252.08,54.7,38.014,402.54,217.34,-0.35825,-0.31614,0.013,0.60293,0.60371,0.50212,Hard,
2026-06-26T19:07:38,533.255,active,1,AF7+AF8,161.07,58.611,42.603,357.86,168.01,-0.35657,-0.31374,0.086427,0.59656,0.59789,0.50122,Hard,
2026-06-26T19:07:39,534.263,active,1,AF7+AF8,187.68,68.555,45.578,269.44,99.323,-0.35426,-0.31201,-0.17449,0.58704,0.58883,0.50044,Hard,
2026-06-26T19:07:40,535.275,active,1,AF7+AF8,1169.2,151.66,53.469,297.7,83.954,-0.32649,-0.3073,-0.23035,0.57775,0.57962,0.5001,Hard,
2026-06-26T19:07:41,536.283,active,1,AF7+AF8,1486.7,134.59,47.546,356.9,150.44,-0.3267,-0.31082,-0.17035,0.57052,0.57241,0.49985,Hard,
2026-06-26T19:07:42,537.296,active,1,AF7+AF8,133.12,29.823,25.184,368.31,284.98,-0.36218,-0.32388,-0.12904,0.56498,0.56721,0.49929,Hard,
2026-06-26T19:07:43,538.299,active,1,AF7+AF8,699.21,94.656,51.969,382.66,351.76,-0.34068,-0.30825,-0.069375,0.56076,0.56321,0.49889,Hard,
2026-06-26T19:07:44,539.300,active,1,AF7+AF8,27318,1974.5,704.1,1321.2,1333.4,0.3628,0.067244,0.42607,0.55884,0.55657,0.52168,Hard,
2026-06-26T19:07:45,540.309,active,1,AF7+AF8,34948,2238.2,708.91,1061.1,990.28,0.46323,0.069808,0.3518,0.556,0.54811,0.53809,Hard,
2026-06-26T19:07:46,541.316,active,1,AF7+AF8,1886,108.05,37.212,395.15,290.96,-0.33353,-0.3171,0.13934,0.55649,0.55455,0.53327,Hard,
2026-06-26T19:07:47,542.320,active,1,AF7+AF8,81.913,40.86,19.608,403.84,226.64,-0.36127,-0.32719,0.32631,0.57118,0.57288,0.52877,Hard,
2026-06-26T19:07:48,543.324,active,1,AF7+AF8,155.51,76.782,35.097,285.22,234.54,-0.35186,-0.31792,0.081526,0.56861,0.57061,0.5248,Hard,
2026-06-26T19:07:49,544.327,active,1,AF7+AF8,119.04,86.969,49.181,293.2,198.17,-0.34941,-0.30922,-0.040719,0.5644,0.56676,0.52123,Hard,
2026-06-26T19:07:50,545.331,active,1,AF7+AF8,61.243,61.762,38.451,296.82,136.16,-0.35622,-0.31584,-0.14318,0.55926,0.56194,0.51807,Hard,
2026-06-26T19:07:51,546.332,active,1,AF7+AF8,24.424,20.097,22.848,197.23,95.727,-0.36562,-0.3253,-0.25231,0.55324,0.55621,0.5153,Hard,
2026-06-26T19:07:52,547.337,active,1,AF7+AF8,63.132,33.965,24.605,161.41,99.111,-0.36213,-0.32414,-0.20829,0.54859,0.55177,0.51289,Hard,
2026-06-26T19:07:53,548.345,active,1,AF7+AF8,58.934,48.933,32.987,172.16,113.59,-0.35887,-0.31928,-0.27763,0.54338,0.54678,0.51075,Hard,
2026-06-26T19:07:54,549.354,active,1,AF7+AF8,773.87,143.13,110.29,264.68,249.39,-0.32547,-0.2749,-0.19438,0.53938,0.54313,0.5087,Hard,
2026-06-26T19:07:55,550.359,active,1,AF7+AF8,26389,2388.3,1519.3,1521.3,1919.3,0.51228,0.53662,0.60391,0.53567,0.53933,0.50729,Hard,
2026-06-26T19:07:56,551.365,active,1,AF7+AF8,34156,2660.9,1320,1117.7,1409.4,0.61571,0.42232,0.51608,0.53279,0.53311,0.51741,Hard,
2026-06-26T19:07:57,552.375,active,1,AF7+AF8,2199.5,178.25,93.582,265.09,247.6,-0.31096,-0.28328,0.2294,0.55136,0.55353,0.51491,Hard,
2026-06-26T19:07:58,553.381,active,1,AF7+AF8,288.45,63.021,57.801,252.7,256.06,-0.35466,-0.30427,0.1802,0.5567,0.56129,0.51236,Hard,
2026-06-26T19:07:59,554.386,active,1,AF7+AF8,687.68,94.019,86.701,281.46,227.13,-0.34362,-0.28644,0.28412,0.56519,0.57121,0.51002,Hard,
2026-06-26T19:08:00,555.392,active,1,AF7+AF8,1067.7,106.26,111.56,282.94,241.84,-0.34397,-0.27086,0.33224,0.57097,0.57872,0.50772,Hard,
2026-06-26T19:08:01,556.401,active,1,AF7+AF8,466.8,112.51,72.081,186.44,141.26,-0.34629,-0.29505,0.11764,0.56862,0.5762,0.50603,Hard,
2026-06-26T19:08:02,557.408,active,1,AF7+AF8,179.79,103.17,40.249,151.8,127.55,-0.34868,-0.31449,-0.11148,0.56343,0.57061,0.50479,Hard,
2026-06-26T19:08:03,558.413,active,1,AF7+AF8,579.53,176.49,93.675,162.06,115.28,-0.33496,-0.28201,-0.20948,0.5569,0.56402,0.50342,Hard,
2026-06-26T19:08:04,559.419,active,1,AF7+AF8,1229.3,192.95,76.612,121.2,68.194,-0.32639,-0.29242,-0.36875,0.54893,0.5557,0.5025,Hard,
2026-06-26T19:08:05,560.423,active,1,AF7+AF8,3086.1,487.9,102.25,132.17,110.23,-0.20883,-0.27866,-0.34571,0.54205,0.54697,0.50624,Hard,
2026-06-26T19:08:06,561.429,active,1,AF7+AF8,6856.7,863.48,156.57,235.9,266.44,-0.064636,-0.24704,0.11874,0.54418,0.54408,0.51617,Hard,
2026-06-26T19:08:07,562.430,active,1,AF7+AF8,1057,157.85,42.002,176.54,237.72,-0.31952,-0.31371,-0.01611,0.54333,0.54333,0.51414,Hard,
2026-06-26T19:08:08,563.443,active,1,AF7+AF8,40.733,76.622,31.384,187.68,336.08,-0.35172,-0.32012,-0.10826,0.54131,0.54178,0.51197,Hard,
2026-06-26T19:08:09,564.450,active,1,AF7+AF8,172.68,123.51,36.531,193.32,150.74,-0.34066,-0.31694,-0.052011,0.54032,0.54109,0.51018,Hard,
2026-06-26T19:08:10,565.452,active,1,AF7+AF8,461.34,154.58,60.53,126.99,158.21,-0.33438,-0.30211,-0.22962,0.53657,0.53773,0.50847,Hard,
2026-06-26T19:08:11,566.459,active,1,AF7+AF8,250.19,121.27,38.373,182.3,285.21,-0.34481,-0.31552,-0.037985,0.53634,0.53806,0.50702,Hard,
2026-06-26T19:08:12,567.465,active,1,AF7+AF8,120.22,75.059,24.026,236.44,293.33,-0.35506,-0.32427,0.084817,0.54511,0.54808,0.50571,Hard,
2026-06-26T19:08:13,568.471,active,1,AF7+AF8,144.29,52.892,32.842,205.74,165.17,-0.3585,-0.31906,-0.1085,0.54285,0.54606,0.50443,Hard,
2026-06-26T19:08:14,569.482,active,1,AF7+AF8,570.93,120.66,67.572,184.85,108.68,-0.34186,-0.29809,-0.24909,0.53844,0.54192,0.50325,Hard,
2026-06-26T19:08:15,570.486,active,1,AF7+AF8,778.42,150.52,70.172,158.53,89.622,-0.33137,-0.29681,-0.30614,0.53369,0.53727,0.50234,Hard,
2026-06-26T19:08:16,571.490,active,1,AF7+AF8,993.86,120.11,41.455,146.28,152.73,-0.33544,-0.31401,-0.21951,0.53107,0.53454,0.50174,Easy,
2026-06-26T19:08:17,572.494,active,1,AF7+AF8,2544.9,152.37,35.642,253.41,570.33,-0.32212,-0.31747,0.12324,0.54535,0.54708,0.50146,Easy,
2026-06-26T19:08:18,573.501,active,1,AF7+AF8,579.16,90.742,26.145,342.68,565.33,-0.34905,-0.32301,0.39878,0.57169,0.57427,0.50089,Easy,
2026-06-26T19:08:19,574.507,active,1,AF7+AF8,408.01,125.27,48.283,252.35,247.85,-0.34315,-0.30958,0.087009,0.56902,0.57179,0.50028,Easy,
2026-06-26T19:08:20,575.508,active,1,AF7+AF8,236.63,94.247,39.96,132.46,109.25,-0.35075,-0.31477,-0.28697,0.56115,0.56413,0.49971,Easy,
2026-06-26T19:08:21,576.514,active,1,AF7+AF8,359.84,95.406,42.003,132.95,126.1,-0.34964,-0.31355,-0.29434,0.5541,0.55726,0.4992,Easy,
2026-06-26T19:08:22,577.521,active,1,AF7+AF8,699.64,224.5,65.628,194.19,186.8,-0.32607,-0.2991,-0.18649,0.5493,0.55249,0.49889,Easy,
2026-06-26T19:08:23,578.529,active,1,AF7+AF8,274,126.43,40.279,194.74,246.55,-0.34576,-0.31482,-0.17726,0.54545,0.54871,0.49856,Easy,
2026-06-26T19:08:24,579.531,active,1,AF7+AF8,116.98,54.344,20.275,220.79,302.31,-0.36027,-0.32677,-0.035244,0.54436,0.54773,0.49823,Easy,
2026-06-26T19:08:25,580.533,active,1,AF7+AF8,49.375,26.395,15.926,213.22,251.02,-0.36535,-0.32932,-0.0089196,0.54383,0.54734,0.4979,Easy,
2026-06-26T19:08:26,581.540,active,1,AF7+AF8,33.675,36.764,20.829,191.78,165.71,-0.36076,-0.32643,-0.12939,0.54152,0.54512,0.49764,Easy,
2026-06-26T19:08:27,582.543,active,1,AF7+AF8,67.878,33.866,20.246,235.87,167.68,-0.36258,-0.32669,-0.013997,0.54122,0.54492,0.49739,Easy,
2026-06-26T19:08:28,583.551,active,1,AF7+AF8,58.441,29.017,20.926,238.64,172.13,-0.36424,-0.3262,0.032955,0.54335,0.54766,0.49713,Easy,
2026-06-26T19:08:29,584.557,active,1,AF7+AF8,174.88,92.839,31.854,180.09,116.09,-0.34718,-0.31979,-0.098695,0.54146,0.54566,0.49706,Easy,
2026-06-26T19:08:30,585.559,active,1,AF7+AF8,1983.4,396.42,161.49,193.71,101.97,-0.2664,-0.24225,-0.27913,0.53593,0.53999,0.49705,Easy,
2026-06-26T19:08:31,586.567,active,0,,,,,,,,,,,,,Easy,
2026-06-26T19:08:32,587.569,active,0,,,,,,,,,,,,,Easy,
2026-06-26T19:08:33,588.572,active,0,,,,,,,,,,,,,Easy,
2026-06-26T19:08:34,589.581,active,0,,,,,,,,,,,,,Easy,
2026-06-26T19:08:35,590.585,active,0,,,,,,,,,,,,,Easy,
2026-06-26T19:08:36,591.594,active,1,AF7+AF8,37927,11001,2075.7,1305.6,732.97,2.6563,0.89142,1.6956,0.57389,0.52106,0.62322,Easy,
2026-06-26T19:08:38,592.601,active,1,AF7+AF8,8874.1,2250.2,449.16,292.16,224.37,0.20672,-0.071416,0.043746,0.56675,0.51609,0.6126,Easy,
2026-06-26T19:08:39,593.604,active,1,AF7+AF8,198.9,49.067,28.559,125.3,123.63,-0.35469,-0.32216,-0.32799,0.55865,0.51456,0.5986,Easy,
2026-06-26T19:08:40,594.610,active,1,AF7+AF8,406.36,219.03,67.525,105.17,124.09,-0.29074,-0.29984,-0.41875,0.54983,0.51089,0.5869,Easy,
2026-06-26T19:08:41,595.613,active,1,AF7+AF8,1611.4,274.04,92.663,130.52,109.92,-0.27123,-0.28536,-0.39514,0.54221,0.50772,0.57669,Easy,
2026-06-26T19:08:42,596.622,active,1,AF7+AF8,2287.1,374.76,84.37,119.88,68.202,-0.23412,-0.28998,-0.45347,0.53469,0.50351,0.56832,Easy,
2026-06-26T19:08:43,597.630,active,1,AF7+AF8,928.12,291.92,63.106,92.386,66.316,-0.26413,-0.30226,-0.54046,0.52696,0.49895,0.5607,Easy,
2026-06-26T19:08:44,598.635,active,1,AF7+AF8,373.98,72.483,25.585,118.22,126.18,-0.34764,-0.32391,-0.49458,0.52116,0.49687,0.55306,Easy,
2026-06-26T19:08:45,599.642,active,1,AF7+AF8,116.88,48.808,11.822,103.47,108.44,-0.35723,-0.33179,-0.47436,0.51649,0.49549,0.54631,Easy,
2026-06-26T19:08:46,600.649,active,1,AF7+AF8,20.409,28.574,8.0219,99.453,76.349,-0.36208,-0.33404,-0.50467,0.51195,0.4939,0.54033,Easy,
2026-06-26T19:08:47,601.656,active,1,AF7+AF8,11.456,21.046,9.8135,93.254,71.495,-0.36447,-0.33309,-0.50505,0.50794,0.49252,0.53502,Easy,
2026-06-26T19:08:48,602.661,active,1,AF7+AF8,20.96,20.695,15.82,103.89,71.459,-0.36505,-0.32961,-0.42431,0.50557,0.49256,0.53029,Easy,
2026-06-26T19:08:49,603.666,active,1,AF7+AF8,83.181,25.199,18.182,116.63,84.529,-0.36322,-0.32812,-0.3721,0.50424,0.49636,0.52612,Easy,
2026-06-26T19:08:50,604.672,active,1,AF7+AF8,310.07,51.813,22.926,159.71,151.07,-0.35364,-0.32522,-0.28524,0.50469,0.50367,0.52256,Easy,
2026-06-26T19:08:51,605.677,active,1,AF7+AF8,147.74,46.292,23.144,158.42,141.11,-0.35793,-0.32502,-0.15895,0.51433,0.51638,0.51936,Easy,
2026-06-26T19:08:52,606.683,active,1,AF7+AF8,100.25,74.156,36.253,183.21,128.28,-0.3489,-0.31736,-0.12621,0.52006,0.52324,0.51657,Easy,
2026-06-26T19:08:53,607.685,active,1,AF7+AF8,111.23,67.303,27.914,162.81,131.55,-0.35252,-0.32224,-0.16487,0.52001,0.52336,0.51412,Easy,
2026-06-26T19:08:54,608.689,active,1,AF7+AF8,68.171,60.785,22.372,136.89,128.89,-0.35598,-0.32544,-0.20809,0.51937,0.52277,0.51197,Easy,
2026-06-26T19:08:55,609.695,active,1,AF7+AF8,55.722,52.733,16.17,121.35,98.469,-0.35505,-0.32922,-0.20784,0.51886,0.52225,0.51015,Easy,
2026-06-26T19:08:56,610.702,active,1,AF7+AF8,229.34,89.989,17.078,66.321,56.985,-0.33876,-0.32888,-0.49074,0.51417,0.5173,0.50878,Hard,
2026-06-26T19:08:57,611.706,active,1,AF7+AF8,1118.7,169.41,30.722,56.715,41.31,-0.30843,-0.32106,-0.62285,0.50795,0.51052,0.50792,Hard,
2026-06-26T19:08:58,612.709,active,1,AF7+AF8,429.41,70.403,19.147,50.321,56.259,-0.34541,-0.32773,-0.63275,0.50243,0.50495,0.5067,Hard,
2026-06-26T19:08:59,613.715,active,1,AF7+AF8,30.785,26.704,18.573,52.097,59.663,-0.36215,-0.32799,-0.59679,0.49812,0.50084,0.50538,Hard,
2026-06-26T19:09:00,614.718,active,1,AF7+AF8,51.316,58.539,17.986,73.784,48.567,-0.35261,-0.32819,-0.51822,0.49549,0.49826,0.50437,Hard,
2026-06-26T19:09:01,615.721,active,1,AF7+AF8,133.54,41.67,19.578,105.4,73.591,-0.35788,-0.32721,-0.38725,0.49513,0.49803,0.50339,Hard,
2026-06-26T19:09:02,616.737,active,1,AF7+AF8,144.66,32.881,21.311,123.27,78.58,-0.35974,-0.32628,-0.27612,0.50182,0.50548,0.50248,Hard,
2026-06-26T19:09:03,617.740,active,1,AF7+AF8,32.029,28.143,18.339,79.523,70.291,-0.36154,-0.3281,-0.4483,0.4998,0.50352,0.50168,Hard,
2026-06-26T19:09:04,618.772,active,1,AF7+AF8,47.84,29.45,17.967,66.277,74.154,-0.36179,-0.32827,-0.45167,0.49797,0.50175,0.50098,Hard,
2026-06-26T19:09:05,619.783,active,1,AF7+AF8,40.958,21.789,14.443,65.679,84.153,-0.36469,-0.33036,-0.48212,0.49594,0.49978,0.50034,Hard,
2026-06-26T19:09:06,620.785,active,1,AF7+AF8,900.18,717.76,158.96,106.4,77.411,-0.1129,-0.24673,-0.36568,0.49464,0.49602,0.51017,Hard,
2026-06-26T19:09:07,621.790,active,1,AF7+AF8,2902.8,1319.8,277.3,143.89,87.245,0.10657,-0.17833,-0.20553,0.49582,0.49183,0.5254,Hard,
2026-06-26T19:09:08,622.796,active,1,AF7+AF8,4721.3,2576.5,1191.1,1481.4,310.48,0.43819,0.35477,0.47644,0.50745,0.4996,0.5236,Hard,
2026-06-26T19:09:09,623.798,active,0,,,,,,,,,,,,,Hard,
2026-06-26T19:09:10,624.814,active,0,,,,,,,,,,,,,Hard,
2026-06-26T19:09:11,625.820,active,0,,,,,,,,,,,,,Hard,
2026-06-26T19:09:12,626.827,active,0,,,,,,,,,,,,,Hard,
2026-06-26T19:09:13,627.829,active,1,AF7,6134.2,7041.2,593.64,1365.7,657.56,2.1265,-0.098603,0.0079515,0.51097,0.47054,0.66101,Hard,
2026-06-26T19:09:14,628.835,active,1,AF7+AF8,306.79,150.7,64.087,376.47,363.06,-0.32308,-0.30078,0.45942,0.56073,0.54617,0.64135,Hard,
2026-06-26T19:09:15,629.840,active,1,AF7+AF8,174.4,148.71,46.11,242.04,279.4,-0.3236,-0.31158,0.10517,0.55967,0.5505,0.62421,Hard,
2026-06-26T19:09:16,630.844,active,1,AF7+AF8,305.45,396.84,46.482,182.61,306.18,-0.23007,-0.31152,-0.11339,0.55548,0.54619,0.61052,Hard,
2026-06-26T19:09:17,631.849,active,1,AF7+AF8,688.93,754.18,48.155,270.39,442.47,-0.098473,-0.31046,0.15203,0.55672,0.5444,0.60044,Hard,
2026-06-26T19:09:18,632.856,active,1,AF7+AF8,183.89,122.06,19.161,279.14,540.02,-0.32821,-0.32745,0.23594,0.56467,0.55979,0.58837,Hard,
2026-06-26T19:09:19,633.861,active,1,AF7+AF8,13.935,17.83,14.602,268.36,497.87,-0.36549,-0.3301,0.073655,0.56294,0.55918,0.57724,Hard,
2026-06-26T19:09:20,634.863,active,1,AF7+AF8,20.432,19.486,21.116,270.58,370.94,-0.36593,-0.32613,0.17065,0.5628,0.56367,0.56737,Hard,
2026-06-26T19:09:21,635.867,active,1,AF7+AF8,60.419,35.095,16.905,266.28,344.39,-0.3616,-0.32863,0.19627,0.56426,0.56704,0.55879,Hard,
2026-06-26T19:09:22,636.876,active,1,AF7+AF8,171.36,114.38,31.634,250.5,223.15,-0.34104,-0.31974,0.087415,0.56264,0.5654,0.55142,Hard,
2026-06-26T19:09:23,637.879,active,1,AF7+AF8,118.88,101,32.908,221.32,451.7,-0.34578,-0.31905,0.049974,0.56064,0.56347,0.54485,Hard,
2026-06-26T19:09:24,638.885,active,1,AF7+AF8,138.18,44.534,26.945,360.06,1245.8,-0.35882,-0.32251,0.59558,0.59193,0.59564,0.53892,Hard,
2026-06-26T19:09:25,639.894,active,1,AF7+AF8,164.78,105.4,41.744,444.34,713.07,-0.34292,-0.31355,1.2616,0.64916,0.65253,0.53381,Hard,
2026-06-26T19:09:26,640.898,active,1,AF7+AF8,175.27,125.2,56.59,452.19,392.94,-0.33702,-0.30469,1.345,0.67682,0.68022,0.52927,Hard,
2026-06-26T19:09:27,641.902,active,1,AF7+AF8,80.583,36.233,26.948,222.22,196.1,-0.36201,-0.32284,0.050939,0.66119,0.66476,0.52517,Hard,
2026-06-26T19:09:28,642.915,active,1,AF7+AF8,47.499,12.48,10.813,165.41,127.97,-0.36815,-0.33241,-0.10443,0.64526,0.64894,0.52161,Hard,
2026-06-26T19:09:29,643.921,active,1,AF7+AF8,51.039,13.347,12.737,183.4,173.35,-0.36728,-0.33132,-0.086247,0.6315,0.63528,0.51848,Hard,
2026-06-26T19:09:30,644.930,active,1,AF7+AF8,50.808,28.84,32.478,238.46,376.48,-0.36221,-0.3195,0.070284,0.62155,0.62551,0.51562,Hard,
2026-06-26T19:09:31,645.934,active,1,AF7+AF8,81.895,73.552,40.05,318.41,320.66,-0.35174,-0.31488,0.49711,0.61898,0.62299,0.51319,Hard,
2026-06-26T19:09:32,646.938,active,1,AF7+AF8,66.286,100.08,33.765,323.84,277.94,-0.34459,-0.3188,0.48943,0.61666,0.62056,0.51122,Hard,
2026-06-26T19:09:33,647.942,active,1,AF7+AF8,70.128,80.045,17.197,285.44,321.46,-0.34599,-0.32866,0.26526,0.61151,0.61519,0.50962,Hard,
2026-06-26T19:09:34,648.947,active,1,AF7+AF8,61.359,44.412,22.485,339,352.49,-0.35751,-0.32545,0.62446,0.61454,0.61828,0.50798,Hard,
2026-06-26T19:09:35,649.955,active,1,AF7+AF8,63.881,37.756,30.524,299.01,298.04,-0.35988,-0.32038,0.47916,0.61263,0.61649,0.50643,Hard,
2026-06-26T19:09:36,650.964,active,1,AF7+AF8,105.32,38.843,27.754,276.92,867.77,-0.36021,-0.322,0.42475,0.61019,0.61414,0.50509,Hard,
2026-06-26T19:09:37,651.970,active,1,AF7+AF8,72.507,30.796,20.088,343.53,986.5,-0.3625,-0.32681,0.59583,0.61207,0.61619,0.50394,Hard,
2026-06-26T19:09:38,652.974,active,1,AF7+AF8,46.068,32.998,17.457,400.19,506.79,-0.36105,-0.32852,0.7608,0.62457,0.62847,0.50298,Hard,
2026-06-26T19:09:39,653.977,active,1,AF7+AF8,186.77,46.9,19.447,275.82,293.64,-0.35629,-0.32738,0.37689,0.62008,0.62393,0.50219,Hard,
2026-06-26T19:09:40,654.980,active,1,AF7+AF8,12677,2483.8,390.61,420.17,794.09,0.2091,-0.1063,0.88245,0.62071,0.61907,0.52448,Hard,
2026-06-26T19:09:41,655.987,active,1,AF7+AF8,30756,7154.2,876.71,863.93,1876.7,1.2386,0.18697,2.366,0.69726,0.63002,0.5869,Hard,
2026-06-26T19:09:42,656.992,active,1,AF7+AF8,20587,2023.1,254.78,400.44,955.51,0.16208,-0.18706,0.43778,0.68289,0.61854,0.58169,Hard,
2026-06-26T19:09:43,657.998,active,1,AF7+AF8,16115,612.75,91.038,337.74,1351.8,-0.16873,-0.28557,0.2555,0.66901,0.61066,0.57364,Hard,
2026-06-26T19:09:44,659.001,active,1,AF7+AF8,6710.2,775.98,156.94,286.39,603.79,-0.12331,-0.24712,0.1898,0.65525,0.60207,0.56666,Hard,
2026-06-26T19:09:45,660.007,active,1,AF7+AF8,5717,1666.6,366.73,188.91,167.31,0.22744,-0.12686,-0.29772,0.63406,0.58198,0.56396,Hard,
2026-06-26T19:09:46,661.011,active,1,AF7+AF8,5778.8,6103,7216.9,1522.1,877.91,1.7136,3.8267,0.86555,0.58022,0.55961,0.52724,Hard,
2026-06-26T19:09:47,662.014,active,0,,,,,,,,,,,,,Hard,
2026-06-26T19:09:48,663.020,active,0,,,,,,,,,,,,,Hard,
2026-06-26T19:09:49,664.025,active,0,,,,,,,,,,,,,Hard,
2026-06-26T19:09:50,665.030,active,0,,,,,,,,,,,,,Hard,
2026-06-26T19:09:51,666.034,active,0,,,,,,,,,,,,,Hard,
2026-06-26T19:09:52,667.035,active,0,,,,,,,,,,,,,Hard,
2026-06-26T19:09:53,668.039,active,0,,,,,,,,,,,,,Hard,
2026-06-26T19:09:54,669.042,active,1,AF8,2024.6,1242.5,334.56,485.06,488.13,-0.0049124,-0.030735,2.0958,0.67807,0.66835,0.52436,Hard,
2026-06-26T19:09:55,670.046,active,1,AF8,85.98,67.397,30.793,247.3,307.06,-0.22308,-0.21837,0.68842,0.67008,0.66159,0.52137,Hard,
2026-06-26T19:09:56,671.049,active,1,AF8,78.975,42.813,9.8846,197,276.94,-0.22764,-0.23128,0.39074,0.65893,0.6514,0.51886,Hard,
2026-06-26T19:09:57,672.054,active,1,AF8,331.15,165.63,19.297,146.82,199.79,-0.20484,-0.22547,0.093707,0.64463,0.6377,0.5169,Hard,
2026-06-26T19:09:58,673.059,active,1,AF8,371.87,205.29,42.134,189.46,255.23,-0.19748,-0.21136,0.34607,0.63558,0.62928,0.51508,Hard,
2026-06-26T19:09:59,674.062,active,1,AF8,76.055,36.057,23.055,160.13,183.81,-0.2289,-0.22315,0.17247,0.62523,0.61977,0.51319,Hard,
2026-06-26T19:10:00,675.067,active,1,AF8,31.284,25.586,14.82,97.292,92.433,-0.23084,-0.22823,-0.19948,0.61063,0.60587,0.51157,Hard,
2026-06-26T19:10:01,676.070,active,1,AF8,29.453,40.883,13.726,122.23,100.83,-0.228,-0.22891,-0.051866,0.60001,0.5958,0.51019,Hard,
2026-06-26T19:10:02,677.079,active,1,AF8,19.033,15.702,11.367,173.04,115.38,-0.23268,-0.23037,0.24891,0.59516,0.5915,0.50893,Hard,
2026-06-26T19:10:03,678.088,active,1,AF8,110.37,43.812,19.411,101.85,71.195,-0.22746,-0.2254,-0.17252,0.58454,0.58134,0.50783,Hard,
2026-06-26T19:10:04,679.092,active,1,AF8,335.73,111.29,32.034,86.671,153.33,-0.21493,-0.2176,-0.26235,0.57372,0.57087,0.50693,Hard,
2026-06-26T19:10:05,680.098,active,1,AF8,189.11,75.199,28.658,113.12,139.47,-0.22163,-0.21968,-0.10581,0.56658,0.5641,0.50607,Hard,
2026-06-26T19:10:06,681.104,active,1,AF8,90.117,54.763,32.689,116.26,104.38,-0.22542,-0.2172,-0.087231,0.56054,0.55848,0.50522,Hard,
2026-06-26T19:10:07,682.108,active,1,AF8,65.944,32.326,23.897,185.8,106.65,-0.22959,-0.22263,0.32444,0.56499,0.56468,0.50449,Hard,
2026-06-26T19:10:08,683.114,active,1,AF8,55.584,29.054,16.689,180.06,88.327,-0.2302,-0.22708,0.29046,0.56491,0.5647,0.5039,Hard,
2026-06-26T19:10:09,684.121,active,1,AF8,21.137,10.919,12.001,110.23,85.102,-0.23357,-0.22997,-0.12292,0.55873,0.5586,0.50338,Hard,
2026-06-26T19:10:10,685.125,active,1,AF8,71.509,21.837,17.917,105.33,103.78,-0.23154,-0.22632,-0.15192,0.5528,0.55276,0.5029,Hard,
2026-06-26T19:10:11,686.129,active,1,AF8,89.321,28.707,22.694,229.84,197.2,-0.23026,-0.22337,0.58512,0.58094,0.58142,0.50245,Hard,
2026-06-26T19:10:12,687.134,active,1,AF8,60.496,32.082,19.898,209.94,139.43,-0.22964,-0.2251,0.46732,0.5838,0.58432,0.50208,Hard,
2026-06-26T19:10:13,688.138,active,1,AF8,43.312,42.493,20.53,142.81,124.3,-0.2277,-0.22471,0.069945,0.57815,0.57866,0.50179,Hard,
2026-06-26T19:10:14,689.144,active,1,AF8,43.029,81.388,23.819,108.29,114.23,-0.22048,-0.22267,-0.13439,0.5701,0.57051,0.50161,Hard,
2026-06-26T19:10:15,690.149,active,1,AF8,373.64,155.59,35.607,210.35,173.35,-0.2067,-0.21539,0.46976,0.57893,0.57846,0.50154,Hard,
2026-06-26T19:10:16,691.155,active,1,AF8,555.17,179.36,50.246,362.81,516.18,-0.20229,-0.20635,1.3722,0.64418,0.64373,0.50142,Hard,
2026-06-26T19:10:17,692.162,active,1,AF8,125.82,39.311,25.928,246.84,306.22,-0.22829,-0.22137,0.68574,0.64025,0.63996,0.50115,Hard,
2026-06-26T19:10:18,693.164,active,1,AF8,46.256,20.302,13.929,107.66,71.185,-0.23182,-0.22878,-0.13812,0.62478,0.62457,0.50096,Hard,
2026-06-26T19:10:19,694.169,active,1,AF8,51.278,49.681,25.923,125.04,132.01,-0.22637,-0.22137,-0.035241,0.6126,0.61248,0.50077,Hard,
2026-06-26T19:10:20,695.170,active,1,AF8,87.825,99.703,45.212,384.45,817.13,-0.21708,-0.20946,1.5003,0.66599,0.66643,0.50057,Hard,
2026-06-26T19:10:21,696.179,active,1,AF8,46.254,51.895,28.007,402.5,788.64,-0.22596,-0.22009,1.6071,0.69464,0.69517,0.50041,Hard,
2026-06-26T19:10:22,697.186,active,1,AF8,35.871,27.656,15.21,254.07,279.52,-0.23046,-0.22799,0.72852,0.68536,0.68587,0.50032,Hard,
2026-06-26T19:10:23,698.191,active,1,AF8,43.265,23.681,11.699,169.73,134.99,-0.2312,-0.23016,0.2293,0.66998,0.67044,0.50027,Hard,
2026-06-26T19:10:24,699.194,active,1,AF8,22.659,13.811,10.736,121.47,172.09,-0.23303,-0.23075,-0.056352,0.6522,0.65264,0.5002,Hard,
2026-06-26T19:10:25,700.199,active,1,AF8,37.605,17.059,14.386,135.08,137.73,-0.23243,-0.2285,0.024174,0.63772,0.63816,0.50012,Hard,
2026-06-26T19:10:26,701.205,active,1,AF8,228.13,57.486,21.407,130.06,143.08,-0.22492,-0.22416,-0.0055174,0.62447,0.62487,0.50009,Hard,
2026-06-26T19:10:27,702.210,active,1,AF8,187.42,56.497,15.596,95.782,78.029,-0.2251,-0.22775,-0.20842,0.60982,0.61014,0.50024,Hard,
2026-06-26T19:10:28,703.216,active,1,AF8,146.69,41.78,22.907,106.12,97.516,-0.22784,-0.22324,-0.14723,0.59778,0.59813,0.50014,Hard,
2026-06-26T19:10:29,704.221,active,1,AF8,118.35,38.423,39.859,135.86,182.34,-0.22846,-0.21277,0.028782,0.58967,0.59021,0.49989,Hard,
2026-06-26T19:10:30,705.227,active,1,AF8,23.829,15.735,15.307,170.06,240.93,-0.23267,-0.22793,0.23128,0.58577,0.58631,0.49983,Hard,
2026-06-26T19:10:31,706.229,active,1,AF8,18.724,19.038,8.9799,176.74,200.37,-0.23206,-0.23184,0.2708,0.58297,0.58346,0.49992,Hard,
2026-06-26T19:10:32,707.235,active,1,AF8,43.702,35.122,14.082,146.86,167.53,-0.22907,-0.22869,0.093949,0.57785,0.57828,0.49994,Hard,
2026-06-26T19:10:33,708.241,active,1,AF8,60.018,55.896,27.728,183.68,315.92,-0.22521,-0.22026,0.31185,0.57644,0.57689,0.49987,Hard,
2026-06-26T19:10:34,709.247,active,1,AF8,63.43,39.97,19.188,191.42,311.31,-0.22817,-0.22553,0.35766,0.57595,0.57639,0.49985,Hard,
2026-06-26T19:10:35,710.252,active,1,AF8,115.35,49.135,13.733,155.75,187.42,-0.22647,-0.2289,0.14655,0.57245,0.5728,0.50012,Hard,
2026-06-26T19:10:36,711.257,active,1,AF8,74.035,35.081,20.921,129.82,144.44,-0.22908,-0.22446,-0.0069156,0.56702,0.56739,0.50004,Hard,
2026-06-26T19:10:37,712.263,active,1,AF8,77.469,14.003,29.749,148.88,132.47,-0.23299,-0.21901,0.10586,0.56384,0.56438,0.49982,Hard,
2026-06-26T19:10:38,713.268,active,1,AF8,74.577,22.529,42.586,149.82,122.93,-0.23141,-0.21108,0.11142,0.56101,0.56178,0.49954,Hard,
2026-06-26T19:10:39,714.273,active,1,AF8,38.787,23.378,27.363,117.87,87.235,-0.23125,-0.22048,-0.077694,0.55583,0.55667,0.49943,Hard,
2026-06-26T19:10:40,715.278,active,1,AF8,143.8,32.405,21.933,123.41,98.625,-0.22958,-0.22384,-0.044864,0.55181,0.55264,0.49942,Hard,
2026-06-26T19:10:41,716.287,active,1,AF8,407.84,32.492,29.481,242.39,275.88,-0.22956,-0.21918,0.65938,0.58558,0.58665,0.49933,Hard,
2026-06-26T19:10:42,717.292,active,1,AF8,326.3,53.268,53.229,418.27,763.38,-0.2257,-0.20451,1.7005,0.6672,0.6689,0.49909,Hard,
2026-06-26T19:10:43,718.298,active,1,AF8,201.5,63.598,52.948,374.66,749.5,-0.22378,-0.20468,1.4423,0.68387,0.68576,0.49891,Hard,
2026-06-26T19:10:44,719.302,active,1,AF8,436.63,86.628,28.448,333.78,387.11,-0.21951,-0.21981,1.2004,0.68225,0.68392,0.49959,Hard,
2026-06-26T19:10:45,720.303,active,1,AF8,317.26,101.1,22.084,253.47,154.59,-0.21682,-0.22375,0.725,0.67435,0.67572,0.50035,Hard,
2026-06-26T19:10:46,721.305,active,1,AF8,480.16,152.12,25.543,196.94,153.45,-0.20735,-0.22161,0.39039,0.66254,0.66353,0.50121,Hard,
2026-06-26T19:10:47,722.310,active,1,AF8,358.91,127.71,33.973,254.22,306.57,-0.21188,-0.2164,0.72943,0.65696,0.65777,0.50113,Hard,
2026-06-26T19:10:48,723.314,active,1,AF8,297.28,107.41,30.686,328.96,617.26,-0.21565,-0.21843,1.1718,0.66305,0.66319,0.50104,Hard,
2026-06-26T19:10:49,724.320,active,1,AF8,218.04,177.7,37.244,296.67,398.42,-0.2026,-0.21438,0.98066,0.66089,0.66085,0.5013,Hard,
2026-06-26T19:10:50,725.327,active,1,AF8,328.62,159.54,69.35,269.17,406.1,-0.20597,-0.19455,0.81788,0.65646,0.65658,0.50097,Hard,
2026-06-26T19:10:51,726.335,active,1,AF8,352.68,146,50.312,361.87,517.25,-0.20849,-0.20631,1.3666,0.67482,0.67501,0.50082,Hard,
2026-06-26T19:10:52,727.339,active,1,AF8,134.76,47.159,22.291,444.93,422.01,-0.22684,-0.22362,1.8583,0.71335,0.71361,0.50068,Hard,
2026-06-26T19:10:53,728.344,active,1,AF8,16.06,9.4485,24.771,330.73,258.86,-0.23384,-0.22209,1.1823,0.70799,0.70838,0.50042,Hard,
2026-06-26T19:10:54,729.352,active,1,AF8,16.369,7.6844,14.52,218.36,193.03,-0.23417,-0.22842,0.51714,0.69409,0.69451,0.50028,Hard,solved:267.5
2026-06-26T19:10:55,730.356,active,1,AF8,151.72,34.353,19.607,197.4,249.78,-0.22921,-0.22528,0.3931,0.68,0.68043,0.50019,Hard,
2026-06-26T19:10:56,731.361,active,1,AF8,283.77,69.162,33.374,312.18,358.72,-0.22275,-0.21677,1.0725,0.67709,0.67755,0.50008,Hard,
2026-06-26T19:10:57,732.363,active,1,AF8,231.79,158.29,60.636,236.83,129.75,-0.2062,-0.19993,0.62647,0.66807,0.66856,0.49997,Hard,
2026-06-26T19:10:58,733.370,active,1,AF8,191.59,157.25,57.244,199.06,112.4,-0.2064,-0.20203,0.40293,0.6569,0.6574,0.49991,Hard,
2026-06-26T19:10:59,734.376,active,0,,,,,,,,,,,,,Hard,
2026-06-26T19:11:00,735.379,active,0,,,,,,,,,,,,,Hard,
2026-06-26T19:11:01,736.382,active,0,,,,,,,,,,,,,Hard,
2026-06-26T19:11:02,737.388,active,0,,,,,,,,,,,,,Hard,
2026-06-26T19:11:03,738.396,active,0,,,,,,,,,,,,,Hard,
2026-06-26T19:11:04,739.399,active,0,,,,,,,,,,,,,Hard,
2026-06-26T19:11:05,740.404,active,0,,,,,,,,,,,,,Hard,
2026-06-26T19:11:06,741.409,active,0,,,,,,,,,,,,,Hard,
2026-06-26T19:11:07,742.411,active,0,,,,,,,,,,,,,Hard,
2026-06-26T19:11:08,743.416,active,0,,,,,,,,,,,,,Hard,
2026-06-26T19:11:09,744.421,active,0,,,,,,,,,,,,,Hard,
2026-06-26T19:11:10,745.430,active,0,,1181.4,1377.2,2087.3,6911.5,3746.2,,,,,,,Hard,
2026-06-26T19:11:11,746.435,active,0,,1486.5,2089.3,2356.8,6073,4581.7,,,,,,,Hard,
2026-06-26T19:11:12,747.439,active,0,,776.83,1516.1,2469.3,7467.3,4940.2,,,,,,,Hard,
2026-06-26T19:11:13,748.442,active,0,,,,,,,,,,,,,Hard,
2026-06-26T19:11:14,749.445,active,0,,,,,,,,,,,,,Hard,
2026-06-26T19:11:15,750.450,active,0,,,,,,,,,,,,,Hard,
2026-06-26T19:11:16,751.451,active,0,,,,,,,,,,,,,Hard,
2026-06-26T19:11:17,752.456,active,0,,,,,,,,,,,,,Hard,
2026-06-26T19:11:18,753.459,active,0,,,,,,,,,,,,,Hard,
2026-06-26T19:11:19,754.461,active,0,,,,,,,,,,,,,Hard,
2026-06-26T19:11:20,755.464,active,0,,850.2,2351.9,2101.9,9252.7,5401,,,,,,,Hard,
2026-06-26T19:11:21,756.469,active,0,,1184.9,2771,3671.2,10112,4688.5,,,,,,,Hard,
2026-06-26T19:11:22,757.472,active,0,,1320.9,3447.8,3591.9,7305.8,5595.9,,,,,,,Hard,
2026-06-26T19:11:23,758.477,active,0,,1466.4,2538.3,2996.1,6730.7,6797,,,,,,,Hard,
2026-06-26T19:11:24,759.482,active,0,,,,,,,,,,,,,Hard,
2026-06-26T19:11:25,760.486,active,0,,,,,,,,,,,,,Hard,
2026-06-26T19:11:26,761.492,active,0,,,,,,,,,,,,,Hard,
2026-06-26T19:11:27,762.498,active,0,,,,,,,,,,,,,Hard,
2026-06-26T19:11:28,763.504,active,0,,,,,,,,,,,,,Hard,
2026-06-26T19:11:29,764.508,active,0,,,,,,,,,,,,,Hard,
2026-06-26T19:11:30,765.513,active,0,,,,,,,,,,,,,Hard,
2026-06-26T19:11:31,766.515,active,0,,,,,,,,,,,,,Hard,
2026-06-26T19:11:32,767.522,active,0,,,,,,,,,,,,,Hard,
2026-06-26T19:11:33,768.526,active,0,,,,,,,,,,,,,Hard,
2026-06-26T19:11:34,769.534,active,0,,,,,,,,,,,,,Hard,
2026-06-26T19:11:35,770.538,active,0,,,,,,,,,,,,,Hard,
2026-06-26T19:11:36,771.544,active,0,,,,,,,,,,,,,Hard,
2026-06-26T19:11:37,772.546,active,0,,,,,,,,,,,,,Hard,
2026-06-26T19:11:38,773.546,active,0,,,,,,,,,,,,,Hard,
2026-06-26T19:11:39,774.552,active,0,,,,,,,,,,,,,Hard,
2026-06-26T19:11:40,775.558,active,0,,,,,,,,,,,,,Hard,
2026-06-26T19:11:41,776.566,active,0,,,,,,,,,,,,,Hard,
2026-06-26T19:11:42,777.569,active,0,,,,,,,,,,,,,Hard,
2026-06-26T19:11:43,778.577,active,0,,,,,,,,,,,,,Hard,
2026-06-26T19:11:44,779.585,active,0,,,,,,,,,,,,,Hard,
2026-06-26T19:11:45,780.588,active,0,,,,,,,,,,,,,Hard,
2026-06-26T19:11:46,781.594,active,0,,,,,,,,,,,,,Hard,
2026-06-26T19:11:48,782.602,active,0,,,,,,,,,,,,,Hard,
2026-06-26T19:11:49,783.610,active,0,,,,,,,,,,,,,Hard,
2026-06-26T19:11:50,784.614,active,0,,,,,,,,,,,,,Hard,
2026-06-26T19:11:51,785.623,active,0,,,,,,,,,,,,,Hard,
2026-06-26T19:11:52,786.627,active,0,,,,,,,,,,,,,Hard,
2026-06-26T19:11:53,787.635,active,0,,,,,,,,,,,,,Hard,
2026-06-26T19:11:54,788.640,active,0,,,,,,,,,,,,,Hard,
2026-06-26T19:11:55,789.645,active,0,,,,,,,,,,,,,Hard,
2026-06-26T19:11:56,790.647,active,0,,,,,,,,,,,,,Hard,
2026-06-26T19:11:57,791.650,active,0,,,,,,,,,,,,,Hard,
2026-06-26T19:11:58,792.656,active,0,,,,,,,,,,,,,Hard,
2026-06-26T19:11:59,793.660,active,0,,,,,,,,,,,,,Hard,
2026-06-26T19:12:00,794.663,active,0,,,,,,,,,,,,,Hard,
2026-06-26T19:12:01,795.668,active,0,,,,,,,,,,,,,Hard,
2026-06-26T19:12:02,796.674,active,0,,,,,,,,,,,,,Hard,
2026-06-26T19:12:03,797.679,active,0,,,,,,,,,,,,,Hard,
2026-06-26T19:12:04,798.681,active,0,,,,,,,,,,,,,Hard,
2026-06-26T19:12:05,799.687,active,0,,,,,,,,,,,,,Hard,
2026-06-26T19:12:06,800.693,active,0,,,,,,,,,,,,,Hard,
2026-06-26T19:12:07,801.700,active,0,,,,,,,,,,,,,Hard,
2026-06-26T19:12:08,802.705,active,0,,,,,,,,,,,,,Hard,
2026-06-26T19:12:09,803.712,active,0,,,,,,,,,,,,,Hard,
2026-06-26T19:12:10,804.717,active,0,,,,,,,,,,,,,Hard,
2026-06-26T19:12:11,805.723,active,0,,,,,,,,,,,,,Hard,
2026-06-26T19:12:12,806.735,active,0,,,,,,,,,,,,,Hard,
2026-06-26T19:12:13,807.738,active,0,,,,,,,,,,,,,Hard,
2026-06-26T19:12:14,808.744,active,0,,,,,,,,,,,,,Hard,
2026-06-26T19:12:15,809.752,active,0,,,,,,,,,,,,,Hard,
2026-06-26T19:12:16,810.757,active,0,,,,,,,,,,,,,Hard,
2026-06-26T19:12:17,811.759,active,0,,,,,,,,,,,,,Hard,
2026-06-26T19:12:18,812.764,active,0,,,,,,,,,,,,,Hard,
2026-06-26T19:12:19,813.766,active,0,,,,,,,,,,,,,Hard,
2026-06-26T19:12:20,814.773,active,0,,,,,,,,,,,,,Hard,
2026-06-26T19:12:21,815.781,active,0,,,,,,,,,,,,,Hard,
2026-06-26T19:12:22,816.785,active,0,,,,,,,,,,,,,Hard,
2026-06-26T19:12:23,817.789,active,0,,,,,,,,,,,,,Hard,
2026-06-26T19:12:24,818.795,active,0,,,,,,,,,,,,,Hard,
2026-06-26T19:12:25,819.800,active,0,,,,,,,,,,,,,Hard,
2026-06-26T19:12:26,820.806,active,0,,,,,,,,,,,,,Hard,
2026-06-26T19:12:27,821.812,active,0,,,,,,,,,,,,,Hard,
2026-06-26T19:12:28,822.819,active,0,,,,,,,,,,,,,Hard,
2026-06-26T19:12:29,823.824,active,0,,,,,,,,,,,,,Hard,
2026-06-26T19:12:30,824.838,active,0,,,,,,,,,,,,,Hard,
2026-06-26T19:12:31,825.843,active,0,,,,,,,,,,,,,Hard,
2026-06-26T19:12:32,826.849,active,0,,,,,,,,,,,,,Hard,
2026-06-26T19:12:33,827.854,active,0,,,,,,,,,,,,,Hard,
2026-06-26T19:12:34,828.858,active,0,,,,,,,,,,,,,Hard,
2026-06-26T19:12:35,829.859,active,0,,,,,,,,,,,,,Hard,
2026-06-26T19:12:36,830.866,active,0,,,,,,,,,,,,,Hard,
2026-06-26T19:12:37,831.874,active,0,,,,,,,,,,,,,Hard,
2026-06-26T19:12:38,832.881,active,0,,,,,,,,,,,,,Hard,
2026-06-26T19:12:39,833.889,active,0,,,,,,,,,,,,,Hard,
2026-06-26T19:12:40,834.896,active,0,,,,,,,,,,,,,Hard,
2026-06-26T19:12:41,835.898,active,0,,,,,,,,,,,,,Hard,
2026-06-26T19:12:42,836.903,active,0,,,,,,,,,,,,,Hard,
2026-06-26T19:12:43,837.909,active,0,,,,,,,,,,,,,Hard,
2026-06-26T19:12:44,838.913,active,0,,,,,,,,,,,,,Hard,
2026-06-26T19:12:45,839.920,active,0,,,,,,,,,,,,,Hard,
2026-06-26T19:12:46,840.925,active,0,,,,,,,,,,,,,Hard,
2026-06-26T19:12:47,841.932,active,0,,,,,,,,,,,,,Hard,
2026-06-26T19:12:48,842.935,active,0,,,,,,,,,,,,,Hard,
2026-06-26T19:12:49,843.937,active,0,,,,,,,,,,,,,Hard,
2026-06-26T19:12:50,844.939,active,0,,,,,,,,,,,,,Hard,
2026-06-26T19:12:51,845.945,active,0,,,,,,,,,,,,,Hard,
2026-06-26T19:12:52,846.945,active,0,,,,,,,,,,,,,Hard,
2026-06-26T19:12:53,847.951,active,0,,,,,,,,,,,,,Hard,
2026-06-26T19:12:54,848.957,active,0,,,,,,,,,,,,,Hard,
2026-06-26T19:12:55,849.963,active,0,,,,,,,,,,,,,Hard,
2026-06-26T19:12:56,850.966,active,0,,,,,,,,,,,,,Hard,
2026-06-26T19:12:57,851.971,active,0,,,,,,,,,,,,,Hard,
2026-06-26T19:12:58,852.975,active,0,,,,,,,,,,,,,Hard,
2026-06-26T19:12:59,853.982,active,0,,,,,,,,,,,,,Hard,
2026-06-26T19:13:00,854.988,active,0,,,,,,,,,,,,,Hard,
2026-06-26T19:13:01,855.994,active,0,,,,,,,,,,,,,Hard,
2026-06-26T19:13:02,856.999,active,0,,,,,,,,,,,,,Hard,
2026-06-26T19:13:03,858.004,active,0,,,,,,,,,,,,,Hard,
2026-06-26T19:13:04,859.007,active,0,,,,,,,,,,,,,Hard,
2026-06-26T19:13:05,860.012,active,0,,,,,,,,,,,,,Hard,
2026-06-26T19:13:06,861.017,active,0,,,,,,,,,,,,,Hard,
2026-06-26T19:13:07,862.019,active,0,,,,,,,,,,,,,Hard,
2026-06-26T19:13:08,863.025,active,0,,,,,,,,,,,,,Hard,
2026-06-26T19:13:09,864.031,active,0,,,,,,,,,,,,,Hard,
2026-06-26T19:13:10,865.037,active,0,,,,,,,,,,,,,Hard,
2026-06-26T19:13:11,866.044,active,0,,,,,,,,,,,,,Hard,
2026-06-26T19:13:12,867.050,active,0,,,,,,,,,,,,,Hard,
2026-06-26T19:13:13,868.054,active,0,,,,,,,,,,,,,Hard,
2026-06-26T19:13:14,869.056,active,0,,,,,,,,,,,,,Hard,
2026-06-26T19:13:15,870.058,active,0,,,,,,,,,,,,,Hard,
2026-06-26T19:13:16,871.064,active,0,,,,,,,,,,,,,Hard,
2026-06-26T19:13:17,872.071,active,0,,,,,,,,,,,,,Hard,
2026-06-26T19:13:18,873.075,active,0,,,,,,,,,,,,,Hard,
2026-06-26T19:13:19,874.079,active,0,,,,,,,,,,,,,Hard,
2026-06-26T19:13:20,875.085,active,0,,,,,,,,,,,,,Hard,
2026-06-26T19:13:21,876.090,active,0,,,,,,,,,,,,,Hard,
2026-06-26T19:13:22,877.095,active,0,,,,,,,,,,,,,Hard,
2026-06-26T19:13:23,878.097,active,0,,,,,,,,,,,,,Hard,
2026-06-26T19:13:24,879.099,active,0,,,,,,,,,,,,,Hard,
2026-06-26T19:13:25,880.103,active,0,,,,,,,,,,,,,Hard,
2026-06-26T19:13:26,881.106,active,0,,,,,,,,,,,,,Hard,
2026-06-26T19:13:27,882.108,active,0,,,,,,,,,,,,,Hard,
2026-06-26T19:13:28,883.114,active,0,,,,,,,,,,,,,Hard,
2026-06-26T19:13:29,884.118,active,0,,,,,,,,,,,,,Hard,
2026-06-26T19:13:30,885.123,active,0,,,,,,,,,,,,,Hard,
2026-06-26T19:13:31,886.128,active,0,,,,,,,,,,,,,Hard,
2026-06-26T19:13:32,887.134,active,0,,,,,,,,,,,,,Hard,
2026-06-26T19:13:33,888.144,active,0,,,,,,,,,,,,,Hard,
2026-06-26T19:13:34,889.147,active,0,,,,,,,,,,,,,Hard,
2026-06-26T19:13:35,890.153,active,0,,,,,,,,,,,,,Hard,
2026-06-26T19:13:36,891.161,active,0,,,,,,,,,,,,,Hard,
2026-06-26T19:13:37,892.164,active,0,,,,,,,,,,,,,Hard,
2026-06-26T19:13:38,893.170,active,0,,,,,,,,,,,,,Hard,
2026-06-26T19:13:39,894.174,active,0,,,,,,,,,,,,,Hard,
2026-06-26T19:13:40,895.178,active,0,,,,,,,,,,,,,Hard,
2026-06-26T19:13:41,896.185,active,0,,,,,,,,,,,,,Hard,
2026-06-26T19:13:42,897.194,active,0,,,,,,,,,,,,,Hard,
2026-06-26T19:13:43,898.196,active,0,,,,,,,,,,,,,Hard,
2026-06-26T19:13:44,899.204,active,0,,,,,,,,,,,,,Hard,
2026-06-26T19:13:45,900.212,active,0,,,,,,,,,,,,,Hard,
2026-06-26T19:13:46,901.218,active,0,,,,,,,,,,,,,Hard,
2026-06-26T19:13:47,902.223,active,0,,,,,,,,,,,,,Hard,
2026-06-26T19:13:48,903.228,active,0,,,,,,,,,,,,,Hard,
2026-06-26T19:13:49,904.235,active,0,,,,,,,,,,,,,Hard,
2026-06-26T19:13:50,905.237,active,1,AF7,2537.7,868.38,872.78,2375.7,6214.1,-0.18229,0.062068,0.44258,0.64377,0.64781,0.49626,Hard,
2026-06-26T19:13:51,906.243,active,0,,,,,,,,,,,,,Hard,
2026-06-26T19:13:52,907.251,active,0,,,,,,,,,,,,,Hard,
2026-06-26T19:13:53,908.258,active,0,,,,,,,,,,,,,Hard,
2026-06-26T19:13:54,909.265,active,0,,,,,,,,,,,,,Hard,
2026-06-26T19:13:55,910.267,active,0,,,,,,,,,,,,,Hard,
2026-06-26T19:13:56,911.271,active,0,,,,,,,,,,,,,Hard,
2026-06-26T19:13:57,912.273,active,0,,,,,,,,,,,,,Hard,
2026-06-26T19:13:58,913.275,active,0,,,,,,,,,,,,,Hard,
2026-06-26T19:13:59,914.281,active,0,,,,,,,,,,,,,Hard,
2026-06-26T19:14:00,915.294,active,0,,,,,,,,,,,,,Hard,
2026-06-26T19:14:01,916.296,active,0,,,,,,,,,,,,,Hard,
2026-06-26T19:14:02,917.301,active,0,,,,,,,,,,,,,Hard,
2026-06-26T19:14:03,918.306,active,0,,,,,,,,,,,,,Hard,
2026-06-26T19:14:04,919.312,active,0,,,,,,,,,,,,,Hard,
2026-06-26T19:14:05,920.314,active,0,,,,,,,,,,,,,Hard,
2026-06-26T19:14:06,921.319,active,0,,,,,,,,,,,,,Hard,
2026-06-26T19:14:07,922.321,active,0,,,,,,,,,,,,,Hard,
2026-06-26T19:14:08,923.327,active,0,,,,,,,,,,,,,Hard,
2026-06-26T19:14:09,924.332,active,0,,,,,,,,,,,,,Hard,
2026-06-26T19:14:10,925.337,active,0,,,,,,,,,,,,,Hard,
2026-06-26T19:14:11,926.339,active,0,,,,,,,,,,,,,Hard,
2026-06-26T19:14:12,927.341,active,0,,,,,,,,,,,,,Hard,
2026-06-26T19:14:13,928.347,active,0,,,,,,,,,,,,,Hard,
2026-06-26T19:14:14,929.356,active,0,,,,,,,,,,,,,Hard,
2026-06-26T19:14:15,930.361,active,0,,,,,,,,,,,,,Hard,
2026-06-26T19:14:16,931.367,active,0,,,,,,,,,,,,,Hard,
2026-06-26T19:14:17,932.371,active,0,,,,,,,,,,,,,Hard,
2026-06-26T19:14:18,933.373,active,0,,,,,,,,,,,,,Hard,
2026-06-26T19:14:19,934.378,active,0,,,,,,,,,,,,,Hard,
2026-06-26T19:14:20,935.382,active,0,,,,,,,,,,,,,Hard,
2026-06-26T19:14:21,936.388,active,0,,,,,,,,,,,,,Hard,
2026-06-26T19:14:22,937.391,active,0,,,,,,,,,,,,,Hard,
2026-06-26T19:14:23,938.393,active,0,,,,,,,,,,,,,Hard,
2026-06-26T19:14:24,939.396,active,0,,,,,,,,,,,,,Hard,
2026-06-26T19:14:25,940.400,active,0,,,,,,,,,,,,,Hard,
2026-06-26T19:14:26,941.405,active,0,,,,,,,,,,,,,Hard,
2026-06-26T19:14:27,942.408,active,0,,,,,,,,,,,,,Hard,
2026-06-26T19:14:28,943.414,active,0,,,,,,,,,,,,,Hard,
2026-06-26T19:14:29,944.418,active,0,,,,,,,,,,,,,Hard,
2026-06-26T19:14:30,945.423,active,0,,,,,,,,,,,,,Hard,
2026-06-26T19:14:31,946.428,active,0,,,,,,,,,,,,,Hard,
2026-06-26T19:14:32,947.434,active,0,,,,,,,,,,,,,Hard,
2026-06-26T19:14:33,948.441,active,0,,,,,,,,,,,,,Hard,
2026-06-26T19:14:34,949.446,active,0,,,,,,,,,,,,,Hard,
2026-06-26T19:14:35,950.451,active,0,,,,,,,,,,,,,Hard,
2026-06-26T19:14:36,951.456,active,0,,,,,,,,,,,,,Hard,
2026-06-26T19:14:37,952.464,active,0,,,,,,,,,,,,,Hard,
2026-06-26T19:14:38,953.472,active,0,,,,,,,,,,,,,Hard,
2026-06-26T19:14:39,954.478,active,0,,,,,,,,,,,,,Hard,
2026-06-26T19:14:40,955.485,active,0,,,,,,,,,,,,,Hard,
2026-06-26T19:14:41,956.491,active,0,,,,,,,,,,,,,Hard,
2026-06-26T19:14:42,957.496,active,0,,,,,,,,,,,,,Hard,
2026-06-26T19:14:43,958.499,active,0,,,,,,,,,,,,,Hard,
2026-06-26T19:14:44,959.503,active,0,,,,,,,,,,,,,Hard,
2026-06-26T19:14:45,960.509,active,0,,,,,,,,,,,,,Hard,
2026-06-26T19:14:46,961.514,active,0,,,,,,,,,,,,,Hard,
2026-06-26T19:14:47,962.520,active,0,,,,,,,,,,,,,Hard,
2026-06-26T19:14:48,963.522,active,0,,,,,,,,,,,,,Hard,
2026-06-26T19:14:49,964.528,active,0,,,,,,,,,,,,,Hard,
2026-06-26T19:14:50,965.534,active,0,,,,,,,,,,,,,Hard,
2026-06-26T19:14:51,966.540,active,0,,,,,,,,,,,,,Hard,
2026-06-26T19:14:52,967.545,active,0,,,,,,,,,,,,,Hard,
2026-06-26T19:14:53,968.550,active,0,,,,,,,,,,,,,Hard,
2026-06-26T19:14:54,969.553,active,0,,,,,,,,,,,,,Hard,
2026-06-26T19:14:55,970.559,active,0,,,,,,,,,,,,,Hard,
2026-06-26T19:14:56,971.562,active,0,,,,,,,,,,,,,Hard,
2026-06-26T19:14:57,972.568,active,0,,,,,,,,,,,,,Hard,
2026-06-26T19:14:58,973.573,active,0,,,,,,,,,,,,,Hard,
2026-06-26T19:14:59,974.574,active,0,,,,,,,,,,,,,Hard,
2026-06-26T19:15:00,975.580,active,0,,,,,,,,,,,,,Hard,
2026-06-26T19:15:01,976.583,active,0,,,,,,,,,,,,,Hard,
2026-06-26T19:15:02,977.596,active,0,,,,,,,,,,,,,Hard,
2026-06-26T19:15:04,978.602,active,0,,,,,,,,,,,,,Hard,
2026-06-26T19:15:05,979.614,active,0,,,,,,,,,,,,,Hard,
2026-06-26T19:15:06,980.624,active,0,,,,,,,,,,,,,Hard,
2026-06-26T19:15:07,981.632,active,0,,,,,,,,,,,,,Hard,
2026-06-26T19:15:08,982.637,active,0,,,,,,,,,,,,,Hard,
2026-06-26T19:15:09,983.643,active,0,,,,,,,,,,,,,Hard,
2026-06-26T19:15:10,984.646,active,0,,,,,,,,,,,,,Hard,
2026-06-26T19:15:11,985.650,active,0,,,,,,,,,,,,,Hard,
2026-06-26T19:15:12,986.660,active,0,,,,,,,,,,,,,Hard,
2026-06-26T19:15:13,987.666,active,0,,,,,,,,,,,,,Hard,
2026-06-26T19:15:14,988.674,active,0,,,,,,,,,,,,,Hard,
2026-06-26T19:15:15,989.681,active,0,,,,,,,,,,,,,Hard,
2026-06-26T19:15:16,990.688,active,0,,,,,,,,,,,,,Hard,
2026-06-26T19:15:17,991.695,active,0,,,,,,,,,,,,,Hard,
2026-06-26T19:15:18,992.701,active,0,,,,,,,,,,,,,Hard,
2026-06-26T19:15:19,993.706,active,0,,,,,,,,,,,,,Hard,
2026-06-26T19:15:20,994.714,active,0,,,,,,,,,,,,,Hard,
2026-06-26T19:15:21,995.726,active,0,,,,,,,,,,,,,Hard,
2026-06-26T19:15:22,996.732,active,0,,,,,,,,,,,,,Hard,
2026-06-26T19:15:23,997.736,active,0,,,,,,,,,,,,,Hard,
2026-06-26T19:15:24,998.742,active,0,,,,,,,,,,,,,Hard,
2026-06-26T19:15:25,999.748,active,0,,,,,,,,,,,,,Hard,
2026-06-26T19:15:26,1000.751,active,0,,,,,,,,,,,,,Hard,
2026-06-26T19:15:27,1001.762,active,0,,,,,,,,,,,,,Hard,
2026-06-26T19:15:28,1002.772,active,0,,,,,,,,,,,,,Hard,
2026-06-26T19:15:29,1003.774,active,0,,,,,,,,,,,,,Hard,
2026-06-26T19:15:30,1004.779,active,0,,,,,,,,,,,,,Hard,
2026-06-26T19:15:31,1005.786,active,0,,,,,,,,,,,,,Hard,
2026-06-26T19:15:32,1006.791,active,0,,,,,,,,,,,,,Hard,
2026-06-26T19:15:33,1007.797,active,0,,,,,,,,,,,,,Hard,
2026-06-26T19:15:34,1008.801,active,0,,,,,,,,,,,,,Hard,
2026-06-26T19:15:35,1009.808,active,0,,,,,,,,,,,,,Hard,
2026-06-26T19:15:36,1010.817,active,0,,,,,,,,,,,,,Hard,
2026-06-26T19:15:37,1011.823,active,0,,,,,,,,,,,,,Hard,
2026-06-26T19:15:38,1012.829,active,0,,,,,,,,,,,,,Hard,
2026-06-26T19:15:39,1013.835,active,0,,,,,,,,,,,,,Hard,
2026-06-26T19:15:40,1014.841,active,0,,,,,,,,,,,,,Hard,
2026-06-26T19:15:41,1015.845,active,0,,,,,,,,,,,,,Hard,
2026-06-26T19:15:42,1016.848,active,0,,,,,,,,,,,,,Hard,
2026-06-26T19:15:43,1017.851,active,0,,,,,,,,,,,,,Hard,
2026-06-26T19:15:44,1018.855,active,0,,,,,,,,,,,,,Hard,
2026-06-26T19:15:45,1019.864,active,0,,,,,,,,,,,,,Hard,
2026-06-26T19:15:46,1020.868,active,0,,,,,,,,,,,,,Hard,
2026-06-26T19:15:47,1021.874,active,0,,,,,,,,,,,,,Hard,
2026-06-26T19:15:48,1022.876,active,0,,,,,,,,,,,,,Hard,
2026-06-26T19:15:49,1023.881,active,0,,,,,,,,,,,,,Hard,
2026-06-26T19:15:50,1024.885,active,0,,,,,,,,,,,,,Hard,
2026-06-26T19:15:51,1025.889,active,0,,,,,,,,,,,,,Hard,
2026-06-26T19:15:52,1026.902,active,0,,,,,,,,,,,,,Hard,
2026-06-26T19:15:53,1027.903,active,0,,,,,,,,,,,,,Hard,
2026-06-26T19:15:54,1028.911,active,0,,,,,,,,,,,,,Hard,
2026-06-26T19:15:55,1029.917,active,0,,,,,,,,,,,,,Hard,
2026-06-26T19:15:56,1030.920,active,0,,,,,,,,,,,,,Hard,
2026-06-26T19:15:57,1031.926,active,0,,,,,,,,,,,,,Hard,
2026-06-26T19:15:58,1032.932,active,0,,,,,,,,,,,,,Hard,
2026-06-26T19:15:59,1033.939,active,0,,,,,,,,,,,,,Hard,
2026-06-26T19:16:00,1034.943,active,0,,,,,,,,,,,,,Hard,
2026-06-26T19:16:01,1035.944,active,0,,,,,,,,,,,,,Hard,
2026-06-26T19:16:02,1036.951,active,0,,,,,,,,,,,,,Hard,
2026-06-26T19:16:03,1037.959,active,0,,,,,,,,,,,,,Hard,
2026-06-26T19:16:04,1038.964,active,0,,,,,,,,,,,,,Hard,
2026-06-26T19:16:05,1039.969,active,0,,,,,,,,,,,,,Hard,
2026-06-26T19:16:06,1040.975,active,0,,,,,,,,,,,,,Hard,
2026-06-26T19:16:07,1041.980,active,0,,,,,,,,,,,,,Hard,
2026-06-26T19:16:08,1042.986,active,0,,,,,,,,,,,,,Hard,
2026-06-26T19:16:09,1043.991,active,0,,,,,,,,,,,,,Hard,
2026-06-26T19:16:10,1044.997,active,0,,,,,,,,,,,,,Hard,
2026-06-26T19:16:11,1046.004,active,0,,,,,,,,,,,,,Hard,
2026-06-26T19:16:12,1047.012,active,0,,,,,,,,,,,,,Hard,
2026-06-26T19:16:13,1048.017,active,0,,,,,,,,,,,,,Hard,
2026-06-26T19:16:14,1049.019,active,0,,,,,,,,,,,,,Hard,
2026-06-26T19:16:15,1050.025,active,0,,,,,,,,,,,,,Hard,
2026-06-26T19:16:16,1051.032,active,0,,,,,,,,,,,,,Hard,
2026-06-26T19:16:17,1052.037,active,0,,,,,,,,,,,,,Hard,
2026-06-26T19:16:18,1053.047,active,0,,,,,,,,,,,,,Hard,
2026-06-26T19:16:19,1054.050,active,0,,,,,,,,,,,,,Hard,
2026-06-26T19:16:20,1055.055,active,0,,,,,,,,,,,,,Hard,
2026-06-26T19:16:21,1056.061,active,0,,,,,,,,,,,,,Hard,
2026-06-26T19:16:22,1057.065,active,0,,,,,,,,,,,,,Hard,
2026-06-26T19:16:23,1058.067,active,0,,,,,,,,,,,,,Hard,
2026-06-26T19:16:24,1059.074,active,0,,,,,,,,,,,,,Hard,
2026-06-26T19:16:25,1060.081,active,0,,,,,,,,,,,,,Hard,
2026-06-26T19:16:26,1061.085,active,0,,,,,,,,,,,,,Hard,
2026-06-26T19:16:27,1062.092,active,0,,,,,,,,,,,,,Hard,
2026-06-26T19:16:28,1063.096,active,0,,,,,,,,,,,,,Hard,
2026-06-26T19:16:29,1064.102,active,0,,,,,,,,,,,,,Hard,
2026-06-26T19:16:30,1065.103,active,0,,,,,,,,,,,,,Hard,
2026-06-26T19:16:31,1066.109,active,0,,,,,,,,,,,,,Hard,
2026-06-26T19:16:32,1067.111,active,0,,,,,,,,,,,,,Hard,
2026-06-26T19:16:33,1068.117,active,0,,,,,,,,,,,,,Hard,
2026-06-26T19:16:34,1069.120,active,0,,,,,,,,,,,,,Hard,
2026-06-26T19:16:35,1070.125,active,0,,,,,,,,,,,,,Hard,
2026-06-26T19:16:36,1071.133,active,0,,,,,,,,,,,,,Hard,
2026-06-26T19:16:37,1072.138,active,0,,,,,,,,,,,,,Hard,
2026-06-26T19:16:38,1073.141,active,0,,,,,,,,,,,,,Hard,
2026-06-26T19:16:39,1074.146,active,0,,,,,,,,,,,,,Hard,
2026-06-26T19:16:40,1075.150,active,0,,,,,,,,,,,,,Hard,
2026-06-26T19:16:41,1076.155,active,0,,,,,,,,,,,,,Hard,
2026-06-26T19:16:42,1077.165,active,0,,,,,,,,,,,,,Hard,
2026-06-26T19:16:43,1078.172,active,0,,,,,,,,,,,,,Hard,
2026-06-26T19:16:44,1079.179,active,0,,,,,,,,,,,,,Hard,
2026-06-26T19:16:45,1080.184,active,0,,,,,,,,,,,,,Hard,
2026-06-26T19:16:46,1081.189,active,0,,,,,,,,,,,,,Hard,
2026-06-26T19:16:47,1082.194,active,0,,,,,,,,,,,,,Hard,
2026-06-26T19:16:48,1083.202,active,0,,,,,,,,,,,,,Hard,
2026-06-26T19:16:49,1084.206,active,0,,,,,,,,,,,,,Hard,
2026-06-26T19:16:50,1085.210,active,0,,,,,,,,,,,,,Hard,
2026-06-26T19:16:51,1086.214,active,0,,,,,,,,,,,,,Hard,
2026-06-26T19:16:52,1087.220,active,0,,,,,,,,,,,,,Hard,
2026-06-26T19:16:53,1088.225,active,0,,,,,,,,,,,,,Hard,
2026-06-26T19:16:54,1089.231,active,0,,,,,,,,,,,,,Hard,
2026-06-26T19:16:55,1090.232,active,0,,,,,,,,,,,,,Hard,
2026-06-26T19:16:56,1091.239,active,0,,,,,,,,,,,,,Hard,
2026-06-26T19:16:57,1092.244,active,0,,,,,,,,,,,,,Hard,
2026-06-26T19:16:58,1093.246,active,0,,,,,,,,,,,,,Hard,
2026-06-26T19:16:59,1094.250,active,0,,,,,,,,,,,,,Hard,
2026-06-26T19:17:00,1095.254,active,0,,,,,,,,,,,,,Hard,
2026-06-26T19:17:01,1096.260,active,0,,,,,,,,,,,,,Hard,
2026-06-26T19:17:02,1097.262,active,0,,,,,,,,,,,,,Hard,
2026-06-26T19:17:03,1098.267,active,0,,,,,,,,,,,,,Hard,
2026-06-26T19:17:04,1099.270,active,0,,,,,,,,,,,,,Hard,
2026-06-26T19:17:05,1100.276,active,0,,,,,,,,,,,,,Hard,
2026-06-26T19:17:06,1101.286,active,0,,,,,,,,,,,,,Hard,
2026-06-26T19:17:07,1102.292,active,0,,,,,,,,,,,,,Hard,
2026-06-26T19:17:08,1103.298,active,0,,,,,,,,,,,,,Hard,
2026-06-26T19:17:09,1104.300,active,0,,,,,,,,,,,,,Hard,
2026-06-26T19:17:10,1105.303,active,0,,,,,,,,,,,,,Hard,
2026-06-26T19:17:11,1106.309,active,0,,,,,,,,,,,,,Hard,
2026-06-26T19:17:12,1107.315,active,0,,,,,,,,,,,,,Hard,
2026-06-26T19:17:13,1108.322,active,0,,,,,,,,,,,,,Hard,
2026-06-26T19:17:14,1109.327,active,0,,,,,,,,,,,,,Hard,
2026-06-26T19:17:15,1110.332,active,0,,,,,,,,,,,,,Hard,
2026-06-26T19:17:16,1111.334,active,0,,,,,,,,,,,,,Hard,
2026-06-26T19:17:17,1112.337,active,0,,,,,,,,,,,,,Hard,
2026-06-26T19:17:18,1113.343,active,0,,,,,,,,,,,,,Hard,
2026-06-26T19:17:19,1114.347,active,0,,,,,,,,,,,,,Hard,
2026-06-26T19:17:20,1115.351,active,0,,,,,,,,,,,,,Hard,
2026-06-26T19:17:21,1116.355,active,0,,,,,,,,,,,,,Hard,
2026-06-26T19:17:22,1117.362,active,0,,,,,,,,,,,,,Hard,
2026-06-26T19:17:23,1118.369,active,0,,,,,,,,,,,,,Hard,
2026-06-26T19:17:24,1119.374,active,0,,,,,,,,,,,,,Hard,
2026-06-26T19:17:25,1120.378,active,0,,,,,,,,,,,,,Hard,
2026-06-26T19:17:26,1121.379,active,0,,,,,,,,,,,,,Hard,
2026-06-26T19:17:27,1122.385,active,0,,,,,,,,,,,,,Hard,
2026-06-26T19:17:28,1123.390,active,0,,,,,,,,,,,,,Hard,
2026-06-26T19:17:29,1124.394,active,0,,,,,,,,,,,,,Hard,
2026-06-26T19:17:30,1125.400,active,0,,,,,,,,,,,,,Hard,
2026-06-26T19:17:31,1126.406,active,0,,,,,,,,,,,,,Hard,
2026-06-26T19:17:32,1127.414,active,0,,,,,,,,,,,,,Hard,
2026-06-26T19:17:33,1128.419,active,0,,,,,,,,,,,,,Hard,
2026-06-26T19:17:34,1129.424,active,0,,,,,,,,,,,,,Hard,
2026-06-26T19:17:35,1130.429,active,0,,,,,,,,,,,,,Hard,
2026-06-26T19:17:36,1131.432,active,0,,,,,,,,,,,,,Hard,
2026-06-26T19:17:37,1132.438,active,0,,,,,,,,,,,,,Hard,
2026-06-26T19:17:38,1133.441,active,0,,,,,,,,,,,,,Hard,
2026-06-26T19:17:39,1134.447,active,0,,,,,,,,,,,,,Hard,
2026-06-26T19:17:40,1135.454,active,0,,,,,,,,,,,,,Hard,
2026-06-26T19:17:41,1136.460,active,0,,,,,,,,,,,,,Hard,
2026-06-26T19:17:42,1137.461,active,0,,,,,,,,,,,,,Hard,
2026-06-26T19:17:43,1138.466,active,0,,,,,,,,,,,,,Hard,
2026-06-26T19:17:44,1139.470,active,0,,,,,,,,,,,,,Hard,
2026-06-26T19:17:45,1140.478,active,0,,,,,,,,,,,,,Hard,
2026-06-26T19:17:46,1141.484,active,0,,,,,,,,,,,,,Hard,
2026-06-26T19:17:47,1142.491,active,0,,,,,,,,,,,,,Hard,
2026-06-26T19:17:48,1143.492,active,0,,,,,,,,,,,,,Hard,
2026-06-26T19:17:49,1144.496,active,0,,,,,,,,,,,,,Hard,
2026-06-26T19:17:50,1145.501,active,0,,,,,,,,,,,,,Hard,
2026-06-26T19:17:51,1146.506,active,0,,,,,,,,,,,,,Hard,
2026-06-26T19:17:52,1147.516,active,0,,,,,,,,,,,,,Hard,
2026-06-26T19:17:53,1148.522,active,0,,,,,,,,,,,,,Hard,
2026-06-26T19:17:54,1149.526,active,0,,,,,,,,,,,,,Hard,
2026-06-26T19:17:55,1150.533,active,0,,,,,,,,,,,,,Hard,
2026-06-26T19:17:56,1151.540,active,0,,,,,,,,,,,,,Hard,
2026-06-26T19:17:57,1152.546,active,0,,,,,,,,,,,,,Hard,
2026-06-26T19:17:58,1153.551,active,0,,,,,,,,,,,,,Hard,
2026-06-26T19:17:59,1154.553,active,0,,,,,,,,,,,,,Hard,
2026-06-26T19:18:00,1155.560,active,0,,,,,,,,,,,,,Hard,
2026-06-26T19:18:01,1156.566,active,0,,,,,,,,,,,,,Hard,
2026-06-26T19:18:02,1157.571,active,0,,,,,,,,,,,,,Hard,
2026-06-26T19:18:03,1158.579,active,0,,,,,,,,,,,,,Hard,
2026-06-26T19:18:04,1159.585,active,0,,,,,,,,,,,,,Hard,
2026-06-26T19:18:05,1160.591,active,0,,,,,,,,,,,,,Hard,
2026-06-26T19:18:06,1161.594,active,0,,,,,,,,,,,,,Hard,
2026-06-26T19:18:08,1162.600,active,0,,,,,,,,,,,,,Hard,
2026-06-26T19:18:09,1163.605,active,0,,,,,,,,,,,,,Hard,
2026-06-26T19:18:10,1164.612,active,0,,,,,,,,,,,,,Hard,
2026-06-26T19:18:11,1165.615,active,0,,,,,,,,,,,,,Hard,
2026-06-26T19:18:12,1166.624,active,0,,,,,,,,,,,,,Hard,
2026-06-26T19:18:13,1167.630,active,0,,,,,,,,,,,,,Hard,
2026-06-26T19:18:14,1168.637,active,0,,,,,,,,,,,,,Hard,
2026-06-26T19:18:15,1169.641,active,0,,,,,,,,,,,,,Hard,
2026-06-26T19:18:16,1170.644,active,0,,,,,,,,,,,,,Hard,
2026-06-26T19:18:17,1171.648,active,0,,,,,,,,,,,,,Hard,
2026-06-26T19:18:18,1172.655,active,0,,,,,,,,,,,,,Hard,
2026-06-26T19:18:19,1173.661,active,0,,,,,,,,,,,,,Hard,
2026-06-26T19:18:20,1174.665,active,0,,,,,,,,,,,,,Hard,
2026-06-26T19:18:21,1175.670,active,0,,,,,,,,,,,,,Hard,
2026-06-26T19:18:22,1176.675,active,0,,,,,,,,,,,,,Hard,
2026-06-26T19:18:23,1177.676,active,0,,,,,,,,,,,,,Hard,
2026-06-26T19:18:24,1178.681,active,0,,,,,,,,,,,,,Hard,
2026-06-26T19:18:25,1179.683,active,0,,,,,,,,,,,,,Hard,
2026-06-26T19:18:26,1180.688,active,0,,,,,,,,,,,,,Hard,
2026-06-26T19:18:27,1181.693,active,0,,,,,,,,,,,,,Hard,
2026-06-26T19:18:28,1182.698,active,0,,,,,,,,,,,,,Hard,
2026-06-26T19:18:29,1183.704,active,0,,,,,,,,,,,,,Hard,
2026-06-26T19:18:30,1184.709,active,0,,,,,,,,,,,,,Hard,
2026-06-26T19:18:31,1185.713,active,0,,,,,,,,,,,,,Hard,
2026-06-26T19:18:32,1186.717,active,0,,,,,,,,,,,,,Hard,
2026-06-26T19:18:33,1187.722,active,0,,,,,,,,,,,,,Hard,
2026-06-26T19:18:34,1188.728,active,0,,,,,,,,,,,,,Hard,
2026-06-26T19:18:35,1189.732,active,0,,,,,,,,,,,,,Hard,
2026-06-26T19:18:36,1190.737,active,0,,,,,,,,,,,,,Hard,
2026-06-26T19:18:37,1191.746,active,0,,,,,,,,,,,,,Hard,
2026-06-26T19:18:38,1192.751,active,0,,,,,,,,,,,,,Hard,
2026-06-26T19:18:39,1193.754,active,0,,,,,,,,,,,,,Hard,
2026-06-26T19:18:40,1194.760,active,0,,,,,,,,,,,,,Hard,
2026-06-26T19:18:41,1195.765,active,0,,,,,,,,,,,,,Hard,
2026-06-26T19:18:42,1196.772,active,0,,,,,,,,,,,,,Hard,
2026-06-26T19:18:43,1197.777,active,0,,,,,,,,,,,,,Hard,
2026-06-26T19:18:44,1198.782,active,0,,,,,,,,,,,,,Hard,
2026-06-26T19:18:45,1199.786,active,0,,,,,,,,,,,,,Hard,
2026-06-26T19:18:46,1200.790,active,0,,,,,,,,,,,,,Hard,
2026-06-26T19:18:47,1201.792,active,0,,,,,,,,,,,,,Hard,
2026-06-26T19:18:48,1202.798,active,0,,,,,,,,,,,,,Hard,
2026-06-26T19:18:49,1203.799,active,0,,,,,,,,,,,,,Hard,
2026-06-26T19:18:50,1204.803,active,0,,,,,,,,,,,,,Hard,
2026-06-26T19:18:51,1205.813,active,0,,,,,,,,,,,,,Hard,
2026-06-26T19:18:52,1206.816,active,0,,,,,,,,,,,,,Hard,
2026-06-26T19:18:53,1207.821,active,0,,,,,,,,,,,,,Hard,
2026-06-26T19:18:54,1208.824,active,0,,,,,,,,,,,,,Hard,
2026-06-26T19:18:55,1209.837,active,0,,,,,,,,,,,,,Hard,
2026-06-26T19:18:56,1210.839,active,0,,,,,,,,,,,,,Hard,
2026-06-26T19:18:57,1211.846,active,0,,,,,,,,,,,,,Hard,
2026-06-26T19:18:58,1212.849,active,0,,,,,,,,,,,,,Hard,
2026-06-26T19:18:59,1213.854,active,0,,,,,,,,,,,,,Hard,
2026-06-26T19:19:00,1214.860,active,0,,,,,,,,,,,,,Hard,
2026-06-26T19:19:01,1215.861,active,0,,,,,,,,,,,,,Hard,
2026-06-26T19:19:02,1216.867,active,0,,,,,,,,,,,,,Hard,
2026-06-26T19:19:03,1217.873,active,0,,,,,,,,,,,,,Hard,
2026-06-26T19:19:04,1218.881,active,0,,,,,,,,,,,,,Hard,
2026-06-26T19:19:05,1219.887,active,0,,,,,,,,,,,,,Hard,
2026-06-26T19:19:06,1220.893,active,0,,,,,,,,,,,,,Hard,
2026-06-26T19:19:07,1221.894,active,0,,,,,,,,,,,,,Hard,
2026-06-26T19:19:08,1222.901,active,0,,,,,,,,,,,,,Hard,
2026-06-26T19:19:09,1223.905,active,0,,,,,,,,,,,,,Hard,
2026-06-26T19:19:10,1224.909,active,0,,,,,,,,,,,,,Hard,
2026-06-26T19:19:11,1225.915,active,0,,,,,,,,,,,,,Hard,
2026-06-26T19:19:12,1226.922,active,0,,,,,,,,,,,,,Hard,
2026-06-26T19:19:13,1227.928,active,0,,,,,,,,,,,,,Hard,
2026-06-26T19:19:14,1228.936,active,0,,,,,,,,,,,,,Hard,
2026-06-26T19:19:15,1229.946,active,0,,,,,,,,,,,,,Hard,
2026-06-26T19:19:16,1230.950,active,0,,,,,,,,,,,,,Hard,
2026-06-26T19:19:17,1231.956,active,0,,,,,,,,,,,,,Hard,
2026-06-26T19:19:18,1232.962,active,0,,,,,,,,,,,,,Hard,
2026-06-26T19:19:19,1233.964,active,0,,,,,,,,,,,,,Hard,
2026-06-26T19:19:20,1234.971,active,0,,,,,,,,,,,,,Hard,
2026-06-26T19:19:21,1235.977,active,0,,,,,,,,,,,,,Hard,
2026-06-26T19:19:22,1236.984,active,0,,,,,,,,,,,,,Hard,
2026-06-26T19:19:23,1237.989,active,0,,,,,,,,,,,,,Hard,
2026-06-26T19:19:24,1238.998,active,0,,,,,,,,,,,,,Hard,
2026-06-26T19:19:25,1240.001,active,0,,,,,,,,,,,,,Hard,
2026-06-26T19:19:26,1241.004,active,0,,,,,,,,,,,,,Hard,
2026-06-26T19:19:27,1242.007,active,0,,,,,,,,,,,,,Hard,
2026-06-26T19:19:28,1243.012,active,0,,,,,,,,,,,,,Hard,
2026-06-26T19:19:29,1244.016,active,0,,,,,,,,,,,,,Hard,
2026-06-26T19:19:30,1245.018,active,0,,,,,,,,,,,,,Hard,
2026-06-26T19:19:31,1246.024,active,0,,,,,,,,,,,,,Hard,
2026-06-26T19:19:32,1247.029,active,0,,,,,,,,,,,,,Hard,
2026-06-26T19:19:33,1248.032,active,0,,,,,,,,,,,,,Hard,
2026-06-26T19:19:34,1249.038,active,0,,,,,,,,,,,,,Hard,
2026-06-26T19:19:35,1250.043,active,0,,,,,,,,,,,,,Hard,
2026-06-26T19:19:36,1251.049,active,0,,,,,,,,,,,,,Hard,
2026-06-26T19:19:37,1252.055,active,0,,,,,,,,,,,,,Hard,
2026-06-26T19:19:38,1253.060,active,0,,,,,,,,,,,,,Hard,
2026-06-26T19:19:39,1254.069,active,0,,,,,,,,,,,,,Hard,
2026-06-26T19:19:40,1255.074,active,0,,,,,,,,,,,,,Hard,
2026-06-26T19:19:41,1256.079,active,0,,,,,,,,,,,,,Hard,
2026-06-26T19:19:42,1257.084,active,0,,,,,,,,,,,,,Hard,
2026-06-26T19:19:43,1258.087,active,0,,,,,,,,,,,,,Hard,
2026-06-26T19:19:44,1259.092,active,0,,,,,,,,,,,,,Hard,
2026-06-26T19:19:45,1260.101,active,0,,,,,,,,,,,,,Hard,
2026-06-26T19:19:46,1261.105,active,0,,,,,,,,,,,,,Hard,
2026-06-26T19:19:47,1262.110,active,0,,,,,,,,,,,,,Hard,
2026-06-26T19:19:48,1263.116,active,0,,,,,,,,,,,,,Hard,
2026-06-26T19:19:49,1264.122,active,0,,,,,,,,,,,,,Hard,
2026-06-26T19:19:50,1265.125,active,0,,,,,,,,,,,,,Hard,
2026-06-26T19:19:51,1266.130,active,0,,,,,,,,,,,,,Hard,
2026-06-26T19:19:52,1267.136,active,0,,,,,,,,,,,,,Hard,
2026-06-26T19:19:53,1268.137,active,0,,,,,,,,,,,,,Hard,
2026-06-26T19:19:54,1269.143,active,0,,,,,,,,,,,,,Hard,
2026-06-26T19:19:55,1270.148,active,0,,,,,,,,,,,,,Hard,
2026-06-26T19:19:56,1271.155,active,0,,,,,,,,,,,,,Hard,
2026-06-26T19:19:57,1272.161,active,0,,,,,,,,,,,,,Hard,
2026-06-26T19:19:58,1273.165,active,0,,,,,,,,,,,,,Hard,
2026-06-26T19:19:59,1274.167,active,0,,,,,,,,,,,,,Hard,
2026-06-26T19:20:00,1275.176,active,0,,,,,,,,,,,,,Hard,
2026-06-26T19:20:01,1276.184,active,0,,,,,,,,,,,,,Hard,
2026-06-26T19:20:02,1277.190,active,0,,,,,,,,,,,,,Hard,
2026-06-26T19:20:03,1278.196,active,0,,,,,,,,,,,,,Hard,
2026-06-26T19:20:04,1279.203,active,0,,,,,,,,,,,,,Hard,
2026-06-26T19:20:05,1280.206,active,0,,,,,,,,,,,,,Hard,
2026-06-26T19:20:06,1281.212,active,0,,,,,,,,,,,,,Hard,
2026-06-26T19:20:07,1282.216,active,0,,,,,,,,,,,,,Hard,
2026-06-26T19:20:08,1283.217,active,0,,,,,,,,,,,,,Hard,
2026-06-26T19:20:09,1284.221,active,0,,,,,,,,,,,,,Hard,
2026-06-26T19:20:10,1285.228,active,0,,,,,,,,,,,,,Hard,
2026-06-26T19:20:11,1286.233,active,0,,,,,,,,,,,,,Hard,
2026-06-26T19:20:12,1287.238,active,0,,,,,,,,,,,,,Hard,
2026-06-26T19:20:13,1288.240,active,0,,,,,,,,,,,,,Hard,
2026-06-26T19:20:14,1289.244,active,0,,,,,,,,,,,,,Hard,
2026-06-26T19:20:15,1290.249,active,0,,,,,,,,,,,,,Hard,
2026-06-26T19:20:16,1291.253,active,0,,,,,,,,,,,,,Hard,
2026-06-26T19:20:17,1292.259,active,0,,,,,,,,,,,,,Hard,
2026-06-26T19:20:18,1293.265,active,0,,,,,,,,,,,,,Hard,
2026-06-26T19:20:19,1294.271,active,0,,,,,,,,,,,,,Hard,
2026-06-26T19:20:20,1295.273,active,0,,,,,,,,,,,,,Hard,
2026-06-26T19:20:21,1296.279,active,0,,,,,,,,,,,,,Hard,
2026-06-26T19:20:22,1297.284,active,0,,,,,,,,,,,,,Hard,
2026-06-26T19:20:23,1298.289,active,0,,,,,,,,,,,,,Hard,
2026-06-26T19:20:24,1299.291,active,0,,,,,,,,,,,,,Hard,
2026-06-26T19:20:25,1300.297,active,0,,,,,,,,,,,,,Hard,
2026-06-26T19:20:26,1301.304,active,0,,,,,,,,,,,,,Hard,
2026-06-26T19:20:27,1302.310,active,0,,,,,,,,,,,,,Hard,
2026-06-26T19:20:28,1303.311,active,0,,,,,,,,,,,,,Hard,
2026-06-26T19:20:29,1304.312,active,0,,,,,,,,,,,,,Hard,
2026-06-26T19:20:30,1305.316,active,0,,,,,,,,,,,,,Hard,
2026-06-26T19:20:31,1306.321,active,0,,,,,,,,,,,,,Hard,
2026-06-26T19:20:32,1307.326,active,0,,,,,,,,,,,,,Hard,
2026-06-26T19:20:33,1308.329,active,0,,,,,,,,,,,,,Hard,
2026-06-26T19:20:34,1309.334,active,0,,,,,,,,,,,,,Hard,
2026-06-26T19:20:35,1310.345,active,0,,,,,,,,,,,,,Hard,
2026-06-26T19:20:36,1311.351,active,0,,,,,,,,,,,,,Hard,
2026-06-26T19:20:37,1312.361,active,0,,,,,,,,,,,,,Hard,
2026-06-26T19:20:38,1313.363,active,0,,,,,,,,,,,,,Hard,
2026-06-26T19:20:39,1314.364,active,0,,,,,,,,,,,,,Hard,
2026-06-26T19:20:40,1315.371,active,0,,,,,,,,,,,,,Hard,
2026-06-26T19:20:41,1316.379,active,0,,,,,,,,,,,,,Hard,
2026-06-26T19:20:42,1317.388,active,0,,,,,,,,,,,,,Hard,
2026-06-26T19:20:43,1318.396,active,0,,,,,,,,,,,,,Hard,
2026-06-26T19:20:44,1319.404,active,0,,,,,,,,,,,,,Hard,
2026-06-26T19:20:45,1320.408,active,0,,,,,,,,,,,,,Hard,
2026-06-26T19:20:46,1321.411,active,0,,,,,,,,,,,,,Hard,
2026-06-26T19:20:47,1322.416,active,0,,,,,,,,,,,,,Hard,
2026-06-26T19:20:48,1323.421,active,0,,,,,,,,,,,,,Hard,
2026-06-26T19:20:49,1324.425,active,0,,,,,,,,,,,,,Hard,
2026-06-26T19:20:50,1325.429,active,0,,,,,,,,,,,,,Hard,
2026-06-26T19:20:51,1326.434,active,0,,,,,,,,,,,,,Hard,
2026-06-26T19:20:52,1327.439,active,0,,,,,,,,,,,,,Hard,
2026-06-26T19:20:53,1328.444,active,0,,,,,,,,,,,,,Hard,
2026-06-26T19:20:54,1329.450,active,0,,,,,,,,,,,,,Hard,
2026-06-26T19:20:55,1330.454,active,0,,,,,,,,,,,,,Hard,
2026-06-26T19:20:56,1331.458,active,0,,,,,,,,,,,,,Hard,
2026-06-26T19:20:57,1332.467,active,0,,,,,,,,,,,,,Hard,
2026-06-26T19:20:58,1333.475,active,0,,,,,,,,,,,,,Hard,
2026-06-26T19:20:59,1334.480,active,0,,,,,,,,,,,,,Hard,
2026-06-26T19:21:00,1335.484,active,0,,,,,,,,,,,,,Hard,
2026-06-26T19:21:01,1336.491,active,0,,,,,,,,,,,,,Hard,
2026-06-26T19:21:02,1337.495,active,0,,,,,,,,,,,,,Hard,
2026-06-26T19:21:03,1338.500,active,1,AF8,632.04,197.04,69.32,86.175,59.36,-0.19901,-0.19457,-0.26529,0.62545,0.62908,0.49817,Hard,
2026-06-26T19:21:04,1339.508,active,1,AF7+AF8,199.78,329.9,74.453,320.77,383.7,-0.25224,-0.29559,-0.40714,0.60873,0.61127,0.50252,Hard,
2026-06-26T19:21:05,1340.513,active,1,AF7+AF8,61.024,261.1,53.265,337.2,363.96,-0.27566,-0.30796,-0.41944,0.59401,0.59576,0.50343,Hard,
2026-06-26T19:21:06,1341.517,active,1,AF8,17112,3241,1022.5,827.31,129.03,0.36615,0.39416,4.1217,0.75704,0.75872,0.5026,Hard,
2026-06-26T19:21:07,1342.526,active,1,AF8,1.562e+05,48960,16192,8400.1,1355,8.8545,9.764,48.947,0.90282,0.90349,0.48887,Hard,
2026-06-26T19:21:08,1343.528,active,0,,,,,,,,,,,,,Hard,
2026-06-26T19:21:09,1344.533,active,0,,,,,,,,,,,,,Hard,
2026-06-26T19:21:10,1345.537,active,0,,,,,,,,,,,,,Hard,
2026-06-26T19:21:11,1346.540,active,0,,,,,,,,,,,,,Hard,
2026-06-26T19:21:12,1347.548,active,1,AF7+AF8,75306,9362.6,4189.8,20777,1912.4,2.0858,2.0921,9.8289,0.94885,0.94915,0.49507,Hard,
2026-06-26T19:21:13,1348.554,active,1,AF7+AF8,50570,3854.5,2706.2,11334,1043.6,0.66881,1.2267,4.8523,0.93815,0.94207,0.48735,Hard,
2026-06-26T19:21:14,1349.560,active,1,AF7+AF8,4067.9,636.81,288.03,318.28,415.44,-0.15765,-0.17065,-0.32003,0.88333,0.88659,0.49591,Hard,
2026-06-26T19:21:15,1350.568,active,1,AF7+AF8,4003.8,759.27,271.11,304.91,727.1,-0.10228,-0.17991,-0.095644,0.8386,0.84029,0.50419,Hard,
2026-06-26T19:21:16,1351.573,active,1,AF7+AF8,3061.3,1237,143.4,262.64,438.44,0.063181,-0.25477,-0.036929,0.80123,0.79796,0.52547,Hard,
2026-06-26T19:21:17,1352.579,active,1,AF7+AF8,2247.2,1173.2,112.1,232.05,356.76,0.036043,-0.27326,-0.07386,0.76807,0.76055,0.53334,Hard,
2026-06-26T19:21:18,1353.582,active,1,AF7+AF8,541.6,343.95,55.792,201.22,248.77,-0.25901,-0.30593,-0.19615,0.73755,0.73023,0.53004,Hard,
2026-06-26T19:21:19,1354.588,active,1,AF7+AF8,2012.9,339.98,71.243,247.71,269.86,-0.27897,-0.2965,-0.11255,0.7118,0.7051,0.5267,Hard,
2026-06-26T19:21:20,1355.594,active,1,AF7+AF8,6773.2,784.35,146.39,319.62,487.08,-0.11797,-0.2536,0.092631,0.69156,0.68364,0.52553,Hard,
2026-06-26T19:21:22,1356.602,active,1,AF7+AF8,2601.7,444.79,117.27,227.64,518.45,-0.22323,-0.27081,-0.12248,0.6708,0.66312,0.52318,Easy,
2026-06-26T19:21:23,1357.609,active,1,AF7+AF8,453.17,205.33,54.624,201.24,370.88,-0.30737,-0.30675,-0.25161,0.65113,0.64438,0.52039,Easy,
2026-06-26T19:21:24,1358.616,active,1,AF7+AF8,210.37,117.74,25.095,216.73,308.14,-0.34123,-0.32376,-0.25064,0.63409,0.62841,0.51768,Easy,
2026-06-26T19:21:25,1359.621,active,1,AF7+AF8,185.49,103.43,23.121,149.52,162.98,-0.34729,-0.32494,-0.36207,0.61744,0.61278,0.51522,Easy,
2026-06-26T19:21:26,1360.624,active,1,AF7+AF8,110.94,100.07,22.348,100.23,156.4,-0.34853,-0.32562,-0.45397,0.60143,0.59767,0.51305,Easy,
2026-06-26T19:21:27,1361.629,active,1,AF7+AF8,224.12,322.85,43.144,151.77,314.69,-0.3034,-0.31322,-0.30101,0.58944,0.58598,0.51163,Easy,
2026-06-26T19:21:28,1362.636,active,1,AF7+AF8,368.24,281.3,60.679,190.22,309.56,-0.30098,-0.30297,-0.3349,0.57823,0.57516,0.51027,Easy,
2026-06-26T19:21:29,1363.638,active,1,AF7+AF8,312.77,134.29,33.011,146.25,194.04,-0.33765,-0.31933,-0.42303,0.56728,0.56486,0.50876,Easy,
2026-06-26T19:21:30,1364.644,active,1,AF7+AF8,60.875,47.105,22.265,86.395,193.39,-0.35718,-0.32552,-0.46093,0.55718,0.55552,0.50723,Easy,
2026-06-26T19:21:31,1365.646,active,1,AF7+AF8,112.89,51.295,35.916,101.17,212.73,-0.35773,-0.31706,-0.42095,0.54876,0.54791,0.50576,Easy,
2026-06-26T19:21:32,1366.654,active,1,AF7+AF8,81.982,42.522,20.777,122.72,134.08,-0.35938,-0.32643,-0.44004,0.54121,0.54095,0.50457,Easy,
2026-06-26T19:21:33,1367.660,active,1,AF7+AF8,77.021,45.584,26.93,111.47,119.64,-0.35742,-0.32292,-0.42748,0.53469,0.53498,0.50351,Easy,
2026-06-26T19:21:34,1368.665,active,1,AF7+AF8,97.394,92.379,38.619,113.72,111.37,-0.3452,-0.31609,-0.40443,0.5292,0.5299,0.50265,Easy,
2026-06-26T19:21:35,1369.670,active,1,AF7+AF8,1784.7,178.98,63.992,123.55,242.06,-0.31544,-0.30146,-0.41043,0.52407,0.52489,0.50212,Easy,
2026-06-26T19:21:36,1370.673,active,1,AF7+AF8,4346.8,275.52,94.409,170.91,417.55,-0.27655,-0.28407,-0.30772,0.52082,0.52143,0.50198,Easy,
2026-06-26T19:21:37,1371.680,active,1,AF7+AF8,1003,190.91,49.44,183.37,224.84,-0.32135,-0.30961,-0.26278,0.51903,0.51974,0.50157,Easy,
2026-06-26T19:21:38,1372.684,active,1,AF7+AF8,178.59,139.32,35.198,212.87,154.34,-0.33637,-0.31793,-0.23958,0.51792,0.51882,0.5011,Easy,
2026-06-26T19:21:39,1373.690,active,1,AF7+AF8,129.96,60.482,14.655,120.49,142.67,-0.35665,-0.33009,-0.38046,0.51501,0.51621,0.50057,Easy,
2026-06-26T19:21:40,1374.696,active,1,AF7+AF8,441.11,204.09,35.925,100.22,119.37,-0.3168,-0.31772,-0.39651,0.51203,0.51307,0.50052,Easy,
2026-06-26T19:21:41,1375.698,active,1,AF7+AF8,893.02,328.71,76.988,169.36,212.93,-0.26615,-0.29392,-0.37312,0.5094,0.50989,0.50229,Easy,
2026-06-26T19:21:42,1376.705,active,1,AF7+AF8,23591,4130.3,1077.1,2180.5,2617.4,1.139,0.28253,0.51076,0.52086,0.49936,0.56418,Easy,
2026-06-26T19:21:43,1377.707,active,1,AF7+AF8,31946,4100.4,1058.2,2004.1,2527.1,1.1245,0.27149,0.42642,0.52068,0.48907,0.5887,Easy,
2026-06-26T19:21:44,1378.711,active,1,AF7+AF8,2027.8,165.83,44.856,186.65,290.93,-0.31582,-0.31271,-0.36636,0.51739,0.49184,0.57801,Easy,
2026-06-26T19:21:45,1379.717,active,1,AF7+AF8,55.955,63.634,15.838,155.12,158.23,-0.35791,-0.32926,-0.35461,0.51492,0.49698,0.56822,Easy,
2026-06-26T19:21:46,1380.722,active,1,AF7+AF8,52.437,106.23,34.982,183.6,115.78,-0.35012,-0.31756,-0.30254,0.51336,0.50236,0.55954,Easy,
2026-06-26T19:21:47,1381.727,active,1,AF7+AF8,1366.4,152.86,46.047,154.13,149.73,-0.32117,-0.31171,-0.39421,0.51052,0.50098,0.55225,Easy,solved:25.7
2026-06-26T19:21:48,1382.730,active,1,AF7+AF8,22137,1618.6,281.85,376.42,610.95,0.23079,-0.17605,-0.048061,0.5138,0.49669,0.55207,Easy,
2026-06-26T19:21:49,1383.735,active,1,AF7+AF8,17333,1226,196.69,432.52,629.66,0.079994,-0.22475,0.18704,0.5363,0.5067,0.55038,Easy,
2026-06-26T19:21:50,1384.741,active,1,AF7+AF8,517.47,134.74,49.734,222.19,224.69,-0.33214,-0.30897,-0.10915,0.53494,0.51939,0.54399,Easy,
2026-06-26T19:21:51,1385.747,active,1,AF7+AF8,1266.4,221.3,52.688,145.67,155.19,-0.30006,-0.30793,-0.31237,0.53068,0.51688,0.53883,Easy,
2026-06-26T19:21:52,1386.748,active,1,AF7+AF8,1659.4,218.42,34.363,140.55,128.28,-0.31062,-0.3188,-0.33083,0.52682,0.51455,0.53429,Easy,
2026-06-26T19:21:53,1387.750,active,1,AF7+AF8,367.61,94.172,26.501,102.79,76.332,-0.34611,-0.32329,-0.41377,0.52224,0.51179,0.52983,Easy,
2026-06-26T19:21:54,1388.753,active,1,AF7+AF8,105.96,46.43,24.399,84.399,64.92,-0.35649,-0.32453,-0.45005,0.51769,0.50897,0.52577,Easy,
2026-06-26T19:21:55,1389.762,active,1,AF7+AF8,9019.1,15602,4126.2,3654.6,760.4,4.2102,2.1302,7.6824,0.7719,0.7137,0.65362,Easy,
2026-06-26T19:21:56,1390.766,active,1,AF7+AF8,1.0233e+05,88182,25207,21458,4321.3,26.083,14.649,55.13,0.90876,0.88548,0.85948,Easy,
2026-06-26T19:21:57,1391.772,active,1,AF7+AF8,69811,32218,9948.8,8067.2,1706.2,9.3724,5.5423,22.575,0.96338,0.95338,0.86674,Easy,
2026-06-26T19:21:58,1392.775,active,1,AF7+AF8,2004.7,396.63,94.264,156.41,153.74,-0.25965,-0.28349,-0.50611,0.90444,0.89528,0.82309,Easy,
2026-06-26T19:21:59,1393.780,active,1,AF7+AF8,462.81,241.93,92.005,101.07,156.4,-0.2908,-0.28535,-0.57824,0.85152,0.84354,0.78424,Easy,
2026-06-26T19:22:00,1394.784,active,1,AF7+AF8,231.38,94.311,81.376,100.56,149.25,-0.34108,-0.29153,-0.55945,0.80533,0.79905,0.74939,Easy,
2026-06-26T19:22:01,1395.790,active,1,AF7+AF8,224.93,68.125,31.769,103.23,124.82,-0.35263,-0.32001,-0.55385,0.76518,0.76014,0.71897,Easy,
2026-06-26T19:22:02,1396.796,active,1,AF7+AF8,576.82,187.17,39.861,101.49,161.43,-0.33,-0.31556,-0.52168,0.73027,0.72605,0.69248,Easy,
2026-06-26T19:22:03,1397.802,active,1,AF7+AF8,551.97,174.25,42.629,138.91,338.55,-0.3332,-0.31384,-0.50129,0.69983,0.69641,0.66909,Easy,
2026-06-26T19:22:04,1398.808,active,1,AF7+AF8,6543,193.81,68.181,129.21,149.62,-0.30468,-0.29927,-0.55049,0.67209,0.66916,0.64872,Easy,
2026-06-26T19:22:05,1399.811,active,1,AF7+AF8,17411,566.63,157.1,183.95,82.406,-0.16353,-0.24794,-0.56196,0.64674,0.6429,0.63214,Easy,
2026-06-26T19:22:06,1400.814,active,1,AF7+AF8,14735,8750.9,1277.5,2990.3,1904.3,2.8781,0.39774,0.6773,0.63331,0.59571,0.71821,Easy,
2026-06-26T19:22:07,1401.820,active,1,AF7+AF8,12062,11837,1838.6,4103.5,3322.7,4.009,0.72108,1.1928,0.62436,0.54781,0.79013,Easy,
2026-06-26T19:22:08,1402.822,active,1,AF7+AF8,2871.3,1797.1,300.85,678.89,840.61,0.2549,-0.16428,-0.30133,0.60738,0.53378,0.76158,Easy,
2026-06-26T19:22:09,1403.828,active,1,AF7+AF8,4280.8,5182.3,1860.4,1060.1,480.22,1.4045,0.74138,0.60819,0.5925,0.51794,0.74004,Easy,
2026-06-26T19:22:10,1404.836,active,1,AF7+AF8,7454.8,6948.2,3513.9,1993.6,352.49,2.0162,1.7001,1.5986,0.57988,0.50955,0.71597,Easy,
2026-06-26T19:22:11,1405.840,active,1,AF7+AF8,1929.6,1081.9,606.77,519.87,289.7,0.0091049,0.012571,-0.24549,0.56643,0.50459,0.69,Easy,
2026-06-26T19:22:12,1406.846,active,1,AF7+AF8,231.37,301.59,99.101,212.36,227.56,-0.261,-0.28158,-0.5393,0.55459,0.49987,0.66751,Easy,
2026-06-26T19:22:13,1407.848,active,1,AF7+AF8,41.767,72.569,36.365,207.46,180.4,-0.34513,-0.31781,-0.55136,0.54454,0.49679,0.647,Easy,
2026-06-26T19:22:14,1408.851,active,1,AF7+AF8,464.13,241,76.877,229.79,180.33,-0.28279,-0.29448,-0.54354,0.53547,0.49327,0.62953,Easy,
2026-06-26T19:22:15,1409.857,active,1,AF7+AF8,8314.3,1020.1,275.45,518.35,254.44,0.0070481,-0.18006,-0.36382,0.52846,0.48853,0.61679,Easy,
2026-06-26T19:22:16,1410.864,active,1,AF8,3990.7,157.02,37.354,99.161,106.22,-0.20644,-0.21431,-0.18842,0.52543,0.49677,0.6029,Easy,
2026-06-26T19:22:17,1411.868,active,1,AF8,41979,1581.6,378.28,267.27,435.72,0.058058,-0.0037317,0.80669,0.57014,0.55421,0.59148,Easy,
2026-06-26T19:22:18,1412.872,active,1,AF8,56123,1606,462.06,268.88,523.21,0.062585,0.048013,0.81619,0.58497,0.57754,0.58072,Easy,
2026-06-26T19:22:19,1413.881,active,1,AF7+AF8,5641.4,1757.2,587.88,1224.9,972.7,0.27474,0.00066202,0.38277,0.58049,0.56986,0.57514,Easy,
2026-06-26T19:22:20,1414.887,active,1,AF7+AF8,1453.8,792.57,175.36,444.19,555.59,-0.076369,-0.23757,-0.093,0.573,0.56123,0.56854,Easy,
2026-06-26T19:22:21,1415.893,active,1,AF7+AF8,2738.7,381.79,119.68,271.39,358.86,-0.22951,-0.26977,-0.20168,0.56526,0.5543,0.56092,Easy,
2026-06-26T19:22:22,1416.898,active,1,AF7+AF8,4514.3,183.35,104.62,286.06,316.48,-0.30399,-0.2784,-0.35691,0.55625,0.54699,0.55322,Easy,
2026-06-26T19:22:23,1417.904,active,1,AF8,27720,2584.4,469.8,169.09,397.97,0.24424,0.052797,0.22552,0.55209,0.54107,0.54971,Easy,
2026-06-26T19:22:24,1418.911,active,0,,,,,,,,,,,,,Easy,
2026-06-26T19:22:25,1419.918,active,0,,,,,,,,,,,,,Easy,
2026-06-26T19:22:26,1420.923,active,0,,,,,,,,,,,,,Easy,
2026-06-26T19:22:27,1421.929,active,0,,,,,,,,,,,,,Easy,
2026-06-26T19:22:28,1422.931,active,0,,,,,,,,,,,,,Easy,
2026-06-26T19:22:29,1423.936,active,0,,,,,,,,,,,,,Easy,
2026-06-26T19:22:30,1424.941,active,0,,,,,,,,,,,,,Easy,
2026-06-26T19:22:31,1425.946,active,0,,,,,,,,,,,,,Easy,
2026-06-26T19:22:32,1426.948,active,1,AF7+AF8,1120.6,375.12,97.407,568.63,619.5,-0.25123,-0.28175,-0.18226,0.54733,0.53717,0.5442,Easy,
2026-06-26T19:22:33,1427.951,active,1,AF7+AF8,1126,224.45,100.98,699.2,719.11,-0.30415,-0.27989,-0.14677,0.54365,0.53507,0.53853,Easy,
2026-06-26T19:22:34,1428.959,active,1,AF7+AF8,1247.5,183.8,70.276,454.17,323.96,-0.31332,-0.29793,-0.30881,0.53825,0.53093,0.53368,Easy,
2026-06-26T19:22:35,1429.964,active,1,AF7+AF8,119.6,90.484,30.516,164.52,170.43,-0.33909,-0.32111,-0.52108,0.53066,0.52449,0.52937,Easy,
2026-06-26T19:22:36,1430.970,active,1,AF7+AF8,18.335,60.745,21.748,149.87,157.9,-0.34945,-0.32621,-0.53858,0.5238,0.51872,0.52549,Easy,
2026-06-26T19:22:37,1431.975,active,1,AF7+AF8,42.489,57.854,17.18,170.41,160.21,-0.35132,-0.32882,-0.53742,0.51782,0.51368,0.5221,Easy,
2026-06-26T19:22:38,1432.980,active,1,AF7+AF8,180.38,44.133,20.232,157.7,101.84,-0.35711,-0.32708,-0.54299,0.51244,0.50925,0.51899,Easy,
2026-06-26T19:22:39,1433.986,active,1,AF7+AF8,911.12,57.653,30.844,159.7,91.893,-0.35462,-0.32087,-0.52753,0.50785,0.50555,0.51621,Easy,
2026-06-26T19:22:40,1434.987,active,1,AF7+AF8,483.64,40.169,31.055,145.21,115.69,-0.35853,-0.3208,-0.56111,0.50331,0.50185,0.5137,Easy,
2026-06-26T19:22:41,1435.993,active,1,AF7+AF8,49.749,20.373,18.919,116.61,116.14,-0.36484,-0.32782,-0.56964,0.49929,0.49856,0.5115,Easy,
2026-06-26T19:22:42,1436.998,active,1,AF7+AF8,31.79,22.249,9.6948,93.786,115.81,-0.36439,-0.33314,-0.56762,0.49586,0.49569,0.50965,Easy,
2026-06-26T19:22:43,1438.003,active,1,AF7+AF8,48.347,34.912,12.219,71.57,105.09,-0.36031,-0.33156,-0.56855,0.49281,0.49308,0.50806,Easy,
2026-06-26T19:22:44,1439.009,active,1,AF7+AF8,39.57,35.378,15.252,64.515,81.475,-0.35984,-0.32972,-0.5635,0.49017,0.49086,0.50664,Easy,
2026-06-26T19:22:45,1440.013,active,1,AF7+AF8,33.788,40.012,16.007,70.782,73.154,-0.35813,-0.32942,-0.548,0.48807,0.48911,0.50541,Easy,
2026-06-26T19:22:46,1441.022,active,1,AF7+AF8,238.31,163.13,33.778,69.774,65.478,-0.31468,-0.31903,-0.53669,0.48624,0.48709,0.50483,Easy,
2026-06-26T19:22:47,1442.030,active,1,AF7+AF8,273.71,131,32.85,62.508,66.813,-0.32629,-0.31952,-0.53876,0.48461,0.48546,0.50415,Easy,
2026-06-26T19:22:48,1443.035,active,1,AF7+AF8,70.566,19.205,12.086,60.167,65.71,-0.36512,-0.33167,-0.58186,0.48271,0.48395,0.50315,Easy,
2026-06-26T19:22:49,1444.042,active,1,AF7+AF8,21.077,9.8603,5.1787,60.605,72.336,-0.3683,-0.33579,-0.60303,0.48078,0.48236,0.50228,Easy,
2026-06-26T19:22:50,1445.048,active,1,AF7+AF8,18.087,12.424,6.3022,66.086,70.27,-0.36737,-0.3351,-0.60464,0.47905,0.48092,0.50153,Easy,
2026-06-26T19:22:51,1446.053,active,1,AF7+AF8,11.979,11.709,7.0412,52.82,57.358,-0.36759,-0.33465,-0.60963,0.47744,0.47959,0.50085,Easy,
2026-06-26T19:22:52,1447.057,active,1,AF7+AF8,9.73,12.39,8.5404,53.34,55.742,-0.36743,-0.33374,-0.56065,0.47675,0.47914,0.50024,Easy,
2026-06-26T19:22:53,1448.063,active,1,AF7+AF8,40.733,29.852,15.394,55.085,55.162,-0.36235,-0.32959,-0.54463,0.47632,0.47891,0.49972,Easy,
2026-06-26T19:22:54,1449.069,active,1,AF7+AF8,83.635,64.38,25.209,54.144,49.823,-0.35077,-0.32378,-0.56257,0.47558,0.47827,0.49935,Easy,
2026-06-26T19:22:55,1450.076,active,1,AF7+AF8,32.864,23.345,11.323,47.67,46.587,-0.36368,-0.33214,-0.58773,0.47468,0.47752,0.49895,Easy,
2026-06-26T19:22:56,1451.084,active,1,AF7+AF8,17.26,9.559,9.2496,38.808,36.743,-0.36845,-0.33338,-0.61423,0.47352,0.47653,0.49855,Easy,
2026-06-26T19:22:57,1452.089,active,1,AF7+AF8,66.018,49.413,15.182,45.739,35.133,-0.35746,-0.32979,-0.58469,0.47288,0.47595,0.49831,Easy,
2026-06-26T19:22:58,1453.094,active,1,AF7+AF8,144.45,92.733,27.517,57.977,45.532,-0.34599,-0.32234,-0.53791,0.473,0.47599,0.49816,Easy,
2026-06-26T19:22:59,1454.098,active,1,AF7+AF8,111.35,68.328,29.807,49.643,38.192,-0.35086,-0.32096,-0.55635,0.47271,0.4758,0.49793,Easy,
2026-06-26T19:23:00,1455.105,active,1,AF8,13906,316.17,331.92,176.84,177.74,-0.17689,-0.03237,0.27138,0.51182,0.5238,0.49601,Easy,
2026-06-26T19:23:01,1456.112,active,1,AF8,42592,1853.8,1455.2,857.52,1022.2,0.10858,0.66146,4.3005,0.72103,0.74382,0.48825,Easy,
2026-06-26T19:23:02,1457.115,active,1,AF8,11867,1696.2,580.56,472.99,536.67,0.079335,0.12121,2.0244,0.72127,0.74164,0.49216,Easy,
2026-06-26T19:23:03,1458.121,active,1,AF8,3479.8,380.76,83.03,132,99.366,-0.1649,-0.1861,0.0059914,0.6976,0.71521,0.49845,Easy,
2026-06-26T19:23:04,1459.128,active,1,AF8,29140,2405.1,361.35,125,540.61,0.21095,-0.014194,-0.03549,0.67357,0.68569,0.51625,Easy,
2026-06-26T19:23:05,1460.133,active,1,AF7+AF8,42158,3604.9,1223.8,736.01,2260.3,0.50505,0.38193,0.28511,0.65129,0.66011,0.51615,Easy,
2026-06-26T19:23:06,1461.138,active,1,AF7+AF8,12361,903.56,280.58,321.54,695.19,-0.14564,-0.17165,-0.10382,0.63415,0.64152,0.5146,Easy,
2026-06-26T19:23:07,1462.143,active,1,AF7+AF8,1784.2,180.26,40.675,143.16,152.56,-0.32623,-0.31429,-0.38504,0.61699,0.62366,0.51267,Easy,
2026-06-26T19:23:08,1463.148,active,1,AF7+AF8,193.06,63.606,17.228,119.94,78.141,-0.35447,-0.32851,-0.46253,0.60094,0.6072,0.51076,Easy,
2026-06-26T19:23:09,1464.157,active,1,AF7+AF8,103.76,45.858,12.187,98.957,93.316,-0.35806,-0.3316,-0.53447,0.58579,0.59169,0.50907,Easy,
2026-06-26T19:23:10,1465.163,active,1,AF7+AF8,127.46,53.173,15.013,72.769,75.166,-0.35559,-0.32988,-0.59492,0.57152,0.5771,0.5076,Easy,
2026-06-26T19:23:11,1466.167,active,1,AF7+AF8,45.554,27.299,10.27,65.888,65.315,-0.36257,-0.33282,-0.60982,0.55879,0.56415,0.50624,Easy,
2026-06-26T19:23:12,1467.169,active,1,AF7+AF8,57.59,21.79,8.0808,47.523,61.834,-0.36484,-0.3341,-0.61183,0.54758,0.55275,0.50503,Easy,
2026-06-26T19:23:13,1468.171,active,1,AF7+AF8,40.157,26.785,10.132,59.468,61.528,-0.36276,-0.33284,-0.59115,0.538,0.543,0.50398,Easy,
2026-06-26T19:23:14,1469.173,active,1,AF7+AF8,53.891,29.017,12.439,65.481,62.424,-0.362,-0.33154,-0.58818,0.5296,0.53445,0.50304,Easy,
2026-06-26T19:23:15,1470.180,active,1,AF7+AF8,52.146,22.645,12.055,59.324,50.422,-0.36408,-0.33178,-0.58328,0.52228,0.52703,0.50219,Easy,
2026-06-26T19:23:16,1471.196,active,1,AF7+AF8,24.733,20.024,6.9884,46.358,39.796,-0.36482,-0.3347,-0.60016,0.51563,0.52026,0.50148,Easy,
2026-06-26T19:23:17,1472.212,active,1,AF7+AF8,10.733,15.738,4.4537,44.057,33.195,-0.36612,-0.33621,-0.61408,0.50959,0.51411,0.50085,Easy,
2026-06-26T19:23:18,1473.217,active,1,AF7+AF8,11.766,17.288,7.4581,50.568,45.478,-0.36543,-0.33444,-0.60496,0.50439,0.50883,0.50028,Easy,
2026-06-26T19:23:19,1474.224,active,1,AF7+AF8,33.006,18.404,7.6021,46.116,49.596,-0.36506,-0.33435,-0.61364,0.49968,0.50405,0.49979,Easy,
2026-06-26T19:23:20,1475.227,active,1,AF7+AF8,52.998,22.265,4.825,48.585,52.077,-0.36351,-0.33599,-0.62153,0.49544,0.4997,0.4994,Easy,
2026-06-26T19:23:21,1476.233,active,1,AF7+AF8,50.864,18.504,11.321,58.713,46.379,-0.36488,-0.33227,-0.61195,0.4918,0.49603,0.49898,Easy,
2026-06-26T19:23:22,1477.238,active,1,AF7+AF8,72.467,27.259,20.908,86.5,49.921,-0.36144,-0.32671,-0.59503,0.48877,0.49301,0.49859,Easy,
2026-06-26T19:23:23,1478.239,active,1,AF7+AF8,167.05,36.007,18.539,81.744,47.588,-0.35957,-0.32807,-0.59617,0.4861,0.4903,0.49828,Easy,
2026-06-26T19:23:24,1479.245,active,1,AF7+AF8,394.13,38.246,16.049,70.728,60.805,-0.35943,-0.32949,-0.56625,0.48422,0.48837,0.49804,Easy,
2026-06-26T19:23:25,1480.250,active,1,AF7+AF8,211.29,17.673,17.178,77.819,63.996,-0.36533,-0.32882,-0.56098,0.48263,0.48683,0.49773,Easy,
2026-06-26T19:23:26,1481.258,active,1,AF7+AF8,92.009,18.747,17.373,73.621,88.608,-0.36464,-0.32867,-0.56816,0.48113,0.48536,0.49746,Easy,
2026-06-26T19:23:27,1482.265,active,1,AF7+AF8,276.66,31.774,12.446,79.477,126.53,-0.36045,-0.33151,-0.50929,0.48073,0.48489,0.49733,Easy,
2026-06-26T19:23:28,1483.266,active,1,AF7+AF8,515.61,82.907,12.323,71.558,126.94,-0.34339,-0.3315,-0.54293,0.47987,0.48371,0.49804,Easy,
2026-06-26T19:23:29,1484.271,active,1,AF7+AF8,176.39,62.504,9.0423,62.045,102.74,-0.3492,-0.33346,-0.52827,0.47937,0.48298,0.49804,Easy,
2026-06-26T19:23:30,1485.276,active,1,AF7+AF8,37.715,19.691,9.4759,64.488,72.932,-0.36464,-0.3333,-0.54647,0.47865,0.4823,0.49781,Easy,
2026-06-26T19:23:31,1486.281,active,1,AF7+AF8,83.232,19.031,13.962,71.588,37.791,-0.36517,-0.33069,-0.56607,0.47769,0.48141,0.49755,Easy,
2026-06-26T19:23:32,1487.288,active,1,AF7+AF8,357.9,88.935,23.231,65.281,34.729,-0.35036,-0.32486,-0.5719,0.47666,0.48032,0.49746,Easy,
2026-06-26T19:23:33,1488.293,active,1,AF7+AF8,526.9,127.63,26.155,63.817,34.966,-0.34027,-0.32308,-0.54523,0.47613,0.47961,0.4977,Easy,
2026-06-26T19:23:34,1489.298,active,1,AF7+AF8,489.31,105.07,33.489,58.284,36.201,-0.34391,-0.31885,-0.54272,0.47564,0.47908,0.4976,Easy,
2026-06-26T19:23:35,1490.304,active,1,AF7+AF8,274.06,112.27,32.055,56.883,39.528,-0.3434,-0.31957,-0.52675,0.47546,0.47884,0.49753,Easy,
2026-06-26T19:23:36,1491.310,active,1,AF7+AF8,4182.8,332.84,66.333,84.119,55.989,-0.29867,-0.29838,-0.41593,0.48137,0.48274,0.49899,Easy,
2026-06-26T19:23:37,1492.316,active,1,AF7+AF8,5670.9,384.06,67.847,76.586,50.57,-0.29136,-0.29734,-0.40607,0.4844,0.4845,0.50004,Easy,
2026-06-26T19:23:38,1493.322,active,1,AF7+AF8,495.5,53.583,19.378,46.084,36.721,-0.35788,-0.3273,-0.56168,0.48276,0.4833,0.49958,Easy,
2026-06-26T19:23:39,1494.327,active,1,AF7+AF8,125.03,24.447,17.592,54.336,36.241,-0.36324,-0.32861,-0.53737,0.4817,0.4827,0.49911,Easy,
2026-06-26T19:23:40,1495.331,active,1,AF7+AF8,86.657,19.139,13.385,61.843,41.168,-0.36506,-0.33099,-0.50399,0.4813,0.48269,0.49871,Easy,
2026-06-26T19:23:41,1496.339,active,1,AF7+AF8,52.221,18.39,8.6149,49.015,32.552,-0.36535,-0.33376,-0.5536,0.48025,0.48194,0.49839,Easy,
2026-06-26T19:23:42,1497.347,active,1,AF7+AF8,80.771,22.562,20.464,41.583,29.547,-0.3642,-0.3269,-0.58094,0.47881,0.48086,0.49802,Easy,
2026-06-26T19:23:43,1498.353,active,1,AF7+AF8,177.4,68.884,34.253,54.558,34.6,-0.35152,-0.31873,-0.54009,0.47804,0.48033,0.49777,Easy,
2026-06-26T19:23:44,1499.355,active,1,AF7+AF8,330.18,155.14,43.93,71.627,35.247,-0.323,-0.313,-0.52043,0.47757,0.47973,0.49836,Easy,
2026-06-26T19:23:45,1500.361,active,1,AF7+AF8,326.53,114.06,41.603,44.356,25.88,-0.33275,-0.31455,-0.5752,0.47635,0.47853,0.49828,Easy,
2026-06-26T19:23:46,1501.370,active,1,AF7+AF8,699.63,125.66,41.267,45.618,29.778,-0.3366,-0.3145,-0.5708,0.47535,0.4776,0.49816,Easy,
2026-06-26T19:23:47,1502.375,active,1,AF7+AF8,13511,133.8,48.725,74.295,35.602,-0.33886,-0.31,-0.45581,0.47921,0.48227,0.49794,Easy,
2026-06-26T19:23:48,1503.381,active,1,AF7+AF8,14287,161.1,68.547,149.2,79.161,-0.33402,-0.29788,-0.094066,0.50696,0.51088,0.49765,Easy,
2026-06-26T19:23:49,1504.382,active,1,AF7+AF8,1027.8,111.11,39.94,173.72,99.226,-0.34262,-0.31476,0.040296,0.52934,0.53299,0.49751,Easy,
2026-06-26T19:23:50,1505.386,active,1,AF7+AF8,524.32,112.65,38.176,255.31,133.07,-0.34519,-0.31614,0.48283,0.57088,0.57442,0.49738,Easy,
2026-06-26T19:23:51,1506.389,active,1,AF7+AF8,489.41,110.69,53.426,239.32,183.15,-0.34056,-0.30729,0.29094,0.57289,0.57674,0.49719,Easy,
2026-06-26T19:23:52,1507.393,active,1,AF7+AF8,1172.3,291.45,42.487,230.67,216.03,-0.29369,-0.31345,0.32761,0.57683,0.57692,0.50036,Easy,
2026-06-26T19:23:53,1508.397,active,1,AF7+AF8,1772.5,196.89,54.41,236.84,328.39,-0.32096,-0.30608,0.36462,0.58057,0.58169,0.50009,Easy,
2026-06-26T19:23:54,1509.404,active,1,AF7+AF8,1076.5,103.24,63.365,283.31,451.47,-0.342,-0.30047,0.61592,0.59978,0.60318,0.49946,Easy,
2026-06-26T19:23:55,1510.411,active,1,AF7+AF8,885.76,145.62,119.14,407.63,754.41,-0.32897,-0.26624,1.3038,0.65197,0.65736,0.49858,Easy,
2026-06-26T19:23:56,1511.417,active,1,AF7+AF8,948.16,125.77,110.78,329.04,1151.7,-0.33591,-0.27114,0.86162,0.65029,0.65592,0.49778,Easy,
2026-06-26T19:23:57,1512.423,active,1,AF7+AF8,929.48,178.51,54.631,324.44,629.21,-0.32705,-0.30582,0.86915,0.64939,0.65463,0.49773,Easy,
2026-06-26T19:23:58,1513.429,active,1,AF7+AF8,807.5,225.55,45.222,258.84,381.17,-0.32359,-0.31208,0.48787,0.6433,0.64809,0.49823,Easy,
2026-06-26T19:23:59,1514.435,active,1,AF7+AF8,586.53,149.37,42.345,94.345,112.14,-0.33694,-0.31363,-0.32793,0.62589,0.63045,0.49809,Easy,
2026-06-26T19:24:00,1515.436,active,1,AF7+AF8,277.06,101.14,34.431,72.689,58.372,-0.34862,-0.31814,-0.41557,0.60932,0.61379,0.49786,Easy,
2026-06-26T19:24:01,1516.442,active,1,AF7+AF8,384.5,110.99,31.639,85.595,118.91,-0.34171,-0.32005,-0.40101,0.59499,0.59925,0.49779,Easy,
2026-06-26T19:24:02,1517.448,active,1,AF7+AF8,251.49,106.82,26.07,53.269,58.62,-0.34036,-0.32339,-0.55233,0.58016,0.58416,0.49785,Easy,
2026-06-26T19:24:03,1518.453,active,1,AF7+AF8,257,61.522,28.446,162.71,90.47,-0.35376,-0.32185,-0.015824,0.57512,0.57912,0.49763,Easy,
2026-06-26T19:24:04,1519.458,active,1,AF7+AF8,283.89,103.28,26.959,249.66,155.09,-0.34124,-0.32265,0.51868,0.59223,0.59517,0.49766,Easy,
2026-06-26T19:24:05,1520.470,active,1,AF7+AF8,270.19,128.04,29.36,277.44,192.2,-0.33482,-0.32136,0.71063,0.61262,0.61474,0.49805,Easy,
2026-06-26T19:24:06,1521.473,active,1,AF7+AF8,465.77,123.51,53.499,251.24,231.03,-0.33765,-0.30685,0.61337,0.61287,0.61591,0.49782,Easy,
2026-06-26T19:24:07,1522.474,active,1,AF7+AF8,425.81,131.98,54.363,175.46,223.79,-0.33538,-0.30629,0.15025,0.60615,0.60925,0.49765,Easy,
2026-06-26T19:24:08,1523.478,active,1,AF7+AF8,320.95,80.967,32.092,280.78,665.72,-0.34868,-0.3197,0.78678,0.62339,0.62664,0.4975,Easy,
2026-06-26T19:24:09,1524.484,active,1,AF7+AF8,712.42,218.48,35.983,147.09,301.13,-0.31249,-0.31733,0.037243,0.61389,0.61668,0.49936,Easy,
2026-06-26T19:24:10,1525.486,active,1,AF7+AF8,663.25,315.22,72.547,167.12,333,-0.28731,-0.29515,0.096562,0.60608,0.60842,0.50033,Easy,
2026-06-26T19:24:11,1526.490,active,1,AF7+AF8,866.08,221.02,78.699,250.78,454.52,-0.31504,-0.29168,0.49785,0.60504,0.60743,0.49994,Easy,
2026-06-26T19:24:12,1527.493,active,1,AF7+AF8,1076.1,213.98,65.679,239.19,426.54,-0.3135,-0.29918,0.39445,0.60274,0.60505,0.49973,Easy,
2026-06-26T19:24:13,1528.500,active,1,AF7+AF8,1332.9,221.05,68.832,214.46,328.36,-0.30373,-0.29741,0.30062,0.59931,0.60144,0.49967,Easy,
2026-06-26T19:24:14,1529.501,active,1,AF7+AF8,887.76,148.24,23.295,165.41,225.05,-0.32596,-0.32501,-0.0087881,0.59213,0.59402,0.4998,Easy,
2026-06-26T19:24:15,1530.504,active,1,AF7+AF8,752.12,92.74,22.019,109.22,109.44,-0.34467,-0.32578,-0.24759,0.58225,0.58419,0.49954,Easy,
2026-06-26T19:24:16,1531.511,active,1,AF7+AF8,996.42,159.9,57.217,178.17,123.4,-0.33014,-0.30486,0.12755,0.57884,0.58092,0.49921,Easy,
2026-06-26T19:24:17,1532.515,active,1,AF7+AF8,884.93,283.06,68.821,134.54,81.679,-0.30843,-0.29781,-0.19317,0.57095,0.57294,0.49915,Easy,
2026-06-26T19:24:18,1533.519,active,1,AF7+AF8,1288.4,263.26,79.748,142.96,77.123,-0.3126,-0.29138,-0.30104,0.56229,0.56436,0.49893,Easy,
2026-06-26T19:24:19,1534.520,active,1,AF7+AF8,861.09,129.04,70.835,93.31,44.028,-0.3356,-0.2973,-0.50958,0.55163,0.55403,0.49849,Easy,
2026-06-26T19:24:20,1535.527,active,1,AF7+AF8,373.23,68.39,25.385,80.47,36.503,-0.34719,-0.32402,-0.56211,0.54187,0.54433,0.49832,Easy,
2026-06-26T19:24:21,1536.533,active,1,AF7+AF8,383.61,73.21,23.811,57.111,33.274,-0.34498,-0.32501,-0.59376,0.53282,0.53528,0.49822,Easy,
2026-06-26T19:24:22,1537.538,active,1,AF7+AF8,642.39,95.228,33.937,59.39,28.909,-0.33873,-0.31907,-0.59188,0.5248,0.52725,0.49814,Easy,
2026-06-26T19:24:23,1538.545,active,1,AF7+AF8,397.81,91.344,17.163,39.81,22.612,-0.33874,-0.32881,-0.61392,0.51755,0.51986,0.49851,Easy,
2026-06-26T19:24:24,1539.551,active,1,AF7+AF8,92.009,84.913,20.305,46.201,18.292,-0.34006,-0.32706,-0.62865,0.51093,0.51316,0.4985,Easy,
2026-06-26T19:24:25,1540.557,active,1,AF7+AF8,117.75,79.35,26.548,63.698,25.062,-0.34265,-0.3234,-0.60387,0.50542,0.50767,0.49839,Easy,
2026-06-26T19:24:26,1541.565,active,1,AF7+AF8,129.41,42.666,25.738,52.682,30.291,-0.35648,-0.32388,-0.58594,0.50084,0.50331,0.49809,Easy,
2026-06-26T19:24:27,1542.573,active,1,AF7+AF8,80.503,31.5,20.595,36.679,28.404,-0.36067,-0.32683,-0.60096,0.49664,0.49931,0.49781,Easy,
2026-06-26T19:24:28,1543.577,active,1,AF7+AF8,66.35,30.994,15.782,37.461,25.369,-0.36176,-0.32956,-0.60701,0.49288,0.49572,0.49759,Easy,
2026-06-26T19:24:29,1544.581,active,1,AF7+AF8,403.18,92.649,23.703,58.605,30.437,-0.34138,-0.32473,-0.56918,0.49008,0.49282,0.49779,Easy,
2026-06-26T19:24:30,1545.587,active,1,AF7+AF8,317.17,76.902,26.107,66.419,28.789,-0.34476,-0.32348,-0.57349,0.48752,0.49025,0.49773,Easy,
2026-06-26T19:24:31,1546.594,active,1,AF7+AF8,213.93,105.44,46.372,79.192,28.303,-0.33416,-0.3117,-0.53005,0.48575,0.48849,0.49767,Easy,
2026-06-26T19:24:33,1547.602,active,1,AF7+AF8,145.88,103.07,59.931,83.522,23.758,-0.33624,-0.30397,-0.55289,0.48373,0.48662,0.49747,Easy,
2026-06-26T19:24:34,1548.607,active,1,AF7+AF8,227.69,89.154,54.101,76.726,21.387,-0.34043,-0.30749,-0.56764,0.48178,0.48482,0.49728,Easy,
2026-06-26T19:24:35,1549.612,active,1,AF7+AF8,126.88,65.137,26.177,37.058,20.413,-0.34802,-0.32368,-0.61218,0.47965,0.48269,0.49724,Easy,
2026-06-26T19:24:36,1550.618,active,1,AF7+AF8,335.39,66.964,28.233,40.653,33.303,-0.34801,-0.3225,-0.61376,0.47773,0.48078,0.49719,Easy,
2026-06-26T19:24:37,1551.623,active,1,AF7+AF8,10835,531.79,110.2,72.857,158.01,-0.21767,-0.27435,-0.50532,0.47694,0.47878,0.50313,Easy,
2026-06-26T19:24:38,1552.624,active,1,AF7+AF8,17053,761.35,131.25,78.596,126.38,-0.14592,-0.26204,-0.49198,0.47626,0.47615,0.50996,Easy,
2026-06-26T19:24:39,1553.632,active,1,AF7+AF8,1716.2,140.79,28.747,46.772,25.756,-0.32297,-0.32209,-0.60847,0.47482,0.47474,0.50875,Easy,
2026-06-26T19:24:40,1554.640,active,1,AF7+AF8,173.17,129.21,52.516,84.468,30.699,-0.32442,-0.3083,-0.58144,0.47375,0.47392,0.50746,Easy,
2026-06-26T19:24:41,1555.646,active,1,AF7+AF8,203.6,134.92,51.307,95.928,34.032,-0.32343,-0.30907,-0.57397,0.47294,0.4733,0.50635,Easy,
2026-06-26T19:24:42,1556.652,active,1,AF7+AF8,132.91,66.349,24.458,65.984,28.826,-0.34779,-0.32467,-0.60191,0.47203,0.47269,0.50524,Easy,
2026-06-26T19:24:43,1557.656,active,1,AF7+AF8,100.11,36.261,17.062,65.021,39.516,-0.35872,-0.32888,-0.59863,0.47135,0.47238,0.50416,Easy,
2026-06-26T19:24:44,1558.659,active,1,AF7+AF8,186.22,67.704,46.418,80.526,35.816,-0.34894,-0.31182,-0.55536,0.47114,0.47348,0.50311,Easy,
2026-06-26T19:24:45,1559.664,active,1,AF7+AF8,542.74,215.41,66.039,94.562,34.355,-0.30525,-0.30007,-0.52082,0.47192,0.47343,0.50266,Easy,
2026-06-26T19:24:46,1560.668,active,1,AF7+AF8,621.5,167.03,40.274,72.988,30.974,-0.31797,-0.31516,-0.57096,0.47145,0.47283,0.50229,Easy,
2026-06-26T19:24:47,1561.675,active,1,AF7+AF8,251.05,66.635,25.332,44.309,21.399,-0.34739,-0.32409,-0.61321,0.47055,0.47211,0.50167,Easy,
2026-06-26T19:24:48,1562.684,active,1,AF7+AF8,175.19,62.65,44.11,52.659,19.89,-0.35024,-0.3132,-0.60501,0.46971,0.47164,0.50091,Easy,
2026-06-26T19:24:49,1563.690,active,1,AF7+AF8,308.79,184.8,71.828,64.155,26.82,-0.30689,-0.29694,-0.58425,0.46905,0.47089,0.50065,Easy,
2026-06-26T19:24:50,1564.696,active,1,AF7+AF8,265.26,195.78,54.072,57.043,30.947,-0.30258,-0.30732,-0.59655,0.46843,0.46998,0.50065,Easy,
2026-06-26T19:24:51,1565.700,active,1,AF7+AF8,248.44,91.569,26.279,45.476,24.529,-0.33875,-0.32351,-0.61321,0.46788,0.46947,0.50034,Easy,
2026-06-26T19:24:52,1566.707,active,1,AF7+AF8,335.68,95.274,44.788,57.53,51.953,-0.33767,-0.31287,-0.58817,0.46761,0.46938,0.49993,Easy,
2026-06-26T19:24:53,1567.713,active,1,AF7+AF8,177.93,98.412,48.58,40.966,46.614,-0.33613,-0.31075,-0.58769,0.46735,0.46929,0.49956,Easy,
2026-06-26T19:24:54,1568.722,active,1,AF7+AF8,83.853,171.66,48.791,39.132,23.551,-0.30822,-0.31065,-0.6112,0.46677,0.46844,0.5,Easy,
2026-06-26T19:24:55,1569.729,active,1,AF7+AF8,48.006,91.027,20.821,24.2,19.559,-0.33799,-0.32674,-0.63786,0.4661,0.46774,0.49984,Easy,
2026-06-26T19:24:56,1570.735,active,1,AF7+AF8,55.491,45.692,16.348,25.491,13.686,-0.35469,-0.32936,-0.63946,0.46553,0.46734,0.49948,Easy,
2026-06-26T19:24:57,1571.736,active,1,AF7+AF8,74.482,22.295,16.781,29.802,12.33,-0.36379,-0.32911,-0.63113,0.46514,0.46726,0.49902,Easy,
2026-06-26T19:24:58,1572.742,active,1,AF7+AF8,159.4,44.77,29.525,30.241,14.972,-0.3584,-0.32151,-0.63617,0.46461,0.46703,0.49858,Easy,
2026-06-26T19:24:59,1573.744,active,1,AF7+AF8,158.74,61.786,34.577,38.368,16.394,-0.35289,-0.31864,-0.63733,0.46409,0.46672,0.49824,Easy,
2026-06-26T19:25:00,1574.748,active,1,AF7+AF8,119.88,40.702,37.152,31.475,15.8,-0.35894,-0.31706,-0.63892,0.46358,0.46653,0.49782,Easy,
2026-06-26T19:25:01,1575.754,active,1,AF7+AF8,239.23,68.469,32.158,25.381,13.196,-0.34957,-0.31998,-0.6482,0.46304,0.46607,0.49764,Easy,
2026-06-26T19:25:02,1576.757,active,1,AF7+AF8,381.35,137.2,25.992,30.439,12.271,-0.32637,-0.32355,-0.6464,0.46264,0.46535,0.49884,Easy,
2026-06-26T19:25:03,1577.762,active,1,AF7+AF8,209.84,110.43,28.024,32.818,14.541,-0.33479,-0.32247,-0.63934,0.46238,0.46495,0.4988,Easy,
2026-06-26T19:25:04,1578.763,active,1,AF7+AF8,244.99,99.332,35.782,38.567,17.545,-0.33972,-0.31796,-0.61751,0.46253,0.46518,0.49862,Easy,
2026-06-26T19:25:05,1579.765,active,1,AF7+AF8,184.02,90.486,64.399,52.392,23.792,-0.34069,-0.30154,-0.60995,0.46241,0.46591,0.49819,Easy,
2026-06-26T19:25:06,1580.768,active,1,AF7+AF8,159.8,73.748,54.746,48.029,28.147,-0.34563,-0.30712,-0.62444,0.46217,0.46582,0.49783,Easy,
2026-06-26T19:25:07,1581.775,active,1,AF7+AF8,118.22,35.314,17.764,37.845,21.026,-0.35979,-0.32841,-0.63654,0.4621,0.46578,0.49762,Easy,
2026-06-26T19:25:08,1582.784,active,1,AF7+AF8,151.34,88.746,37.551,43.966,24.69,-0.33925,-0.31707,-0.61405,0.46261,0.46577,0.49758,Easy,
2026-06-26T19:25:09,1583.800,active,1,AF7+AF8,281.58,81.09,53.08,46.213,26.343,-0.34154,-0.30819,-0.58984,0.46395,0.46771,0.49737,Easy,
2026-06-26T19:25:10,1584.808,active,1,AF7+AF8,668.2,144.52,52.868,37.47,25.018,-0.31869,-0.30812,-0.6055,0.46383,0.46729,0.49815,Easy,
2026-06-26T19:25:11,1585.811,active,1,AF7+AF8,349.34,183.11,44.056,51.097,23.156,-0.30458,-0.31327,-0.60526,0.4638,0.46671,0.49991,Easy,
2026-06-26T19:25:12,1586.814,active,1,AF7+AF8,158.81,99.109,36.409,50.288,25.964,-0.33503,-0.31777,-0.60494,0.46402,0.46667,0.49967,Easy,
2026-06-26T19:25:13,1587.818,active,1,AF7+AF8,174.28,69.801,29.648,53.244,25.549,-0.34779,-0.32159,-0.61364,0.46396,0.46676,0.49931,Easy,
2026-06-26T19:25:14,1588.824,active,1,AF7+AF8,212.49,81.716,42.979,57.062,22.249,-0.34522,-0.31393,-0.61357,0.4638,0.46673,0.49893,Easy,
2026-06-26T19:25:15,1589.838,active,1,AF7+AF8,520.3,60.144,26.005,47.453,16.798,-0.35051,-0.32379,-0.61723,0.46375,0.46672,0.49865,Easy,
2026-06-26T19:25:16,1590.845,active,1,AF7+AF8,864.13,92.136,29.213,61.875,27.844,-0.3448,-0.32172,-0.54088,0.46908,0.472,0.49847,Easy,
2026-06-26T19:25:17,1591.846,active,1,AF7+AF8,1427.8,191.04,36.782,63.747,52.258,-0.31524,-0.31714,-0.51236,0.473,0.47403,0.49953,Easy,
2026-06-26T19:25:18,1592.851,active,1,AF7+AF8,547.48,144.28,30.817,46.119,37.56,-0.32783,-0.32052,-0.59454,0.47214,0.47315,0.49948,Easy,
2026-06-26T19:25:19,1593.854,active,1,AF7+AF8,155.41,54.365,36.928,50.254,28.1,-0.35507,-0.31732,-0.62207,0.47092,0.47237,0.49897,Easy,
2026-06-26T19:25:20,1594.860,active,1,AF7+AF8,137.36,80.899,39.412,46.982,21.968,-0.34348,-0.31585,-0.62583,0.46977,0.47146,0.49868,Easy,
2026-06-26T19:25:21,1595.869,active,1,AF7+AF8,236.95,64.932,37.906,55.285,24.001,-0.35022,-0.31681,-0.60202,0.46913,0.47111,0.49834,Easy,
2026-06-26T19:25:22,1596.874,active,1,AF7+AF8,424.06,85.65,103.28,79.821,35.135,-0.34277,-0.27928,-0.55344,0.46872,0.47266,0.49759,Easy,
2026-06-26T19:25:23,1597.879,active,1,AF7+AF8,290.5,214.15,151.73,92.206,55.094,-0.2922,-0.25139,-0.52667,0.46835,0.47243,0.49726,Easy,
2026-06-26T19:25:24,1598.885,active,1,AF7+AF8,869.05,518.38,156.14,186.94,94.512,-0.18039,-0.24882,-0.40439,0.47568,0.47238,0.50404,Easy,
2026-06-26T19:25:25,1599.887,active,1,AF7+AF8,1620.1,543.1,202.89,289.34,196.05,-0.18471,-0.22129,-0.12347,0.49761,0.49354,0.50436,Easy,
2026-06-26T19:25:26,1600.893,active,1,AF7+AF8,1371.8,302.73,171.09,188.99,224.01,-0.27973,-0.23828,-0.18748,0.50285,0.50434,0.50321,Easy,
2026-06-26T19:25:27,1601.895,active,1,AF7+AF8,1933.5,303.34,77.387,162.45,151.44,-0.26892,-0.29325,-0.3671,0.5014,0.50234,0.50319,Easy,
2026-06-26T19:25:28,1602.903,active,1,AF7+AF8,1050.8,184.76,47.936,148.2,98.012,-0.30558,-0.31088,-0.38797,0.50008,0.50083,0.50289,Easy,
2026-06-26T19:25:29,1603.909,active,1,AF7+AF8,1296.2,756.8,74.55,128.81,76.647,-0.091327,-0.29577,-0.45134,0.49774,0.49534,0.51648,Easy,
2026-06-26T19:25:30,1604.921,active,1,AF7+AF8,2167.4,1176.1,127.55,106.92,78.628,0.062127,-0.26493,-0.49986,0.49449,0.48753,0.53107,Easy,
2026-06-26T19:25:31,1605.928,active,1,AF7+AF8,1867.2,390.43,105.92,85.824,63.721,-0.23112,-0.27726,-0.53485,0.49129,0.48448,0.52803,Easy,
2026-06-26T19:25:32,1606.935,active,1,AF7+AF8,609.5,131.38,57.111,69.633,41.835,-0.32322,-0.30581,-0.57808,0.48826,0.48252,0.5244,Easy,
2026-06-26T19:25:33,1607.938,active,1,AF7+AF8,545.18,188.93,58.727,70.881,33.157,-0.30151,-0.30488,-0.59627,0.4853,0.4802,0.52153,Easy,
2026-06-26T19:25:34,1608.943,active,1,AF7+AF8,527.78,179.88,75.621,76.919,44.026,-0.30474,-0.2951,-0.59727,0.48254,0.4782,0.5188,Easy,
2026-06-26T19:25:35,1609.948,active,1,AF7+AF8,353.57,79.291,88.726,69.674,56.693,-0.34249,-0.28759,-0.56942,0.48042,0.47742,0.51572,Easy,
2026-06-26T19:25:36,1610.954,active,1,AF7+AF8,295.35,93.432,66.129,64.983,44.511,-0.3376,-0.30061,-0.56598,0.47879,0.4767,0.51328,Easy,
2026-06-26T19:25:37,1611.962,active,1,AF7+AF8,295.72,192.51,50.124,78.212,40.595,-0.3,-0.30986,-0.58855,0.47716,0.47518,0.51183,Easy,
2026-06-26T19:25:38,1612.972,active,1,AF7+AF8,721.03,280.37,68.368,77.447,30.525,-0.26687,-0.29942,-0.60795,0.47529,0.47305,0.5109,Easy,
2026-06-26T19:25:39,1613.979,active,1,AF7+AF8,361.32,121.12,47.074,52.217,21.806,-0.32654,-0.31171,-0.62232,0.4736,0.47186,0.50937,Easy,
2026-06-26T19:25:40,1614.981,active,1,AF7+AF8,241.54,142.37,53.205,68.355,20.268,-0.32175,-0.30803,-0.62061,0.47209,0.47076,0.50804,Easy,
2026-06-26T19:25:41,1615.982,active,1,AF7+AF8,518.01,189.97,56.255,73.258,22.777,-0.30411,-0.30626,-0.60899,0.47091,0.46971,0.50711,Easy,
2026-06-26T19:25:42,1616.987,active,1,AF7+AF8,460.1,246.31,82.872,73.027,35.718,-0.28083,-0.29095,-0.59826,0.4698,0.46859,0.50641,Easy,
2026-06-26T19:25:43,1617.993,active,1,AF7+AF8,431.47,174.37,72.324,65.254,33.646,-0.31163,-0.29685,-0.61169,0.46871,0.46787,0.50542,Easy,
2026-06-26T19:25:44,1619.020,active,1,AF7+AF8,473.09,120.62,49.116,36.908,20.89,-0.33086,-0.31024,-0.6336,0.46762,0.46719,0.50446,Easy,
2026-06-26T19:25:45,1620.026,active,1,AF7+AF8,199.47,117.61,33.233,28.912,23.487,-0.32852,-0.31959,-0.63621,0.46677,0.46652,0.50379,Easy,
2026-06-26T19:25:46,1621.031,active,1,AF7+AF8,235.13,138.94,29.044,30.796,25.173,-0.32128,-0.32197,-0.63354,0.46609,0.46586,0.50334,Easy,
2026-06-26T19:25:47,1622.036,active,1,AF7+AF8,152.64,89.611,17.884,35.033,18.265,-0.33897,-0.32843,-0.6282,0.46567,0.46563,0.50278,Easy,
2026-06-26T19:25:48,1623.042,active,1,AF7+AF8,97.767,39.508,13.955,27.325,13.855,-0.3575,-0.33074,-0.64286,0.46512,0.46548,0.50205,Easy,
2026-06-26T19:25:49,1624.048,active,1,AF7+AF8,241.01,83.165,23.138,35.938,13.79,-0.34285,-0.32536,-0.63654,0.46465,0.46523,0.50154,Easy,
2026-06-26T19:25:50,1625.051,active,1,AF7+AF8,569.98,195.39,35.082,81.099,16.789,-0.29934,-0.31855,-0.61322,0.46448,0.4647,0.50206,Easy,
2026-06-26T19:25:51,1626.060,active,1,AF7+AF8,623.74,185.09,33.616,72.848,18.011,-0.30256,-0.31942,-0.62487,0.46417,0.46411,0.50209,Easy,
2026-06-26T19:25:52,1627.066,active,1,AF7+AF8,188.45,57.486,19.488,41.805,13.504,-0.35049,-0.32755,-0.64023,0.46379,0.46408,0.50149,Easy,
2026-06-26T19:25:53,1628.071,active,1,AF7+AF8,226.96,56.062,26.51,41.159,12.926,-0.35257,-0.32337,-0.62767,0.46358,0.46503,0.50088,Easy,
2026-06-26T19:25:54,1629.077,active,1,AF7+AF8,247.5,85.722,28.063,33.003,17.807,-0.34101,-0.32249,-0.63166,0.46332,0.46488,0.50049,Easy,
2026-06-26T19:25:55,1630.083,active,1,AF7+AF8,251.75,84.129,28.944,30.932,22.853,-0.34222,-0.32209,-0.63429,0.46305,0.46472,0.50013,Easy,
2026-06-26T19:25:56,1631.089,active,1,AF7+AF8,432.07,77.705,35.681,49.599,37.057,-0.34736,-0.31807,-0.61333,0.46311,0.46597,0.49968,Easy,
2026-06-26T19:25:57,1632.090,active,1,AF7+AF8,239.69,95.017,34.108,47.305,29.333,-0.33854,-0.31899,-0.62805,0.46291,0.46572,0.49942,Easy,
2026-06-26T19:25:58,1633.095,active,1,AF7+AF8,176.21,76.303,15.902,33.891,18.556,-0.34606,-0.32947,-0.62764,0.4629,0.46561,0.49924,Easy,
2026-06-26T19:25:59,1634.101,active,1,AF7+AF8,169.63,94.516,20.095,33.555,17.347,-0.33949,-0.32695,-0.63237,0.46278,0.46536,0.49915,Easy,
2026-06-26T19:26:00,1635.103,active,1,AF7+AF8,231.28,169.95,36.861,34.265,17.23,-0.30951,-0.31736,-0.63703,0.46246,0.46461,0.50025,Easy,
2026-06-26T19:26:01,1636.110,active,1,AF7+AF8,169.73,102.77,36.732,34.923,18.065,-0.33392,-0.31761,-0.64189,0.46211,0.46425,0.49997,Easy,
2026-06-26T19:26:02,1637.112,active,1,AF7+AF8,181.39,49.014,27.757,34.847,17.55,-0.3547,-0.32271,-0.63991,0.46191,0.46434,0.4995,Easy,
2026-06-26T19:26:03,1638.117,active,1,AF7+AF8,520.78,101.6,37.918,40.002,17.845,-0.3358,-0.31681,-0.62214,0.46191,0.46434,0.49927,Easy,
2026-06-26T19:26:04,1639.124,active,1,AF7+AF8,756,89.713,39.256,43.486,17.855,-0.33984,-0.31615,-0.62702,0.46183,0.46431,0.499,Easy,
2026-06-26T19:26:05,1640.129,active,1,AF7+AF8,343.51,62.799,27.068,48.698,23.09,-0.3498,-0.32316,-0.58541,0.46509,0.46808,0.49872,Easy,
2026-06-26T19:26:06,1641.133,active,1,AF7+AF8,88.717,65.074,28,36.438,19.307,-0.34873,-0.32258,-0.61999,0.46483,0.46784,0.49848,Easy,
2026-06-26T19:26:07,1642.137,active,1,AF7+AF8,60.558,51.201,22.415,24.156,16.725,-0.3534,-0.32577,-0.64656,0.46425,0.46731,0.49825,Easy,
2026-06-26T19:26:08,1643.142,active,1,AF7+AF8,158.06,76.993,25.317,28.118,13.078,-0.34341,-0.32412,-0.63325,0.46391,0.4669,0.49817,Easy,
2026-06-26T19:26:09,1644.148,active,1,AF7+AF8,1478.9,195.22,89.81,98.12,30.275,-0.30036,-0.2868,-0.52477,0.46774,0.46994,0.49825,Easy,
2026-06-26T19:26:10,1645.153,active,1,AF7+AF8,2621.4,347.35,82.105,111.42,29.037,-0.24575,-0.2911,-0.51618,0.47023,0.4695,0.5027,Easy,
2026-06-26T19:26:11,1646.160,active,1,AF7+AF8,716.09,265.06,59.606,72.094,18.836,-0.28411,-0.30363,-0.58307,0.46962,0.46868,0.50267,Easy,
2026-06-26T19:26:12,1647.166,active,1,AF7+AF8,7116.7,1234.4,296.32,179.79,94.782,-0.06503,-0.15934,-0.17341,0.48679,0.47935,0.50814,Easy,
2026-06-26T19:26:13,1648.172,active,1,AF7+AF8,45764,6055,1438.1,791.19,501.99,1.1004,0.53628,2.1527,0.60976,0.56889,0.54529,Easy,
2026-06-26T19:26:14,1649.176,active,1,AF7+AF8,22000,3036.7,727.7,471.62,234.44,0.49089,0.09806,0.55772,0.60345,0.56163,0.54748,Easy,
2026-06-26T19:26:15,1650.182,active,1,AF7+AF8,12993,3019.7,638.92,550.25,117.44,0.75472,0.029143,-0.31754,0.58585,0.53852,0.57282,Easy,
2026-06-26T19:26:16,1651.185,active,1,AF7+AF8,10437,1964.8,448.4,374.69,109.53,0.36072,-0.080584,-0.36703,0.57126,0.5231,0.57068,Easy,
2026-06-26T19:26:17,1652.191,active,1,AF7+AF8,710.79,186.66,92.324,121.02,68.26,-0.30444,-0.28554,-0.4584,0.56012,0.51802,0.56191,Easy,
2026-06-26T19:26:18,1653.196,active,1,AF7+AF8,1811.7,170.34,122,152.99,101.74,-0.30895,-0.26838,-0.39177,0.55105,0.51462,0.55387,Easy,
2026-06-26T19:26:19,1654.203,active,1,AF7+AF8,4492.1,653.23,190.85,221.32,189.31,-0.13078,-0.22856,-0.19826,0.54538,0.51185,0.54888,Easy,
2026-06-26T19:26:20,1655.206,active,1,AF7+AF8,2565.2,559.68,105.57,185.67,177.1,-0.17031,-0.27778,-0.22092,0.54079,0.50967,0.54462,Easy,
2026-06-26T19:26:21,1656.213,active,1,AF7+AF8,747.62,244.75,92.937,147.51,97.012,-0.28706,-0.2851,-0.37851,0.53449,0.50714,0.53924,Easy,
2026-06-26T19:26:22,1657.216,active,1,AF7+AF8,674.81,304.88,66.251,113.35,52.613,-0.26172,-0.30049,-0.41777,0.52859,0.50394,0.53511,Easy,
2026-06-26T19:26:23,1658.221,active,1,AF7+AF8,494.94,147.7,24.124,88.967,45.128,-0.3175,-0.32486,-0.46985,0.52299,0.50118,0.53101,Easy,
2026-06-26T19:26:24,1659.224,active,1,AF7+AF8,475.73,73.813,36.428,75.448,38.854,-0.34552,-0.31779,-0.53342,0.517,0.49823,0.52687,Easy,
2026-06-26T19:26:25,1660.231,active,1,AF7+AF8,1127.4,77.287,139.49,144.83,46.938,-0.34425,-0.25846,-0.51273,0.51115,0.49591,0.52236,Easy,
2026-06-26T19:26:26,1661.237,active,1,AF7+AF8,548.31,119.54,101.32,129.42,38.438,-0.32897,-0.2804,-0.51892,0.50624,0.49356,0.51895,Easy,
2026-06-26T19:26:27,1662.246,active,1,AF7+AF8,235.07,206.69,46.232,72.447,33.565,-0.29525,-0.31214,-0.55745,0.50181,0.4904,0.51693,Easy,
2026-06-26T19:26:28,1663.251,active,1,AF7+AF8,405.69,358.31,45.348,72.087,35.692,-0.23763,-0.31263,-0.56393,0.49783,0.48667,0.51602,Easy,
2026-06-26T19:26:29,1664.257,active,1,AF7+AF8,166.77,165.67,18.41,55.254,42.002,-0.30979,-0.32812,-0.55759,0.49465,0.48456,0.51437,Easy,
2026-06-26T19:26:30,1665.263,active,1,AF7+AF8,92.371,105.6,20.983,63.697,36.258,-0.33248,-0.32666,-0.53189,0.49222,0.48342,0.51256,Easy,
2026-06-26T19:26:31,1666.268,active,1,AF7+AF8,366.02,126.8,32.185,63.774,32.492,-0.32435,-0.32019,-0.57693,0.48931,0.48163,0.51099,Easy,
2026-06-26T19:26:32,1667.274,active,1,AF7+AF8,174.43,123.55,56.474,66.499,27.775,-0.32699,-0.30623,-0.58666,0.48639,0.47994,0.50936,Easy,
2026-06-26T19:26:33,1668.279,active,1,AF7+AF8,554.59,158.71,102.44,90.021,25.817,-0.31975,-0.27969,-0.55876,0.48385,0.47877,0.50764,Easy,
2026-06-26T19:26:34,1669.287,active,1,AF7+AF8,902.34,121.61,143.76,124.96,39.107,-0.32968,-0.25588,-0.54261,0.48149,0.47813,0.50561,Easy,
2026-06-26T19:26:35,1670.296,active,1,AF7+AF8,413.49,197.47,78.19,130.13,38.018,-0.30075,-0.29361,-0.52056,0.48031,0.47746,0.50483,Easy,
2026-06-26T19:26:36,1671.304,active,1,AF7+AF8,179.8,202.56,53.145,83.98,23.382,-0.29839,-0.30806,-0.58872,0.47847,0.47581,0.5044,Easy,
2026-06-26T19:26:37,1672.307,active,1,AF7+AF8,154.98,93.719,32.609,49.03,22.192,-0.33681,-0.31997,-0.62169,0.47654,0.47445,0.50362,Easy,
2026-06-26T19:26:38,1673.313,active,1,AF7+AF8,196.95,189.95,29.334,34.406,17.904,-0.30068,-0.32191,-0.63546,0.47466,0.47251,0.5035,Easy,
2026-06-26T19:26:39,1674.318,active,1,AF7+AF8,210.73,141.65,41.819,30.018,19.165,-0.32199,-0.31449,-0.62845,0.473,0.47122,0.50297,Easy,
2026-06-26T19:26:40,1675.323,active,1,AF7+AF8,360.97,135.56,69.42,60.514,30.099,-0.33047,-0.29821,-0.60202,0.47169,0.4706,0.50213,Easy,
2026-06-26T19:26:41,1676.332,active,1,AF7+AF8,552.82,195.89,74.257,78.789,37.058,-0.30613,-0.29574,-0.58111,0.47082,0.47001,0.50172,Easy,
2026-06-26T19:26:42,1677.338,active,1,AF7+AF8,698.29,259.88,115.05,84.463,33.523,-0.28216,-0.27223,-0.5792,0.46972,0.46916,0.50136,Easy,
2026-06-26T19:26:43,1678.343,active,1,AF7+AF8,571.31,404.04,81.008,79.298,22.846,-0.24493,-0.29159,-0.58748,0.46892,0.46774,0.50404,Easy,
2026-06-26T19:26:44,1679.348,active,1,AF7+AF8,470.22,284.09,53.091,73.741,25.959,-0.27775,-0.30791,-0.58163,0.46855,0.46706,0.50401,Easy,
2026-06-26T19:26:45,1680.354,active,1,AF7+AF8,203.43,85.486,44.644,89.05,32.603,-0.34162,-0.31289,-0.55061,0.46961,0.47116,0.5031,Easy,
2026-06-26T19:26:46,1681.359,active,1,AF7+AF8,383.69,185.46,63.672,112.9,28.475,-0.3078,-0.30156,-0.52936,0.47078,0.47187,0.50263,Easy,
2026-06-26T19:26:47,1682.367,active,1,AF7+AF8,759.48,277.15,82.568,58.6,21.187,-0.27446,-0.29097,-0.60194,0.46963,0.47034,0.50257,Easy,
2026-06-26T19:26:48,1683.372,active,1,AF7+AF8,561.62,259.19,77.256,64.39,25.281,-0.28203,-0.29397,-0.59681,0.46874,0.46919,0.50244,Easy,
2026-06-26T19:26:49,1684.381,active,1,AF7+AF8,276.78,123.89,40.982,56.746,26.404,-0.32961,-0.31495,-0.59018,0.46837,0.46898,0.50192,Easy,
2026-06-26T19:26:50,1685.388,active,1,AF7+AF8,380.44,194.6,43.532,42.28,20.821,-0.30593,-0.31343,-0.60615,0.46778,0.46821,0.50181,Easy,
2026-06-26T19:26:51,1686.396,active,1,AF7+AF8,326.74,192.49,48.171,39.102,14.028,-0.30605,-0.31082,-0.61107,0.46715,0.46746,0.50166,Easy,
2026-06-26T19:26:52,1687.400,active,1,AF7+AF8,257.57,114.35,35.851,52.388,21.649,-0.33582,-0.31783,-0.59696,0.46692,0.46745,0.50119,Easy,
2026-06-26T19:26:53,1688.404,active,1,AF7+AF8,741.79,134.21,76.56,72.007,25.613,-0.32961,-0.29421,-0.59315,0.46641,0.46741,0.50052,Easy,
2026-06-26T19:26:54,1689.405,active,1,AF7+AF8,656.51,129.38,80.629,100.38,31.014,-0.32656,-0.29206,-0.58792,0.46601,0.46741,0.49994,Easy,
2026-06-26T19:26:55,1690.412,active,1,AF7+AF8,622.52,201.92,85.515,98.564,26.927,-0.29864,-0.28921,-0.58884,0.4656,0.46697,0.4998,Easy,
2026-06-26T19:26:56,1691.419,active,1,AF7+AF8,746.4,183.14,59.581,65.598,22.72,-0.30736,-0.30411,-0.60106,0.46528,0.46654,0.49978,Easy,
2026-06-26T19:26:57,1692.425,active,1,AF7+AF8,750.99,165.82,57.916,65.536,22.843,-0.31817,-0.305,-0.5903,0.46518,0.46648,0.49961,Easy,
2026-06-26T19:26:58,1693.431,active,1,AF7+AF8,890.23,244.59,62.499,75.872,28.709,-0.29516,-0.30244,-0.59089,0.46504,0.46607,0.50039,Easy,
2026-06-26T19:26:59,1694.437,active,1,AF7+AF8,668.48,250.35,42.939,90.93,24.03,-0.29286,-0.31375,-0.601,0.46493,0.46553,0.50172,Easy,
2026-06-26T19:27:00,1695.443,active,1,AF7+AF8,535.94,304.45,44.174,68.942,14.529,-0.26985,-0.31302,-0.62225,0.46451,0.46439,0.50393,Easy,
2026-06-26T19:27:01,1696.449,active,1,AF7+AF8,737.37,146.85,42.326,53.695,16.48,-0.32321,-0.31404,-0.62904,0.46405,0.46409,0.50332,Easy,
2026-06-26T19:27:02,1697.457,active,1,AF7+AF8,898.21,133.67,40.835,54.111,20.802,-0.32786,-0.31494,-0.61445,0.46388,0.46418,0.50273,Easy,
2026-06-26T19:27:03,1698.459,active,1,AF7+AF8,989.4,235.78,87.034,52.061,22.939,-0.30491,-0.28813,-0.61826,0.46328,0.46379,0.50215,Easy,
2026-06-26T19:27:04,1699.465,active,1,AF7+AF8,969.59,251.84,84.702,46.97,16.643,-0.30172,-0.28947,-0.61631,0.46279,0.46342,0.50171,Easy,
2026-06-26T19:27:05,1700.473,active,1,AF7+AF8,703.61,135.37,70.573,56.279,18.942,-0.33365,-0.29788,-0.62206,0.4624,0.46378,0.50096,Easy,
2026-06-26T19:27:06,1701.482,active,1,AF7+AF8,428.19,197.53,84.215,98.117,30.244,-0.30431,-0.29015,-0.60371,0.46222,0.46364,0.50064,Easy,
2026-06-26T19:27:07,1702.487,active,1,AF7+AF8,894.43,414.57,123.16,81.138,39.778,-0.22858,-0.26758,-0.59698,0.46183,0.46249,0.50318,Easy,
2026-06-26T19:27:08,1703.493,active,1,AF7+AF8,471.38,303.29,60.813,31.965,19.476,-0.26727,-0.3035,-0.64049,0.46136,0.46141,0.50399,Easy,
2026-06-26T19:27:09,1704.501,active,1,AF7+AF8,91.857,111.17,15.712,41.063,12.566,-0.33173,-0.32968,-0.63496,0.46169,0.46187,0.50348,Easy,
2026-06-26T19:27:10,1705.508,active,1,AF7+AF8,213.61,93.168,29.192,68.5,29.39,-0.34193,-0.32194,-0.60145,0.46375,0.46531,0.50276,Easy,
2026-06-26T19:27:11,1706.511,active,1,AF7+AF8,520.15,173.36,49.934,110.19,32.214,-0.3196,-0.30973,-0.57203,0.46586,0.46722,0.50228,Easy,
2026-06-26T19:27:12,1707.519,active,1,AF7+AF8,574.48,222.35,52.04,64.504,18.211,-0.29897,-0.30845,-0.61662,0.46534,0.4664,0.50215,Easy,
2026-06-26T19:27:13,1708.526,active,1,AF7+AF8,545.3,337.47,39.556,38.375,18.94,-0.24878,-0.31593,-0.63423,0.46473,0.46466,0.5059,Easy,
2026-06-26T19:27:14,1709.530,active,1,AF7+AF8,821.35,207.57,81.515,50.368,24.397,-0.2991,-0.29169,-0.62039,0.46405,0.4641,0.50508,Easy,
2026-06-26T19:27:15,1710.535,active,1,AF7+AF8,817.78,195.31,107.86,60.444,35.385,-0.30113,-0.27653,-0.60063,0.46351,0.46392,0.5041,Easy,
2026-06-26T19:27:16,1711.541,active,1,AF7+AF8,463.87,267.52,96.937,50.378,20.569,-0.27282,-0.28284,-0.63245,0.46266,0.46287,0.50376,Easy,
2026-06-26T19:27:17,1712.543,active,1,AF7+AF8,336.34,305.19,95.982,53.283,11.075,-0.2604,-0.28334,-0.62816,0.46198,0.46182,0.50365,Easy,
2026-06-26T19:27:18,1713.548,active,1,AF7+AF8,256.39,120.8,33.085,39.424,13.494,-0.33271,-0.31941,-0.63493,0.46182,0.46211,0.50301,Easy,
2026-06-26T19:27:19,1714.552,active,1,AF7+AF8,222.52,70.354,24.724,38.43,11.753,-0.34762,-0.32445,-0.639,0.46169,0.46303,0.5023,Easy,
2026-06-26T19:27:20,1715.557,active,1,AF7+AF8,388.28,198.36,31.954,45.294,12.027,-0.30097,-0.32025,-0.63396,0.46159,0.46248,0.50237,Easy,
2026-06-26T19:27:21,1716.560,active,1,AF7+AF8,451.88,193.29,51.369,58.281,21.276,-0.30377,-0.30905,-0.62219,0.46151,0.46222,0.50216,Easy,
2026-06-26T19:27:22,1717.564,active,1,AF7+AF8,315.25,115.11,57.566,58.746,20.299,-0.3334,-0.30551,-0.6237,0.46137,0.46315,0.50148,Easy,
2026-06-26T19:27:23,1718.569,active,0,,,,,,,,,,,,,Easy,
2026-06-26T19:27:24,1719.576,active,0,,,,,,,,,,,,,Easy,
2026-06-26T19:27:25,1720.583,active,0,,,,,,,,,,,,,Easy,
2026-06-26T19:27:26,1721.587,active,0,,,,,,,,,,,,,Easy,
2026-06-26T19:27:27,1722.591,active,1,AF7+AF8,4599.5,4562,1741.6,798.03,131.96,0.6342,0.73135,2.7588,0.6248,0.63114,0.49985,Easy,
2026-06-26T19:27:28,1723.597,active,1,AF7+AF8,176.25,37.908,17.605,49.381,32.366,-0.36088,-0.3283,-0.58376,0.606,0.61206,0.49938,Easy,
2026-06-26T19:27:30,1724.600,active,1,AF7+AF8,676.12,130.55,40.016,95.119,68.328,-0.33323,-0.31488,-0.428,0.59158,0.5972,0.49918,Easy,
2026-06-26T19:27:31,1725.605,active,1,AF7+AF8,520.21,155.33,40.765,84.811,76.782,-0.32115,-0.31452,-0.41178,0.57913,0.58417,0.49918,Easy,
2026-06-26T19:27:32,1726.610,active,1,AF7+AF8,1256.5,1522.8,375.9,268.83,87.707,-0.064173,-0.10845,0.68519,0.59041,0.58922,0.50299,Easy,
2026-06-26T19:27:33,1727.624,active,1,AF7+AF8,30462,18148,7839.2,3141.9,2421.7,3.0556,4.4939,17.034,0.83503,0.83514,0.48194,Easy,
2026-06-26T19:27:34,1728.632,active,1,AF7+AF8,1.0626e+05,35242,12660,5407.7,6592.4,6.2763,7.4681,29.975,0.934,0.93405,0.46674,Easy,
2026-06-26T19:27:35,1729.638,active,1,AF7+AF8,91518,22705,3182.9,1898,1633.9,4.0649,1.6167,6.8949,0.93392,0.91851,0.65037,Easy,
2026-06-26T19:27:36,1730.645,active,1,AF7+AF8,52488,13706,1423.7,4167.6,472.24,2.7296,0.50662,3.5059,0.91996,0.87979,0.71159,Easy,
2026-06-26T19:27:37,1731.653,active,1,AF7+AF8,21401,4933.5,840.56,2117.3,289.37,0.92886,0.15924,1.2979,0.88619,0.83974,0.6976,Easy,
2026-06-26T19:27:38,1732.658,active,1,AF8,29769,2436.5,304.08,171.52,81.513,0.21678,-0.049566,0.23988,0.84418,0.79931,0.67788,Easy,
2026-06-26T19:27:39,1733.664,active,1,AF8,8011.2,554.84,66.072,90.405,51.68,-0.13258,-0.19658,-0.24025,0.80223,0.76178,0.65749,Easy,
2026-06-26T19:27:40,1734.670,active,1,AF8,167.54,124.09,26.743,71.635,69.778,-0.21255,-0.22087,-0.35135,0.764,0.72829,0.63872,Easy,
2026-06-26T19:27:41,1735.676,active,1,AF8,78.543,53.429,13.613,73.028,87.499,-0.22567,-0.22898,-0.34311,0.73061,0.69913,0.62212,Easy,
2026-06-26T19:27:42,1736.684,active,1,AF7+AF8,2770,287.93,154.41,136.3,131.68,-0.26481,-0.24984,-0.44691,0.69998,0.67251,0.60724,Easy,
2026-06-26T19:27:43,1737.689,active,1,AF7+AF8,364.38,294.74,62.38,101.08,109.9,-0.26296,-0.30271,-0.38104,0.67481,0.65003,0.59497,Easy,
2026-06-26T19:27:44,1738.694,active,1,AF7+AF8,260.11,126.53,35.44,104.03,106.53,-0.32511,-0.31823,-0.41286,0.65242,0.63071,0.58347,Easy,
2026-06-26T19:27:45,1739.701,active,1,AF7+AF8,169.93,63.484,23.191,80.64,63.232,-0.35053,-0.32524,-0.51523,0.63128,0.61256,0.57308,Easy,
2026-06-26T19:27:46,1740.705,active,1,AF7+AF8,930.54,451.43,80.974,100.29,36.003,-0.2087,-0.29179,-0.55779,0.61154,0.59383,0.56555,Easy,
2026-06-26T19:27:47,1741.711,active,1,AF7+AF8,1645.8,574.13,219.22,99.241,33.314,-0.16079,-0.21243,-0.57071,0.5928,0.57644,0.55846,Easy,
2026-06-26T19:27:48,1742.717,active,1,AF7+AF8,1047,285.14,148.83,90.298,46.571,-0.27068,-0.25294,-0.53811,0.57739,0.56326,0.55118,Easy,
2026-06-26T19:27:49,1743.724,active,1,AF7+AF8,3630,624.14,200.49,114.45,65.213,-0.14688,-0.22285,-0.46897,0.56442,0.55085,0.54618,Easy,
2026-06-26T19:27:50,1744.728,active,1,AF7+AF8,3403.3,554.81,177.42,98.201,62.921,-0.17002,-0.23615,-0.4663,0.55324,0.54031,0.54163,Easy,
2026-06-26T19:27:51,1745.736,active,1,AF7+AF8,785.92,442.15,122.03,73.189,35.883,-0.21008,-0.26834,-0.54251,0.54274,0.5305,0.53751,Easy,
2026-06-26T19:27:52,1746.745,active,1,AF7+AF8,1648.6,340.95,151.55,78.744,29.022,-0.24551,-0.25152,-0.58031,0.53269,0.52183,0.5331,Easy,
2026-06-26T19:27:53,1747.750,active,1,AF7+AF8,981.54,233.51,79.007,75.291,30.998,-0.28525,-0.29327,-0.59012,0.52433,0.51465,0.52924,Easy,
2026-06-26T19:27:54,1748.756,active,1,AF7+AF8,936.18,244.09,77.017,81.057,27.891,-0.28207,-0.29434,-0.59596,0.51689,0.50819,0.52592,Easy,
2026-06-26T19:27:55,1749.758,active,1,AF7+AF8,1481.3,193.13,82.901,86.086,30.255,-0.30118,-0.29093,-0.58519,0.51046,0.50295,0.52265,Easy,
2026-06-26T19:27:56,1750.765,active,1,AF7+AF8,2736.7,171.43,108.88,139.7,37.784,-0.30977,-0.27591,-0.53561,0.50531,0.49922,0.51943,Easy,
2026-06-26T19:27:57,1751.771,active,1,AF7+AF8,588.84,143.81,77.917,63.967,27.277,-0.31852,-0.29382,-0.60118,0.50007,0.49508,0.51673,Easy,
2026-06-26T19:27:58,1752.779,active,1,AF7+AF8,300.07,85.39,34.479,51.093,23.626,-0.34032,-0.31883,-0.6169,0.4956,0.49153,0.5144,Easy,
2026-06-26T19:27:59,1753.785,active,1,AF7+AF8,428.05,84.886,51.82,58.551,20.326,-0.34091,-0.30884,-0.62351,0.49142,0.48831,0.51219,Easy,
2026-06-26T19:28:00,1754.791,active,1,AF7+AF8,747.38,157.55,59.601,44.222,19.013,-0.31346,-0.30437,-0.63154,0.48755,0.48495,0.51059,Easy,
2026-06-26T19:28:01,1755.793,active,1,AF7+AF8,324.47,112.96,27.777,31.348,22.254,-0.3298,-0.32269,-0.63689,0.48434,0.48216,0.50921,Easy,
2026-06-26T19:28:02,1756.797,active,1,AF7+AF8,114.18,99.339,32.055,33.515,17.992,-0.33478,-0.32028,-0.63682,0.48148,0.47978,0.50789,Easy,
2026-06-26T19:28:03,1757.806,active,1,AF7+AF8,134.13,84.605,33.127,44.747,13.752,-0.34048,-0.31969,-0.62909,0.47907,0.47788,0.50663,Easy,
2026-06-26T19:28:04,1758.814,active,1,AF7+AF8,304.63,117.43,44.503,43.515,20.669,-0.32907,-0.31303,-0.6237,0.47693,0.47613,0.50559,Easy,
2026-06-26T19:28:05,1759.821,active,1,AF7+AF8,361.65,163.68,48.258,52.718,23.481,-0.31159,-0.31088,-0.60866,0.47524,0.47454,0.50491,Easy,
2026-06-26T19:28:06,1760.830,active,1,AF7+AF8,488.39,397.8,205.54,103.26,62.951,-0.22565,-0.22033,-0.53768,0.47346,0.47293,0.50424,Easy,
2026-06-26T19:28:07,1761.832,active,1,AF7+AF8,1871.2,785.26,372.27,178.69,95.802,-0.083023,-0.12432,-0.41802,0.47225,0.47116,0.50479,Easy,
2026-06-26T19:28:08,1762.838,active,1,AF7+AF8,2440.3,371.11,123.87,119.29,84.776,-0.24027,-0.26721,-0.41743,0.47764,0.47519,0.50462,Easy,
2026-06-26T19:28:09,1763.842,active,1,AF7+AF8,1462.6,385.93,128.13,225.24,202.68,-0.2334,-0.26474,-0.38963,0.48169,0.47836,0.50454,Easy,
2026-06-26T19:28:10,1764.853,baseline_rest,1,AF7+AF8,29713,3683.8,1046.8,1637.8,1386.5,,,,,,,Easy,
2026-06-26T19:28:11,1765.861,baseline_rest,1,AF7+AF8,34520,3091.5,770.92,962.82,796.26,,,,,,,Easy,
2026-06-26T19:28:12,1766.874,baseline_rest,1,AF7+AF8,2628.6,442.98,80.069,160.37,94.795,,,,,,,Easy,
2026-06-26T19:28:13,1767.878,baseline_rest,1,AF7+AF8,370.85,296.49,49.656,126.69,35.136,,,,,,,Easy,
2026-06-26T19:28:14,1768.886,baseline_rest,1,AF7+AF8,246.71,254.93,45.475,170.44,44.154,,,,,,,Easy,
2026-06-26T19:28:15,1769.891,baseline_rest,1,AF7+AF8,468.74,170.84,48.302,158.92,60.335,,,,,,,Easy,
2026-06-26T19:28:16,1770.895,baseline_rest,1,AF7+AF8,657.11,232.65,54.074,153.22,185.59,,,,,,,Easy,
2026-06-26T19:28:17,1771.902,baseline_rest,1,AF7+AF8,341.47,129.85,67.717,123.85,121.48,,,,,,,Easy,
2026-06-26T19:28:18,1772.909,baseline_rest,1,AF7+AF8,130.5,64.778,40.815,76.536,35.418,,,,,,,Easy,
2026-06-26T19:28:19,1773.915,baseline_rest,1,AF7+AF8,85.549,59.229,24.802,65.179,33.788,,,,,,,Easy,
2026-06-26T19:28:20,1774.918,baseline_rest,1,AF7+AF8,98.169,65.953,23.928,67.168,58.369,,,,,,,Easy,
2026-06-26T19:28:21,1775.925,baseline_rest,1,AF7+AF8,118.37,51.968,37.762,90.713,144.79,,,,,,,Easy,
2026-06-26T19:28:22,1776.930,baseline_rest,1,AF7+AF8,271.23,96.893,63.507,77.255,83.772,,,,,,,Easy,
2026-06-26T19:28:23,1777.935,baseline_rest,1,AF7+AF8,163.82,98.932,35.088,64.244,48.578,,,,,,,Easy,
2026-06-26T19:28:24,1778.944,baseline_rest,1,AF7+AF8,52.682,59.875,17.317,54.438,35.108,,,,,,,Easy,
2026-06-26T19:28:25,1779.955,baseline_rest,1,AF7+AF8,89.569,55.139,23.158,67.667,35.409,,,,,,,Easy,
2026-06-26T19:28:26,1780.965,baseline_rest,1,AF7+AF8,145.04,60.561,18.676,71.476,24.107,,,,,,,Easy,
2026-06-26T19:28:27,1781.972,baseline_rest,1,AF7+AF8,112.5,52.529,18.807,70.523,25.39,,,,,,,Easy,
2026-06-26T19:28:28,1782.978,baseline_rest,1,AF7+AF8,228.06,53.862,50.086,63.143,21.832,,,,,,,Easy,
2026-06-26T19:28:29,1783.983,baseline_rest,1,AF7+AF8,274.09,51.02,59.223,69.88,24.635,,,,,,,Easy,
2026-06-26T19:28:30,1784.987,idle,1,AF7+AF8,217.28,50.827,23.698,51.447,25.541,,,,,,,Easy,
2026-06-26T19:28:31,1785.988,idle,1,AF7+AF8,222.65,58.975,19.256,50.323,27.27,,,,,,,Easy,
2026-06-26T19:28:32,1786.996,baseline_active,1,AF7+AF8,230.92,86.531,21.747,70.512,32.72,,,,,,,Easy,
2026-06-26T19:28:33,1788.003,baseline_active,1,AF7+AF8,664.11,186.23,27.422,74.077,35.868,,,,,,,Easy,
2026-06-26T19:28:34,1789.008,baseline_active,1,AF7+AF8,1397.9,311.63,66.127,81.564,31.396,,,,,,,Easy,
2026-06-26T19:28:35,1790.015,baseline_active,1,AF7+AF8,694.59,218.87,76.035,82.88,27.245,,,,,,,Easy,
2026-06-26T19:28:36,1791.021,baseline_active,1,AF7+AF8,536.59,118.07,92.409,103.17,63.267,,,,,,,Easy,
2026-06-26T19:28:37,1792.023,baseline_active,1,AF7+AF8,379.74,75.624,62.613,87.045,57.052,,,,,,,Easy,
2026-06-26T19:28:38,1793.028,baseline_active,1,AF7+AF8,353.36,264.97,59.588,67.532,34.203,,,,,,,Easy,
2026-06-26T19:28:39,1794.038,baseline_active,1,AF7+AF8,614.85,426.75,63.674,58.867,36.865,,,,,,,Easy,
2026-06-26T19:28:40,1795.046,baseline_active,1,AF7+AF8,1071.4,389.51,39.256,50.294,31.813,,,,,,,Easy,
2026-06-26T19:28:41,1796.054,baseline_active,1,AF7+AF8,541.89,191.51,22.439,55.233,24.855,,,,,,,Easy,
2026-06-26T19:28:42,1797.062,baseline_active,1,AF7+AF8,1257.6,232.44,45.458,82.46,26.336,,,,,,,Easy,
2026-06-26T19:28:43,1798.067,baseline_active,1,AF7+AF8,1676,425.86,105.24,82.49,34.382,,,,,,,Easy,
2026-06-26T19:28:44,1799.073,baseline_active,1,AF7+AF8,2090.7,661.98,107.88,66.653,29.483,,,,,,,Easy,
2026-06-26T19:28:45,1800.078,baseline_active,1,AF7+AF8,1810.3,367.26,53.991,58.117,20.626,,,,,,,Easy,
2026-06-26T19:28:46,1801.081,baseline_active,1,AF7+AF8,823.15,205.5,38.637,52.519,22.818,,,,,,,Easy,
2026-06-26T19:28:47,1802.089,baseline_active,1,AF7+AF8,187.32,100.08,24.465,32.622,20.068,,,,,,,Easy,
2026-06-26T19:28:48,1803.093,baseline_active,1,AF7+AF8,157.71,89.856,20.508,37.358,22.963,,,,,,,Easy,
2026-06-26T19:28:49,1804.097,baseline_active,1,AF7+AF8,379.2,195.86,25.388,61.177,30.523,,,,,,,Easy,
2026-06-26T19:28:50,1805.102,baseline_active,1,AF7+AF8,514.23,162.5,28.321,67.208,32.633,,,,,,,Easy,
2026-06-26T19:28:51,1806.104,baseline_active,1,AF7+AF8,478.43,103.85,23.734,60.805,31.379,,,,,,,Easy,
2026-06-26T19:28:52,1807.110,baseline_active,1,AF7+AF8,142.5,95.32,29.513,57.447,24.996,,,,,,,Easy,
2026-06-26T19:28:53,1808.114,baseline_active,1,AF7+AF8,121.98,107.07,20.577,46.158,23.555,,,,,,,Easy,
2026-06-26T19:28:54,1809.119,baseline_active,1,AF7+AF8,131.77,75.575,13.595,35.781,22.906,,,,,,,Easy,
2026-06-26T19:28:55,1810.123,baseline_active,1,AF7+AF8,86.187,37.013,10.327,40.121,18.845,,,,,,,Easy,
2026-06-26T19:28:56,1811.128,baseline_active,1,AF7+AF8,65.241,19.15,10.02,38.466,19.542,,,,,,,Easy,
2026-06-26T19:28:57,1812.133,baseline_active,1,AF7+AF8,522.86,95.197,44.724,61.354,31.882,,,,,,,Easy,
2026-06-26T19:28:58,1813.154,baseline_active,1,AF7+AF8,1935.1,296.62,132.6,134.24,71.127,,,,,,,Easy,
2026-06-26T19:28:59,1814.159,baseline_active,1,AF7+AF8,633.04,168.19,45.561,102.25,64.967,,,,,,,Easy,
2026-06-26T19:29:00,1815.169,baseline_active,1,AF7+AF8,293.06,130.51,26.829,77.579,43.991,,,,,,,Easy,
2026-06-26T19:29:01,1816.172,baseline_active,1,AF7+AF8,158.66,81.269,26.576,60.905,33.865,,,,,,,Easy,
2026-06-26T19:29:02,1817.180,baseline_active,1,AF7+AF8,84.97,67.121,26.004,56.586,32.026,,,,,,,Easy,
2026-06-26T19:29:03,1818.188,baseline_active,1,AF7+AF8,153.27,92.636,36.119,52.727,28.366,,,,,,,Easy,
2026-06-26T19:29:04,1819.193,baseline_active,1,AF7+AF8,224.86,96.428,38.42,77.43,35.436,,,,,,,Easy,
2026-06-26T19:29:05,1820.195,baseline_active,1,AF7+AF8,142.39,85.408,30.597,105.8,43.621,,,,,,,Easy,
2026-06-26T19:29:06,1821.200,baseline_active,1,AF7+AF8,255.4,140.41,23.255,81.555,38.39,,,,,,,Easy,
2026-06-26T19:29:07,1822.208,baseline_active,1,AF7+AF8,230.74,100.78,31.582,61.155,32.506,,,,,,,Easy,
2026-06-26T19:29:08,1823.214,baseline_active,1,AF7+AF8,143.43,45.798,25.977,50.086,32.888,,,,,,,Easy,
2026-06-26T19:29:09,1824.224,baseline_active,1,AF7+AF8,108.65,42.801,29.779,48.195,27.376,,,,,,,Easy,
2026-06-26T19:29:10,1825.230,baseline_active,1,AF7+AF8,120.66,70.89,34.681,46.805,22.393,,,,,,,Easy,
2026-06-26T19:29:11,1826.237,baseline_active,1,AF7+AF8,235.45,84.02,38.133,43.825,16.747,,,,,,,Easy,
2026-06-26T19:29:12,1827.240,baseline_active,1,AF7+AF8,456.3,270.88,51.211,41.816,20.888,,,,,,,Easy,
2026-06-26T19:29:13,1828.244,baseline_active,1,AF7+AF8,669.32,318.99,54.252,64.199,34.51,,,,,,,Easy,
2026-06-26T19:29:14,1829.249,baseline_active,1,AF7+AF8,155.1,48.215,15.714,52.271,23.32,,,,,,,Easy,
2026-06-26T19:29:15,1830.255,baseline_active,1,AF7+AF8,69.922,33.154,10.476,48.223,25.707,,,,,,,Easy,
2026-06-26T19:29:16,1831.262,baseline_active,1,AF7+AF8,124.55,67.086,31.312,61.976,53.713,,,,,,,Easy,
2026-06-26T19:29:17,1832.267,baseline_active,1,AF7+AF8,15498,1544.8,1642.9,1276.1,2281.3,,,,,,,Easy,
2026-06-26T19:29:18,1833.274,baseline_active,1,AF7+AF8,42950,2880.4,2761.4,2103.7,3552,,,,,,,Easy,
2026-06-26T19:29:19,1834.278,active,1,AF7+AF8,12297,1602.8,593.09,618.28,515.86,1.2918,0.64202,3.5668,0.67982,0.64568,0.55012,Easy,
2026-06-26T19:29:20,1835.283,active,1,AF7+AF8,14911,4772.3,1110,2861,3029.7,4.8659,2.142,6.595,0.81349,0.68044,0.69769,Easy,
2026-06-26T19:29:21,1836.290,active,1,AF7+AF8,47436,6669.4,1928.9,3727.2,3479.3,7.5557,3.2711,9.2962,0.89728,0.69506,0.81605,Easy,
2026-06-26T19:29:22,1837.296,active,1,AF7+AF8,19974,2355.2,641.88,685.22,443.64,3.3861,1.8676,3.2682,0.8698,0.66988,0.79986,Easy,
2026-06-26T19:29:23,1838.303,active,1,AF7+AF8,1557.6,296.29,85.266,147.18,103.07,0.061823,0.64594,1.3937,0.83651,0.66877,0.75518,Easy,
2026-06-26T19:29:24,1839.313,active,1,AF7+AF8,419.01,123.13,51.275,149.26,124.97,-0.30708,0.15492,2.333,0.82591,0.74102,0.71766,Easy,
2026-06-26T19:29:25,1840.318,active,1,AF7+AF8,319.54,147.57,54.786,123.63,92.487,0.42268,0.052053,1.6298,0.80931,0.72967,0.69708,Easy,
2026-06-26T19:29:26,1841.323,active,1,AF7+AF8,387.74,103.64,50.346,82.537,45.579,-0.18642,-0.40692,0.53019,0.786,0.71275,0.67674,Easy,
2026-06-26T19:29:27,1842.329,active,1,AF7+AF8,261.56,97.157,41.057,67.081,37.747,-0.0073797,-0.36354,0.14866,0.75932,0.68956,0.66086,Easy,
2026-06-26T19:29:28,1843.333,active,1,AF7+AF8,362.3,103.99,41.209,65.173,28.085,1.3067,0.49959,0.19456,0.72364,0.65055,0.6535,Easy,
2026-06-26T19:29:29,1844.341,active,1,AF7+AF8,252.27,100.14,43.523,65.928,32.399,1.904,1.5014,0.32417,0.67964,0.60994,0.6411,Easy,
2026-06-26T19:29:30,1845.347,active,1,AF7+AF8,480.67,136.03,60.89,78.561,56.872,2.961,1.4421,0.42819,0.64319,0.56313,0.66518,Easy,
2026-06-26T19:29:31,1846.355,active,1,AF7+AF8,440.98,120.76,60.531,137.11,102.51,1.2928,0.5951,1.4141,0.63812,0.55738,0.65572,Easy,
2026-06-26T19:29:32,1847.361,active,1,AF7+AF8,167.95,63.097,27.012,126.51,75.848,-0.6972,-0.3431,1.437,0.68059,0.66938,0.63174,Easy,
2026-06-26T19:29:33,1848.364,active,1,AF7+AF8,187.74,38.786,40.239,79.005,43.473,-0.74904,-0.53249,0.71926,0.67711,0.67318,0.61268,Easy,
2026-06-26T19:29:34,1849.370,active,1,AF7+AF8,150.2,28.24,27.657,82.263,41.143,-0.66609,-0.41008,0.36697,0.66736,0.66756,0.59533,Easy,
2026-06-26T19:29:35,1850.373,active,1,AF7+AF8,196.99,34.969,21.938,75.351,28.201,-0.28397,-0.23842,0.043841,0.65151,0.65236,0.5832,Easy,
2026-06-26T19:29:36,1851.380,active,1,AF7+AF8,205.79,83.301,19.567,87.595,32.409,-0.14549,-0.29767,0.077484,0.63894,0.63742,0.5755,Easy,
2026-06-26T19:29:37,1852.385,active,1,AF7+AF8,126.14,87.867,22.948,78.873,39.168,-0.43308,-0.70776,-0.027298,0.63237,0.62699,0.57055,Easy,
2026-06-26T19:29:38,1853.391,active,1,AF7+AF8,137.22,76.513,23.411,102.81,50.011,-0.51144,-0.22024,0.39893,0.6257,0.62518,0.55773,Easy,
2026-06-26T19:29:39,1854.401,active,1,AF7+AF8,148.16,120.77,30.9,113.85,75.876,-0.60332,-0.079751,0.81239,0.62378,0.65203,0.54299,Easy,
2026-06-26T19:29:40,1855.404,active,1,AF7+AF8,203.79,112.7,35.011,84.876,65.056,-0.7424,-0.65612,0.58448,0.63969,0.65683,0.53654,Easy,
2026-06-26T19:29:41,1856.410,active,1,AF7+AF8,1887.6,1557.7,275.61,241.03,249.6,0.94016,-0.31762,1.6434,0.6922,0.64845,0.60596,Easy,
2026-06-26T19:29:42,1857.415,active,1,AF7+AF8,1697.8,1693.5,294.48,267.52,369.9,1.2092,0.16206,2.3747,0.72775,0.64764,0.61917,Easy,
2026-06-26T19:29:43,1858.423,active,1,AF7+AF8,157.76,139.3,27.426,130.72,198.56,-0.41949,0.36409,1.7355,0.72022,0.70667,0.59327,Easy,
2026-06-26T19:29:44,1859.428,active,1,AF7+AF8,319.62,123.85,36.707,201.32,267.61,0.20692,2.6504,4.3019,0.71725,0.81408,0.54939,Easy,
2026-06-26T19:29:45,1860.434,active,1,AF7+AF8,150.65,67.765,24.208,181.58,234.07,-0.23006,1.367,4.4812,0.78246,0.87366,0.5207,Easy,
2026-06-26T19:29:46,1861.440,active,1,AF7+AF8,121.33,76.122,17.555,143.74,214.35,-0.38851,0.72596,3.1226,0.78075,0.87114,0.50192,Easy,
2026-06-26T19:29:47,1862.445,active,1,AF7+AF8,49.607,33.722,9.9893,124.59,192.87,-0.43682,-0.1886,1.847,0.77521,0.85757,0.49797,Easy,
2026-06-26T19:29:48,1863.446,active,1,AF7+AF8,58.18,34.687,13.426,114.88,162.45,0.63594,0.401,1.6595,0.76046,0.82969,0.51679,Easy,
2026-06-26T19:29:49,1864.454,active,1,AF7+AF8,131.96,38.007,12.516,123.71,96.377,0.011515,-0.40181,1.9854,0.76462,0.81754,0.53761,Easy,
2026-06-26T19:29:50,1865.458,active,1,AF7+AF8,289.13,38.552,13.106,121.86,80.311,-0.46312,-0.39943,1.9143,0.76415,0.81142,0.53214,Easy,
2026-06-26T19:29:51,1866.466,active,1,AF7+AF8,147.84,40.787,14.344,131.03,166.83,-0.64133,-0.34958,2.1756,0.77335,0.81047,0.52391,Easy,
2026-06-26T19:29:52,1867.473,active,1,AF7+AF8,49.776,39.91,8.9914,133.43,172.85,-0.5858,-0.4907,2.4481,0.79712,0.81624,0.51962,Easy,
2026-06-26T19:29:53,1868.480,active,1,AF7+AF8,59.311,32.628,10.803,107.09,92.197,-0.73243,-0.4203,1.7036,0.79063,0.8109,0.51259,Easy,
2026-06-26T19:29:54,1869.484,active,1,AF7+AF8,79.988,48.883,19.441,113.57,63.06,-0.72145,-0.37394,1.8384,0.78593,0.80749,0.50588,Easy,
2026-06-26T19:29:55,1870.490,active,1,AF7+AF8,76.683,33.674,26.305,100.46,77.141,-0.6593,-0.30093,1.7948,0.78046,0.80338,0.49981,Easy,
2026-06-26T19:29:56,1871.497,active,1,AF7+AF8,107.97,45.397,17.513,108.72,102.37,-0.50972,-0.13133,2.3761,0.78016,0.80669,0.49418,Easy,
2026-06-26T19:29:57,1872.501,active,1,AF7+AF8,106.88,71.313,17.365,134.83,261.99,-0.58399,0.011104,2.8233,0.79395,0.83028,0.48601,Easy,
2026-06-26T19:29:58,1873.507,active,1,AF7+AF8,49.301,28.819,9.7767,90.632,229.51,-0.75395,-0.54662,1.216,0.78353,0.81802,0.48459,Easy,
2026-06-26T19:29:59,1874.513,active,1,AF7+AF8,35.499,26.242,12.36,82.753,105.28,-0.6145,-0.31085,0.91535,0.76734,0.80175,0.48189,Easy,
2026-06-26T19:30:00,1875.518,active,1,AF7+AF8,124.12,53.698,28.973,133.41,127.57,-0.43701,-0.062119,1.4897,0.75744,0.79239,0.47846,Easy,
2026-06-26T19:30:01,1876.524,active,1,AF7+AF8,17978,1192.1,686.12,1466.8,779.39,1.4753,1.234,5.7943,0.84731,0.85489,0.50946,Easy,
2026-06-26T19:30:02,1877.529,active,1,AF7+AF8,32717,1520.4,831.02,1544,895.92,1.5246,1.886,6.987,0.89549,0.90526,0.50292,Easy,
2026-06-26T19:30:03,1878.535,active,1,AF7+AF8,3216.3,109.88,59.962,243.41,195.61,-0.4796,0.45852,4.2556,0.8924,0.9107,0.48875,Easy,
2026-06-26T19:30:04,1879.544,active,1,AF7+AF8,37.025,21.58,14.965,148.87,120.26,-0.54733,0.034541,2.338,0.87649,0.89848,0.48143,Easy,
2026-06-26T19:30:05,1880.551,active,1,AF7+AF8,28.805,15.092,13.275,126.29,90.675,-0.67786,-0.45826,1.8046,0.86204,0.88376,0.48037,Easy,
2026-06-26T19:30:06,1881.556,active,1,AF7+AF8,52.835,18.556,12.439,113.73,79.064,-0.70901,-0.5001,1.6645,0.84823,0.86964,0.47959,Easy,
2026-06-26T19:30:07,1882.559,active,1,AF7+AF8,44.444,35.082,11.186,113.5,73.097,-0.54345,-0.3544,1.405,0.83125,0.8524,0.47921,Easy,
2026-06-26T19:30:08,1883.564,active,1,AF7+AF8,131.51,40.538,16.955,113.33,83.531,0.1489,0.93777,1.0888,0.79377,0.82396,0.47002,Easy,
2026-06-26T19:30:09,1884.567,active,1,AF7+AF8,707.66,82.045,29.902,138.17,256.52,2.459,3.3731,2.1084,0.74015,0.77984,0.46014,Easy,
2026-06-26T19:30:10,1885.573,active,1,AF7+AF8,356.15,42.477,18.22,145,330.74,0.46678,0.65502,2.5899,0.73829,0.77542,0.46995,Easy,
2026-06-26T19:30:11,1886.582,active,1,AF7+AF8,14.203,11.534,8.0003,133.15,149.85,-0.71289,-0.65327,2.0518,0.77204,0.78979,0.48351,Easy,
2026-06-26T19:30:12,1887.587,active,1,AF7+AF8,20.527,11.968,8.8062,116.17,114.16,-0.65147,-0.34533,1.5067,0.76535,0.78457,0.4809,Easy,
2026-06-26T19:30:13,1888.593,active,1,AF7+AF8,38.956,11.126,12.53,114.44,117.07,-0.67113,0.13613,1.7156,0.75604,0.7825,0.47125,Easy,
2026-06-26T19:30:15,1889.601,active,1,AF7+AF8,39.179,18.118,10.515,155.6,109.78,-0.51817,-0.27209,2.3355,0.7743,0.79685,0.47101,Easy,
2026-06-26T19:30:16,1890.607,active,1,AF7+AF8,29.702,17.204,14.498,163.9,79.519,-0.38579,0.11715,1.9175,0.7667,0.7924,0.46699,Easy,
2026-06-26T19:30:17,1891.613,active,1,AF7+AF8,120.84,23.423,14.312,107.38,65.457,-0.48365,0.25707,1.0638,0.74664,0.77943,0.45996,Easy,
2026-06-26T19:30:18,1892.621,active,1,AF7+AF8,316.31,78.427,18.098,98.754,133.46,0.069348,1.1216,1.6526,0.72496,0.76848,0.44934,Easy,
2026-06-26T19:30:19,1893.629,active,1,AF7+AF8,302.46,82.716,27.132,128.26,246.08,0.037094,3.1158,2.682,0.69148,0.78115,0.41661,Easy,
2026-06-26T19:30:20,1894.633,active,1,AF7+AF8,246.6,75.164,29.406,151.88,228.21,0.26126,3.4478,3.3038,0.66635,0.80489,0.38689,Easy,
2026-06-26T19:30:21,1895.644,active,1,AF7+AF8,69.236,15.48,17.406,174.13,156.57,-0.57928,0.16352,3.488,0.77086,0.85253,0.39968,Easy,
2026-06-26T19:30:22,1896.653,active,1,AF7+AF8,43.64,17.001,13.338,141.66,229.39,-0.73257,-0.061135,2.4795,0.77683,0.85017,0.40998,Easy,
2026-06-26T19:30:23,1897.658,active,1,AF7+AF8,119.94,44.457,13.34,158.72,254.41,-0.39533,0.13135,3.1835,0.80359,0.85418,0.42472,Easy,
2026-06-26T19:30:24,1898.664,active,1,AF7+AF8,228.38,56.009,13.347,168.24,217.24,-0.25527,-0.14184,3.4419,0.83573,0.86005,0.46138,Easy,
2026-06-26T19:30:25,1899.669,active,1,AF7+AF8,98.609,51.471,10.542,172.81,115.62,-0.40371,-0.31235,2.6601,0.8333,0.85552,0.4777,Easy,
2026-06-26T19:30:26,1900.675,active,1,AF7+AF8,81.928,59.014,10.721,147.97,96.487,-0.047167,0.15398,2.6874,0.82693,0.84849,0.47736,Easy,
2026-06-26T19:30:27,1901.685,active,1,AF7+AF8,188.1,83.247,17.038,178.02,130.76,0.35448,0.5096,3.4324,0.82511,0.84547,0.47932,Easy,
2026-06-26T19:30:28,1902.692,active,1,AF7+AF8,76.563,30.183,13.222,139.39,105.66,-0.50518,-0.0236,2.5191,0.81981,0.84234,0.47461,Easy,
2026-06-26T19:30:29,1903.697,active,1,AF7+AF8,50.014,23.217,9.9131,117.19,100.96,-0.56095,-0.44292,1.8349,0.81233,0.83343,0.48099,Easy,
2026-06-26T19:30:30,1904.703,active,1,AF7+AF8,90.21,26.665,10.52,109.42,149.8,-0.58544,-0.17248,1.7678,0.80187,0.82514,0.4771,Easy,
2026-06-26T19:30:31,1905.709,active,1,AF7+AF8,40.626,17.468,9.2832,89.5,91.953,-0.49648,-0.2081,1.357,0.78799,0.8121,0.47553,Easy,
2026-06-26T19:30:32,1906.715,active,1,AF7+AF8,27.392,16.509,7.463,86.531,76.209,-0.47507,-0.42674,1.3638,0.77863,0.80044,0.48659,Easy,
2026-06-26T19:30:33,1907.722,active,1,AF7+AF8,47.042,16.751,13.628,101.89,88.252,-0.64073,0.38832,1.4419,0.76064,0.79308,0.47309,Easy,
2026-06-26T19:30:34,1908.728,active,1,AF7+AF8,46.948,10.361,17.052,139.1,96.282,-0.708,0.2036,2.2314,0.75742,0.80504,0.46288,Easy,
2026-06-26T19:30:35,1909.736,active,1,AF7+AF8,31.536,11.004,13.4,133.77,76.663,-0.61052,-0.35479,2.6875,0.79539,0.82527,0.466,Easy,
2026-06-26T19:30:36,1910.745,active,1,AF7+AF8,52.607,17.539,13.62,106.36,87.043,-0.36432,0.2018,2.4811,0.79086,0.82293,0.46164,Easy,
2026-06-26T19:30:37,1911.750,active,1,AF7+AF8,164.92,75.2,18.83,157.82,93.047,0.89437,0.84205,3.9994,0.81375,0.82434,0.48858,Easy,
2026-06-26T19:30:38,1912.754,active,1,AF7+AF8,216.11,105.69,25.096,155.3,80.681,1.6685,1.611,3.0664,0.79702,0.80557,0.49974,Easy,
2026-06-26T19:30:39,1913.760,active,1,AF7+AF8,141.72,76.702,22.792,158.76,96.023,1.6529,1.3608,2.3583,0.77604,0.77938,0.52176,Easy,
2026-06-26T19:30:40,1914.764,active,1,AF7+AF8,108.47,35.923,14.723,92.684,74.761,0.092805,0.99826,1.2279,0.74635,0.76243,0.5058,Easy,
2026-06-26T19:30:41,1915.772,active,1,AF7+AF8,73.738,23.846,9.7985,67.601,60.196,-0.37983,-0.054963,0.81389,0.72962,0.74834,0.50024,Easy,
2026-06-26T19:30:42,1916.781,active,1,AF7+AF8,52.416,43.778,14.896,75.924,53.287,-0.032771,0.57027,1.1563,0.7108,0.73586,0.49123,Easy,
2026-06-26T19:30:43,1917.787,active,1,AF7+AF8,172.53,111.56,36.861,135.95,62.479,2.5093,3.1653,2.4183,0.67442,0.7062,0.48253,Easy,
2026-06-26T19:30:44,1918.792,active,1,AF7+AF8,206.97,97.898,37.267,140.97,69.888,2.8624,2.6094,1.5906,0.63853,0.66299,0.51196,Easy,
2026-06-26T19:30:45,1919.798,active,1,AF7+AF8,47.428,38.77,17.525,100.76,98.82,-0.34883,0.031932,1.1615,0.63842,0.67338,0.50483,Easy,
2026-06-26T19:30:46,1920.803,active,1,AF7+AF8,26.549,19.058,16.051,90.557,99.336,-0.6729,0.048325,1.1353,0.63772,0.69643,0.49355,Easy,
2026-06-26T19:30:47,1921.806,active,1,AF7+AF8,38.586,19.857,13.053,122.74,67.952,-0.45701,-0.53153,2.0401,0.72515,0.7448,0.50301,Easy,
2026-06-26T19:30:48,1922.813,active,1,AF7+AF8,44.521,20.874,15.497,118.84,69.725,-0.66937,-0.40115,1.4671,0.72428,0.74474,0.49863,Easy,
2026-06-26T19:30:49,1923.818,active,1,AF7+AF8,94.678,15.743,20.71,160.07,120.02,-0.53393,-0.11427,2.5668,0.76526,0.79288,0.49252,Easy,
2026-06-26T19:30:50,1924.826,active,1,AF7+AF8,210.73,19.054,28.447,192.38,132.35,-0.53185,-0.10139,3.0251,0.80219,0.83045,0.48699,Easy,solved:86.0
2026-06-26T19:30:51,1925.831,active,1,AF7+AF8,185.07,31.709,31.552,152.9,74.374,-0.17994,1.0011,1.1683,0.76844,0.81029,0.47133,Easy,
2026-06-26T19:30:52,1926.835,active,1,AF7+AF8,1541.3,255.98,141.63,495.37,940,3.7015,3.9072,3.5109,0.7303,0.7702,0.47312,Easy,
2026-06-26T19:30:53,1927.839,active,1,AF7+AF8,10526,6068.3,1091.2,2431.1,5647,17.13,7.5538,13.411,0.86166,0.69394,0.78429,Easy,
2026-06-26T19:30:54,1928.850,active,1,AF7+AF8,24422,10032,1650.4,2155.6,5391.5,22.084,8.0499,12.437,0.88446,0.61163,0.91318,Easy,
2026-06-26T19:30:55,1929.853,active,1,AF7+AF8,15840,4882,1006.1,650.6,525.49,13.979,10.101,5.0642,0.78727,0.53961,0.9085,Medium,
2026-06-26T19:30:56,1930.860,active,1,AF7+AF8,3087.1,684.29,205.83,235.42,153.17,1.7823,3.8316,3.3785,0.74603,0.62958,0.83118,Medium,
2026-06-26T19:30:57,1931.867,active,1,AF7+AF8,503.31,150.4,47.393,173.26,154.79,0.54688,1.0233,3.9932,0.78761,0.76096,0.78432,Medium,
2026-06-26T19:30:58,1932.871,active,1,AF7+AF8,533.87,215.29,47.411,125.16,143.01,0.014283,1.0416,2.7298,0.77701,0.78162,0.73513,Medium,
2026-06-26T19:30:59,1933.877,active,1,AF7+AF8,240.31,206.05,41.474,144.36,131.22,0.1147,0.84116,2.4939,0.76724,0.77983,0.69613,Medium,
2026-06-26T19:31:00,1934.883,active,1,AF7+AF8,206.69,218.09,42.687,171.41,153.88,0.51845,0.90766,2.8518,0.76224,0.77775,0.66678,Medium,
2026-06-26T19:31:01,1935.888,active,1,AF7+AF8,235.98,81.177,40.571,185.75,183.83,0.0058586,1.1062,3.1755,0.75931,0.80903,0.63066,Medium,
2026-06-26T19:31:02,1936.894,active,1,AF7+AF8,1112.7,301.75,126.41,224.34,79.73,-0.040947,2.1782,3.4529,0.74669,0.83455,0.58474,Medium,
2026-06-26T19:31:03,1937.900,active,1,AF7+AF8,8091.1,1713.4,672.72,551.57,168.02,1.5525,4.7639,4.3645,0.71111,0.83078,0.53463,Medium,
2026-06-26T19:31:04,1938.906,active,1,AF7+AF8,4142.8,790.25,302.7,327.7,264.36,0.37521,1.7313,3.2304,0.70727,0.82787,0.51088,Medium,
2026-06-26T19:31:05,1939.912,active,1,AF7+AF8,60.191,32.45,13.551,162.08,178.19,-0.36193,0.024956,3.592,0.79659,0.85816,0.50379,Medium,
2026-06-26T19:31:06,1940.917,active,1,AF7+AF8,88.477,27.628,11.694,151.94,166.27,-0.4124,-0.25306,3.53,0.83999,0.86991,0.50094,Medium,
2026-06-26T19:31:07,1941.923,active,1,AF7+AF8,67.45,20.544,11.865,145.96,110.75,-0.33834,-0.2768,2.8632,0.83853,0.86538,0.49991,Medium,
2026-06-26T19:31:08,1942.928,active,1,AF7+AF8,336.03,160.51,25.675,129.79,104.9,1.1743,1.4476,2.8188,0.8177,0.8449,0.49583,Medium,
2026-06-26T19:31:09,1943.938,active,1,AF7+AF8,493.15,206.04,28.509,146.02,170.31,0.90829,2.1904,3.5778,0.79959,0.8385,0.47773,Medium,
2026-06-26T19:31:10,1944.943,active,1,AF7+AF8,3678,1823.9,210.47,239.29,119.1,2.9953,1.23,1.5813,0.7689,0.77752,0.61551,Medium,
2026-06-26T19:31:11,1945.948,active,1,AF7+AF8,6172.6,2689.1,328.16,286.54,88.137,6.4082,2.8309,0.76564,0.70814,0.69096,0.76026,Medium,
2026-06-26T19:31:12,1946.955,active,1,AF7+AF8,13720,6471.8,1754.5,6498.7,460.92,360.24,223.87,150.23,0.62316,0.60804,0.90411,Medium,
