iso_time,t,phase,contact,used,delta,theta,alpha,beta,gamma,theta_z,alpha_z,beta_z,stress,attention,cognitive_load,difficulty,event
2026-06-26T22:25:27,12.452,idle,0,,,,,,,,,,,,,,
2026-06-26T22:25:28,13.467,idle,1,AF7+AF8,82.442,32.996,12.236,74.153,67.446,,,,,,,,
2026-06-26T22:25:29,14.472,idle,1,AF7+AF8,756.41,157.34,43.959,73.254,73.778,,,,,,,,
2026-06-26T22:25:30,15.477,idle,1,AF7+AF8,1042.1,183.12,62.743,82.654,71.548,,,,,,,,
2026-06-26T22:25:31,16.483,idle,1,AF7+AF8,497.34,113.21,55.364,73.179,71.957,,,,,,,,
2026-06-26T22:25:32,17.493,idle,1,AF7+AF8,889.96,305.25,139.71,129.27,257.68,,,,,,,,
2026-06-26T22:25:33,18.496,idle,1,AF7+AF8,1997,450.36,181.61,231.2,478.79,,,,,,,,
2026-06-26T22:25:34,19.502,idle,1,AF7+AF8,16890,2280.9,758.7,340.06,221.34,,,,,,,,
2026-06-26T22:25:35,20.507,idle,1,AF7+AF8,69329,9955.9,2804.7,950.15,318.34,,,,,,,,
2026-06-26T22:25:36,21.515,idle,1,AF7+AF8,22719,3567.9,898.5,484.86,253.92,,,,,,,,
2026-06-26T22:25:37,22.520,idle,1,AF7+AF8,6497.6,2655,761.75,476.93,219.79,,,,,,,,
2026-06-26T22:25:38,23.527,idle,1,AF7+AF8,12640,2444.6,687.86,378.88,305.94,,,,,,,,
2026-06-26T22:25:39,24.532,idle,1,AF7+AF8,60219,6206.2,605.42,330.17,297.42,,,,,,,,
2026-06-26T22:25:40,25.534,idle,1,AF7+AF8,76619,5208.3,742.86,487,426.71,,,,,,,,
2026-06-26T22:25:41,26.540,idle,1,AF7+AF8,13630,1200.3,235.67,278.31,280.7,,,,,,,,
2026-06-26T22:25:42,27.548,idle,1,AF7+AF8,1449.3,576.86,193.49,211.72,242.23,,,,,,,,
2026-06-26T22:25:43,28.553,idle,1,AF7+AF8,3541.7,555.37,264.04,212.27,186.25,,,,,,,,
2026-06-26T22:25:44,29.556,idle,1,AF7+AF8,14682,1232.2,218.45,259.35,226.51,,,,,,,,
2026-06-26T22:25:45,30.563,idle,1,AF7+AF8,6715.8,675.92,199.85,197.76,218.78,,,,,,,,
2026-06-26T22:25:46,31.571,idle,1,AF7+AF8,1843.2,307.09,96.707,185.99,187.25,,,,,,,,
2026-06-26T22:25:47,32.576,idle,1,AF7+AF8,55971,4422.1,1162.9,489.25,521.89,,,,,,,,
2026-06-26T22:25:48,33.584,idle,1,AF7+AF8,1.6985e+05,10945,2118.4,771.68,773.29,,,,,,,,
2026-06-26T22:25:49,34.589,idle,1,AF7+AF8,39374,2609.5,424.51,291.38,209.05,,,,,,,,
2026-06-26T22:25:50,35.595,idle,1,AF7+AF8,8394.7,2775.6,730.51,804.46,263.63,,,,,,,,
2026-06-26T22:25:51,36.601,idle,1,AF7+AF8,30199,6524,1069.8,1419.4,467.15,,,,,,,,
2026-06-26T22:25:52,37.607,idle,1,AF7+AF8,99546,15048,741.03,729.05,406.29,,,,,,,,
2026-06-26T22:25:53,38.614,idle,1,AF7+AF8,54574,7852.6,266.44,444.35,368.66,,,,,,,,
2026-06-26T22:25:54,39.618,idle,1,AF7+AF8,717.41,121.83,22.434,146.93,127.4,,,,,,,,
2026-06-26T22:25:55,40.633,idle,1,AF7+AF8,40.433,30.174,14.082,89.191,78.579,,,,,,,,
2026-06-26T22:25:56,41.642,idle,1,AF7+AF8,170.34,46.308,28.559,93.8,81.352,,,,,,,,
2026-06-26T22:25:57,42.649,idle,1,AF7+AF8,139.53,31.516,18.176,72.692,64.439,,,,,,,,
2026-06-26T22:25:59,43.655,idle,1,AF7+AF8,30.343,12.933,10.96,59.46,49.748,,,,,,,,
2026-06-26T22:26:00,44.661,idle,1,AF7+AF8,120.08,27.855,15.408,107.75,184.45,,,,,,,,
2026-06-26T22:26:01,45.667,idle,1,AF7+AF8,479.13,99.011,37.378,227.22,515.27,,,,,,,,
2026-06-26T22:26:02,46.672,idle,1,AF7+AF8,243.24,81.354,26.348,183.1,383.13,,,,,,,,
2026-06-26T22:26:03,47.675,idle,1,AF7+AF8,15.725,17.5,10.71,102.01,229.12,,,,,,,,
2026-06-26T22:26:04,48.682,idle,1,AF7+AF8,9.72,9.3726,8.6468,81.19,111.29,,,,,,,,
2026-06-26T22:26:05,49.687,idle,1,AF7+AF8,17.945,17.263,10.461,80.735,91.64,,,,,,,,
2026-06-26T22:26:06,50.694,idle,1,AF7+AF8,83.398,52.555,17.79,79.145,88.786,,,,,,,,
2026-06-26T22:26:07,51.700,idle,1,AF7+AF8,95.767,31.619,12.746,74.401,73.178,,,,,,,,
2026-06-26T22:26:08,52.708,idle,1,AF7+AF8,100.9,65.415,14.567,73.998,69.323,,,,,,,,
2026-06-26T22:26:09,53.714,idle,1,AF7+AF8,874.01,344.11,37.304,90.035,85.885,,,,,,,,
2026-06-26T22:26:10,54.715,idle,1,AF7+AF8,660.04,208.65,27.183,94.388,89.357,,,,,,,,
2026-06-26T22:26:11,55.721,idle,1,AF7+AF8,34.6,19.923,11.855,94.469,87.101,,,,,,,,
2026-06-26T22:26:12,56.723,idle,1,AF7+AF8,93.011,80.331,31.495,87.911,102.51,,,,,,,,
2026-06-26T22:26:13,57.730,idle,1,AF7+AF8,419.8,226.09,88.817,115.75,143.67,,,,,,,,
2026-06-26T22:26:14,58.738,idle,1,AF7+AF8,25692,2155.2,558.52,641.6,403.17,,,,,,,,
2026-06-26T22:26:15,59.746,idle,1,AF7+AF8,50243,2927.8,572.22,845.66,972.23,,,,,,,,
2026-06-26T22:26:16,60.748,idle,1,AF7+AF8,6625.1,414.36,105.38,331.73,624.92,,,,,,,,
2026-06-26T22:26:17,61.754,idle,1,AF7+AF8,364.93,301.93,95.224,209.8,302.88,,,,,,,,
2026-06-26T22:26:18,62.759,idle,1,AF7+AF8,108.76,75.893,32.643,146.58,187.41,,,,,,,,
2026-06-26T22:26:19,63.765,idle,1,AF7+AF8,81.095,34.443,27.216,134.51,132.15,,,,,,,,
2026-06-26T22:26:20,64.771,idle,1,AF7+AF8,21.716,20.456,16.904,104.01,124.06,,,,,,,,
2026-06-26T22:26:21,65.777,idle,1,AF7+AF8,35.87,56.731,18.328,81.703,95.22,,,,,,,,
2026-06-26T22:26:22,66.782,idle,1,AF7+AF8,146.28,167.23,41.607,87.674,78.803,,,,,,,,
2026-06-26T22:26:23,67.791,idle,1,AF7+AF8,391.85,315.65,61.797,87.998,76.881,,,,,,,,
2026-06-26T22:26:24,68.799,idle,1,AF7+AF8,205.56,121.41,20.714,83.351,63.232,,,,,,,,
2026-06-26T22:26:25,69.804,idle,1,AF7+AF8,301.45,158.8,33.327,89.682,67.693,,,,,,,,
2026-06-26T22:26:26,70.809,idle,1,AF7+AF8,94.827,45.385,16.565,70.848,59.8,,,,,,,,
2026-06-26T22:26:27,71.816,idle,1,AF7+AF8,154.59,28.588,21.312,61.721,52.072,,,,,,,,
2026-06-26T22:26:28,72.824,idle,1,AF7+AF8,481.64,75.149,56.737,68.524,69.594,,,,,,,,
2026-06-26T22:26:29,73.827,idle,1,AF7+AF8,171.59,56.978,45.276,66.297,74.934,,,,,,,,
2026-06-26T22:26:30,74.833,idle,1,AF7+AF8,15.839,11.654,12.466,61.577,61.927,,,,,,,,
2026-06-26T22:26:31,75.838,idle,1,AF7+AF8,55.162,31.478,13.308,65.732,63.407,,,,,,,,
2026-06-26T22:26:32,76.840,idle,1,AF7+AF8,633.38,244.57,47.192,169.1,280.49,,,,,,,,
2026-06-26T22:26:33,77.847,idle,1,AF7+AF8,952.01,317.98,45.961,317.56,564.8,,,,,,,,
2026-06-26T22:26:34,78.855,idle,1,AF7+AF8,337.14,99.012,31.02,238.11,582.86,,,,,,,,
2026-06-26T22:26:35,79.861,idle,1,AF7+AF8,124.41,64.393,23.911,169.44,358.62,,,,,,,,
2026-06-26T22:26:36,80.867,idle,1,AF7+AF8,279.64,86.763,33.018,107.66,202.32,,,,,,,,
2026-06-26T22:26:37,81.874,idle,1,AF7+AF8,310.91,107.94,29.377,90.999,104.32,,,,,,,,
2026-06-26T22:26:38,82.879,idle,1,AF7+AF8,204.47,85.194,21.718,85.76,79.32,,,,,,,,
2026-06-26T22:26:39,83.884,idle,1,AF7+AF8,63.471,32.012,16.828,76.237,80.86,,,,,,,,
2026-06-26T22:26:40,84.885,idle,1,AF7+AF8,126.46,71.858,17.784,78.448,75.017,,,,,,,,
2026-06-26T22:26:41,85.890,idle,1,AF7+AF8,361.69,345.87,71.287,72.422,62.095,,,,,,,,
2026-06-26T22:26:42,86.900,idle,1,AF7+AF8,271.03,220.27,52.558,69.224,59.673,,,,,,,,
2026-06-26T22:26:43,87.907,idle,1,AF7+AF8,462.87,73.485,27.611,188.13,241.55,,,,,,,,
2026-06-26T22:26:44,88.912,idle,1,AF7+AF8,647.66,121.12,38.964,310.23,691.62,,,,,,,,
2026-06-26T22:26:45,89.919,idle,1,AF7+AF8,196.74,48.736,24.592,249.93,811.27,,,,,,,,
2026-06-26T22:26:46,90.923,idle,1,AF7+AF8,84.568,38.759,19.832,201.18,544.99,,,,,,,,
2026-06-26T22:26:47,91.929,idle,1,AF7+AF8,114.67,108.62,30.791,174.5,296.67,,,,,,,,
2026-06-26T22:26:48,92.935,idle,1,AF7+AF8,170.11,109.9,28.441,180.2,311.97,,,,,,,,
2026-06-26T22:26:49,93.940,idle,1,AF7+AF8,154.81,96.441,28.232,175.02,351.1,,,,,,,,
2026-06-26T22:26:50,94.946,idle,1,AF7+AF8,208.34,99.273,39.5,182.05,211.59,,,,,,,,
2026-06-26T22:26:51,95.953,idle,1,AF7+AF8,371.6,267.83,89.747,141.68,180.64,,,,,,,,
2026-06-26T22:26:52,96.958,idle,1,AF7+AF8,521.71,294.97,99.328,94.223,196.55,,,,,,,,
2026-06-26T22:26:53,97.966,idle,1,AF7+AF8,428.68,179.99,60.411,116.47,144.85,,,,,,,,
2026-06-26T22:26:54,98.978,idle,1,AF7+AF8,48.609,27.543,19.164,79.995,74.814,,,,,,,,
2026-06-26T22:26:55,99.986,idle,1,AF7+AF8,24.982,13.578,10.626,64.662,55.616,,,,,,,,
2026-06-26T22:26:56,100.993,idle,1,AF7+AF8,33.487,19.645,13.225,56.995,60.59,,,,,,,,
2026-06-26T22:26:57,102.000,idle,1,AF7+AF8,155.28,70.249,29.113,64.317,67.323,,,,,,,,
2026-06-26T22:26:58,103.008,idle,1,AF7+AF8,83.784,38.061,19.454,65.169,60.412,,,,,,,,
2026-06-26T22:26:59,104.012,idle,1,AF7+AF8,50.257,21.262,20.933,67.878,68.938,,,,,,,,
2026-06-26T22:27:00,105.017,idle,1,AF7+AF8,104.76,53.683,36.927,110.76,97.724,,,,,,,,
2026-06-26T22:27:01,106.023,idle,1,AF7+AF8,54.595,36.49,24.9,110.65,84.4,,,,,,,,
2026-06-26T22:27:02,107.030,idle,1,AF7+AF8,33.601,17.978,10.492,65.309,53.268,,,,,,,,
2026-06-26T22:27:03,108.040,idle,1,AF7+AF8,12.855,13.306,9.1282,56.049,47.21,,,,,,,,
2026-06-26T22:27:04,109.046,idle,1,AF7+AF8,45.105,55.149,12.007,55.145,48.349,,,,,,,,
2026-06-26T22:27:05,110.054,idle,1,AF7+AF8,605.46,179.88,28.746,188.89,337.85,,,,,,,,
2026-06-26T22:27:06,111.060,idle,1,AF7+AF8,712.59,139.85,27.435,446.91,885.96,,,,,,,,
2026-06-26T22:27:07,112.066,idle,1,AF7+AF8,145.44,54.286,19.655,324.31,411.37,,,,,,,,
2026-06-26T22:27:08,113.070,idle,1,AF7+AF8,43.027,27.572,18.375,120.81,106.54,,,,,,,,
2026-06-26T22:27:09,114.078,idle,1,AF7+AF8,45.271,20.229,14.066,74.199,63.706,,,,,,,,
2026-06-26T22:27:10,115.084,idle,1,AF7+AF8,24.181,15.349,11.781,55.901,47.842,,,,,,,,
2026-06-26T22:27:11,116.088,idle,1,AF7+AF8,24.57,18.22,14.378,60.756,49.488,,,,,,,,
2026-06-26T22:27:12,117.107,idle,1,AF7+AF8,42.868,23.656,12.148,54.5,36.667,,,,,,,,
2026-06-26T22:27:13,118.113,idle,1,AF7+AF8,70.47,46.028,16.204,45.784,40.271,,,,,,,,
2026-06-26T22:27:14,119.121,idle,1,AF7+AF8,368.4,294.64,48.165,62.807,56.249,,,,,,,,
2026-06-26T22:27:15,120.126,idle,1,AF7+AF8,331.33,238.6,37.536,65.877,72.56,,,,,,,,
2026-06-26T22:27:16,121.133,idle,1,AF7+AF8,83.821,71.969,25.279,84.03,220.77,,,,,,,,
2026-06-26T22:27:17,122.141,idle,1,AF7+AF8,25.113,22.566,12.87,86.934,195.92,,,,,,,,
2026-06-26T22:27:18,123.148,idle,1,AF7+AF8,8.5672,10.144,8.2612,70.91,91.005,,,,,,,,
2026-06-26T22:27:19,124.153,idle,1,AF7+AF8,66.33,27.801,14.601,69.957,83.917,,,,,,,,
2026-06-26T22:27:20,125.157,idle,1,AF7+AF8,87.114,37.165,17.654,79.105,79.148,,,,,,,,
2026-06-26T22:27:21,126.163,idle,1,AF7+AF8,32.281,22.487,12.251,58.972,55.41,,,,,,,,
2026-06-26T22:27:22,127.167,idle,1,AF7+AF8,161.59,127.25,49.388,56.588,43.763,,,,,,,,
2026-06-26T22:27:23,128.171,idle,1,AF7+AF8,170.7,126.02,48.66,51.42,32.129,,,,,,,,
2026-06-26T22:27:24,129.177,idle,1,AF7+AF8,135.6,96.605,27.666,49.614,33.432,,,,,,,,
2026-06-26T22:27:25,130.182,idle,1,AF7+AF8,379.66,284.53,65.789,55.45,46.374,,,,,,,,
2026-06-26T22:27:26,131.189,idle,1,AF7+AF8,386.05,170.53,43.074,51.461,29.976,,,,,,,,
2026-06-26T22:27:27,132.199,idle,1,AF7+AF8,203.28,108.34,30.878,35.158,27.789,,,,,,,,
2026-06-26T22:27:28,133.205,idle,1,AF7+AF8,109.94,93.368,24.789,32.847,29.559,,,,,,,,
2026-06-26T22:27:29,134.210,idle,1,AF7+AF8,146.91,115.61,29.481,45.458,35.021,,,,,,,,
2026-06-26T22:27:30,135.215,idle,1,AF7+AF8,134.48,42.931,23.186,91.722,152.07,,,,,,,,
2026-06-26T22:27:31,136.218,idle,1,AF7+AF8,109.11,33.391,20.427,120.2,174.52,,,,,,,,
2026-06-26T22:27:32,137.224,idle,1,AF7+AF8,104.11,49.106,32.647,56.914,49.29,,,,,,,,
2026-06-26T22:27:33,138.232,idle,1,AF7+AF8,73.859,42.657,24.559,30.432,29.696,,,,,,,,
2026-06-26T22:27:34,139.237,idle,1,AF7+AF8,25.457,20.794,9.3631,31.216,25.054,,,,,,,,
2026-06-26T22:27:35,140.244,idle,1,AF7+AF8,76.422,35.188,15.759,29.599,22.508,,,,,,,,
2026-06-26T22:27:36,141.254,idle,1,AF7+AF8,24.266,15.897,9.9668,26.839,18.665,,,,,,,,
2026-06-26T22:27:37,142.261,idle,1,AF7+AF8,30.814,14.673,8.3913,42.237,28.9,,,,,,,,
2026-06-26T22:27:38,143.268,idle,1,AF7+AF8,58.59,19.576,11.731,62.415,53.275,,,,,,,,
2026-06-26T22:27:39,144.270,idle,1,AF7+AF8,66.204,16.057,17.419,54.568,49.049,,,,,,,,
2026-06-26T22:27:40,145.285,idle,1,AF7+AF8,80.451,72.885,38.2,53.724,39.181,,,,,,,,
2026-06-26T22:27:41,146.291,idle,1,AF7+AF8,214.41,169.61,66.187,52.516,34.354,,,,,,,,
2026-06-26T22:27:42,147.301,idle,1,AF7+AF8,183.75,56.919,22.508,37.582,34.008,,,,,,,,
2026-06-26T22:27:43,148.308,idle,1,AF7+AF8,57.437,20.021,9.5288,33.083,25.329,,,,,,,,
2026-06-26T22:27:44,149.315,idle,1,AF7+AF8,136.45,43.748,8.3601,33.298,22.12,,,,,,,,
2026-06-26T22:27:45,150.322,idle,1,AF7+AF8,499.77,257.62,51.871,40.749,35.573,,,,,,,,
2026-06-26T22:27:46,151.329,idle,1,AF7+AF8,642.3,388.22,65.307,69.151,70.343,,,,,,,,
2026-06-26T22:27:47,152.335,idle,1,AF7+AF8,286.59,364.61,37.026,70.735,81.79,,,,,,,,
2026-06-26T22:27:48,153.344,idle,1,AF7+AF8,391.55,668.13,68.199,65.595,61.725,,,,,,,,
2026-06-26T22:27:49,154.350,idle,1,AF7+AF8,397.15,508.54,82.755,67.899,38.898,,,,,,,,
2026-06-26T22:27:50,155.351,baseline_rest,1,AF7+AF8,106.31,109.84,33.961,77.108,43.823,,,,,,,,
2026-06-26T22:27:51,156.353,baseline_rest,1,AF7+AF8,135.03,99.476,44.406,70.674,51.364,,,,,,,,
2026-06-26T22:27:52,157.362,baseline_rest,1,AF7+AF8,346.58,272.16,109.72,65.547,50.218,,,,,,,,
2026-06-26T22:27:53,158.369,baseline_rest,1,AF7+AF8,72.446,59.131,26.056,51.938,44.14,,,,,,,,
2026-06-26T22:27:54,159.378,baseline_rest,1,AF7+AF8,8.4965,8.2656,7.7239,48.631,36.452,,,,,,,,
2026-06-26T22:27:55,160.384,baseline_rest,1,AF7+AF8,6.3818,7.5242,5.33,40.818,28.052,,,,,,,,
2026-06-26T22:27:56,161.389,baseline_rest,1,AF7+AF8,6.7784,6.9572,6.1925,38.693,30.416,,,,,,,,
2026-06-26T22:27:57,162.396,baseline_rest,1,AF7+AF8,5.698,6.921,6.4571,35.45,28.137,,,,,,,,
2026-06-26T22:27:58,163.400,baseline_rest,1,AF7+AF8,12.638,10.555,6.521,40.845,37.35,,,,,,,,
2026-06-26T22:27:59,164.406,baseline_rest,1,AF7+AF8,22.456,13.959,8.9975,48.087,38.031,,,,,,,,
2026-06-26T22:28:00,165.411,baseline_rest,1,AF7+AF8,10.527,10.59,9.5063,56.642,39.491,,,,,,,,
2026-06-26T22:28:01,166.417,baseline_rest,1,AF7+AF8,20.302,28.492,9.9491,65.491,38.735,,,,,,,,
2026-06-26T22:28:02,167.425,baseline_rest,1,AF7+AF8,20.069,28.457,6.1332,42.159,31.429,,,,,,,,
2026-06-26T22:28:03,168.434,baseline_rest,1,AF7+AF8,4.7421,6.6944,6.2857,40.411,30.101,,,,,,,,
2026-06-26T22:28:04,169.439,baseline_rest,1,AF7+AF8,3.5344,7.2013,8.2571,41.109,25.796,,,,,,,,
2026-06-26T22:28:05,170.445,baseline_rest,1,AF7+AF8,4.2594,7.4002,6.9496,35.103,22.012,,,,,,,,
2026-06-26T22:28:06,171.451,baseline_rest,1,AF7+AF8,4.8573,6.3733,5.3893,33.727,33.763,,,,,,,,
2026-06-26T22:28:07,172.458,baseline_rest,1,AF7+AF8,5.5461,5.4432,6.6603,32.694,36.697,,,,,,,,
2026-06-26T22:28:08,173.463,baseline_rest,1,AF7+AF8,13.282,13.728,10.189,33.253,26.757,,,,,,,,
2026-06-26T22:28:09,174.469,baseline_rest,1,AF7+AF8,18.627,12.471,9.8923,36.365,26.279,,,,,,,,
2026-06-26T22:28:10,175.475,idle,1,AF7+AF8,27.856,14.612,11.288,35.269,32.047,,,,,,,,
2026-06-26T22:28:11,176.477,idle,1,AF7+AF8,17.574,10.707,9.1944,35.844,29.86,,,,,,,,
2026-06-26T22:28:12,177.488,baseline_active,1,AF7+AF8,140.78,88.434,36.39,41.978,29.536,,,,,,,,
2026-06-26T22:28:13,178.492,baseline_active,1,AF7+AF8,435.31,163.66,52.41,91.851,79.013,,,,,,,,
2026-06-26T22:28:14,179.498,baseline_active,1,AF7+AF8,676.3,248.04,41.574,183.9,239.1,,,,,,,,
2026-06-26T22:28:15,180.505,baseline_active,1,AF7+AF8,662.42,525.39,85.346,168.34,182.43,,,,,,,,
2026-06-26T22:28:16,181.508,baseline_active,1,AF7+AF8,1293.4,682.95,159.54,108.04,71.761,,,,,,,,
2026-06-26T22:28:17,182.514,baseline_active,1,AF7+AF8,512.27,412.15,104.05,81.378,54.635,,,,,,,,
2026-06-26T22:28:18,183.520,baseline_active,1,AF7+AF8,114.67,120.76,30.206,68.324,51.778,,,,,,,,
2026-06-26T22:28:19,184.524,baseline_active,1,AF7+AF8,12.362,21.835,6.7427,58.893,39.58,,,,,,,,
2026-06-26T22:28:20,185.532,baseline_active,1,AF7+AF8,28.588,17.272,6.1068,70.221,53.326,,,,,,,,
2026-06-26T22:28:21,186.539,baseline_active,1,AF7+AF8,60.713,28.345,12.856,64.346,61.524,,,,,,,,
2026-06-26T22:28:22,187.542,baseline_active,1,AF7+AF8,96.327,53.067,17.251,52.095,40.239,,,,,,,,
2026-06-26T22:28:23,188.552,baseline_active,1,AF7+AF8,70.1,32.841,14.051,60.003,82.165,,,,,,,,
2026-06-26T22:28:24,189.559,baseline_active,1,AF7+AF8,137.68,123.34,56.228,61.937,84.202,,,,,,,,
2026-06-26T22:28:25,190.566,baseline_active,1,AF7+AF8,305.25,245.52,104.73,57.995,46.877,,,,,,,,
2026-06-26T22:28:26,191.568,baseline_active,1,AF7+AF8,353.21,152.33,46.793,34.975,32.556,,,,,,,,
2026-06-26T22:28:27,192.573,baseline_active,1,AF7+AF8,1068.8,502.09,58.785,46.481,40.461,,,,,,,,
2026-06-26T22:28:28,193.575,baseline_active,1,AF7+AF8,367.31,176.37,39.066,54.353,60.749,,,,,,,,
2026-06-26T22:28:29,194.583,baseline_active,1,AF7+AF8,117.32,51.118,31.899,58.568,60.171,,,,,,,,
2026-06-26T22:28:30,195.589,baseline_active,1,AF7+AF8,82.229,31.05,15.121,59.822,56.688,,,,,,,,
2026-06-26T22:28:31,196.594,baseline_active,1,AF7+AF8,99.947,83.379,28.436,58.888,49.67,,,,,,,,
2026-06-26T22:28:32,197.600,baseline_active,1,AF7+AF8,195.03,151.08,42.029,63.227,37.267,,,,,,,,
2026-06-26T22:28:33,198.603,baseline_active,1,AF7+AF8,88.232,36.744,18.332,52.102,31.133,,,,,,,,
2026-06-26T22:28:34,199.611,baseline_active,1,AF7+AF8,74.719,29.785,14.198,40.55,30.276,,,,,,,,
2026-06-26T22:28:35,200.616,baseline_active,1,AF7+AF8,49.254,27.186,15.59,45.734,38.316,,,,,,,,
2026-06-26T22:28:36,201.618,baseline_active,1,AF7+AF8,20.853,14.626,16.389,58.981,49.85,,,,,,,,
2026-06-26T22:28:37,202.623,baseline_active,1,AF7+AF8,78.772,52.266,26.512,55.841,36.836,,,,,,,,
2026-06-26T22:28:38,203.630,baseline_active,1,AF7+AF8,225.11,147.51,27.611,41.446,22.916,,,,,,,,
2026-06-26T22:28:39,204.636,baseline_active,1,AF7+AF8,123.14,82.929,17.97,29.348,19.47,,,,,,,,
2026-06-26T22:28:40,205.643,baseline_active,1,AF7+AF8,48.269,36.188,18.651,25.083,17.805,,,,,,,,
2026-06-26T22:28:41,206.646,baseline_active,1,AF7+AF8,38.211,40.554,20.756,31.372,21.065,,,,,,,,
2026-06-26T22:28:43,207.653,baseline_active,1,AF7+AF8,43.166,23.112,15.218,45.023,44.292,,,,,,,,
2026-06-26T22:28:44,208.661,baseline_active,1,AF7+AF8,28.978,10.962,8.0291,51.038,71.596,,,,,,,,
2026-06-26T22:28:45,209.663,baseline_active,1,AF7+AF8,13.181,11.296,5.9978,50.054,46.354,,,,,,,,
2026-06-26T22:28:46,210.666,baseline_active,1,AF7+AF8,40.304,22.177,12.092,79.361,76.081,,,,,,,,
2026-06-26T22:28:47,211.673,baseline_active,1,AF7+AF8,166.19,67.343,23.673,112.51,133.65,,,,,,,,
2026-06-26T22:28:48,212.676,baseline_active,1,AF7+AF8,265.94,101.36,28.999,74.434,63.698,,,,,,,,
2026-06-26T22:28:49,213.680,baseline_active,1,AF7+AF8,246.34,200.26,59.572,56.891,35.849,,,,,,,,
2026-06-26T22:28:50,214.685,baseline_active,1,AF7+AF8,227.76,189.3,52.415,57.795,33.357,,,,,,,,
2026-06-26T22:28:51,215.693,baseline_active,1,AF7+AF8,61.624,27.49,11.005,31.611,19.167,,,,,,,,
2026-06-26T22:28:52,216.704,baseline_active,1,AF7+AF8,48.876,19.387,10.178,24.166,18.06,,,,,,,,
2026-06-26T22:28:53,217.709,baseline_active,1,AF7+AF8,55.585,24.762,18.713,25.037,19.169,,,,,,,,
2026-06-26T22:28:54,218.715,baseline_active,1,AF7+AF8,65.572,36.282,18.878,32.797,21.16,,,,,,,,
2026-06-26T22:28:55,219.721,baseline_active,1,AF7+AF8,85.478,60.061,18.358,35.301,21.296,,,,,,,,
2026-06-26T22:28:56,220.725,baseline_active,1,AF7+AF8,63.991,43.315,20.7,33.357,30.456,,,,,,,,
2026-06-26T22:28:57,221.734,active,1,AF7+AF8,174.61,62.187,39.606,59.038,65.624,2.0393,3.1405,-0.24591,0.45864,0.46902,0.48389,,
2026-06-26T22:28:58,222.740,active,1,AF7+AF8,136.66,38.963,25.658,62.758,71.525,0.4416,1.5661,-0.00096541,0.44123,0.46613,0.46938,,
2026-06-26T22:28:59,223.747,active,1,AF7+AF8,246.26,159.6,49.634,67.805,69.524,-0.0095436,1.101,0.40059,0.43788,0.5171,0.45681,,
2026-06-26T22:29:00,224.752,active,1,AF7+AF8,732.86,576.21,85.763,89.172,62.47,1.7535,1.1454,1.2095,0.47996,0.50694,0.52798,,
2026-06-26T22:29:01,225.759,active,1,AF7+AF8,889.87,745.33,153.79,93.269,58.645,2.7391,2.0693,1.2903,0.47083,0.48528,0.56096,,
2026-06-26T22:29:02,226.764,active,1,AF7+AF8,1305.5,527.14,137.18,163.53,243.52,2.1856,2.9864,3.3401,0.51479,0.57837,0.54179,,
2026-06-26T22:29:03,227.770,active,1,AF7+AF8,1874.1,228.26,58.856,262.74,675.78,7.5442,4.2606,6.0702,0.63308,0.54781,0.71939,,
2026-06-26T22:29:04,228.775,active,1,AF7+AF8,993.31,288.04,76.46,237.03,523.66,19.97,11.42,5.5414,0.56314,0.48216,0.87952,,
2026-06-26T22:29:05,229.781,active,1,AF7+AF8,401.03,117.97,38.997,171.03,297.17,4.4786,3.857,3.333,0.54775,0.46757,0.84323,,
2026-06-26T22:29:06,230.789,active,1,AF7+AF8,175.76,52.246,18.172,127.91,156.37,0.56528,0.56627,1.7126,0.60279,0.57079,0.80203,,
2026-06-26T22:29:07,231.795,active,1,AF7+AF8,325.82,270.57,49.382,87.598,95.912,1.6385,1.2199,0.69792,0.58267,0.54844,0.77204,,
2026-06-26T22:29:08,232.801,active,1,AF7+AF8,454.7,339.23,62.452,116.45,170.67,2.6044,1.8751,1.8644,0.57259,0.53165,0.75022,,
2026-06-26T22:29:09,233.810,active,1,AF7+AF8,168.22,67.476,27.779,110.77,181.19,-0.13779,0.73772,1.6276,0.5947,0.63709,0.70726,,
2026-06-26T22:29:10,234.816,active,1,AF7+AF8,106.12,47.274,22.267,92.271,175.65,-0.6612,-0.18126,1.192,0.63701,0.68466,0.67523,,
2026-06-26T22:29:11,235.825,active,1,AF7+AF8,51.516,66.473,19.558,86.462,135.6,-0.58118,-0.62838,1.0667,0.67483,0.69091,0.65491,,
2026-06-26T22:29:12,236.832,active,1,AF7+AF8,74.706,64.192,14.576,50.736,56.901,-0.18887,-0.71718,-0.37962,0.6589,0.66514,0.6442,,
2026-06-26T22:29:13,237.834,active,1,AF7+AF8,241.78,194.88,60.945,69.458,58.034,0.47651,0.17667,0.17525,0.63981,0.64081,0.63138,,
2026-06-26T22:29:14,238.840,active,1,AF7+AF8,176.42,149.37,46.563,92.147,118.33,0.32872,0.35753,0.95356,0.63191,0.63321,0.61518,,
2026-06-26T22:29:15,239.848,active,1,AF7+AF8,94.593,35.168,10.852,86.36,102.89,-0.29679,-0.4289,0.7849,0.6411,0.63307,0.60334,,
2026-06-26T22:29:16,240.856,active,1,AF7+AF8,697.5,152.04,30.411,130.82,179.1,0.66484,-0.09468,2.4621,0.72575,0.67963,0.6022,,
2026-06-26T22:29:17,241.860,active,1,AF7+AF8,555.76,121.94,32.532,141.02,226.02,0.54802,0.081567,2.6743,0.76143,0.71783,0.5969,,
2026-06-26T22:29:18,242.865,active,1,AF7+AF8,157.77,70.029,21.086,86.846,108.95,-0.58048,-0.19747,0.91233,0.74629,0.71309,0.57955,,
2026-06-26T22:29:19,243.871,active,1,AF7+AF8,286.1,235.07,55.691,99.905,93.767,0.027718,0.13077,1.4107,0.73531,0.70748,0.56845,,
2026-06-26T22:29:20,244.878,active,1,AF7+AF8,686.67,664.43,141.04,118.14,106.79,1.7134,1.5706,2.178,0.71611,0.68952,0.56238,,
2026-06-26T22:29:21,245.882,active,1,AF7+AF8,437.83,334.53,83.478,96.58,61.361,0.40509,0.63403,1.2916,0.69995,0.67986,0.55147,,
2026-06-26T22:29:22,246.888,active,1,AF7+AF8,90.821,33.607,18.183,70.075,42.905,-0.74942,-0.45678,0.35261,0.68794,0.6744,0.54091,,
2026-06-26T22:29:23,247.889,active,1,AF7+AF8,45.604,34.037,10.959,46.965,30.615,-0.71653,-0.86589,-0.42533,0.67197,0.65783,0.53824,,
2026-06-26T22:29:24,248.898,active,1,AF7+AF8,156.11,71.027,18.56,45.357,23.16,-0.43088,0.0076579,-0.36318,0.64578,0.63991,0.5271,,
2026-06-26T22:29:25,249.906,active,1,AF7+AF8,117.93,60.112,16.407,36.699,25.937,-0.22968,-0.018881,-0.63895,0.61906,0.617,0.52069,,
2026-06-26T22:29:26,250.913,active,1,AF7+AF8,38.854,28.204,16.864,35.517,30.315,-0.44303,-0.11561,-0.75888,0.59521,0.59823,0.5133,,
2026-06-26T22:29:27,251.922,active,1,AF7+AF8,23.582,12.15,12.825,26.618,26.656,-0.62989,-0.25788,-1.0386,0.57222,0.58034,0.50614,,
2026-06-26T22:29:28,252.926,active,1,AF7+AF8,20.383,14.364,6.9232,21.058,19.357,-0.57634,-0.81186,-1.1973,0.55779,0.56146,0.5201,,
2026-06-26T22:29:29,253.930,active,1,AF7+AF8,19.321,13.199,5.6485,17.298,16.671,-0.80303,-1.1469,-1.3549,0.54774,0.54586,0.53377,,
2026-06-26T22:29:30,254.936,active,1,AF7+AF8,16.896,12.936,6.9581,17.744,16.945,-0.63048,-0.85492,-1.348,0.53465,0.5297,0.53308,,
2026-06-26T22:29:31,255.940,active,1,AF7+AF8,46.652,24.564,15.37,17.781,15.853,-0.69485,-0.70151,-1.3235,0.52124,0.51679,0.52921,,
2026-06-26T22:29:32,256.945,active,1,AF7+AF8,387.97,191.45,65.791,40.458,41.772,1.9943,0.3731,-0.55985,0.50494,0.48094,0.62703,,
2026-06-26T22:29:33,257.952,active,1,AF7+AF8,852.4,366.38,104.97,101.24,126.43,6.7482,1.593,1.3611,0.50087,0.43083,0.80845,Easy,
2026-06-26T22:29:34,258.957,active,1,AF7+AF8,290.51,112.04,32.586,89.708,104.11,0.83803,-0.21325,0.90296,0.58196,0.4772,0.78685,Easy,
2026-06-26T22:29:35,259.962,active,1,AF7+AF8,147.06,50.158,20.495,70.158,68.323,-0.60209,-0.73027,0.27256,0.60646,0.55545,0.75435,Easy,
2026-06-26T22:29:36,260.970,active,1,AF7+AF8,76.1,53.513,13.963,52.754,42.613,-0.33699,-0.62352,-0.2618,0.59909,0.54993,0.72812,Easy,
2026-06-26T22:29:37,261.977,active,1,AF7+AF8,138.74,67.043,20.264,31.26,32.418,-0.030303,-0.4015,-0.9305,0.57931,0.53066,0.7063,Easy,
2026-06-26T22:29:38,262.982,active,1,AF7+AF8,583.01,249.5,73.995,43.602,46.339,0.68303,0.65333,-0.45006,0.55365,0.51042,0.68199,Easy,
2026-06-26T22:29:39,263.989,active,1,AF7+AF8,429.57,211.38,63.076,69.005,69.85,0.19192,0.51987,0.36789,0.54494,0.51736,0.65524,Easy,
2026-06-26T22:29:40,264.991,active,1,AF7+AF8,252.27,133.31,31.283,68.862,62.87,-0.1759,0.094922,0.30696,0.54272,0.54298,0.63256,Easy,
2026-06-26T22:29:41,265.996,active,1,AF7+AF8,163.05,74.561,25.254,60.096,89.063,-0.26712,0.17543,0.098487,0.53644,0.54454,0.61004,Easy,
2026-06-26T22:29:42,267.007,active,1,AF7+AF8,69.961,27.044,23.487,62.742,87.56,-0.70474,-0.051739,0.15451,0.53516,0.58129,0.58713,Easy,
2026-06-26T22:29:43,268.010,active,1,AF7+AF8,40.684,38.114,16.318,71.905,51.999,-0.61797,-0.49995,0.33862,0.57605,0.60292,0.5749,Easy,
2026-06-26T22:29:44,269.012,active,1,AF7+AF8,187,149.44,44.764,62.262,37.743,1.0891,0.53898,0.076215,0.56001,0.57569,0.57411,Easy,
2026-06-26T22:29:45,270.020,active,1,AF7+AF8,313.22,230.93,61.974,67.691,78.009,0.7764,0.39925,0.22329,0.55017,0.55837,0.57086,Easy,
2026-06-26T22:29:46,271.029,active,1,AF7+AF8,190.45,105.21,28.809,72.154,92.447,-0.31675,-0.5838,0.37932,0.59094,0.57503,0.56636,Easy,
2026-06-26T22:29:47,272.036,active,1,AF7+AF8,50.716,19.891,11.734,68.278,58.68,-0.85982,-0.81044,0.092549,0.60297,0.60012,0.55765,Easy,
2026-06-26T22:29:48,273.042,active,1,AF7+AF8,26.371,14.118,11.03,59.005,43.707,-0.8559,-0.47094,-0.13838,0.59559,0.59875,0.54498,Easy,
2026-06-26T22:29:49,274.047,active,1,AF7+AF8,347.98,124.04,23.764,63.156,53.177,-0.13878,-0.043977,0.093756,0.58619,0.59039,0.53816,Easy,
2026-06-26T22:29:50,275.052,active,1,AF7+AF8,539.12,202.74,30.981,68.141,89.17,0.48567,-0.2494,0.37152,0.58508,0.57783,0.56978,Easy,
2026-06-26T22:29:51,276.062,active,1,AF7+AF8,284.62,72.772,20.792,74.306,84.42,-0.32195,-0.52115,0.5143,0.61,0.59295,0.56439,Easy,
2026-06-26T22:29:52,277.067,active,1,AF7+AF8,26.766,12.216,7.9118,66.478,62.129,-0.79237,-0.48956,0.18697,0.60685,0.6092,0.55213,Easy,
2026-06-26T22:29:53,278.072,active,1,AF7+AF8,6.3813,11.728,7.438,52.782,43.679,-0.67271,-0.51374,-0.33326,0.59674,0.60117,0.54349,Easy,
2026-06-26T22:29:54,279.082,active,1,AF7+AF8,23.532,11.547,8.2704,55.368,43.776,-0.5715,-0.49985,-0.15952,0.59022,0.59519,0.5372,Easy,
2026-06-26T22:29:55,280.086,active,1,AF7+AF8,26.956,13.411,6.8225,59.562,47.379,-0.79114,-0.80844,-0.0010714,0.59583,0.59657,0.533,Easy,
2026-06-26T22:29:56,281.094,active,1,AF7+AF8,215.47,184.1,37.534,60.019,44.867,-0.28031,-0.016643,-0.1487,0.58235,0.58696,0.52509,Easy,
2026-06-26T22:29:57,282.100,active,1,AF7+AF8,197.18,146.05,34.809,58.952,50.671,-0.20722,0.30148,-0.1008,0.56646,0.57812,0.51449,Easy,
2026-06-26T22:29:58,283.104,active,1,AF7+AF8,188.06,17.416,10.046,114.64,155.44,-0.63189,-0.37215,1.7218,0.6707,0.68987,0.50886,Easy,
2026-06-26T22:29:59,284.107,active,1,AF7+AF8,210.12,20.483,9.3746,126.57,297,-0.83786,-0.60447,1.9648,0.73822,0.75739,0.5043,Easy,
2026-06-26T22:30:00,285.116,active,1,AF7+AF8,131.59,118.2,33.694,99.334,202.77,-0.31717,-0.42435,0.86907,0.72839,0.74379,0.50976,Easy,
2026-06-26T22:30:01,286.119,active,1,AF7+AF8,237.27,211.01,60.211,104.53,105.51,0.81623,0.44832,1.0543,0.71,0.7181,0.53142,Easy,
2026-06-26T22:30:02,287.126,active,1,AF7+AF8,139.03,65.074,29.485,98.055,92.489,0.97888,-0.044517,1.0186,0.70038,0.69253,0.58769,Easy,
2026-06-26T22:30:03,288.137,active,1,AF7+AF8,335.68,181.7,38.972,89.028,64.826,0.10837,-0.22777,0.82661,0.6918,0.68008,0.5822,Easy,
2026-06-26T22:30:04,289.144,active,1,AF7+AF8,685.04,220.88,51.784,82.402,51.611,0.3094,0.33279,0.68739,0.67409,0.66413,0.57198,Easy,
2026-06-26T22:30:05,290.151,active,1,AF7+AF8,926.34,191.98,52.311,69.823,52.864,0.74697,0.95639,0.29435,0.64335,0.63767,0.56021,Easy,
2026-06-26T22:30:06,291.157,active,1,AF7+AF8,1090.1,402.22,68.837,56.66,39.421,3.275,2.3915,-0.1061,0.5929,0.57983,0.58929,Easy,
2026-06-26T22:30:07,292.159,active,1,AF7+AF8,822.79,327.16,69.204,70.273,38.738,4.0859,3.3878,0.53339,0.54498,0.52763,0.58894,Easy,
2026-06-26T22:30:08,293.165,active,1,AF7+AF8,1557.9,306.4,66.687,83.368,49.247,1.4848,3.6243,1.0729,0.50577,0.51815,0.54892,Easy,
2026-06-26T22:30:09,294.167,active,1,AF7+AF8,706.75,157.77,44.363,72.692,59.093,0.089515,1.4473,0.57741,0.49223,0.54367,0.52343,Easy,
2026-06-26T22:30:10,295.173,active,1,AF7+AF8,152.42,62.412,26.159,65.182,54.087,-0.50138,-0.11491,0.14348,0.51625,0.56542,0.51484,Easy,
2026-06-26T22:30:11,296.183,active,1,AF7+AF8,143.51,34.395,21.342,61.232,77.861,-0.22575,0.23479,0.035778,0.51131,0.56149,0.50618,Easy,
2026-06-26T22:30:12,297.193,active,1,AF7+AF8,294.41,46.26,26.731,74.51,148.04,0.43419,0.68121,0.501,0.50725,0.55511,0.50174,Easy,solved:33.6
2026-06-26T22:30:13,298.199,active,1,AF7+AF8,236,73.155,43.649,83.612,105.15,-0.26271,0.029604,0.7338,0.55518,0.59527,0.49715,Easy,
2026-06-26T22:30:14,299.207,active,1,AF7+AF8,954.31,279.99,159.78,210.33,212.94,0.33008,2.1094,4.6398,0.69002,0.77578,0.47244,Easy,
2026-06-26T22:30:15,300.213,active,1,AF7+AF8,414.45,158.63,80.426,219.23,168.06,0.21781,0.8208,4.1688,0.78127,0.83723,0.46677,Easy,
2026-06-26T22:30:16,301.217,active,1,AF7+AF8,53.435,38.734,14.959,83.54,73.01,-0.6678,-0.44886,0.39657,0.76002,0.81236,0.4703,Easy,
2026-06-26T22:30:17,302.220,active,1,AF7+AF8,17.169,20.602,6.4174,51.093,45.287,-0.75089,-0.98179,-0.45974,0.7366,0.77924,0.50542,Easy,
2026-06-26T22:30:18,303.234,active,1,AF7+AF8,131.48,134.53,60.429,69.162,74.224,-0.25203,0.17792,0.32904,0.71048,0.75439,0.49834,Easy,
2026-06-26T22:30:19,304.245,active,1,AF7+AF8,730.3,318.97,132.86,149.33,213.27,1.0479,3.1815,2.8827,0.68074,0.7496,0.46926,Easy,
2026-06-26T22:30:20,305.257,active,1,AF7+AF8,593.37,219.76,64.48,175.27,209.49,0.56185,1.8558,3.4752,0.68753,0.78645,0.45419,Medium,
2026-06-26T22:30:21,306.272,active,1,AF7+AF8,90.721,48.263,13.11,96.307,127.41,-0.60193,-0.56384,1.1265,0.69474,0.77651,0.47882,Medium,
2026-06-26T22:30:22,307.278,active,1,AF7+AF8,34.528,22.331,10.379,65.662,80.694,-0.85904,-0.93271,0.060654,0.68598,0.75688,0.49705,Medium,
2026-06-26T22:30:23,308.288,active,1,AF7+AF8,21.322,13.603,5.104,50.128,49.829,-0.7892,-1.0455,-0.34648,0.67404,0.73267,0.51802,Medium,
2026-06-26T22:30:24,309.297,active,1,AF7+AF8,128.91,71.249,21.009,42.225,53.343,0.41802,0.46263,-0.58056,0.63785,0.69007,0.51519,Medium,
2026-06-26T22:30:25,310.307,active,1,AF7+AF8,218.87,113.98,33.454,63.369,52.976,1.3246,0.85445,0.012023,0.60886,0.64825,0.54118,Medium,
2026-06-26T22:30:26,311.321,active,1,AF7+AF8,137.65,90.575,28.934,63.087,44.646,1.0765,0.048535,0.040427,0.59567,0.61526,0.59191,Medium,
2026-06-26T22:30:27,312.332,active,1,AF7+AF8,91.159,49.224,22.626,56.273,28.55,0.31973,0.060336,-0.043479,0.58264,0.596,0.58477,Medium,
2026-06-26T22:30:28,313.340,active,1,AF7+AF8,45.556,35.981,12.784,41.424,25.807,-0.48229,-0.55789,-0.63138,0.57162,0.58224,0.57573,Medium,
2026-06-26T22:30:29,314.354,active,1,AF7+AF8,74.741,74.116,18.208,36.084,23.127,0.078495,-0.53484,-0.7712,0.55948,0.55982,0.57593,Medium,
2026-06-26T22:30:30,315.369,active,1,AF7+AF8,119.17,47.324,25.865,38.021,24.582,-0.34921,-0.32947,-0.68984,0.54695,0.54754,0.56653,Medium,
2026-06-26T22:30:31,316.372,active,1,AF7+AF8,321.2,91.704,39.73,60.095,61.505,-0.25105,0.17748,0.10572,0.54024,0.54717,0.55214,Medium,
2026-06-26T22:30:32,317.377,active,1,AF7+AF8,156.25,45.084,19.804,74.9,97.252,-0.47374,-0.59139,0.55828,0.60002,0.5946,0.54765,Medium,
2026-06-26T22:30:33,318.384,active,1,AF7+AF8,10.436,5.6868,6.0283,67.313,64.26,-0.99849,-0.92014,0.17656,0.62026,0.62352,0.54075,Medium,
2026-06-26T22:30:34,319.395,active,1,AF7+AF8,6.6804,6.743,4.9399,66.429,41.442,-0.85912,-1.042,0.1357,0.63396,0.62332,0.5386,Medium,
2026-06-26T22:30:35,320.402,active,1,AF7+AF8,8.055,8.0041,5.7533,53.862,32.052,-0.70453,-0.88072,-0.22978,0.62757,0.61561,0.53661,Medium,
2026-06-26T22:30:36,321.412,active,1,AF7+AF8,25.723,35.865,28.311,46.567,29.325,-0.57685,-0.46605,-0.40162,0.61322,0.60436,0.53056,Medium,
2026-06-26T22:30:37,322.417,active,1,AF7+AF8,60.489,97.142,75.854,66.701,40.41,-0.52814,0.2443,0.28078,0.60018,0.60381,0.51545,Medium,
2026-06-26T22:30:38,323.427,active,1,AF7+AF8,30.478,25.283,19.101,67.571,49.375,-0.70352,-0.65142,0.17289,0.60104,0.60622,0.51281,Medium,
2026-06-26T22:30:39,324.441,active,1,AF7+AF8,13.949,7.5146,5.5215,55.806,36.492,-0.88695,-0.98943,-0.19782,0.60063,0.60371,0.51281,Medium,
2026-06-26T22:30:40,325.452,active,1,AF7+AF8,11.232,11.461,6.804,53.521,35.221,-0.78529,-0.72463,-0.37604,0.59377,0.59738,0.51036,Medium,
2026-06-26T22:30:41,326.458,active,1,AF7+AF8,9.088,9.258,5.5954,52.764,39.971,-0.87787,-0.876,-0.37551,0.58999,0.59319,0.50909,Medium,
2026-06-26T22:30:42,327.469,active,1,AF7+AF8,5.792,5.9376,5.1081,48.522,30.743,-0.84465,-0.91062,-0.40408,0.58675,0.58859,0.50899,Medium,
2026-06-26T22:30:43,328.477,active,1,AF7+AF8,5.5487,7.7562,4.4284,45.203,27.366,-0.7067,-0.99281,-0.46058,0.58428,0.58165,0.52502,Medium,
2026-06-26T22:30:44,329.483,active,1,AF7+AF8,67.221,21.95,10.11,37.96,23.767,-0.58992,-0.75833,-0.70399,0.57498,0.57014,0.52454,Medium,
2026-06-26T22:30:45,330.500,active,1,AF7+AF8,244.13,61.026,28.592,50.609,29.839,-0.34307,-0.31235,-0.27586,0.56653,0.56273,0.52114,Medium,
2026-06-26T22:30:46,331.513,active,1,AF7+AF8,488.67,200.67,65.927,57.717,41.638,0.13374,0.2828,-0.064635,0.55335,0.55223,0.51636,Medium,
2026-06-26T22:30:47,332.524,active,1,AF7+AF8,483.52,208.2,69.367,70.113,56.188,0.064239,0.28325,0.23401,0.54621,0.54851,0.51112,Medium,
2026-06-26T22:30:48,333.538,active,1,AF7+AF8,40.732,26.579,13.72,62.656,48.947,-0.67501,-0.53254,-0.14543,0.54743,0.55889,0.50765,Medium,
2026-06-26T22:30:49,334.545,active,1,AF7+AF8,89.44,54.537,24.694,53.824,43.403,-0.34602,-0.23925,-0.25328,0.54152,0.55322,0.50513,Medium,
2026-06-26T22:30:50,335.555,active,1,AF7+AF8,51.385,26.195,15.034,34.58,30.298,-0.61423,-0.71814,-0.85132,0.53454,0.54328,0.50984,Medium,
2026-06-26T22:30:51,336.561,active,1,AF7+AF8,141.9,84.423,22.446,30.734,29.572,-0.33217,-0.52071,-0.94389,0.52407,0.52898,0.51807,Medium,
2026-06-26T22:30:52,337.569,active,1,AF7+AF8,768.49,361.31,66.889,75,64.359,1.0164,1.0691,0.55117,0.51346,0.51855,0.51511,Medium,
2026-06-26T22:30:53,338.581,active,1,AF7+AF8,2362,452.64,73.325,179.69,224.5,2.3554,2.1292,3.8424,0.62655,0.61408,0.52299,Medium,
2026-06-26T22:30:54,339.589,active,1,AF7+AF8,1099.3,181.84,32.052,150.26,318.49,0.79306,0.76862,2.732,0.68709,0.68064,0.5206,Medium,
2026-06-26T22:30:55,340.601,active,1,AF7+AF8,120.11,49.261,16.34,84.592,152.7,0.19087,-0.14822,0.50811,0.67439,0.66371,0.53361,Medium,
2026-06-26T22:30:56,341.613,active,1,AF7+AF8,447.79,225.01,63.324,77.027,65.74,3.0573,1.1242,0.38323,0.64248,0.60902,0.64811,Medium,
2026-06-26T22:30:57,342.624,active,1,AF7+AF8,412.95,270.06,104.94,99.179,85.17,1.5581,0.99978,1.1948,0.6283,0.59051,0.63865,Medium,
2026-06-26T22:30:58,343.638,active,1,AF7+AF8,69.679,42.191,18.334,69.123,71.187,-0.75536,-0.71392,0.24734,0.62705,0.60987,0.62139,Medium,
2026-06-26T22:30:59,344.647,active,1,AF7+AF8,6.3191,4.2457,5.3416,56.274,52.68,-0.96352,-0.73679,-0.1622,0.62037,0.60855,0.60343,Medium,
2026-06-26T22:31:01,345.654,active,1,AF7+AF8,22.894,50.957,16.278,64.719,66.126,-0.34131,-0.57206,-0.044904,0.61379,0.59996,0.59448,Medium,
2026-06-26T22:31:02,346.655,active,1,AF7+AF8,145.67,234.53,55.418,59.383,59.303,0.84059,0.44839,-0.11307,0.59176,0.57392,0.589,Medium,
2026-06-26T22:31:03,347.666,active,1,AF7+AF8,168.21,138.48,44.53,62.157,49.532,0.48696,1.0177,0.029361,0.56622,0.55822,0.57041,Medium,
2026-06-26T22:31:04,348.674,active,1,AF7+AF8,116.16,58.935,30.403,66.031,49.542,0.29659,0.16821,0.029818,0.5562,0.54724,0.56388,Medium,
2026-06-26T22:31:05,349.685,active,1,AF7+AF8,124.2,58.456,22.817,56.967,70.515,0.027856,-0.26709,-0.27564,0.54933,0.53702,0.56063,Medium,
2026-06-26T22:31:06,350.695,active,1,AF7+AF8,23.207,12.774,9.076,63.225,87.758,-0.71352,-0.71525,0.0085917,0.57343,0.56839,0.55338,Medium,
2026-06-26T22:31:07,351.702,active,1,AF7+AF8,14.324,12.268,6.2434,79.308,94.406,-0.49529,-0.8294,0.6963,0.63856,0.61417,0.55198,Medium,
2026-06-26T22:31:08,352.712,active,1,AF7+AF8,26.187,13.264,6.4242,84.337,101.28,-0.73783,-0.68324,0.75547,0.6589,0.65274,0.54492,Medium,
2026-06-26T22:31:09,353.722,active,1,AF7+AF8,182.83,83.773,20.239,68.996,75.806,-0.077162,0.036024,0.23698,0.64285,0.63911,0.53783,Medium,
2026-06-26T22:31:10,354.726,active,1,AF7+AF8,883.5,269.8,64.025,69.786,117.25,0.71605,0.97969,0.34097,0.6162,0.61681,0.52934,Medium,
2026-06-26T22:31:11,355.732,active,1,AF7+AF8,671.49,176.04,41.663,85.818,145.32,-0.031711,0.078706,0.71548,0.61173,0.61387,0.52417,Medium,
2026-06-26T22:31:12,356.743,active,1,AF7+AF8,13.612,7.9258,5.4655,75.338,76.745,-0.85916,-1.0398,0.32812,0.64346,0.63207,0.52397,Medium,
2026-06-26T22:31:13,357.755,active,1,AF7+AF8,6.0141,7.3919,4.3507,60.384,42.865,-0.78277,-1.0137,-0.1426,0.63911,0.62574,0.52689,Medium,
2026-06-26T22:31:14,358.761,active,1,AF7+AF8,43.499,30.403,10.447,50.78,47.69,-0.80134,-0.74642,-0.33994,0.6285,0.61754,0.52284,Medium,
2026-06-26T22:31:15,359.772,active,1,AF7+AF8,543.97,344.6,67.227,89.734,86.483,1.1738,1.6546,1.0883,0.60464,0.60216,0.51292,Medium,
2026-06-26T22:31:16,360.778,active,1,AF7+AF8,1615.7,593.21,94.502,187.6,254.31,2.7994,2.0768,4.1759,0.68627,0.64021,0.55878,Medium,
2026-06-26T22:31:17,361.787,active,1,AF7+AF8,641.48,185.1,37.972,153.6,338.19,0.58558,0.43452,2.8576,0.73685,0.71025,0.55399,Medium,
2026-06-26T22:31:18,362.794,active,1,AF7+AF8,335.99,299.67,48.606,101.69,159.16,2.9736,0.17581,1.3338,0.72533,0.66172,0.7028,Medium,
2026-06-26T22:31:19,363.802,active,1,AF7+AF8,413.2,232.83,49.296,72.889,64.621,2.2576,1.8435,0.32966,0.67661,0.61544,0.68466,Medium,
2026-06-26T22:31:20,364.813,active,1,AF7+AF8,319.17,119.08,45.387,65.576,58.681,1.2775,2.6851,-0.033979,0.61993,0.58259,0.64221,Medium,
2026-06-26T22:31:21,365.825,active,1,AF7+AF8,310.1,133.36,30.039,67.825,55.428,0.37307,0.13862,0.13368,0.60547,0.56909,0.62866,Medium,
2026-06-26T22:31:22,366.828,active,1,AF7+AF8,340.62,112.29,25.02,69.97,69.202,-0.10767,-0.32627,0.17074,0.60023,0.56497,0.6165,Medium,
2026-06-26T22:31:23,367.840,active,1,AF7+AF8,761.62,176.07,62.18,69.555,60.969,0.33562,1.0896,0.28245,0.57625,0.55638,0.59134,Medium,
2026-06-26T22:31:24,368.849,active,1,AF7+AF8,1211.1,565.58,122.54,87.439,54.806,2.049,2.2231,0.88461,0.54774,0.53262,0.57777,Medium,
2026-06-26T22:31:25,369.859,active,1,AF7+AF8,497.34,417.57,135.74,93.403,52.474,1.3696,1.5061,1.0382,0.53503,0.52375,0.56639,Medium,
2026-06-26T22:31:26,370.873,active,1,AF7+AF8,44.452,52.969,21.876,74.253,39.984,-0.47991,-0.76965,0.36181,0.59668,0.57171,0.56276,Medium,
2026-06-26T22:31:27,371.883,active,1,AF7+AF8,32.315,24.652,8.3115,85.258,51.656,-0.53302,-0.60964,0.70377,0.63378,0.6186,0.55638,Medium,
2026-06-26T22:31:28,372.887,active,1,AF7+AF8,309.56,281.57,41.007,82.122,67.16,0.86734,0.77531,0.76359,0.61755,0.60281,0.55099,Medium,
2026-06-26T22:31:29,373.898,active,1,AF7+AF8,1181.2,693.93,69.652,73.477,51.358,3.3089,0.71791,0.58843,0.6015,0.55498,0.69144,Medium,
2026-06-26T22:31:30,374.909,active,1,AF7+AF8,647.37,234.24,36.118,64.076,47.206,1.1033,-0.21881,0.16012,0.59499,0.53449,0.68761,Medium,
2026-06-26T22:31:31,375.920,active,1,AF7+AF8,81.266,55.086,14.195,56.777,53.61,-0.36886,-0.58498,-0.19069,0.58949,0.53302,0.66833,Medium,
2026-06-26T22:31:32,376.931,active,1,AF7+AF8,115.45,51.955,25.081,57,42.211,-0.58576,-0.47686,-0.13879,0.58381,0.54659,0.6465,Medium,
2026-06-26T22:31:33,377.941,active,1,AF7+AF8,530.71,154.9,81.253,86.104,91.658,0.2511,0.41258,0.9393,0.58161,0.56975,0.6265,Medium,
2026-06-26T22:31:34,378.951,active,1,AF7+AF8,599.12,167.74,36.796,77.166,97.443,0.41966,-0.22309,0.55897,0.59056,0.56347,0.62088,Medium,
2026-06-26T22:31:35,379.961,active,1,AF7+AF8,1457.3,328.84,36.43,57.506,57.394,1.7536,0.78799,-0.10213,0.56656,0.52986,0.62058,Medium,
2026-06-26T22:31:36,380.967,active,1,AF7+AF8,1345,413.1,75.146,91.11,85.463,2.9133,2.2438,0.71768,0.53673,0.49629,0.61606,Medium,
2026-06-26T22:31:37,381.972,active,1,AF7+AF8,522.62,153.74,35.364,96.829,67.996,0.59053,0.3479,0.78153,0.54709,0.51283,0.60577,Medium,
2026-06-26T22:31:38,382.982,active,1,AF7+AF8,334.72,160.16,28.068,60.555,47.091,0.083173,-0.39646,-0.088829,0.54604,0.50871,0.60024,Medium,
2026-06-26T22:31:39,383.988,active,1,AF7+AF8,1260,654.87,97.986,87.9,63.11,2.9112,1.2422,0.98056,0.5366,0.48076,0.65848,Medium,
2026-06-26T22:31:40,384.996,active,1,AF7+AF8,922.33,430.58,82.711,113.99,86.394,2.7312,0.73853,1.8724,0.59747,0.47038,0.7016,Medium,
2026-06-26T22:31:41,386.001,active,1,AF7+AF8,93.365,50.13,16.283,68.316,55.503,-0.46304,-0.61468,0.30588,0.60684,0.54512,0.67968,Medium,
2026-06-26T22:31:42,387.016,active,1,AF7+AF8,18.685,13.297,13.213,47.946,34.083,-0.80784,-0.66696,-0.38707,0.59821,0.54949,0.656,Medium,
2026-06-26T22:31:43,388.019,active,1,AF7+AF8,127.1,84.27,28.809,43.885,38.876,-0.49338,-0.26037,-0.51143,0.58266,0.54328,0.63379,Medium,
2026-06-26T22:31:44,389.026,active,1,AF7+AF8,500.64,297.24,83.917,46.257,30.787,0.85242,1.3718,-0.35943,0.54828,0.52045,0.60999,Medium,
2026-06-26T22:31:45,390.040,active,1,AF7+AF8,195.02,79.997,29.662,29.407,22.213,-0.057974,-0.10161,-0.89702,0.53071,0.50559,0.59745,Medium,
2026-06-26T22:31:46,391.053,active,1,AF7+AF8,44.706,19.545,7.7977,26.837,16.796,-0.71618,-0.7689,-1.0665,0.52257,0.49968,0.58654,Medium,
2026-06-26T22:31:47,392.065,active,1,AF7+AF8,354.03,148.06,39.23,58.182,57.772,-3.5128e-05,0.19258,-0.082838,0.51574,0.49847,0.57327,Medium,
2026-06-26T22:31:48,393.075,active,1,AF7+AF8,754.89,280.08,75.335,96.101,136.67,1.3293,1.8345,1.2513,0.50516,0.49749,0.55694,Medium,
2026-06-26T22:31:49,394.079,active,1,AF7+AF8,102.63,38.501,12.755,76.912,78.388,-0.50114,-0.57379,0.64486,0.59074,0.58267,0.5512,Medium,
2026-06-26T22:31:50,395.090,active,1,AF7+AF8,8.4971,5.6859,4.5074,64.583,52.059,-0.96656,-0.97543,0.090629,0.61441,0.61056,0.54519,Medium,solved:89.6
2026-06-26T22:31:51,396.095,active,1,AF7+AF8,19.649,15.101,8.116,53,47.058,-0.51261,-0.70451,-0.3465,0.60604,0.59978,0.54264,Medium,
2026-06-26T22:31:52,397.109,active,1,AF7+AF8,394.14,211.62,54.274,72.855,55.032,0.94237,1.0354,0.1693,0.58052,0.57636,0.53613,Hard,
2026-06-26T22:31:53,398.113,active,1,AF7+AF8,1197.5,596.2,137.93,91.855,81.894,2.0954,2.7562,0.86133,0.54439,0.54925,0.52197,Hard,
2026-06-26T22:31:54,399.118,active,1,AF7+AF8,345.67,177.73,58.891,87.433,97.37,0.2148,0.31278,0.75421,0.55073,0.55991,0.51786,Hard,
2026-06-26T22:31:55,400.127,active,1,AF7+AF8,79.817,57.001,22.486,76.294,56.581,-0.39169,-0.48676,0.23683,0.57398,0.57072,0.51715,Hard,
2026-06-26T22:31:56,401.132,active,1,AF7+AF8,72.723,67.889,25.007,64.106,44.33,-0.56293,-0.16215,0.07929,0.56872,0.57604,0.5091,Hard,
2026-06-26T22:31:57,402.145,active,1,AF7+AF8,53.251,40.948,18.185,47.568,40.674,-0.3658,-0.11785,-0.35671,0.55689,0.56706,0.50429,Hard,
2026-06-26T22:31:58,403.152,active,1,AF7+AF8,35.658,34.132,17.235,49.441,32.939,-0.46622,-0.39946,-0.36981,0.55051,0.56045,0.50277,Hard,
2026-06-26T22:31:59,404.163,active,1,AF7+AF8,39.436,30.362,32.683,72.481,36.865,-0.71732,-0.04452,0.32424,0.54996,0.60058,0.49244,Hard,
2026-06-26T22:32:00,405.174,active,1,AF7+AF8,86.144,75.701,45.088,82.731,51.607,0.37003,0.095849,0.61672,0.55883,0.59221,0.51751,Hard,
2026-06-26T22:32:01,406.177,active,1,AF7+AF8,182.14,81.695,25.888,64.171,39.962,0.09763,-0.064556,-0.033971,0.55223,0.57917,0.51916,Hard,
2026-06-26T22:32:02,407.180,active,1,AF7+AF8,173.4,81.167,22.548,58.192,36.256,0.006763,-0.44779,-0.13826,0.5506,0.56749,0.54161,Hard,
2026-06-26T22:32:03,408.184,active,1,AF7+AF8,629.52,262.51,85.089,72.53,50.188,1.2741,0.96951,0.28952,0.53442,0.54492,0.54118,Hard,
2026-06-26T22:32:04,409.196,active,1,AF7+AF8,1320.1,399.79,101.38,78.725,38.522,1.5899,1.6348,0.57779,0.5148,0.52466,0.53556,Hard,
2026-06-26T22:32:05,410.204,active,1,AF7+AF8,486.99,112.16,27.619,60.116,31.922,0.0671,-0.17689,0.025685,0.5211,0.52108,0.53495,Hard,
2026-06-26T22:32:06,411.217,active,1,AF7+AF8,95.001,51.569,19.384,46.091,32.217,-0.52416,-0.033056,-0.3994,0.51309,0.52042,0.52343,Hard,
2026-06-26T22:32:07,412.220,active,1,AF7+AF8,47.226,32.091,12.865,43.186,28.546,-0.56131,-0.24906,-0.54208,0.50713,0.51826,0.51594,Hard,
2026-06-26T22:32:08,413.231,active,1,AF7+AF8,26.648,18.633,7.4536,37.678,25.317,-0.58066,-0.83703,-0.74318,0.50989,0.51363,0.52558,Hard,
2026-06-26T22:32:09,414.241,active,1,AF7+AF8,160.27,130.97,40.965,38.504,29.879,-0.02512,0.47054,-0.70536,0.49156,0.50189,0.51511,Hard,
2026-06-26T22:32:10,415.248,active,1,AF7+AF8,273.91,182.2,62.755,43.691,29.169,0.35057,2.0794,-0.58887,0.45759,0.48782,0.48887,Hard,
2026-06-26T22:32:11,416.261,active,1,AF7+AF8,76.295,46.118,24.218,29.474,16.665,-0.23622,0.7529,-0.94233,0.43867,0.4788,0.47566,Hard,
2026-06-26T22:32:12,417.274,active,1,AF7+AF8,72.803,33.295,28.272,29.525,15.969,-0.67287,0.38202,-0.97236,0.42645,0.47686,0.46312,Hard,
2026-06-26T22:32:13,418.285,active,1,AF7+AF8,129.14,69.977,17.548,29.493,19.836,-0.67659,-0.53041,-1,0.43552,0.4748,0.47429,Hard,
2026-06-26T22:32:14,419.296,active,1,AF7+AF8,143.6,93.124,20.182,38.263,33.682,-0.37136,-0.3617,-0.76989,0.4437,0.47186,0.48899,Hard,
2026-06-26T22:32:15,420.313,active,1,AF7+AF8,538.89,255.5,118.41,73.963,52.104,0.60744,1.6743,0.66861,0.43568,0.49333,0.47468,Hard,
2026-06-26T22:32:16,421.321,active,1,AF7+AF8,469.55,189.2,81.823,67.101,48.121,0.057725,0.72973,0.39821,0.44946,0.52281,0.46773,Hard,
2026-06-26T22:32:17,422.327,active,1,AF7+AF8,139.66,53.586,21.407,32.477,19.795,-0.76085,-0.060171,-0.88201,0.44337,0.51825,0.4612,Hard,
2026-06-26T22:32:18,423.340,active,1,AF7+AF8,191.99,131,31.726,27.631,26.638,-0.59671,0.0075235,-1.0794,0.43425,0.50886,0.45686,Hard,
2026-06-26T22:32:19,424.349,active,1,AF7+AF8,135.73,169.46,27.479,40.521,42.34,-0.1663,-0.2492,-0.69734,0.44023,0.49988,0.48896,Hard,
2026-06-26T22:32:20,425.361,active,1,AF7+AF8,159.49,116.84,14.377,34.144,25.879,-0.19592,-0.51009,-0.82655,0.45241,0.49051,0.5191,Hard,
2026-06-26T22:32:21,426.372,active,1,AF7+AF8,157.52,54.362,8.3963,26.863,16.177,-0.21578,-0.92585,-1.0429,0.47219,0.47942,0.56034,Hard,
2026-06-26T22:32:22,427.383,active,1,AF7+AF8,45.189,21.514,7.6222,21.972,14.578,-0.34271,-0.98335,-1.1973,0.47284,0.46926,0.57178,Hard,
2026-06-26T22:32:23,428.393,active,1,AF7+AF8,38.797,27.88,9.2199,20.542,15.468,-0.73998,-0.94833,-1.2349,0.47181,0.46556,0.56629,Hard,
2026-06-26T22:32:24,429.402,active,1,AF7+AF8,180.91,71.25,20.39,20.666,11.916,-0.51891,-0.56402,-1.2375,0.46519,0.45903,0.55901,Hard,
2026-06-26T22:32:25,430.412,active,1,AF7+AF8,270.92,68.865,22.113,20.546,10.089,-0.58548,-0.61822,-1.2413,0.46009,0.4542,0.55242,Hard,
2026-06-26T22:32:26,431.422,active,1,AF7+AF8,232.38,75.221,22.702,21.698,13.876,-0.48947,-0.37496,-1.1843,0.45291,0.44937,0.54441,Hard,
2026-06-26T22:32:27,432.437,active,1,AF7+AF8,230.1,85.231,29.753,18.15,13.144,-0.47106,-0.43921,-1.3141,0.44564,0.44299,0.5386,Hard,
2026-06-26T22:32:28,433.448,active,1,AF7+AF8,180.54,94.962,26.227,15.536,13.08,-0.51913,-0.61308,-1.4212,0.4402,0.43652,0.53538,Hard,
2026-06-26T22:32:29,434.456,active,1,AF7+AF8,108.24,33.421,10.851,29.499,30.813,-0.73381,-0.39844,-1.061,0.43753,0.45012,0.52612,Hard,
2026-06-26T22:32:30,435.471,active,1,AF7+AF8,103.31,21.918,11.068,52.986,74.518,-0.68531,-0.28226,-0.33969,0.4707,0.50591,0.51696,Hard,
2026-06-26T22:32:31,436.477,active,1,AF7+AF8,22.65,13.041,8.3943,53.686,91.165,-0.75283,-0.81058,-0.20054,0.53368,0.54352,0.51579,Hard,
2026-06-26T22:32:32,437.482,active,1,AF7+AF8,223.58,160.15,23.322,82.497,98.08,0.19705,0.16648,0.70275,0.55345,0.55514,0.51435,Hard,
2026-06-26T22:32:33,438.494,active,1,AF7+AF8,282.74,190.86,24.001,61.599,58.775,0.38342,0.36868,-0.004248,0.54146,0.54272,0.51285,Hard,
2026-06-26T22:32:34,439.502,active,1,AF7+AF8,50.791,25.597,11.279,54.724,47.635,-0.66895,-0.54846,-0.10877,0.54943,0.55883,0.5095,Hard,
2026-06-26T22:32:35,440.512,active,1,AF7+AF8,80.038,26.043,9.5955,62.623,41.417,-0.57252,-0.94218,0.098102,0.59608,0.57336,0.53145,Hard,
2026-06-26T22:32:36,441.527,active,1,AF7+AF8,39.431,23.726,10.31,48.009,32.396,-0.55807,-0.86736,-0.50608,0.58996,0.56534,0.53573,Hard,
2026-06-26T22:32:37,442.531,active,1,AF7+AF8,183,127.3,39.481,37.87,34.75,-0.089424,0.39105,-0.72646,0.56282,0.54802,0.52427,Hard,
2026-06-26T22:32:38,443.537,active,1,AF7+AF8,391.69,287.05,68.017,43.18,52.902,0.65212,1.2906,-0.51221,0.52993,0.52527,0.51186,Hard,
2026-06-26T22:32:39,444.553,active,1,AF7+AF8,332.76,237.74,28.051,75.187,79.256,1.8389,0.18035,0.44259,0.53161,0.50211,0.62246,Hard,
2026-06-26T22:32:40,445.565,active,1,AF7+AF8,483.42,329.64,28.638,145.05,159.3,2.8951,0.26421,2.5252,0.6662,0.49632,0.72204,Hard,
2026-06-26T22:32:41,446.575,active,1,AF7+AF8,98.658,49.082,14.857,100.64,116.6,-0.47223,-0.52664,1.3429,0.6973,0.62603,0.69621,Hard,
2026-06-26T22:32:42,447.578,active,1,AF7+AF8,112.13,46.639,26.378,85.766,123.95,-0.44168,-0.31335,0.79722,0.68987,0.64047,0.67074,Hard,
2026-06-26T22:32:43,448.589,active,1,AF7+AF8,101.25,39.348,21.228,96.053,117.61,-0.2513,-0.30644,1.1579,0.68812,0.65771,0.65108,Hard,
2026-06-26T22:32:44,449.619,active,1,AF7+AF8,82.499,24.968,11.044,84.418,74.028,-0.15986,-0.52314,0.74146,0.68391,0.65208,0.63838,Hard,
2026-06-26T22:32:45,450.623,active,1,AF7+AF8,285.99,76.511,33.556,73.161,81.463,-0.16418,0.83376,0.3192,0.65416,0.64105,0.60711,Hard,
2026-06-26T22:32:46,451.634,active,1,AF7+AF8,786.78,192.84,53.03,106.16,310.25,0.91951,2.3049,1.4118,0.62248,0.63147,0.57427,Hard,
2026-06-26T22:32:47,452.646,active,1,AF7+AF8,209.08,101.98,30.336,122.2,355.37,0.46636,0.54981,2.0177,0.6544,0.66343,0.56411,Hard,
2026-06-26T22:32:49,453.657,active,1,AF7+AF8,345.68,239.65,72.748,115.89,164.33,3.0543,3.7371,1.754,0.60834,0.62498,0.54627,Hard,
2026-06-26T22:32:50,454.662,active,1,AF7+AF8,294.77,170.89,46.857,95.225,78.607,2.764,2.1193,1.028,0.57937,0.58546,0.56645,Hard,
2026-06-26T22:32:51,455.673,active,1,AF7+AF8,114.08,109.91,27.272,75.129,77.234,0.74581,0.2244,0.40228,0.57251,0.57006,0.56625,Hard,
2026-06-26T22:32:52,456.714,active,1,AF7+AF8,46.121,32.746,13.025,55.052,46.973,0.063576,0.00086678,-0.20701,0.56069,0.5576,0.55924,Hard,
2026-06-26T22:32:53,457.725,active,1,AF7+AF8,42.219,18.506,13.343,32.128,27.187,-0.082224,-0.079589,-0.91812,0.54101,0.53833,0.55209,Hard,
2026-06-26T22:32:54,458.738,active,1,AF7+AF8,203.38,149.32,42.221,33.348,21.454,-0.097402,0.518,-0.84586,0.51639,0.52263,0.53668,Hard,
2026-06-26T22:32:55,459.748,active,1,AF7+AF8,603.78,368.82,94.832,46.497,29.373,1.3285,2.0176,-0.4377,0.48161,0.49502,0.52205,Hard,
2026-06-26T22:32:56,460.761,active,1,AF7+AF8,815.48,435.38,135.65,74.726,78.336,4.8502,4.1681,0.45445,0.44003,0.44761,0.55949,Hard,
2026-06-26T22:32:57,461.773,active,1,AF7+AF8,211.52,103.59,36.081,76.966,69.429,1.1209,0.31899,0.37489,0.4802,0.44284,0.58314,Hard,
2026-06-26T22:32:58,462.786,active,1,AF7+AF8,10.145,9.6559,8.6791,63.517,55.834,-0.53831,-0.59766,-0.08347,0.53043,0.5111,0.57406,Hard,
2026-06-26T22:32:59,463.797,active,1,AF7+AF8,11.541,7.9949,9.047,56.23,46.881,-0.70267,-0.48373,-0.30339,0.52949,0.53429,0.56189,Hard,
2026-06-26T22:33:00,464.808,active,1,AF7+AF8,10.234,6.7052,8.2731,51.648,44.259,-0.84482,-0.66788,-0.35371,0.53531,0.55036,0.55181,Hard,
2026-06-26T22:33:01,465.818,active,1,AF7+AF8,9.4849,5.3662,9.245,51.237,42.084,-0.92247,-0.7525,-0.35149,0.5441,0.56268,0.54305,Hard,
2026-06-26T22:33:02,466.828,active,1,AF7+AF8,44.018,10.504,10.296,56.693,52.861,-0.8889,-0.85624,-0.12068,0.57219,0.58199,0.53739,Hard,
2026-06-26T22:33:03,467.841,active,1,AF7+AF8,31.707,10.769,6.7111,51.431,49.756,-0.80299,-0.91215,-0.33425,0.57214,0.57915,0.53454,Hard,
2026-06-26T22:33:04,468.849,active,1,AF7+AF8,6.931,10.219,5.8536,43.936,37.327,-0.69324,-0.65116,-0.60459,0.56418,0.57098,0.52976,Hard,
2026-06-26T22:33:05,469.857,active,1,AF7+AF8,92.217,63.746,32.65,53.63,85.659,-0.25562,-0.10218,-0.26184,0.55408,0.56237,0.52389,Hard,
2026-06-26T22:33:06,470.870,active,1,AF7+AF8,192.22,130.35,63.155,94.229,188.07,0.18154,0.6699,1.1069,0.55428,0.59314,0.51374,Hard,
2026-06-26T22:33:07,471.883,active,1,AF7+AF8,37.023,27.661,14.349,74.135,105.58,-0.86213,-0.65318,0.46447,0.60342,0.63326,0.50896,Hard,
2026-06-26T22:33:08,472.891,active,1,AF7+AF8,28.366,19.89,8.4071,51.167,51.441,-0.66788,-0.90568,-0.26455,0.60055,0.62329,0.5214,Hard,
2026-06-26T22:33:09,473.902,active,1,AF7+AF8,88.638,73.256,16.427,41.953,34.72,0.64871,-0.14892,-0.61546,0.58151,0.59014,0.5676,Hard,
2026-06-26T22:33:10,474.905,active,1,AF7+AF8,95.509,66.43,21.828,56.517,41.248,0.069726,-0.043838,-0.25691,0.56854,0.57444,0.56119,Hard,
2026-06-26T22:33:11,475.911,active,1,AF7+AF8,139.87,136.77,31.276,57.705,48.464,-0.0097561,-0.12442,-0.11507,0.56045,0.56393,0.55557,Hard,
2026-06-26T22:33:12,476.925,active,1,AF7+AF8,343.93,318.4,56.114,73.325,76.069,0.90133,1.0049,0.43045,0.54464,0.54922,0.54735,Hard,
2026-06-26T22:33:13,477.932,active,1,AF7+AF8,62.65,50.6,13.082,59.573,66.055,-0.41091,-0.56213,-0.1258,0.55045,0.54759,0.54393,Hard,
2026-06-26T22:33:14,478.946,active,1,AF7+AF8,7.7786,7.7641,4.5195,60.856,53.736,-0.59926,-0.91649,-0.16341,0.576,0.55159,0.54341,Hard,
2026-06-26T22:33:15,479.951,active,1,AF7+AF8,10.249,6.7673,4.7144,49.865,54.608,-0.79673,-0.91235,-0.5284,0.57262,0.54942,0.53993,Hard,
2026-06-26T22:33:16,480.957,active,1,AF7+AF8,19.318,12.946,6.7796,65.111,94.864,-0.70729,-0.8389,0.11083,0.59897,0.58029,0.53711,Hard,
2026-06-26T22:33:17,481.965,active,1,AF7+AF8,64.655,38.794,22.92,104.34,180.98,-0.371,0.04247,1.3717,0.63577,0.65513,0.52648,Hard,
2026-06-26T22:33:18,482.976,active,1,AF7+AF8,272.32,229.05,65.91,83.753,121.68,0.0667,0.66421,0.62201,0.61884,0.64479,0.51441,Hard,
2026-06-26T22:33:19,483.984,active,1,AF7+AF8,259.8,236.29,52.588,71.447,85.718,0.12735,0.68835,0.24031,0.59789,0.62911,0.50432,Hard,
2026-06-26T22:33:20,484.994,active,1,AF7+AF8,396.42,313.76,62.979,92.006,121.91,0.69837,0.93349,1.0032,0.58719,0.61818,0.50028,Hard,
2026-06-26T22:33:21,486.009,active,1,AF7+AF8,122.06,82.627,21.425,79.077,80.919,-0.45695,-0.17509,0.59311,0.59179,0.62427,0.49602,Hard,
2026-06-26T22:33:22,487.013,active,1,AF7+AF8,8.2387,5.7698,6.494,52.115,53.612,-0.84226,-0.87587,-0.30004,0.58935,0.61744,0.50093,Hard,
2026-06-26T22:33:23,488.024,active,1,AF7+AF8,50.282,20.073,6.9283,61.104,48.549,-0.67368,-0.92053,-0.065712,0.59889,0.6124,0.51886,Hard,
2026-06-26T22:33:24,489.032,active,1,AF7+AF8,93.207,32.497,14.859,61.679,39.765,-0.47564,-0.51134,-0.074511,0.59355,0.6049,0.51713,Hard,
2026-06-26T22:33:25,490.037,active,1,AF7+AF8,54.215,30.805,24.252,57.296,34.048,-0.19335,0.29766,-0.18474,0.57513,0.59245,0.50775,Hard,
2026-06-26T22:33:26,491.048,active,1,AF7+AF8,67.515,51.001,19.033,50.164,39.126,-0.085887,-0.39339,-0.39555,0.56608,0.57672,0.52612,Hard,
2026-06-26T22:33:27,492.062,active,1,AF7+AF8,62.218,37.65,17.7,62.246,39.238,-0.35926,-0.47304,-0.11656,0.56348,0.57115,0.52469,Hard,
2026-06-26T22:33:28,493.069,active,1,AF7+AF8,35.423,34.105,19.083,79.48,122.72,0.29966,0.61103,0.61158,0.55587,0.56728,0.51707,Hard,
2026-06-26T22:33:29,494.076,active,1,AF7+AF8,21.311,22.629,13.424,118.65,385.02,0.14161,0.40656,1.6101,0.60999,0.63236,0.51105,Hard,
2026-06-26T22:33:30,495.088,active,1,AF7+AF8,106.64,90.606,34.335,108.2,316.69,-0.50975,0.91463,1.0322,0.59855,0.66318,0.48922,Hard,
2026-06-26T22:33:31,496.095,active,1,AF7+AF8,187.82,158.36,53.826,93.785,123.71,-0.2141,1.4312,0.69496,0.57581,0.657,0.46714,Hard,
2026-06-26T22:33:32,497.103,active,1,AF7+AF8,443.57,306.89,69.275,83.905,56.495,0.22114,0.4073,0.44963,0.56734,0.64159,0.4729,Hard,
2026-06-26T22:33:33,498.112,active,1,AF7+AF8,307.87,195.86,54.389,98.186,53.294,0.048965,0.058935,0.92675,0.59102,0.63756,0.48841,Hard,
2026-06-26T22:33:34,499.120,active,1,AF7+AF8,130.54,121.31,52.092,101.1,94.982,-0.04073,0.27868,1.197,0.6041,0.645,0.48502,Hard,
2026-06-26T22:33:35,500.130,active,1,AF7+AF8,46.756,33.91,16.808,68.643,92.973,-0.8028,-0.2226,0.12408,0.59679,0.64126,0.47818,Hard,
2026-06-26T22:33:36,501.143,active,1,AF7+AF8,18.473,12.694,9.805,61.96,60.332,-0.8323,-0.28857,-0.18181,0.58678,0.63398,0.47269,Hard,
2026-06-26T22:33:37,502.152,active,1,AF7+AF8,30.477,16.148,11.982,57.566,44.43,-0.62856,-0.68347,-0.23531,0.58306,0.62378,0.49319,Hard,
2026-06-26T22:33:38,503.158,active,1,AF7+AF8,121.35,135.43,41.896,59.287,50.919,0.29749,0.16155,-0.11738,0.56891,0.60273,0.50747,Hard,
2026-06-26T22:33:39,504.172,active,1,AF7+AF8,290.2,176.99,45.372,88.814,150.21,0.67368,0.10614,0.80821,0.57969,0.59242,0.54527,Hard,
2026-06-26T22:33:40,505.183,active,1,AF7+AF8,556.48,64.652,18.858,109.98,483.71,0.38342,0.017176,1.4476,0.63481,0.61495,0.5455,Hard,
2026-06-26T22:33:41,506.194,active,1,AF7+AF8,829.55,231.98,69.326,121.47,396.09,7.7117,4.0005,1.6177,0.58659,0.5466,0.73707,Hard,
2026-06-26T22:33:42,507.195,active,1,AF7+AF8,1916.9,527.54,142.65,160.79,396.69,12.026,5.429,2.7852,0.54146,0.48218,0.87346,Hard,
2026-06-26T22:33:43,508.200,active,1,AF7+AF8,503.21,122.74,42.057,141.09,361.1,1.8334,0.85555,2.1059,0.60742,0.51327,0.84302,Hard,
2026-06-26T22:33:44,509.204,active,1,AF7+AF8,233.08,108.88,67.602,95.008,133.33,1.9614,3.0091,0.87297,0.56522,0.49575,0.7865,Hard,
2026-06-26T22:33:45,510.216,active,1,AF7+AF8,764.11,350.24,116.45,109.41,78.462,12.078,4.3526,1.3084,0.51889,0.43681,0.90225,Hard,
2026-06-26T22:33:46,511.222,active,1,AF7+AF8,440.64,180.38,49.52,87.05,88.787,5.9118,1.2807,0.69384,0.50789,0.39262,0.90699,Hard,
2026-06-26T22:33:47,512.236,active,1,AF7+AF8,427.58,282.05,61.163,79.946,74.871,6.0684,1.916,0.56769,0.48745,0.35271,0.90478,Hard,
2026-06-26T22:33:48,513.243,active,1,AF7+AF8,359.65,234.15,48.713,82.478,72.226,5.1896,1.1069,0.65776,0.48225,0.32166,0.90242,Hard,
2026-06-26T22:33:49,514.251,active,1,AF7+AF8,56.113,42.501,16.994,70.734,52.152,0.001737,-0.55112,0.22072,0.55008,0.44507,0.86237,Hard,
2026-06-26T22:33:50,515.261,active,1,AF7+AF8,73.392,46.098,17.785,79.307,46.29,0.18161,0.08613,0.46732,0.54977,0.49942,0.82032,Hard,
2026-06-26T22:33:51,516.271,active,1,AF7+AF8,90.592,37.011,21.9,71.377,40.415,-0.12917,0.96067,0.27629,0.53363,0.53007,0.76592,Hard,
2026-06-26T22:33:52,517.276,active,1,AF7+AF8,82.827,44.622,25.033,45.529,30.727,0.94814,1.3415,-0.52359,0.50348,0.50533,0.72813,Hard,
2026-06-26T22:33:53,518.284,active,1,AF7+AF8,121.17,157.22,57.347,50.677,28.671,2.0056,1.8322,-0.38819,0.47281,0.47254,0.70335,Hard,
2026-06-26T22:33:54,519.299,active,1,AF7+AF8,437.22,450.97,118.79,62.097,43.192,3.4878,2.9139,0.10235,0.4397,0.43448,0.6875,Hard,
2026-06-26T22:33:55,520.306,active,1,AF7+AF8,148.31,124.8,31.682,58.547,53.583,0.41722,-0.010872,-0.18026,0.46318,0.43345,0.6714,Hard,
2026-06-26T22:33:56,521.319,active,1,AF7+AF8,11.363,6.4429,6.7823,54.914,36.289,-0.91959,-0.73645,-0.33633,0.51518,0.51682,0.64809,Hard,
2026-06-26T22:33:57,522.332,active,1,AF7+AF8,290.81,55.383,21.667,80.609,87.2,0.44689,1.9778,0.63598,0.49396,0.5209,0.60841,Hard,
2026-06-26T22:33:58,523.338,active,1,AF7+AF8,610.61,119.54,30.896,152.8,284.82,2.1279,3.1087,2.8415,0.49068,0.56132,0.58098,Hard,
2026-06-26T22:33:59,524.347,active,1,AF7+AF8,301.69,174.07,50.695,114.1,211.1,1.5757,0.44527,1.4238,0.56823,0.55169,0.61499,Hard,
2026-06-26T22:34:00,525.358,active,1,AF7+AF8,390.64,190.85,44.085,64.27,53.759,1.3335,-0.022693,0.012017,0.56057,0.52635,0.64398,Hard,
2026-06-26T22:34:01,526.369,active,1,AF7+AF8,121.25,48.183,18.505,25.648,14.691,-0.022121,-0.36036,-1.0663,0.54282,0.50787,0.63177,Hard,
2026-06-26T22:34:02,527.380,active,1,AF7+AF8,545.8,174.25,50.445,44.397,23.312,1.3866,0.65467,-0.49694,0.52087,0.48059,0.62681,Hard,
2026-06-26T22:34:03,528.391,active,1,AF7+AF8,782,225.97,58.105,89.236,56.506,2.2454,1.9872,0.7217,0.49999,0.46111,0.61546,Hard,
2026-06-26T22:34:04,529.398,active,1,AF7+AF8,205.71,52.124,23.194,59.216,54.262,-0.34224,0.48744,-0.21557,0.48955,0.49394,0.58934,Hard,
2026-06-26T22:34:05,530.409,active,1,AF7+AF8,89.983,45.257,17.711,45.445,36.529,1.7798,0.38769,-0.55802,0.47688,0.46311,0.63612,Hard,
2026-06-26T22:34:06,531.420,active,1,AF7+AF8,65.277,43.632,18.264,49.353,29.187,2.374,0.79931,-0.2694,0.46399,0.4328,0.66681,Hard,
2026-06-26T22:34:07,532.428,active,1,AF7+AF8,48.504,30.316,14.168,34.873,21.431,0.060175,0.025306,-0.69312,0.45765,0.4297,0.64732,Hard,
2026-06-26T22:34:08,533.437,active,1,AF7+AF8,299.11,151,55.828,48.834,33.497,2.5093,1.4786,-0.37951,0.43671,0.40104,0.64476,Hard,
2026-06-26T22:34:09,534.449,active,1,AF7+AF8,370.61,197.06,59.22,67.427,41.741,5.6087,1.915,0.089355,0.41867,0.36006,0.77616,Hard,
2026-06-26T22:34:10,535.455,active,1,AF7+AF8,354.14,208.05,48.943,92.322,34.583,5.3222,1.4621,0.90144,0.42569,0.32871,0.83442,Hard,
2026-06-26T22:34:11,536.468,active,1,AF7+AF8,208.06,110.99,29.578,73.097,43.175,2.8805,1.3322,0.30816,0.41958,0.31525,0.81642,Hard,
2026-06-26T22:34:12,537.482,active,1,AF7+AF8,49.805,44.033,20.778,65.393,42.833,0.3876,1.7414,0.076869,0.40561,0.40284,0.75888,Hard,
2026-06-26T22:34:13,538.490,active,1,AF7+AF8,40.786,33.788,18.342,66.925,47.334,-0.13309,0.97871,0.089908,0.40382,0.47784,0.71155,Hard,
2026-06-26T22:34:14,539.501,active,1,AF7+AF8,29.285,19.302,13.635,45.306,31.547,-0.92279,-0.56114,-0.49731,0.46631,0.52293,0.68076,Hard,
2026-06-26T22:34:15,540.512,active,1,AF7+AF8,26.809,20.781,10.23,39.507,20.402,-0.91269,-1.0332,-0.6599,0.51444,0.52811,0.66087,Hard,
2026-06-26T22:34:16,541.519,active,1,AF7+AF8,34.04,23.019,11.025,38.159,19.923,-0.77626,-0.99001,-0.66003,0.53047,0.52648,0.64477,Hard,
2026-06-26T22:34:17,542.522,active,1,AF7+AF8,70.372,48.946,27.319,34.03,23.061,-0.57518,-0.40577,-0.81503,0.52069,0.51971,0.62486,Hard,
2026-06-26T22:34:18,543.534,active,1,AF7+AF8,42.104,26.205,18.097,29.345,23.311,-0.60027,-0.27482,-0.96102,0.50802,0.51194,0.60501,Hard,
2026-06-26T22:34:19,544.542,active,1,AF7+AF8,42.369,27.103,17.361,35.587,23.27,-0.27106,0.51536,-0.71097,0.48922,0.50394,0.58076,Hard,
2026-06-26T22:34:20,545.554,active,1,AF7+AF8,56.643,33.833,25.553,30.047,17.447,-0.45883,0.88168,-0.93594,0.46498,0.49634,0.55168,Hard,
2026-06-26T22:34:21,546.567,active,1,AF7+AF8,416.27,264.98,61.803,37.159,17.621,1.0177,0.16195,-0.69462,0.45653,0.47256,0.58389,Hard,
2026-06-26T22:34:22,547.580,active,1,AF7+AF8,585.97,337.28,67.143,58.175,28.047,1.9489,0.81006,-0.087652,0.4485,0.4477,0.61673,Hard,
2026-06-26T22:34:23,548.591,active,1,AF7+AF8,122.59,39.913,15.111,36.653,23.661,-0.17337,-0.36385,-0.78692,0.44836,0.44484,0.60558,Hard,
2026-06-26T22:34:24,549.599,active,1,AF7+AF8,86.433,25.015,9.6525,17.793,10.709,-0.31709,-0.42241,-1.3527,0.44085,0.43626,0.59449,Hard,
2026-06-26T22:34:25,550.610,active,1,AF7+AF8,90.167,33.49,13.903,20.559,11.102,-0.56672,0.11264,-1.2585,0.42815,0.43364,0.57306,Hard,
2026-06-26T22:34:26,551.624,active,1,AF7+AF8,68.561,25.072,13.947,30.118,25.56,-0.48805,0.16589,-0.97292,0.42013,0.43727,0.55457,Hard,
2026-06-26T22:34:27,552.628,active,1,AF7+AF8,95.648,22.717,11.242,49.76,37.813,-0.78277,-0.36392,-0.40355,0.46508,0.50326,0.54176,Hard,
2026-06-26T22:34:28,553.631,active,1,AF7+AF8,99.264,46.467,16.527,58.294,46.608,-0.78095,-0.54445,-0.10717,0.5187,0.55137,0.53321,Hard,
2026-06-26T22:34:29,554.639,active,1,AF7+AF8,198.95,86.679,28.969,53.274,42.702,-0.14311,0.36442,-0.33567,0.50606,0.54232,0.52165,Hard,
2026-06-26T22:34:30,555.649,active,1,AF7+AF8,493.62,148.48,33.175,43.233,30.426,0.15506,0.46028,-0.5899,0.48993,0.52619,0.51448,Hard,
2026-06-26T22:34:32,556.661,active,1,AF7+AF8,419.57,138.75,25.149,28.568,21.097,-0.28236,0.35303,-0.96741,0.47202,0.51287,0.50329,Hard,
2026-06-26T22:34:33,557.669,active,1,AF7+AF8,288.01,82.775,24.274,28.45,18.402,-0.54062,0.098318,-0.99968,0.45931,0.50447,0.49339,Hard,
2026-06-26T22:34:34,558.678,active,1,AF7+AF8,691.38,202.66,49.105,68.081,67.43,0.63857,0.24826,0.075693,0.47079,0.49555,0.52654,Hard,
2026-06-26T22:34:35,559.681,active,1,AF7+AF8,370.52,90.615,23.138,74.904,86.335,0.042943,-0.27671,0.33569,0.53389,0.52014,0.53454,Hard,
2026-06-26T22:34:36,560.694,active,1,AF7+AF8,31.106,8.3974,7.2385,59.656,66.741,-0.87565,-0.93799,-0.067965,0.5778,0.56782,0.53133,Hard,
2026-06-26T22:34:37,561.705,active,1,AF7+AF8,13.208,8.0691,6.3771,56.774,54.908,-0.74441,-0.70303,-0.30121,0.57447,0.5663,0.52695,Hard,
2026-06-26T22:34:38,562.719,active,1,AF7+AF8,47.314,9.8726,7.9222,47.403,40.555,-0.68412,-0.75486,-0.56353,0.5684,0.56016,0.52478,Hard,
2026-06-26T22:34:39,563.730,active,1,AF7+AF8,97.865,66.351,29.116,43.613,53.848,-0.36156,-0.50412,-0.61293,0.55856,0.54917,0.52394,Hard,
2026-06-26T22:34:40,564.735,active,1,AF7+AF8,164.48,169.09,57.414,52.477,49.248,0.59298,0.95379,-0.32667,0.53296,0.52971,0.51567,Hard,
2026-06-26T22:34:41,565.746,active,1,AF7+AF8,417.78,195.16,49.111,78.049,91.589,10.833,5.3609,0.53447,0.47886,0.46684,0.76973,Hard,
2026-06-26T22:34:42,566.757,active,1,AF7+AF8,676.65,180.51,43.833,113.1,148.97,10.852,4.6102,1.7621,0.44468,0.41208,0.88254,Hard,
2026-06-26T22:34:43,567.763,active,1,AF7+AF8,295.75,70.782,25.747,70.87,73.634,2.5886,0.67601,0.54735,0.46823,0.39442,0.86332,Hard,
2026-06-26T22:34:44,568.769,active,1,AF7+AF8,146.19,63.061,28.984,39.222,36.255,1.2974,0.41423,-0.53667,0.45804,0.38136,0.83276,Hard,
2026-06-26T22:34:45,569.776,active,1,AF7+AF8,146.1,71.371,22.109,29.397,29.068,0.068438,-0.28355,-0.90876,0.45377,0.38122,0.7981,Hard,
2026-06-26T22:34:46,570.785,active,1,AF7+AF8,117.42,64.398,27.651,28.762,27.881,-0.4428,-0.36676,-0.93066,0.45092,0.41608,0.76119,Hard,
2026-06-26T22:34:47,571.795,active,1,AF7+AF8,218.67,252.06,47.568,52.271,30.562,1.4289,0.10192,-0.1431,0.46201,0.40371,0.74905,Hard,
2026-06-26T22:34:48,572.809,active,1,AF7+AF8,155.2,182,26.774,59.704,34.291,1.1429,-0.21053,-0.048277,0.49697,0.39791,0.73872,Hard,
2026-06-26T22:34:49,573.820,active,1,AF7+AF8,26.262,18.449,5.4608,37.512,24.37,0.023193,-1.0232,-0.71189,0.52209,0.40464,0.72542,Hard,
2026-06-26T22:34:50,574.828,active,1,AF7+AF8,111.17,36.291,13.409,32.592,36.534,0.52749,-0.17836,-0.92036,0.50844,0.39527,0.70885,Hard,
2026-06-26T22:34:51,575.832,active,1,AF7+AF8,765.67,58.841,28.158,93.749,156.39,0.74493,0.98644,0.94746,0.50684,0.47328,0.68017,Hard,
2026-06-26T22:34:52,576.844,active,1,AF7+AF8,550.02,107.95,17.24,121.23,223.43,0.38008,0.0203,1.4773,0.60742,0.5696,0.66393,Hard,
2026-06-26T22:34:53,577.850,active,1,AF7+AF8,518.32,303.18,16.002,130.44,172.96,3.2246,-0.70294,1.7017,0.70433,0.53945,0.79174,Hard,
2026-06-26T22:34:54,578.861,active,1,AF7+AF8,335.73,111.64,12.711,90.203,153.35,2.0333,-0.95714,0.75129,0.70398,0.51612,0.80681,Hard,
2026-06-26T22:34:55,579.872,active,1,AF7+AF8,72.359,20.051,9.9935,72.383,92.778,-0.56023,-0.79355,0.23617,0.69462,0.5654,0.77349,Hard,
2026-06-26T22:34:56,580.883,active,1,AF7+AF8,188.5,46.466,28.804,88.488,65.231,-0.27096,0.44776,0.75092,0.6758,0.60118,0.73,Hard,
2026-06-26T22:34:57,581.894,active,1,AF7+AF8,242.51,47.278,38.385,69.066,42.146,-0.28671,1.019,0.16935,0.64215,0.59585,0.68349,Hard,
2026-06-26T22:34:58,582.904,active,1,AF7+AF8,426.12,141.51,66.767,74.598,89.426,0.1387,0.74868,0.37163,0.61945,0.58783,0.65239,Hard,
2026-06-26T22:34:59,583.914,active,1,AF7+AF8,553.23,172.74,65.652,113.57,274.98,1.0948,0.32994,1.5473,0.63637,0.58405,0.64544,Hard,
2026-06-26T22:35:00,584.925,active,1,AF7+AF8,59.559,22.167,11.169,96.704,203.22,-0.17547,-0.32358,0.77511,0.63608,0.6036,0.6302,Hard,
2026-06-26T22:35:01,585.931,active,1,AF7+AF8,42.106,23.31,8.7658,93.867,64.143,-0.52401,-0.32653,0.80647,0.63721,0.6377,0.61162,Hard,
2026-06-26T22:35:02,586.939,active,1,AF7+AF8,505.37,253.29,41.703,67.043,71.085,0.54204,-0.028933,0.23815,0.62474,0.61663,0.60673,Hard,
2026-06-26T22:35:03,587.954,active,1,AF7+AF8,657.7,280.74,52.928,83.608,144.51,0.67844,0.52416,0.68954,0.61225,0.6028,0.59624,Hard,
2026-06-26T22:35:04,588.967,active,1,AF7+AF8,350.94,116.99,48.34,99.874,208.72,0.065738,0.94772,1.2531,0.60335,0.62765,0.57167,Hard,
2026-06-26T22:35:05,589.978,active,1,AF7+AF8,281.68,98.168,38.213,109.75,287.75,0.38571,0.5042,1.4162,0.60858,0.62745,0.56129,Hard,
2026-06-26T22:35:06,590.988,active,1,AF7+AF8,160.39,62.483,14.654,96.228,130.7,0.67046,0.072749,0.86819,0.60733,0.61512,0.56901,Hard,
2026-06-26T22:35:07,591.990,active,1,AF7+AF8,73.595,34.505,13.71,66.532,45.923,-0.32037,-0.31355,-0.020299,0.59884,0.6058,0.56063,Hard,
2026-06-26T22:35:08,592.997,active,1,AF7+AF8,113.59,159.7,40.655,72.729,67.851,-0.0095801,0.096473,0.21853,0.58881,0.59652,0.55176,Hard,
2026-06-26T22:35:09,594.011,active,1,AF7+AF8,521.62,295.89,71.09,145.55,173.38,1.1253,0.76857,2.641,0.66652,0.64714,0.55089,Hard,
2026-06-26T22:35:10,595.024,active,1,AF7+AF8,290.19,79.179,27.336,139.14,211.11,0.25804,-0.17934,2.2509,0.72933,0.69707,0.55303,Hard,
2026-06-26T22:35:11,596.036,active,1,AF7+AF8,106.51,65.01,37.689,83.485,100.64,1.3867,0.34607,0.5141,0.70433,0.66053,0.59755,Hard,
2026-06-26T22:35:12,597.048,active,1,AF7+AF8,254.21,108.85,69.831,60.292,47.737,3.1311,2.7056,-0.12433,0.64326,0.60097,0.5922,Hard,
2026-06-26T22:35:13,598.061,active,1,AF7+AF8,392.39,162.4,74.305,79.536,74.858,0.63097,3.306,0.35067,0.58837,0.58465,0.54609,Hard,
2026-06-26T22:35:14,599.069,active,1,AF7+AF8,142.49,68.94,32.188,75.33,57.78,-0.14246,1.074,0.21831,0.56512,0.57989,0.52285,Hard,
2026-06-26T22:35:15,600.079,active,1,AF7+AF8,60.591,19.312,18.107,38.088,24.158,-0.36409,0.58351,-0.79022,0.53747,0.56394,0.50616,Hard,
2026-06-26T22:35:16,601.083,active,1,AF7+AF8,118.21,76.328,27.6,32.339,21.418,0.036411,0.14788,-0.8921,0.51772,0.54258,0.50375,Hard,
2026-06-26T22:35:17,602.095,active,1,AF7+AF8,208.28,126.31,35.672,67.891,80.306,0.67687,0.74021,0.12008,0.50636,0.52917,0.50235,Hard,
2026-06-26T22:35:18,603.106,active,1,AF7+AF8,48.296,20.974,13.5,102.87,154.45,-0.42941,-0.037214,1.0711,0.58361,0.61921,0.4962,Hard,
2026-06-26T22:35:19,604.111,active,1,AF7+AF8,19.529,10.304,10.13,101.4,77.721,-0.88997,-0.6607,1.0882,0.65685,0.68503,0.49322,Hard,
2026-06-26T22:35:20,605.123,active,1,AF7+AF8,34.987,17.778,10.41,81.07,80.606,-0.70426,-0.56309,0.5442,0.65422,0.68097,0.49192,Hard,
2026-06-26T22:35:21,606.137,active,1,AF7+AF8,79.538,25.92,15.117,155.01,411.16,-0.28475,-0.1107,2.5352,0.73549,0.75464,0.49028,Hard,
2026-06-26T22:35:22,607.151,active,1,AF7+AF8,69.568,25.735,17.846,213.9,498.74,-0.47314,-0.011591,3.9316,0.82087,0.84213,0.48455,Hard,
2026-06-26T22:35:23,608.155,active,1,AF7+AF8,31.414,14.657,10.442,138.34,325.97,-0.84167,-0.53516,1.8643,0.81458,0.83643,0.48182,Hard,
2026-06-26T22:35:24,609.163,active,1,AF7+AF8,16.375,14.984,8.8026,130.61,204.72,-0.78272,-0.48053,1.5753,0.80521,0.82783,0.47948,Hard,
2026-06-26T22:35:25,610.167,active,1,AF7+AF8,16.426,18.851,10.327,116.61,125.61,-0.8519,-0.45187,1.3208,0.79356,0.81822,0.47596,Hard,
2026-06-26T22:35:26,611.174,active,1,AF7+AF8,24.908,12.447,9.3701,85.72,84.428,-0.80785,-0.49824,0.5485,0.77369,0.79963,0.47421,Hard,
2026-06-26T22:35:27,612.188,active,1,AF7+AF8,52.167,21.259,13.65,101.22,49.859,-0.65938,-0.25271,0.90681,0.75777,0.78604,0.47122,Hard,
2026-06-26T22:35:28,613.200,active,1,AF7+AF8,77.867,40.802,15.191,75.179,40.451,-0.66476,-0.54292,0.26691,0.73882,0.76544,0.47935,Hard,
2026-06-26T22:35:29,614.214,active,1,AF7+AF8,48.686,23.871,10.656,47.777,33.304,-0.78649,-0.63878,-0.44562,0.71306,0.73869,0.48067,Hard,
2026-06-26T22:35:30,615.229,active,1,AF7+AF8,6.3417,8.1832,8.0454,35.579,25.53,-0.62179,-0.29457,-0.85774,0.6791,0.70651,0.47809,Hard,
2026-06-26T22:35:31,616.235,active,1,AF7+AF8,13.64,8.0468,8.6201,26.249,17.895,-0.74061,-0.35958,-1.1229,0.64629,0.67601,0.47502,Hard,
2026-06-26T22:35:32,617.240,active,1,AF7+AF8,109.5,24.25,16.122,23.236,17.132,-0.65613,-0.31776,-1.2405,0.61514,0.64619,0.47296,Hard,
2026-06-26T22:35:33,618.251,active,1,AF7+AF8,86.336,19.465,11.607,34.585,21.424,-0.34919,-0.39479,-0.93773,0.59323,0.61988,0.4926,Hard,
2026-06-26T22:35:34,619.263,active,1,AF7+AF8,28.559,12.032,5.9842,29.744,16.427,-0.24466,-0.7245,-1.0444,0.57725,0.59366,0.53286,Hard,
2026-06-26T22:35:35,620.270,active,1,AF7+AF8,13.138,7.4675,5.7423,21.754,13.081,-0.71561,-0.85775,-1.2254,0.56248,0.57481,0.53104,Hard,
2026-06-26T22:35:36,621.282,active,1,AF7+AF8,82.596,54.531,16.597,24.253,15.448,-0.15265,-0.66006,-1.1466,0.54772,0.55122,0.55027,Hard,
2026-06-26T22:35:37,622.295,active,1,AF7+AF8,294.48,192.12,39.824,55.401,36.885,0.85126,-0.030887,-0.20947,0.53932,0.52953,0.58522,Hard,
2026-06-26T22:35:38,623.305,active,1,AF7+AF8,153.1,94.315,21.633,60.758,43.186,-0.023651,-0.65701,-0.10529,0.55685,0.52476,0.58441,Hard,
2026-06-26T22:35:39,624.317,active,1,AF7+AF8,91.416,46.65,17.14,43.316,35.976,-0.29041,-0.65568,-0.67763,0.54969,0.516,0.57975,Hard,
2026-06-26T22:35:40,625.326,active,1,AF7+AF8,174.43,54.962,17.297,32.251,21.717,-0.091821,-0.59676,-0.90607,0.5391,0.50203,0.57771,Hard,
2026-06-26T22:35:41,626.328,active,1,AF7+AF8,97.487,36.407,10.424,22.366,14.797,-0.7526,-0.84812,-1.1713,0.52957,0.49553,0.56982,Hard,
2026-06-26T22:35:42,627.342,active,1,AF7+AF8,20.204,10.833,5.9191,18.365,15.494,-0.90346,-0.93828,-1.3048,0.52054,0.49007,0.56196,Hard,
2026-06-26T22:35:43,628.353,active,1,AF7+AF8,355.29,303.38,50.001,39.405,38.456,0.47508,0.29318,-0.68889,0.50363,0.47428,0.55725,Hard,
2026-06-26T22:35:44,629.365,active,1,AF7+AF8,502.85,400.61,68.339,123.36,170.36,1.0431,1.0941,1.8287,0.55594,0.54788,0.54962,Hard,
2026-06-26T22:35:45,630.373,active,1,AF7+AF8,69.178,40.842,19.211,129.84,240.27,-0.40213,-0.098456,1.9033,0.66111,0.67515,0.53912,Hard,
2026-06-26T22:35:46,631.383,active,1,AF7+AF8,46.722,25.936,9.7782,82.386,131.01,-0.16724,-0.27935,0.499,0.65331,0.66404,0.53611,Hard,
2026-06-26T22:35:47,632.389,active,1,AF7+AF8,200.4,87.503,23.343,83.218,57.486,0.5484,1.2286,0.62992,0.626,0.64558,0.52167,Hard,
2026-06-26T22:35:48,633.400,active,1,AF7+AF8,931.12,187.2,71.558,113.25,136.05,1.9818,1.6024,1.5834,0.61059,0.62215,0.53704,Hard,
2026-06-26T22:35:49,634.404,active,1,AF7+AF8,1100.8,246.75,79.969,187.76,253.35,6.7885,1.8464,3.7646,0.678,0.56917,0.76807,Hard,
2026-06-26T22:35:50,635.417,active,1,AF7+AF8,286.64,84.655,18.092,110.71,106.45,4.3337,0.65063,1.5684,0.67017,0.52494,0.82511,Hard,
2026-06-26T22:35:51,636.428,active,1,AF7+AF8,454.97,143.57,21.978,61.015,48.84,0.79531,0.3233,0.14076,0.64701,0.51222,0.79314,Hard,
2026-06-26T22:35:52,637.441,active,1,AF7+AF8,555.12,199.08,55.858,44.875,36.441,0.79499,1.9564,-0.36196,0.59803,0.49386,0.74102,Hard,
2026-06-26T22:35:53,638.450,active,1,AF7+AF8,190.96,57.028,29.956,28.818,20.197,-0.11037,1.0086,-0.9776,0.5587,0.48179,0.69573,Hard,
2026-06-26T22:35:54,639.470,active,1,AF7+AF8,38.14,14.865,13.142,25.854,17.475,0.01852,0.58219,-1.0876,0.52797,0.4678,0.66385,Hard,
2026-06-26T22:35:55,640.477,active,1,AF7+AF8,31.313,20.219,11.168,20.967,14.906,-0.020659,0.14072,-1.2134,0.50504,0.45428,0.64177,Hard,
2026-06-26T22:35:56,641.487,active,1,AF7+AF8,224.28,154.95,36.744,26.494,21.056,1.1309,1.2495,-1.014,0.4737,0.43036,0.62297,Hard,
2026-06-26T22:35:57,642.493,active,1,AF7+AF8,602.91,281.18,94.38,56.112,37.293,2.8984,5.5196,-0.21706,0.4233,0.39959,0.5737,Hard,
2026-06-26T22:35:58,643.507,active,1,AF7+AF8,358.82,153.87,58.743,78.242,52.237,1.1059,3.2597,0.22391,0.39408,0.39862,0.53535,Hard,
2026-06-26T22:35:59,644.519,active,1,AF7+AF8,27.333,14.626,8.3879,62.104,39.018,-0.64172,-0.71221,-0.15684,0.49902,0.49564,0.53217,Hard,
2026-06-26T22:36:00,645.529,active,1,AF7+AF8,87.068,18.867,10.172,58.878,41.033,-0.22766,-0.58301,-0.17245,0.53029,0.5024,0.53945,Hard,
2026-06-26T22:36:01,646.541,active,1,AF7+AF8,65.464,18.359,8.829,71.498,62.323,-0.3831,-0.53834,0.13851,0.5624,0.53986,0.53704,Hard,
2026-06-26T22:36:02,647.552,active,1,AF7+AF8,17.139,13.605,5.8382,69.772,57.931,-0.81046,-0.94835,0.053557,0.59857,0.57976,0.53466,Hard,
2026-06-26T22:36:03,648.563,active,1,AF7+AF8,129.61,103.03,36.75,61.469,54.682,-0.15609,-0.22724,-0.068355,0.58912,0.5715,0.53157,Hard,
2026-06-26T22:36:04,649.565,active,1,AF7+AF8,117.78,83.894,28.884,65.976,67.926,-0.26303,-0.5749,0.16758,0.5907,0.56935,0.53597,Hard,
2026-06-26T22:36:05,650.575,active,1,AF7+AF8,48.543,30.719,14.615,67.932,57.554,0.059764,-0.36562,0.2224,0.58858,0.56347,0.54617,Hard,
2026-06-26T22:36:06,651.615,active,1,AF7+AF8,74.433,49.151,26.546,60.613,47.219,0.24902,0.070821,-0.014617,0.57667,0.5519,0.5433,Hard,
2026-06-26T22:36:07,652.626,active,1,AF7+AF8,169.64,100.16,49.272,52.971,24.88,0.62549,0.72436,-0.1278,0.55487,0.53451,0.53662,Hard,
2026-06-26T22:36:08,653.634,active,1,AF7+AF8,827.42,372.06,88.57,63.645,65.147,18.315,2.6099,0.25201,0.51652,0.47038,0.81442,Hard,
2026-06-26T22:36:09,654.645,active,1,AF7+AF8,830.85,353.52,73.791,101.97,151.21,19.192,2.7935,1.4351,0.49491,0.41395,0.9256,Hard,
2026-06-26T22:36:11,655.654,active,1,AF7+AF8,96.206,45.929,16.957,79.735,106.39,0.86237,-0.26807,0.54491,0.55811,0.44182,0.89105,Hard,
2026-06-26T22:36:12,656.667,active,1,AF7+AF8,695.96,343.04,106.33,153.7,174.31,8.4924,2.8962,3.1318,0.55467,0.3965,0.92196,Hard,
2026-06-26T22:36:13,657.677,active,1,AF7+AF8,622.36,288.4,82.652,149,178.51,7.5684,2.1918,2.7864,0.56614,0.35898,0.93058,Hard,
2026-06-26T22:36:14,658.688,active,1,AF7+AF8,835.45,254.82,69.572,133.82,149.4,1.3083,1.3921,2.0726,0.577,0.50023,0.87766,Hard,
2026-06-26T22:36:15,659.696,active,1,AF7+AF8,730.3,180.44,46.806,145.53,157.26,0.6745,0.71288,2.2516,0.64083,0.6126,0.83176,Hard,
2026-06-26T22:36:16,660.706,active,1,AF7+AF8,43.882,9.4861,9.1281,80.935,57.669,-0.65887,-0.5038,0.37525,0.63691,0.62092,0.78963,Hard,
2026-06-26T22:36:17,661.716,active,1,AF7+AF8,13.865,9.2886,5.742,60.246,39.407,-0.608,-0.90324,-0.13916,0.6318,0.61341,0.75929,Hard,
2026-06-26T22:36:18,662.727,active,1,AF7+AF8,11.939,7.0126,5.9926,45.237,30.471,-0.76402,-0.95793,-0.53038,0.62237,0.6033,0.73108,Hard,
2026-06-26T22:36:19,663.740,active,1,AF7+AF8,15.482,5.1855,6.2208,40.511,29.801,-0.90881,-0.85782,-0.69644,0.61011,0.59409,0.70259,Hard,
2026-06-26T22:36:20,664.751,active,1,AF7+AF8,46.059,53.879,20.806,56.377,40.409,-0.59108,-0.10564,-0.26803,0.59446,0.58763,0.67103,Hard,
2026-06-26T22:36:21,665.764,active,1,AF7+AF8,376.98,286.37,71.082,88.409,52.449,2.0131,2.1682,0.78314,0.56314,0.55923,0.64818,Hard,
2026-06-26T22:36:22,666.774,active,1,AF7+AF8,505.48,195.9,52.584,105.47,87.373,3.2054,2.7051,1.2696,0.53491,0.52515,0.63787,Hard,
2026-06-26T22:36:23,667.780,active,1,AF7+AF8,311.29,390.21,90.309,52.927,55.944,2.7852,2.1997,-0.30324,0.49741,0.48325,0.63004,Hard,
2026-06-26T22:36:24,668.787,active,1,AF7+AF8,275.22,299.86,63.514,34.785,26.662,1.9085,1.7426,-0.73595,0.46467,0.45051,0.61692,Hard,
2026-06-26T22:36:25,669.797,active,1,AF7+AF8,138.85,60.759,22.324,33.115,18.877,0.92821,0.012813,-0.82921,0.45647,0.43166,0.61639,Hard,
2026-06-26T22:36:26,670.805,active,1,AF7+AF8,1122.3,397.51,111.84,130.11,103.66,15.833,4.8227,2.0929,0.4261,0.37999,0.84413,Hard,
2026-06-26T22:36:27,671.820,active,1,AF7+AF8,849.6,254.74,79.562,136.24,175.25,10.272,2.8033,2.0981,0.4245,0.33637,0.92365,Hard,
2026-06-26T22:36:28,672.829,active,1,AF7+AF8,99.454,41.274,16.836,88.349,100.15,-0.035784,-0.23164,0.73721,0.54108,0.49181,0.87575,Hard,
2026-06-26T22:36:29,673.834,active,1,AF7+AF8,158.58,62.848,33.958,79.24,69.804,-0.38909,0.52209,0.59149,0.53719,0.56883,0.81723,Hard,
2026-06-26T22:36:30,674.841,active,1,AF7+AF8,121.38,50.102,29.149,73.799,90.3,0.065244,0.42966,0.34831,0.53151,0.56481,0.77371,Hard,
2026-06-26T22:36:31,675.851,active,1,AF7+AF8,84.506,40.808,22.59,80.788,70.98,-0.34382,0.30636,0.34067,0.52824,0.57677,0.73119,Hard,
2026-06-26T22:36:32,676.859,active,1,AF7+AF8,91.689,39.774,23.066,65.386,50.034,-0.60693,0.0067503,-0.11174,0.52307,0.57494,0.69432,Hard,
2026-06-26T22:36:33,677.867,active,1,AF7+AF8,205.72,46.852,16.992,55.054,38.736,-0.45645,-0.52812,-0.36178,0.5228,0.56737,0.67207,Hard,
2026-06-26T22:36:34,678.873,active,1,AF7+AF8,498.69,80.558,26.05,51.205,42.869,0.17052,0.2829,-0.39429,0.51,0.55087,0.64974,Hard,
2026-06-26T22:36:35,679.885,active,1,AF7+AF8,317.78,159.02,22.406,51.862,34.161,0.47323,-0.078719,-0.20597,0.50689,0.53467,0.64,Hard,
2026-06-26T22:36:36,680.896,active,1,AF7+AF8,1542.6,326.96,95.332,116.04,157.29,6.0084,4.3934,1.668,0.47052,0.48281,0.67095,Hard,
2026-06-26T22:36:37,681.907,active,1,AF7+AF8,2177.2,284.77,110.11,185.56,266.14,6.2336,6.7077,3.4748,0.43394,0.449,0.64336,Hard,
2026-06-26T22:36:38,682.917,active,1,AF7+AF8,254.25,78.472,24.227,102.82,118.46,0.66175,0.49659,1.2247,0.52759,0.52154,0.62863,Hard,
2026-06-26T22:36:39,683.927,active,1,AF7+AF8,496.82,388.81,69.211,79.859,68.186,5.6535,2.866,0.66362,0.49422,0.4681,0.73216,Hard,
2026-06-26T22:36:40,684.932,active,1,AF7+AF8,324.25,223.79,41.447,79.252,90.642,4.3463,1.599,0.50539,0.47891,0.42727,0.77165,Hard,
2026-06-26T22:36:41,685.941,active,1,AF7+AF8,948.39,348.16,56.658,106.07,123.3,7.2214,3.0578,1.1577,0.4549,0.38152,0.84213,Hard,
2026-06-26T22:36:42,686.951,active,1,AF7+AF8,572.31,165.45,27.27,90.624,65.502,3.5324,1.3631,0.96457,0.45435,0.36176,0.83076,Hard,
2026-06-26T22:36:43,687.956,active,1,AF7+AF8,63.495,64.68,24.228,59.487,36.776,0.55269,0.47234,-0.011765,0.45261,0.40265,0.79228,Hard,
2026-06-26T22:36:44,688.968,active,1,AF7+AF8,102.79,65.082,20.227,31.208,17.374,0.41747,0.057255,-1.0064,0.4427,0.39383,0.76259,Hard,
2026-06-26T22:36:45,689.979,active,1,AF7+AF8,117.09,71.475,22.286,51.495,44.53,-0.23107,-0.41896,-0.38712,0.47947,0.44584,0.7339,Hard,
2026-06-26T22:36:46,690.987,active,1,AF7+AF8,618.39,310.28,81.299,145.01,213.38,1.0157,1.0018,2.4915,0.59862,0.58426,0.70604,Hard,
2026-06-26T22:36:47,691.997,active,1,AF7+AF8,454.27,133.05,46.049,154.31,230.93,0.27764,0.92591,2.7503,0.66752,0.69866,0.67167,Hard,
2026-06-26T22:36:48,693.000,active,1,AF7+AF8,363.38,156.49,65.83,191.52,242.86,0.7902,0.95866,4.2449,0.76978,0.7889,0.64855,Hard,
2026-06-26T22:36:49,694.007,active,1,AF7+AF8,279.5,145.8,51.529,301.25,311.46,0.59525,0.68534,8.5632,0.89645,0.9046,0.62937,Hard,
2026-06-26T22:36:50,695.018,active,1,AF7+AF8,105.48,45.603,23.303,262.74,179.5,-0.37798,0.048842,7.4433,0.94407,0.95006,0.60747,Hard,
2026-06-26T22:36:51,696.028,active,1,AF7+AF8,216.94,56.142,34.733,141,72.168,0.33197,0.33134,2.9988,0.92575,0.93102,0.59458,Hard,
2026-06-26T22:36:52,697.039,active,1,AF7+AF8,408.15,119.97,31.77,77.592,60.522,0.030635,0.28196,0.73878,0.88149,0.88981,0.57947,Hard,
2026-06-26T22:36:53,698.052,active,1,AF7+AF8,323.76,131.78,27.219,124.52,114.2,0.0012816,0.10777,2.5383,0.86825,0.87669,0.56833,Hard,
2026-06-26T22:36:54,699.059,active,1,AF7+AF8,150.89,70.087,20.112,184.42,109.87,-0.50316,-0.25829,4.5922,0.89854,0.90713,0.55647,Hard,
2026-06-26T22:36:55,700.065,active,1,AF7+AF8,106.24,57.602,16.537,122.64,69.669,-0.30677,-0.018028,2.0759,0.87954,0.89031,0.54537,Hard,
2026-06-26T22:36:56,701.076,active,1,AF7+AF8,60.865,32.961,15.39,51.77,31.938,-0.15357,-0.21637,-0.42739,0.83083,0.83937,0.54086,Hard,
2026-06-26T22:36:57,702.091,active,1,AF7+AF8,95.743,60.321,22.398,35.5,18.11,0.14767,-0.034689,-0.73171,0.78078,0.78566,0.53869,Hard,
2026-06-26T22:36:58,703.101,active,1,AF7+AF8,93.797,91.797,23.67,42.963,21.978,0.08169,0.10244,-0.42851,0.73917,0.74377,0.53374,Hard,
2026-06-26T22:36:59,704.113,active,1,AF7+AF8,31.44,22.08,7.041,27.441,20.435,-0.67051,-0.87158,-1.0364,0.708,0.70905,0.5327,Hard,
2026-06-26T22:37:00,705.127,active,1,AF7+AF8,33.724,13.93,4.3561,20.087,19.597,-0.73022,-0.99882,-1.2758,0.67889,0.67583,0.5332,Hard,
2026-06-26T22:37:01,706.137,active,1,AF7+AF8,345.2,87.879,12.229,24.411,19.849,-0.12352,-0.67453,-1.0922,0.65118,0.64048,0.55434,Hard,
2026-06-26T22:37:02,707.147,active,1,AF7+AF8,648.48,209.29,35.001,33.03,20.869,0.30766,-0.32218,-0.72144,0.62707,0.60851,0.56859,Hard,
2026-06-26T22:37:03,708.158,active,1,AF7+AF8,796.46,218.9,46.944,31.272,24.092,0.021658,-0.018008,-0.77718,0.60057,0.58367,0.56095,Hard,
2026-06-26T22:37:04,709.162,active,1,AF7+AF8,712.66,212.95,60.011,53.599,35.867,0.058914,0.39238,-0.054502,0.58183,0.57193,0.54865,Hard,
2026-06-26T22:37:05,710.174,active,1,AF7+AF8,842.31,261.75,99.262,109.28,92.443,0.92995,2.3085,1.5555,0.56084,0.5753,0.52291,Hard,
2026-06-26T22:37:06,711.188,active,1,AF7+AF8,446.1,115.94,69.775,90.948,79.115,0.96749,4.3564,0.92619,0.51184,0.56565,0.47879,Hard,
2026-06-26T22:37:07,712.200,active,1,AF7+AF8,980.23,312.48,40.74,84.562,47.209,4.9921,2.3525,0.88493,0.48934,0.51141,0.665,Hard,
2026-06-26T22:37:08,713.211,active,1,AF7+AF8,430.75,196.77,27.857,39.365,27.462,2.0761,0.32758,-0.5902,0.47709,0.47508,0.68938,Hard,
2026-06-26T22:37:09,714.224,active,1,AF7+AF8,97.592,40.776,22.953,26.042,14.998,-0.43026,-0.45513,-1.0242,0.47136,0.46923,0.66703,Hard,
2026-06-26T22:37:10,715.226,active,1,AF7+AF8,103.63,43.316,20.498,28.722,18.266,-0.30085,-0.35935,-0.99003,0.46542,0.46268,0.64786,Hard,
2026-06-26T22:37:11,716.235,active,1,AF7+AF8,105.72,50.427,18.876,29.33,18.087,0.56207,-0.62264,-1.0246,0.46356,0.44453,0.64739,Hard,
2026-06-26T22:37:12,717.246,active,1,AF7+AF8,79.565,29.427,11.438,28.025,16.47,0.19047,-0.83968,-1.0058,0.47297,0.43376,0.64482,Hard,
2026-06-26T22:37:13,718.259,active,1,AF7+AF8,72.585,40.399,18.746,33.844,30.099,-0.51328,-0.49621,-0.80711,0.47156,0.45151,0.62719,Hard,
2026-06-26T22:37:14,719.269,active,1,AF7+AF8,46.674,20.972,14.826,46.196,39.556,-0.68146,-0.37032,-0.44158,0.48328,0.49857,0.60727,Hard,
2026-06-26T22:37:15,720.277,active,1,AF7+AF8,37.164,17.008,9.8977,49.881,26.859,-0.88764,-0.72943,-0.33159,0.52305,0.54087,0.59202,Hard,
2026-06-26T22:37:16,721.283,active,1,AF7+AF8,35.779,23.735,9.9114,57.388,24.668,-0.90077,-0.65884,-0.16767,0.54588,0.57072,0.57736,Hard,
2026-06-26T22:37:17,722.293,active,1,AF7+AF8,57.651,37.299,15.968,36.195,23.594,-0.71434,-0.35962,-0.78277,0.53405,0.56121,0.56277,Hard,
2026-06-26T22:37:18,723.302,active,1,AF7+AF8,36.196,16.515,11.492,37.577,26.18,-0.67728,-0.24946,-0.80243,0.52172,0.55199,0.54884,Hard,
2026-06-26T22:37:19,724.304,active,1,AF7+AF8,28.542,11.614,10.854,74.396,54.479,-0.65205,-0.011745,0.14971,0.52153,0.58013,0.53346,Hard,
2026-06-26T22:37:20,725.314,active,1,AF7+AF8,196.92,62.66,25.711,100.88,135.24,0.48418,-0.28662,0.95455,0.59882,0.57754,0.57049,Hard,
2026-06-26T22:37:21,726.328,active,1,AF7+AF8,278.47,122.68,37.018,122.17,170.71,0.90446,-0.039937,1.4974,0.64947,0.57706,0.59774,Hard,
2026-06-26T22:37:22,727.338,active,1,AF7+AF8,273.08,241.67,64.842,108.93,169,1.3552,1.0067,0.99332,0.63133,0.5624,0.59122,Hard,
2026-06-26T22:37:23,728.349,active,1,AF7+AF8,267.2,181.92,44.568,143.87,274.75,0.34685,0.30087,1.9659,0.67067,0.64017,0.58097,Hard,
2026-06-26T22:37:24,729.361,active,1,AF7+AF8,123.39,98.296,31.874,123.42,214.71,-0.21876,0.14969,1.6112,0.67325,0.68448,0.56574,Hard,
2026-06-26T22:37:25,730.371,active,1,AF7+AF8,178.91,76.561,35.601,140.36,280.26,-0.34027,-0.042305,2.2183,0.72283,0.74319,0.55339,Hard,
2026-06-26T22:37:26,731.382,active,1,AF7+AF8,127.44,41.362,24.929,108.11,160.42,-0.46638,-0.60631,1.154,0.72092,0.73706,0.54908,Hard,
2026-06-26T22:37:27,732.392,active,1,AF7+AF8,74.09,14.302,17.119,49.145,52.07,-0.48143,-0.092307,-0.44425,0.68914,0.70917,0.53737,Hard,
2026-06-26T22:37:28,733.402,active,1,AF7+AF8,108.92,22.121,24.322,23.366,15.447,-0.48799,1.3085,-1.1386,0.63372,0.6744,0.50762,Hard,
2026-06-26T22:37:29,734.415,active,1,AF7+AF8,74.583,33.019,14.912,22.24,10.716,-0.46669,-0.25205,-1.1664,0.60419,0.64308,0.50349,Hard,
2026-06-26T22:37:30,735.428,active,1,AF7+AF8,97.439,39.491,17.245,37.085,19.962,-0.28369,-0.062313,-0.68404,0.58244,0.61992,0.49975,Hard,
2026-06-26T22:37:31,736.441,active,1,AF7+AF8,287.36,104.7,37.275,59.17,27.489,0.7219,1.0475,-0.063508,0.5563,0.5939,0.49491,Hard,
2026-06-26T22:37:32,737.452,active,1,AF7+AF8,142.59,59.03,26.741,62.448,34.196,0.18883,0.39582,-0.023141,0.54328,0.57946,0.49242,Hard,
2026-06-26T22:37:33,738.461,active,1,AF7+AF8,64.087,66.634,29.681,46.371,28.526,-0.63692,0.10197,-0.60084,0.52765,0.57046,0.48237,Hard,
2026-06-26T22:37:34,739.470,active,1,AF7+AF8,40.572,29.148,16.45,26.02,21.261,-0.86731,-0.3793,-1.1952,0.51226,0.5571,0.4772,Hard,
2026-06-26T22:37:35,740.479,active,1,AF7+AF8,32.682,14.751,8.2009,17.138,13.346,-0.80009,-0.7485,-1.4006,0.50109,0.54131,0.48701,Hard,
2026-06-26T22:37:36,741.486,active,1,AF7+AF8,229.24,179.83,32.839,19.967,16.308,-0.11727,-0.31836,-1.2536,0.48718,0.51975,0.50987,Hard,
2026-06-26T22:37:37,742.497,active,1,AF7+AF8,371.34,217.71,39.287,25.61,21.992,0.10049,-0.13139,-1.0558,0.4751,0.5005,0.52132,Hard,
2026-06-26T22:37:38,743.506,active,1,AF7+AF8,688.98,280.76,60.434,76.039,68.731,0.43603,0.67278,0.57666,0.48283,0.51074,0.51522,Hard,
2026-06-26T22:37:39,744.520,active,1,AF7+AF8,203.93,70.024,24.707,162.64,80.142,-0.25522,-0.1015,4.0068,0.72495,0.74062,0.51109,Hard,
2026-06-26T22:37:40,745.525,active,1,AF7+AF8,58.297,25.996,14.823,166.18,84.215,-0.65399,-0.11112,4.3293,0.83121,0.85038,0.50166,Hard,
2026-06-26T22:37:41,746.535,active,1,AF7+AF8,57.627,21.671,15.169,123.82,90.443,-0.79908,-0.34272,2.656,0.82956,0.85023,0.49465,Hard,
2026-06-26T22:37:42,747.543,active,1,AF7+AF8,46.185,28,15.933,101.69,92.872,-0.75495,-0.35294,1.6296,0.81754,0.84026,0.48928,Hard,
2026-06-26T22:37:43,748.547,active,1,AF7+AF8,37.297,23.434,12.081,86.98,93.798,-0.72327,-0.49593,0.99848,0.80086,0.82377,0.48716,Hard,
2026-06-26T22:37:44,749.558,active,1,AF7+AF8,463.22,166.13,26.572,66.637,76.344,1.8125,0.97881,0.28824,0.7545,0.7631,0.5565,Hard,
2026-06-26T22:37:45,750.566,active,1,AF7+AF8,505.86,133.07,25.674,42.279,37.417,2.2753,1.5538,-0.5895,0.69457,0.69465,0.57613,Hard,
2026-06-26T22:37:46,751.579,active,1,AF7+AF8,125.22,87.612,21.978,43.931,35.404,-0.057638,-0.02143,-0.52432,0.66372,0.66433,0.56645,Hard,
2026-06-26T22:37:47,752.581,active,1,AF7+AF8,122.76,105.05,33.519,58.176,62.195,-0.46755,0.20486,-0.067338,0.64,0.65059,0.54848,Hard,
2026-06-26T22:37:48,753.592,active,1,AF7+AF8,29.584,26.394,13.468,67.732,77.657,-0.69389,-0.3345,0.090671,0.62955,0.64414,0.53729,Hard,
2026-06-26T22:37:49,754.604,active,1,AF7+AF8,30.715,18.76,12.853,84.143,78.159,-0.53522,-0.48771,0.65202,0.63506,0.64417,0.5321,Hard,
2026-06-26T22:37:50,755.611,active,1,AF7+AF8,77.183,29.559,20.3,82.69,74.807,-0.74158,-0.56065,0.75382,0.64921,0.66488,0.52554,Hard,
2026-06-26T22:37:51,756.617,active,1,AF7+AF8,164.22,132.06,50.47,69.705,62.686,0.27432,0.8735,0.17972,0.621,0.64367,0.51355,Hard,
2026-06-26T22:37:52,757.622,active,1,AF7+AF8,149.12,122.37,45.341,73.319,115.56,0.17682,0.89481,0.31811,0.59789,0.62855,0.50127,Hard,
2026-06-26T22:37:53,758.632,active,1,AF7+AF8,115.48,18.927,8.67,103.4,193.97,-0.77237,-0.83579,1.517,0.69774,0.70654,0.50526,Hard,
2026-06-26T22:37:54,759.641,active,1,AF7+AF8,358.51,37.94,12.53,157.29,250.6,-0.45441,-0.29209,2.9608,0.78051,0.79053,0.5022,Hard,
2026-06-26T22:37:55,760.645,active,1,AF7+AF8,172.76,19.312,17.34,169.99,211.95,-0.82607,0.0041338,3.5736,0.82597,0.85636,0.48966,Hard,
2026-06-26T22:37:57,761.657,active,1,AF7+AF8,117.8,13.162,11.543,141.89,178.5,-0.75627,-0.47326,2.6764,0.82747,0.85531,0.48666,Hard,
2026-06-26T22:37:58,762.673,active,1,AF7+AF8,36.646,18.354,17.428,77.71,109.66,-0.18815,0.28057,0.64078,0.79356,0.82493,0.48126,Hard,
2026-06-26T22:37:59,763.681,active,1,AF7+AF8,50.577,28.096,18.348,45.971,64.503,0.62159,0.61909,-0.3692,0.74381,0.77138,0.49269,Hard,
2026-06-26T22:38:00,764.683,active,1,AF7+AF8,90.772,31.05,16.988,45.98,59.334,0.53504,0.22307,-0.2963,0.7068,0.72652,0.52043,Hard,
2026-06-26T22:38:01,765.690,active,1,AF7+AF8,268.95,160.99,61.733,87.351,90.643,1.7978,1.9443,0.95729,0.66747,0.68691,0.51578,Hard,
2026-06-26T22:38:02,766.701,active,1,AF7+AF8,416.82,254.13,87.538,82.18,57.822,3.7034,3.2824,0.72052,0.61346,0.62653,0.53777,Hard,
2026-06-26T22:38:03,767.709,active,1,AF7+AF8,134.2,88.725,30.066,45.269,42.297,0.69499,1.0742,-0.56933,0.57649,0.59299,0.52756,Hard,
2026-06-26T22:38:04,768.715,active,1,AF7+AF8,171.03,24.714,20.867,95.726,89.414,-0.069892,0.69225,0.82458,0.5693,0.60318,0.51296,Hard,
2026-06-26T22:38:05,769.722,active,1,AF7+AF8,134.91,24.207,18.157,91.18,79.602,-0.037884,0.22647,0.61391,0.56678,0.60049,0.50745,Hard,
2026-06-26T22:38:06,770.725,active,1,AF7+AF8,39.89,17.057,11.684,39.895,32.297,-0.05004,0.042808,-0.80602,0.54622,0.57723,0.50516,Hard,
2026-06-26T22:38:07,771.728,active,1,AF7+AF8,197.31,172.58,65.584,36.53,19.891,0.6235,1.2751,-0.81318,0.51192,0.54729,0.49485,Hard,
2026-06-26T22:38:08,772.732,active,1,AF7+AF8,290.67,253.09,89.68,67.892,43.208,0.43585,1.3603,0.17878,0.49326,0.53776,0.48184,Hard,
2026-06-26T22:38:09,773.742,active,1,AF7+AF8,98.95,61.166,17.162,89.511,103.2,-0.49769,-0.35272,0.74826,0.57785,0.60564,0.48187,Hard,
2026-06-26T22:38:10,774.753,active,1,AF7+AF8,61.274,26.988,7.9328,105.11,131.02,-0.79983,-0.73677,1.5793,0.68772,0.70225,0.48802,Hard,
2026-06-26T22:38:11,775.759,active,1,AF7+AF8,37.688,13.383,7.7772,101.99,118.45,-0.86224,-0.7207,1.5204,0.72755,0.74109,0.48733,Hard,
2026-06-26T22:38:12,776.771,active,1,AF7+AF8,162.62,45.868,19.922,96.47,104.06,-0.82888,-0.27011,1.1873,0.72118,0.74008,0.48053,Hard,
2026-06-26T22:38:13,777.788,active,1,AF7+AF8,388.77,117.11,37.417,79.422,50.551,-0.29376,1.4646,0.52414,0.68079,0.72337,0.45807,Hard,
2026-06-26T22:38:14,778.801,active,1,AF7+AF8,402.39,134.56,33.264,34.322,22.917,-0.038424,0.22963,-0.88849,0.64275,0.684,0.46315,Hard,
2026-06-26T22:38:15,779.808,active,1,AF7+AF8,396.2,128.54,43.349,17.944,15.219,-0.043156,0.12781,-1.3332,0.60463,0.64321,0.47245,Hard,
2026-06-26T22:38:16,780.818,active,1,AF7+AF8,1154.4,440.37,115.9,44.467,30.068,1.7409,2.1661,-0.43403,0.55777,0.59628,0.4694,Hard,
2026-06-26T22:38:17,781.827,active,1,AF7+AF8,913.64,310.1,83.032,72.776,83.161,1.6703,1.3092,0.28551,0.53581,0.56475,0.51476,Hard,
2026-06-26T22:38:18,782.839,active,1,AF7+AF8,631.14,95.667,35.91,111.12,202.34,0.7667,0.29697,1.4877,0.60108,0.5794,0.54097,Hard,
2026-06-26T22:38:19,783.846,active,1,AF7+AF8,187.11,30.643,14.751,92.355,160.4,-0.73978,-0.1512,0.99181,0.6239,0.65408,0.52729,Hard,
2026-06-26T22:38:20,784.858,active,1,AF7+AF8,75.185,21.766,13.001,68.801,64.958,-0.79204,-0.022617,0.20034,0.61237,0.65018,0.51262,Hard,
2026-06-26T22:38:21,785.872,active,1,AF7+AF8,49.145,29.113,14.085,55.531,45.639,-0.5732,-0.43231,-0.19319,0.60247,0.63784,0.50899,Hard,
2026-06-26T22:38:22,786.876,active,1,AF7+AF8,85.707,40.364,19.405,60.111,45.649,-0.3035,-0.50235,-0.0011638,0.59765,0.62583,0.5185,Hard,
2026-06-26T22:38:23,787.887,active,1,AF7+AF8,371.96,122.31,66.651,143.86,112.21,0.29957,0.32184,2.7028,0.69916,0.71162,0.51594,Hard,
2026-06-26T22:38:24,788.897,active,1,AF7+AF8,283.61,86.596,48.808,152.39,155.54,-0.24104,0.10941,2.9866,0.76461,0.78501,0.50879,Hard,
2026-06-26T22:38:25,789.899,active,1,AF7+AF8,88.254,30.624,23.972,99.129,98.811,-0.32303,0.32879,1.1406,0.74487,0.77183,0.49804,Hard,
2026-06-26T22:38:26,790.914,active,1,AF7+AF8,67.277,44.538,35.403,51.663,35.403,-0.079601,1.2805,-0.30153,0.69292,0.73589,0.47863,Hard,
2026-06-26T22:38:27,791.929,active,1,AF7+AF8,52.614,32.804,23.576,24.256,11.438,-0.38698,0.038221,-1.1326,0.65269,0.69653,0.47484,Hard,
2026-06-26T22:38:28,792.937,active,1,AF7+AF8,228.63,60.797,17.821,18.163,8.7361,-0.36598,-0.071563,-1.3457,0.61588,0.65853,0.47345,Hard,
2026-06-26T22:38:29,793.947,active,1,AF7+AF8,116.49,29.037,8.5777,15.218,10.23,-0.71343,-0.70312,-1.4349,0.59111,0.6288,0.48861,Hard,
2026-06-26T22:38:30,794.955,active,1,AF7+AF8,27.611,13.684,6.6288,13.496,9.1962,-1.0051,-0.99329,-1.5011,0.5726,0.60595,0.49456,Hard,
2026-06-26T22:38:31,795.963,active,1,AF7+AF8,15.104,6.9705,4.2931,12.584,8.0127,-1.0036,-1.1856,-1.5458,0.5585,0.58515,0.51146,Hard,
2026-06-26T22:38:32,796.974,active,1,AF7+AF8,34.508,9.7159,3.0625,13.02,7.8919,-1.0188,-1.26,-1.5105,0.54773,0.56759,0.52265,Hard,
2026-06-26T22:38:33,797.980,active,1,AF7+AF8,62.028,21.799,6.3867,14.189,7.9834,-0.83127,-1.0323,-1.4478,0.53579,0.55031,0.52413,Hard,
2026-06-26T22:38:34,798.993,active,1,AF7+AF8,146.63,96.767,18.876,26.304,27.563,-0.20845,-0.020087,-1.0467,0.51643,0.53188,0.51841,Hard,
2026-06-26T22:38:35,800.005,active,1,AF7+AF8,237.62,191.05,36.777,73.936,145.11,0.54606,1.2849,0.26782,0.49952,0.52388,0.50524,Hard,
2026-06-26T22:38:36,801.017,active,1,AF7+AF8,149.86,87.164,37.636,106.23,226.71,-0.10874,0.26777,1.1256,0.56318,0.5993,0.49898,Hard,
2026-06-26T22:38:37,802.030,active,1,AF7+AF8,63.403,28.089,10.968,73.83,142.08,-0.52093,-0.6847,0.29008,0.59697,0.59972,0.51187,Hard,
2026-06-26T22:38:38,803.041,active,1,AF7+AF8,39.014,18.373,9.5317,64.976,66.97,-0.79083,-0.94457,0.035827,0.61088,0.60102,0.51627,Hard,
2026-06-26T22:38:39,804.049,active,1,AF7+AF8,131.52,78.028,17.637,65.812,62.348,0.48791,-0.59512,-0.031192,0.60598,0.58116,0.58581,Hard,
2026-06-26T22:38:40,805.058,active,1,AF7+AF8,812.35,330.51,52.532,137.33,212.35,11.117,1.8244,1.9757,0.59553,0.51265,0.82862,Hard,
2026-06-26T22:38:41,806.059,active,1,AF7+AF8,465.99,177.98,33.915,197.04,292.48,7.2543,1.468,3.9249,0.70234,0.47022,0.89995,Hard,
2026-06-26T22:38:42,807.076,active,1,AF7+AF8,246.18,54.157,19.586,229.6,204.59,0.29039,0.3707,6.0261,0.84743,0.75583,0.85075,Hard,
2026-06-26T22:38:43,808.086,active,1,AF7+AF8,1698,213.48,40.307,195.87,127.68,3.8857,3.4935,4.735,0.82378,0.73768,0.81453,Hard,
2026-06-26T22:38:44,809.098,active,1,AF7+AF8,746.13,116.23,37.232,85.679,81.866,1.8059,2.4628,0.82246,0.76162,0.6947,0.76702,Hard,
2026-06-26T22:38:45,810.109,active,1,AF7+AF8,34.304,25.627,14.655,39.399,30.168,-0.40072,0.0707,-0.6304,0.71981,0.66789,0.72794,Hard,
2026-06-26T22:38:46,811.115,active,1,AF7+AF8,49.372,27.001,13.029,25.42,16.528,-0.56225,-0.80114,-1.0033,0.6904,0.64116,0.70416,Hard,
2026-06-26T22:38:47,812.124,active,1,AF7+AF8,66.612,37.352,16.576,25.916,20.883,0.015971,-0.52463,-1.0566,0.65962,0.6085,0.68772,Hard,
2026-06-26T22:38:48,813.126,active,1,AF7+AF8,149.4,49.592,22.067,49.05,30.77,0.074118,-0.15077,-0.36975,0.63719,0.58885,0.66857,Hard,
2026-06-26T22:38:49,814.136,active,1,AF7+AF8,649.09,65.993,23.88,37.234,24.265,1.022,-0.24354,-0.77909,0.61274,0.55286,0.66671,Hard,
2026-06-26T22:38:50,815.141,active,1,AF7+AF8,1954.2,152.84,20.396,24.709,17.949,10.222,0.97318,-1.1412,0.57015,0.48693,0.86086,Hard,
2026-06-26T22:38:51,816.156,active,1,AF7+AF8,775.14,74.75,13.524,23.301,12.837,5.5939,0.3646,-1.2075,0.5393,0.43237,0.90342,Hard,
2026-06-26T22:38:52,817.170,active,1,AF7+AF8,188.17,60.221,19.575,35.809,24.327,1.942,0.64326,-0.82824,0.51345,0.40451,0.87384,Hard,
2026-06-26T22:38:53,818.181,active,1,AF7+AF8,234.68,98.03,28.171,70.421,57.209,3.0347,0.91061,0.094272,0.49976,0.3784,0.85814,Hard,
2026-06-26T22:38:54,819.194,active,1,AF7+AF8,81.549,34.527,20.604,81.327,63.439,0.063159,0.21412,0.54774,0.52487,0.48753,0.8129,Hard,
2026-06-26T22:38:55,820.195,active,1,AF7+AF8,104.11,32.626,21.085,56.839,46.46,-0.40503,0.20763,-0.17552,0.51615,0.51221,0.76624,Hard,
2026-06-26T22:38:56,821.206,active,1,AF7+AF8,129.5,37.282,19.521,32.99,24.979,0.58635,0.9655,-0.8278,0.48898,0.49037,0.72862,Hard,
2026-06-26T22:38:57,822.221,active,1,AF7+AF8,114.54,52.534,20.12,25.38,13.746,1.8246,1.0331,-1.0934,0.46111,0.45416,0.7129,Hard,
2026-06-26T22:38:58,823.224,active,1,AF7+AF8,150.04,81.504,18.058,20.927,14.213,2.2526,0.35534,-1.263,0.44274,0.41731,0.71767,Hard,
2026-06-26T22:38:59,824.238,active,1,AF7+AF8,112.95,60.16,20.047,33.672,36.422,0.2728,0.28468,-0.89812,0.43237,0.41015,0.69137,Hard,
2026-06-26T22:39:00,825.250,active,1,AF7+AF8,54.711,31.125,18.798,56.233,62.778,-0.51763,-0.0047495,-0.25704,0.45405,0.48358,0.66075,Hard,
2026-06-26T22:39:01,826.263,active,1,AF7+AF8,25.561,23.07,11.838,50.759,45.512,-0.5596,-0.13818,-0.48719,0.45551,0.49886,0.63516,Hard,
2026-06-26T22:39:02,827.275,active,1,AF7+AF8,30.874,17.123,11.708,36.915,26.743,-0.66919,-0.36034,-0.81341,0.45408,0.49684,0.61432,Hard,
2026-06-26T22:39:03,828.286,active,1,AF7+AF8,233.72,38.684,21.382,110.21,131.7,0.25133,0.46264,1.3761,0.54897,0.58094,0.59744,Hard,
2026-06-26T22:39:04,829.293,active,1,AF7+AF8,625.88,78.486,37.003,225.58,239.15,3.895,3.299,4.6695,0.61853,0.58975,0.59462,Hard,
2026-06-26T22:39:05,830.306,active,1,AF7+AF8,597.49,116.42,55.007,135.83,120.38,8.0227,7.4133,1.9338,0.55159,0.52443,0.59233,Hard,
2026-06-26T22:39:06,831.315,active,1,AF7+AF8,234.5,100.81,32.593,167.58,142.83,4.3045,3.6132,2.8389,0.53393,0.50045,0.59152,Hard,
2026-06-26T22:39:07,832.324,active,1,AF7+AF8,169.03,147.44,31.879,162.11,268.79,5.0347,3.1122,3.0261,0.52856,0.47257,0.67063,Hard,
2026-06-26T22:39:08,833.337,active,1,AF7+AF8,93.479,54.67,22.209,166.2,428.31,2.1126,1.9582,3.5213,0.62304,0.59052,0.65247,Hard,
2026-06-26T22:39:09,834.349,active,1,AF7+AF8,57.215,43.105,17.49,111.6,272.1,-0.30009,0.72643,1.5552,0.62053,0.66617,0.61911,Hard,
2026-06-26T22:39:10,835.359,active,1,AF7+AF8,521.4,354.53,52.59,106.14,160.72,1.7145,1.3633,1.102,0.60215,0.63711,0.61007,Hard,
2026-06-26T22:39:11,836.363,active,1,AF7+AF8,318.74,208.71,35.81,97.745,138.55,0.46851,0.6889,1.0396,0.59514,0.62916,0.59356,Hard,
2026-06-26T22:39:12,837.373,active,1,AF7+AF8,101.62,70.664,24.948,101.07,124.78,-0.14032,-0.11435,1.2817,0.63871,0.65404,0.58194,Hard,
2026-06-26T22:39:13,838.382,active,1,AF7+AF8,109.02,158.73,43.206,125.96,116.26,-0.050749,0.098511,2.0611,0.6919,0.70676,0.56987,Hard,
2026-06-26T22:39:14,839.386,active,1,AF7+AF8,123.81,68.089,24.458,119.28,101.09,-0.74771,-0.15524,1.6851,0.70581,0.74557,0.55266,Hard,
2026-06-26T22:39:15,840.401,active,1,AF7+AF8,308.99,93.41,29.324,98.601,93.218,-0.36935,-0.088038,0.95168,0.69637,0.73522,0.54213,Hard,
2026-06-26T22:39:16,841.406,active,1,AF7+AF8,808.48,427.9,67.565,85.919,108.24,2.5227,0.31019,0.62774,0.67755,0.68052,0.66771,Hard,
2026-06-26T22:39:17,842.417,active,1,AF7+AF8,395.2,201.25,32.377,74.478,75.612,0.98212,-0.17131,0.26375,0.66275,0.6482,0.66442,Hard,
2026-06-26T22:39:18,843.428,active,1,AF7+AF8,65.374,61.181,14.973,76.659,67.577,-0.52165,-0.43568,0.49096,0.65687,0.64529,0.6434,Hard,
2026-06-26T22:39:19,844.430,active,1,AF7+AF8,235.47,269.76,42.095,103.75,93.35,0.25531,0.59842,1.3764,0.64957,0.64424,0.62106,Hard,
2026-06-26T22:39:20,845.435,active,1,AF7+AF8,385.34,265.24,37.461,73.081,89.058,0.66469,0.23847,0.34697,0.63325,0.62218,0.6129,Hard,
2026-06-26T22:39:21,846.449,active,1,AF7+AF8,923.9,466.77,61.271,70.99,51.498,2.334,0.98452,0.17366,0.60526,0.57793,0.6427,Hard,
2026-06-26T22:39:22,847.460,active,1,AF7+AF8,205.9,87.995,19.484,51.32,33.772,-0.35193,-0.38015,-0.3846,0.59257,0.56809,0.626,Hard,
2026-06-26T22:39:23,848.468,active,1,AF7+AF8,53.061,52.561,9.2372,63.65,43.655,-0.58951,-0.695,-0.055042,0.59098,0.56789,0.61246,Hard,
2026-06-26T22:39:24,849.476,active,1,AF7+AF8,169.41,166.94,40.413,58.224,48.105,0.18792,0.46374,-0.29259,0.56885,0.55257,0.59484,Hard,
2026-06-26T22:39:25,850.484,active,1,AF7+AF8,428.59,321.54,91.838,57.503,59.836,1.3134,2.3706,-0.29097,0.52567,0.52341,0.56796,Hard,
2026-06-26T22:39:26,851.490,active,1,AF7+AF8,281.58,337.25,56.066,116.12,254.04,1.7456,1.3687,1.1435,0.51921,0.51164,0.56544,Hard,
2026-06-26T22:39:27,852.495,active,1,AF7+AF8,184.83,270.71,34.776,154.5,335.15,1.4159,0.88684,2.163,0.60028,0.56004,0.56563,Hard,
2026-06-26T22:39:28,853.497,active,1,AF7+AF8,36.959,44.744,16.565,96.645,152.59,0.41958,0.38775,0.73254,0.5934,0.55752,0.55823,Hard,
2026-06-26T22:39:29,854.499,active,1,AF7+AF8,52.242,37.504,12.765,92.569,86.6,-0.60153,-0.49944,0.65608,0.62169,0.61434,0.54971,Hard,
2026-06-26T22:39:30,855.504,active,1,AF7+AF8,43.967,38.163,16.626,100.7,76.482,-0.63453,-0.081528,0.78177,0.61984,0.64773,0.5355,Hard,
2026-06-26T22:39:31,856.507,active,1,AF7+AF8,42.612,22.874,9.8729,70.588,40.567,-0.58027,-0.48402,0.11117,0.61432,0.64027,0.5298,Hard,
2026-06-26T22:39:32,857.516,active,1,AF7+AF8,78.765,51.919,22.26,69.467,42.759,-0.72756,-0.11287,0.087498,0.60361,0.6355,0.51707,Hard,
2026-06-26T22:39:33,858.526,active,1,AF7+AF8,170.71,98.048,39.218,110.16,151.82,-0.28769,0.29804,1.3315,0.61727,0.66942,0.5063,Hard,
2026-06-26T22:39:34,859.532,active,1,AF7+AF8,84.405,76.917,29.686,85.787,195.99,-0.053227,-0.10978,0.5225,0.61261,0.65766,0.50676,Hard,
2026-06-26T22:39:35,860.537,active,1,AF7+AF8,46.627,115.51,38.214,59.947,110.45,-0.27466,0.024548,-0.25614,0.59489,0.63902,0.50147,Hard,
2026-06-26T22:39:36,861.543,active,1,AF7+AF8,63.012,43.1,19.551,62.137,65.031,-0.63577,-0.25931,-0.12888,0.58546,0.6299,0.49566,Hard,
2026-06-26T22:39:37,862.550,active,1,AF7+AF8,63.847,38.655,13.583,69.181,36.059,0.0076982,-0.13846,0.10632,0.57887,0.61579,0.50922,Hard,
2026-06-26T22:39:38,863.558,active,1,AF7+AF8,287.45,153.88,23.483,80.332,39.161,1.2869,1.0053,0.54082,0.56247,0.59083,0.52478,Hard,
2026-06-26T22:39:39,864.569,active,1,AF7+AF8,225.55,97.509,17.21,78.473,51.105,0.063712,0.23181,0.39242,0.55738,0.58485,0.51929,Hard,
2026-06-26T22:39:40,865.581,active,1,AF7+AF8,12.663,6.7364,8.1445,43.344,35.715,-0.89264,-0.62969,-0.61309,0.55075,0.57886,0.51303,Hard,
2026-06-26T22:39:41,866.587,active,1,AF7+AF8,84.996,40.706,10.869,32.775,21.428,-0.67276,-0.50282,-0.89619,0.53877,0.56605,0.50892,Hard,
2026-06-26T22:39:42,867.594,active,1,AF7+AF8,398.84,172.07,20.616,29.544,21.211,0.11498,0.45644,-1.0114,0.51304,0.54166,0.50274,Hard,
2026-06-26T22:39:43,868.611,active,1,AF7+AF8,187.39,79.267,16.459,51.724,33.049,-0.23085,0.088362,-0.35871,0.5048,0.53474,0.49763,Hard,
2026-06-26T22:39:44,869.623,active,1,AF7+AF8,121.1,53.015,20.564,55.79,36.394,-0.413,-0.22078,-0.20651,0.50444,0.53367,0.49504,Hard,
2026-06-26T22:39:45,870.631,active,1,AF7+AF8,622.56,239.3,78.581,85.514,102.57,1.2816,1.2726,0.72548,0.49575,0.52134,0.49868,Hard,
2026-06-26T22:39:46,871.639,active,1,AF7+AF8,563.11,197.47,62.453,137.34,190.7,1.4701,0.64807,2.1237,0.60421,0.55713,0.56027,Hard,
2026-06-26T22:39:47,872.647,active,1,AF7+AF8,155.73,69.569,31.514,118.94,123.41,1.3508,0.19107,1.3596,0.62691,0.5504,0.60873,Hard,
2026-06-26T22:39:49,873.652,active,1,AF7+AF8,249.23,122.09,45.899,106.45,72.821,0.87265,0.39203,1.0302,0.62118,0.54672,0.60286,Hard,
2026-06-26T22:39:50,874.659,active,1,AF7+AF8,112.9,107.15,28.473,93.175,56.148,0.29977,0.30401,0.70938,0.6127,0.5493,0.59045,Hard,
2026-06-26T22:39:51,875.663,active,1,AF7+AF8,41.677,54.614,17.067,101.81,65.868,-0.040848,-0.029369,1.2967,0.64104,0.61646,0.57943,Hard,
2026-06-26T22:39:52,876.669,active,1,AF7+AF8,13.111,12.966,9.0817,144.6,60.85,-0.79662,-0.39981,3.1327,0.76881,0.77281,0.56396,Hard,
2026-06-26T22:39:53,877.675,active,1,AF7+AF8,24.229,14.412,9.4538,104.87,56.059,-0.92908,-0.36851,1.2711,0.75986,0.7701,0.54793,Hard,
2026-06-26T22:39:54,878.679,active,1,AF7+AF8,38.038,39.088,11.506,60.849,41.562,-0.66041,-0.37155,-0.19128,0.73138,0.7447,0.53785,Hard,
2026-06-26T22:39:55,879.683,active,1,AF7+AF8,171.64,112.92,32.569,62.404,58.569,-0.14284,0.51972,-0.0072629,0.69575,0.71736,0.52346,Hard,
2026-06-26T22:39:56,880.690,active,1,AF7+AF8,507.07,337.99,84.866,86.685,63.885,0.64578,1.0521,0.76396,0.66795,0.69305,0.51457,Hard,
2026-06-26T22:39:57,881.698,active,1,AF7+AF8,245.21,161.14,43.146,87.014,64.93,-0.016754,-0.061896,0.91413,0.66215,0.6836,0.5135,Hard,
2026-06-26T22:39:58,882.703,active,1,AF7+AF8,80.791,89.149,32.17,114.59,50.322,1.6337,0.20804,2.1067,0.69745,0.66863,0.60802,Hard,
2026-06-26T22:39:59,883.709,active,1,AF7+AF8,276.79,271.21,84.198,145.72,76.93,3.4028,2.8018,2.6812,0.67195,0.63769,0.604,Hard,
2026-06-26T22:40:00,884.713,active,1,AF7+AF8,69.147,53.566,18.862,61.498,59.798,-0.51246,-0.15444,-0.095343,0.6522,0.6274,0.58617,Hard,
2026-06-26T22:40:01,885.715,active,1,AF7+AF8,188.31,162.62,30.374,47.881,40.153,-0.081676,0.085178,-0.47454,0.62559,0.60624,0.57333,Hard,
2026-06-26T22:40:02,886.723,active,1,AF7+AF8,486.08,353.96,64.029,48.253,38.065,1.019,2.0844,-0.43845,0.57701,0.57255,0.54891,Hard,
2026-06-26T22:40:03,887.730,active,1,AF7+AF8,126.81,59.512,24.094,64.198,52.683,-0.54358,1.3038,-0.057418,0.5481,0.5711,0.51715,Hard,
2026-06-26T22:40:04,888.735,active,1,AF7+AF8,217.43,114.34,34.637,67.675,53.128,-0.29429,0.52024,0.14914,0.53678,0.56919,0.50304,Hard,
2026-06-26T22:40:05,889.743,active,1,AF7+AF8,592.43,250.62,56.287,93.001,94.298,0.83983,0.49555,0.94204,0.54806,0.56242,0.52697,Hard,
2026-06-26T22:40:06,890.750,active,1,AF7+AF8,108.48,40.751,11.215,70.745,66.918,-0.72365,-0.79347,0.10678,0.58563,0.58637,0.52478,Hard,
2026-06-26T22:40:07,891.755,active,1,AF7+AF8,69.235,26.434,15.093,53.015,47.805,-0.80697,-0.47968,-0.31479,0.57782,0.58335,0.51691,Hard,
2026-06-26T22:40:08,892.761,active,1,AF7+AF8,198.35,54.716,37.156,76.784,69.293,0.029964,0.43494,0.52169,0.56978,0.58069,0.50883,Hard,
2026-06-26T22:40:09,893.767,active,1,AF7+AF8,106.26,54.054,25.774,62.142,73.411,-0.10045,0.091578,-0.054404,0.55922,0.5717,0.50489,Hard,
2026-06-26T22:40:10,894.775,active,1,AF7+AF8,117.35,98.815,16.099,56.943,57.701,-0.05412,-0.4361,-0.22379,0.5553,0.56055,0.53052,Hard,
2026-06-26T22:40:11,895.783,active,1,AF7+AF8,47.862,34.671,10.114,31.806,20.762,-0.41643,-0.47011,-0.89189,0.54236,0.54619,0.52766,Hard,
2026-06-26T22:40:12,896.789,active,1,AF7+AF8,60.199,25.285,28.277,35.452,23.125,-0.09735,1.8208,-0.89439,0.50183,0.52884,0.49759,Hard,
2026-06-26T22:40:13,897.796,active,1,AF7+AF8,98.274,35.908,33.676,35.583,26.325,-0.38449,1.6216,-0.8923,0.46819,0.51781,0.47008,Hard,
2026-06-26T22:40:14,898.802,active,1,AF7+AF8,35.852,20.14,10.573,19.639,16.377,-0.83993,-0.58626,-1.2929,0.46152,0.5089,0.46987,Hard,
2026-06-26T22:40:15,899.808,active,1,AF7+AF8,17.11,19.819,6.8252,18.483,14.049,-0.70709,-0.84363,-1.3064,0.45922,0.49891,0.49819,Hard,
2026-06-26T22:40:16,900.813,active,1,AF7+AF8,45.823,38.335,10.588,21.316,13.644,-0.53571,-0.96468,-1.1955,0.4664,0.48923,0.53132,Hard,
2026-06-26T22:40:17,901.817,active,1,AF7+AF8,322.31,183.86,50.339,26.684,18.09,0.41666,0.84268,-1.0348,0.44417,0.46966,0.5212,Hard,
2026-06-26T22:40:18,902.824,active,1,AF7+AF8,573.18,326.44,82.198,53.25,34.415,3.4405,4.8758,-0.27692,0.39935,0.42948,0.498,Hard,
2026-06-26T22:40:19,903.829,active,1,AF7+AF8,361.25,220.6,65.673,61.888,30.646,2.368,4.3319,-0.2292,0.36256,0.40367,0.47094,Hard,
2026-06-26T22:40:20,904.836,active,1,AF7+AF8,385.11,364.7,81.534,63.805,35.592,2.418,4.5009,-0.17741,0.3296,0.38098,0.44574,Hard,
2026-06-26T22:40:21,905.846,active,1,AF7+AF8,83.383,90.768,18.175,37.548,23.427,-0.067071,-0.19217,-0.73676,0.39125,0.40263,0.48767,Hard,
2026-06-26T22:40:22,906.854,active,1,AF7+AF8,78.347,23.199,16.054,46.16,32.044,-0.82462,-0.41944,-0.46274,0.45325,0.48812,0.4831,Hard,
2026-06-26T22:40:23,907.859,active,1,AF7+AF8,64.658,17.446,14.753,68.804,41.061,-0.78404,-0.28299,0.028655,0.50463,0.55537,0.47765,Hard,
2026-06-26T22:40:24,908.863,active,1,AF7+AF8,50.487,20.401,11.929,77.328,52.15,-0.58095,-0.12287,0.26447,0.53081,0.58463,0.47349,Hard,
2026-06-26T22:40:25,909.872,active,1,AF7+AF8,166.98,29.642,17.082,84.661,66.747,-0.58161,-0.19964,0.57634,0.5698,0.61835,0.47096,Hard,
2026-06-26T22:40:26,910.881,active,1,AF7+AF8,680.25,160.43,43.522,202.17,208.49,4.5202,3.3346,3.8233,0.56872,0.5938,0.57478,Hard,
2026-06-26T22:40:27,911.890,active,1,AF7+AF8,310.53,188.75,56.058,183.11,190.73,8.1731,8.0407,2.8517,0.50881,0.53038,0.56779,Hard,
2026-06-26T22:40:28,912.893,active,1,AF7+AF8,202.59,85.533,43.011,91.137,135.89,2.7791,5.0444,0.52212,0.45908,0.49607,0.5289,Hard,
2026-06-26T22:40:29,913.897,active,1,AF7+AF8,227.92,53.999,50.012,132.47,244.95,1.1559,5.6918,1.6999,0.41835,0.53897,0.47669,Hard,
2026-06-26T22:40:30,914.905,active,1,AF7+AF8,140.45,27.022,30.282,120.45,351.17,0.21681,2.8662,1.4435,0.40766,0.60481,0.44469,Hard,
2026-06-26T22:40:31,915.909,active,1,AF7+AF8,36.414,20.672,15.141,120.8,189.42,0.50178,0.98422,1.3169,0.48796,0.60429,0.44413,Hard,
2026-06-26T22:40:32,916.913,active,1,AF7+AF8,44.378,25.794,18.722,104.4,76.03,-0.50104,-0.0216,0.9446,0.56627,0.64565,0.44367,Hard,
2026-06-26T22:40:33,917.920,active,1,AF7+AF8,239.59,53.748,39.213,90.146,77.572,-0.23749,0.81883,0.65484,0.55586,0.64134,0.43495,Hard,
2026-06-26T22:40:34,918.924,active,1,AF7+AF8,1018.9,135.56,84.685,191.75,274.91,2.5184,5.0873,3.4687,0.52612,0.63837,0.40877,Hard,
2026-06-26T22:40:35,919.930,active,1,AF7+AF8,453.4,69.706,45.018,216.57,385.37,0.75902,2.6564,3.8599,0.59808,0.75033,0.39321,Hard,
2026-06-26T22:40:36,920.935,active,1,AF7+AF8,14.695,12.451,13.524,167.6,258.26,-0.89898,0.53712,2.3975,0.6695,0.80333,0.38537,Hard,
2026-06-26T22:40:37,921.940,active,1,AF7+AF8,48.125,28.165,10.889,125.84,134.72,-0.62809,-0.05109,1.3688,0.67003,0.79462,0.41117,Hard,
2026-06-26T22:40:38,922.947,active,1,AF7+AF8,148.05,41.792,15.416,73.344,67.305,-0.3778,-0.032386,0.10423,0.65168,0.76646,0.43863,Hard,
2026-06-26T22:40:39,923.953,active,1,AF7+AF8,150.51,50.535,24.238,91.487,138.7,-0.32849,0.49735,0.66941,0.63606,0.74915,0.43378,Hard,
2026-06-26T22:40:40,924.959,active,1,AF7+AF8,186.39,107.04,36.334,205.04,353.64,-0.23388,1.6244,3.8407,0.70549,0.83045,0.41569,Hard,
2026-06-26T22:40:41,925.964,active,1,AF7+AF8,92.672,95.614,34.843,130.76,149.83,-0.48079,0.54828,1.7755,0.69869,0.82146,0.41071,Hard,
2026-06-26T22:40:42,926.972,active,1,AF7+AF8,132.35,104.95,60.2,65.573,36.617,0.097218,1.3102,0.048568,0.65652,0.78215,0.40377,Hard,
2026-06-26T22:40:43,927.976,active,1,AF7+AF8,155.78,77.003,27.833,49.313,32.137,-0.28809,0.25309,-0.43772,0.62748,0.74605,0.42116,Hard,
2026-06-26T22:40:44,928.984,active,1,AF7+AF8,539.62,192.73,43.629,45.58,32.02,0.042227,0.37933,-0.43937,0.60007,0.70934,0.44324,Hard,
2026-06-26T22:40:45,929.995,active,1,AF7+AF8,510.01,182.23,52.706,51.024,44.762,0.24871,0.68984,-0.3005,0.5735,0.67603,0.44435,Hard,
2026-06-26T22:40:46,930.997,active,1,AF7+AF8,389.48,133.96,64.603,101.19,94.777,0.14304,1.1102,1.3417,0.56815,0.67237,0.43679,Hard,
2026-06-26T22:40:47,932.003,active,1,AF7+AF8,186.55,62.46,39.515,178.86,132.01,-0.53003,0.057187,4.2177,0.76064,0.81783,0.43563,Hard,solved:534.6
2026-06-26T22:40:48,933.008,active,1,AF7+AF8,30.055,13.204,13.436,214.33,114.43,-0.87154,-0.67476,5.8219,0.88182,0.90673,0.45951,Hard,
2026-06-26T22:40:49,934.017,active,1,AF7+AF8,45.621,19.273,11.949,195.31,135.17,-0.788,-0.59416,5.0362,0.91882,0.93176,0.46928,Hard,
2026-06-26T22:40:50,935.024,active,1,AF7+AF8,13642,1755.1,714.5,372.18,155.01,149.32,133,9.114,0.80857,0.81995,0.78754,Hard,
2026-06-26T22:40:51,936.031,active,1,AF7+AF8,1.0949e+05,7167.6,2895.6,785.41,132.18,556.11,533.55,18.635,0.71154,0.72155,0.91501,Hard,
2026-06-26T22:40:52,937.039,active,1,AF7+AF8,59203,2123.6,776.96,285.25,56.482,143.14,131.69,7.0128,0.62615,0.63497,0.96406,Hard,
2026-06-26T22:40:53,938.044,active,1,AF7+AF8,904.88,45.869,17.159,130.66,52.102,0.52901,-0.36913,3.3924,0.77108,0.73828,0.92162,Hard,
2026-06-26T22:40:54,939.052,active,1,AF7+AF8,67.984,17.316,16.451,86.394,71.527,-0.51321,-0.7431,1.5354,0.76945,0.73799,0.87447,Hard,
2026-06-26T22:40:55,940.057,active,1,AF7+AF8,28.33,13.528,12.436,88.331,71.872,-0.67727,-0.90664,1.6445,0.7768,0.75209,0.83297,Hard,
2026-06-26T22:40:56,941.072,active,1,AF7+AF8,29.001,18.266,13.403,118.67,50.169,-0.89745,-0.81755,2.9434,0.83132,0.82415,0.79182,Hard,
