iso_time,t,phase,contact,used,delta,theta,alpha,beta,gamma,theta_z,alpha_z,beta_z,stress,attention,cognitive_load,difficulty,event
2026-06-26T19:38:48,12.358,idle,0,,,,,,,,,,,,,,
2026-06-26T19:38:49,13.372,idle,1,AF7+AF8,19.476,17.669,12.955,109.96,110.53,,,,,,,,
2026-06-26T19:38:50,14.376,idle,1,AF7+AF8,307.67,38.421,9.9338,87.593,134.1,,,,,,,,
2026-06-26T19:38:51,15.385,idle,1,AF7+AF8,935.19,79.89,10.373,69.769,116.36,,,,,,,,
2026-06-26T19:38:52,16.391,idle,1,AF7+AF8,2652.8,353.38,49.99,126.15,132.42,,,,,,,,
2026-06-26T19:38:53,17.398,idle,1,AF7+AF8,25003,7354.9,1395.4,999.3,1575.7,,,,,,,,
2026-06-26T19:38:54,18.405,idle,1,AF7+AF8,56261,42696,11251,5751.3,5702.7,,,,,,,,
2026-06-26T19:38:55,19.409,idle,1,AF7+AF8,73796,43076,12003,9096.5,4975.9,,,,,,,,
2026-06-26T19:38:56,20.411,idle,1,AF7+AF8,22012,9437.1,1754,2279.2,1345.9,,,,,,,,
2026-06-26T19:38:57,21.417,idle,1,AF7+AF8,2322,445.56,67.469,388,497.49,,,,,,,,
2026-06-26T19:38:58,22.423,idle,1,AF7+AF8,396.58,99.647,23.818,281.07,235.55,,,,,,,,
2026-06-26T19:38:59,23.426,idle,1,AF7+AF8,62.141,14.77,8.0362,157.67,101.2,,,,,,,,
2026-06-26T19:39:00,24.435,idle,1,AF7+AF8,32.725,11.015,5.5808,149.01,63.119,,,,,,,,
2026-06-26T19:39:01,25.441,idle,1,AF7+AF8,20.184,10.554,6.9152,191.88,62.707,,,,,,,,
2026-06-26T19:39:02,26.447,idle,1,AF7+AF8,67.563,27.537,9.9045,147.36,84.281,,,,,,,,
2026-06-26T19:39:03,27.455,idle,1,AF7+AF8,6233.8,1238,81.934,215.68,275.16,,,,,,,,
2026-06-26T19:39:04,28.461,idle,1,AF7+AF8,8844.3,1630.6,107.69,507.43,943.76,,,,,,,,
2026-06-26T19:39:05,29.466,idle,1,AF7+AF8,882.36,169.07,31.83,508.69,1120.5,,,,,,,,
2026-06-26T19:39:06,30.472,idle,1,AF7+AF8,1318.9,134.37,35.816,375.78,438.84,,,,,,,,
2026-06-26T19:39:07,31.477,idle,1,AF7+AF8,692.3,86.229,22.073,238.31,125.66,,,,,,,,
2026-06-26T19:39:08,32.479,idle,1,AF7+AF8,161.65,89.803,30.396,245.94,79.464,,,,,,,,
2026-06-26T19:39:09,33.482,idle,1,AF7+AF8,184.08,94.579,35.758,252.68,78.925,,,,,,,,
2026-06-26T19:39:10,34.489,idle,1,AF7+AF8,213.74,111.74,28.013,209.4,78.073,,,,,,,,
2026-06-26T19:39:11,35.495,idle,1,AF7+AF8,237.88,107.7,29.384,199.69,71.446,,,,,,,,
2026-06-26T19:39:12,36.501,idle,1,AF7+AF8,144.4,69.891,26.079,254.55,91.831,,,,,,,,
2026-06-26T19:39:13,37.508,idle,1,AF7+AF8,43.301,33.178,25.554,314.31,107.19,,,,,,,,
2026-06-26T19:39:14,38.514,idle,1,AF7+AF8,154.13,84.802,25.644,276.75,115.74,,,,,,,,
2026-06-26T19:39:15,39.521,idle,1,AF7+AF8,69.329,36.789,24.559,261.55,122.54,,,,,,,,
2026-06-26T19:39:16,40.526,idle,1,AF7+AF8,45.069,27.665,31.351,218.5,108.55,,,,,,,,
2026-06-26T19:39:17,41.531,idle,1,AF7+AF8,33.071,24.729,34.004,265.88,101.19,,,,,,,,
2026-06-26T19:39:18,42.537,baseline_rest,1,AF7+AF8,37.311,21.6,47.633,339.9,180.74,,,,,,,,
2026-06-26T19:39:19,43.542,baseline_rest,1,AF7+AF8,340.58,62.916,38.583,237.53,169.43,,,,,,,,
2026-06-26T19:39:20,44.549,baseline_rest,1,AF7+AF8,439.54,81.425,18.714,200.69,90.77,,,,,,,,
2026-06-26T19:39:21,45.557,baseline_rest,1,AF7+AF8,151.35,33.194,20.141,243.86,78.196,,,,,,,,
2026-06-26T19:39:22,46.565,baseline_rest,1,AF7+AF8,220.45,15.215,21.185,212.84,62.609,,,,,,,,
2026-06-26T19:39:23,47.569,baseline_rest,1,AF7+AF8,128.53,14.379,14.84,122.44,46.911,,,,,,,,
2026-06-26T19:39:24,48.574,baseline_rest,1,AF7+AF8,243.71,27.544,9.6709,34.683,17.152,,,,,,,,
2026-06-26T19:39:25,49.580,baseline_rest,1,AF7+AF8,94.502,14.833,6.7502,21.557,12.994,,,,,,,,
2026-06-26T19:39:26,50.586,baseline_rest,1,AF7+AF8,139.75,36.309,8.8053,20.58,11.553,,,,,,,,
2026-06-26T19:39:27,51.591,baseline_rest,1,AF7+AF8,240.37,56.368,6.2371,21.994,23.269,,,,,,,,
2026-06-26T19:39:28,52.595,baseline_rest,1,AF7+AF8,32.815,11.269,4.0815,30.234,30.644,,,,,,,,
2026-06-26T19:39:29,53.600,baseline_rest,1,AF7+AF8,11.757,13.433,4.397,35.275,40.404,,,,,,,,
2026-06-26T19:39:30,54.605,baseline_rest,1,AF7+AF8,161.49,125.67,15.594,41.6,48.102,,,,,,,,
2026-06-26T19:39:31,55.612,baseline_rest,1,AF7+AF8,122.81,87.098,10.978,39.685,44.604,,,,,,,,
2026-06-26T19:39:32,56.618,baseline_rest,1,AF7+AF8,8.7557,7.1946,4.2679,40.996,43.074,,,,,,,,
2026-06-26T19:39:33,57.624,baseline_rest,1,AF7+AF8,8.5579,6.8596,5.3908,36.287,47.698,,,,,,,,
2026-06-26T19:39:34,58.631,baseline_rest,1,AF7+AF8,4.1262,6.8346,4.9996,28.254,37.859,,,,,,,,
2026-06-26T19:39:35,59.638,baseline_rest,1,AF7+AF8,3.5315,6.6612,3.1962,30.809,36.743,,,,,,,,
2026-06-26T19:39:36,60.645,baseline_rest,1,AF7+AF8,4.44,6.1705,3.8815,29.362,42.376,,,,,,,,
2026-06-26T19:39:37,61.651,baseline_rest,1,AF7+AF8,2.7523,6.9642,5.0052,38.348,46.793,,,,,,,,
2026-06-26T19:39:38,62.656,baseline_rest,1,AF7+AF8,3.165,5.1765,4.8703,51.079,49.75,,,,,,,,
2026-06-26T19:39:39,63.657,idle,1,AF7+AF8,5.004,5.271,5.1903,48.037,42.157,,,,,,,,
2026-06-26T19:39:40,64.663,idle,1,AF7+AF8,71.564,49.044,22.834,43.405,41.545,,,,,,,,
2026-06-26T19:39:41,65.672,baseline_active,1,AF7+AF8,90.372,51.888,24.173,50.922,44.876,,,,,,,,
2026-06-26T19:39:42,66.677,baseline_active,1,AF7+AF8,93.501,72.044,30.895,53.045,35.743,,,,,,,,
2026-06-26T19:39:43,67.685,baseline_active,1,AF7+AF8,22157,7318.5,2360.8,721.68,158.38,,,,,,,,
2026-06-26T19:39:44,68.690,baseline_active,1,AF7+AF8,1.0355e+05,20404,5011.6,2822.7,853.46,,,,,,,,
2026-06-26T19:39:46,69.694,baseline_active,1,AF7+AF8,87865,9521.5,3315.6,2756.5,1517.3,,,,,,,,
2026-06-26T19:39:47,70.702,baseline_active,1,AF7+AF8,77044,6418,4820.2,2489.1,1684.8,,,,,,,,
2026-06-26T19:39:48,71.706,baseline_active,1,AF7+AF8,10644,948.58,720.66,395.36,482.06,,,,,,,,
2026-06-26T19:39:49,72.710,baseline_active,1,AF7+AF8,78.433,41.422,17.025,61.647,43.032,,,,,,,,
2026-06-26T19:39:50,73.716,baseline_active,1,AF7+AF8,66.287,22.111,11.182,56.098,37.361,,,,,,,,
2026-06-26T19:39:51,74.726,baseline_active,1,AF7+AF8,71.006,15.476,8.3224,42.42,30.935,,,,,,,,
2026-06-26T19:39:52,75.729,baseline_active,1,AF7+AF8,27.165,11.633,6.8197,32.265,21.314,,,,,,,,
2026-06-26T19:39:53,76.736,baseline_active,1,AF7+AF8,15.636,16.934,9.5892,30.025,23.012,,,,,,,,
2026-06-26T19:39:54,77.744,baseline_active,1,AF7+AF8,19.803,22.3,10.275,25.113,23.388,,,,,,,,
2026-06-26T19:39:55,78.751,baseline_active,1,AF7+AF8,66.162,32.58,13.927,55.494,32.376,,,,,,,,
2026-06-26T19:39:56,79.760,baseline_active,1,AF7+AF8,126.86,72.997,17.615,72.731,38.465,,,,,,,,
2026-06-26T19:39:57,80.765,baseline_active,1,AF7+AF8,66.048,80.79,16.436,59.636,36.122,,,,,,,,
2026-06-26T19:39:58,81.770,baseline_active,1,AF7+AF8,12.042,16.017,7.8355,37.68,30.635,,,,,,,,
2026-06-26T19:39:59,82.776,baseline_active,1,AF7+AF8,8.4834,5.8306,5.4183,28.823,30.178,,,,,,,,
2026-06-26T19:40:00,83.784,baseline_active,1,AF7+AF8,364.71,52.745,12.43,63.78,62.543,,,,,,,,
2026-06-26T19:40:01,84.787,baseline_active,1,AF7+AF8,2007.5,250.35,61.578,176.54,239.25,,,,,,,,
2026-06-26T19:40:02,85.795,baseline_active,1,AF7+AF8,628.21,151.3,52.777,192.38,243.89,,,,,,,,
2026-06-26T19:40:03,86.804,baseline_active,1,AF7+AF8,35.098,31.75,10.716,85.943,80.267,,,,,,,,
2026-06-26T19:40:04,87.812,baseline_active,1,AF7+AF8,56.483,25.828,10.993,34.009,23.316,,,,,,,,
2026-06-26T19:40:05,88.818,baseline_active,1,AF7+AF8,103.38,25.992,11.807,30.064,21.271,,,,,,,,
2026-06-26T19:40:06,89.829,baseline_active,1,AF7+AF8,862.72,45.977,29.93,122.52,164.83,,,,,,,,
2026-06-26T19:40:07,90.831,baseline_active,1,AF7+AF8,583.19,31.526,23.223,164.88,334.95,,,,,,,,
2026-06-26T19:40:08,91.837,baseline_active,1,AF7+AF8,55.562,12.284,11.241,120.84,345.99,,,,,,,,
2026-06-26T19:40:09,92.843,baseline_active,1,AF7+AF8,14.969,7.6107,6.6198,113.19,308.65,,,,,,,,
2026-06-26T19:40:10,93.848,baseline_active,1,AF7+AF8,5.1227,7.2764,7.6004,108.05,228.83,,,,,,,,
2026-06-26T19:40:11,94.855,baseline_active,1,AF7+AF8,5.3053,10.55,12.606,104.72,173.43,,,,,,,,
2026-06-26T19:40:12,95.864,baseline_active,1,AF7+AF8,25.334,19.145,10.019,89.009,142.43,,,,,,,,
2026-06-26T19:40:13,96.870,baseline_active,1,AF7+AF8,286.09,136.33,21.339,83.572,131.69,,,,,,,,
2026-06-26T19:40:14,97.876,baseline_active,1,AF7+AF8,575.51,248.13,54.949,115.21,141.45,,,,,,,,
2026-06-26T19:40:15,98.884,baseline_active,1,AF7+AF8,845.96,127.14,50.07,133.43,163.64,,,,,,,,
2026-06-26T19:40:16,99.888,baseline_active,1,AF7+AF8,210.69,31.21,22.231,97.058,94.411,,,,,,,,
2026-06-26T19:40:17,100.894,baseline_active,1,AF7+AF8,31.989,18.008,24.475,115.53,129.27,,,,,,,,
2026-06-26T19:40:18,101.899,baseline_active,1,AF7+AF8,30.901,18.531,14.212,115.96,160.44,,,,,,,,
2026-06-26T19:40:19,102.906,baseline_active,1,AF7+AF8,165.18,50.679,16.322,106.76,95.467,,,,,,,,
2026-06-26T19:40:20,103.913,baseline_active,1,AF7+AF8,165.83,54.709,18.876,84.86,67.127,,,,,,,,
2026-06-26T19:40:21,104.920,baseline_active,1,AF7+AF8,105.34,55.625,19.683,85.384,73.997,,,,,,,,
2026-06-26T19:40:22,105.927,baseline_active,1,AF7+AF8,187.23,101.72,30.428,127.73,195.86,,,,,,,,
2026-06-26T19:40:23,106.933,baseline_active,1,AF7+AF8,1355.5,139.71,25.855,262.38,407.31,,,,,,,,
2026-06-26T19:40:24,107.943,active,1,AF7+AF8,3519.2,200.23,21.571,270.87,356.93,-0.23441,-0.28991,0.32919,0.54607,0.54199,0.50416,,
2026-06-26T19:40:25,108.947,active,1,AF7+AF8,825.12,50.736,13.881,180.77,248.61,-0.27571,-0.30808,0.055407,0.54598,0.54191,0.50415,,
2026-06-26T19:40:26,109.948,active,1,AF7+AF8,44.606,31.302,12.251,142.45,124.12,-0.28143,-0.32304,-0.12522,0.54342,0.53922,0.50478,,
2026-06-26T19:40:27,110.954,active,1,AF7+AF8,70.789,53.111,11.148,104.06,117.12,-0.27547,-0.32402,-0.21955,0.53978,0.53535,0.50555,,
2026-06-26T19:40:28,111.960,active,1,AF7+AF8,36.183,19.6,8.3258,93.078,120.83,-0.28317,-0.31802,-0.22783,0.53636,0.53194,0.50541,Easy,
2026-06-26T19:40:29,112.968,active,1,AF7+AF8,64.246,18.663,14.599,123.47,216.01,-0.28213,-0.29954,-0.13654,0.53444,0.53029,0.50502,Easy,
2026-06-26T19:40:30,113.974,active,1,AF7+AF8,32.221,19.054,13.434,126.01,122.56,-0.28194,-0.31305,-0.088666,0.53367,0.52955,0.50489,Easy,
2026-06-26T19:40:31,114.981,active,1,AF7+AF8,67.66,45.065,22.891,96.658,85.058,-0.27772,-0.29962,-0.23552,0.53059,0.52664,0.50463,Easy,
2026-06-26T19:40:32,115.990,active,1,AF7+AF8,101.64,69.556,32.485,105.5,204.87,-0.27444,-0.29197,-0.26961,0.52725,0.52352,0.50434,Easy,
2026-06-26T19:40:33,116.999,active,1,AF7+AF8,60.267,38.489,22.743,109.06,173.1,-0.28052,-0.3162,-0.23182,0.52525,0.52142,0.50441,Easy,
2026-06-26T19:40:34,118.007,active,1,AF7+AF8,113.43,21.484,13.487,132.9,189.74,-0.28453,-0.32669,-0.18764,0.5243,0.52031,0.50493,Easy,
2026-06-26T19:40:35,119.012,active,1,AF7+AF8,45.155,10.346,6.129,123.35,166.72,-0.28685,-0.33455,-0.18811,0.52358,0.51935,0.50555,Easy,
2026-06-26T19:40:36,120.014,active,1,AF7+AF8,39.27,8.4845,8.2976,125.03,171.91,-0.28662,-0.328,-0.23211,0.52219,0.51785,0.5055,Easy,
2026-06-26T19:40:37,121.020,active,1,AF7+AF8,159.91,72.46,12.199,132.36,252.52,-0.26917,-0.32168,-0.15303,0.52206,0.51745,0.50614,Easy,
2026-06-26T19:40:38,122.026,active,1,AF7+AF8,1114.5,204.25,20.506,194.15,415.01,-0.23983,-0.30376,-0.001186,0.53147,0.52486,0.50725,Easy,
2026-06-26T19:40:39,123.035,active,1,AF7+AF8,1130.5,140.4,17.721,249.94,634.31,-0.25803,-0.30597,0.007167,0.53603,0.5298,0.5071,Easy,
2026-06-26T19:40:40,124.041,active,1,AF7+AF8,138.16,56.738,17.918,206.21,286.2,-0.27138,-0.28706,-0.020898,0.53569,0.53068,0.50648,Easy,
2026-06-26T19:40:41,125.047,active,1,AF7+AF8,188.99,69.559,23.005,161.32,188.49,-0.26631,-0.27868,-0.07126,0.53452,0.52992,0.50589,Easy,
2026-06-26T19:40:42,126.055,active,1,AF7+AF8,333.6,179.98,28.449,169.4,432.98,-0.24913,-0.29852,-0.063173,0.5339,0.52912,0.50606,Easy,
2026-06-26T19:40:43,127.062,active,1,AF7+AF8,284.62,112.31,24.732,202.16,359.69,-0.26408,-0.30603,0.10305,0.54413,0.53911,0.50596,Easy,solved:14.3
2026-06-26T19:40:44,128.066,active,1,AF7+AF8,230.66,72.469,21.512,219.29,218.16,-0.26921,-0.31654,0.11849,0.55015,0.54463,0.50596,Easy,
2026-06-26T19:40:45,129.072,active,1,AF7+AF8,266.16,85.254,24.958,153.39,217.22,-0.25936,-0.29452,-0.065248,0.54757,0.54218,0.50577,Easy,
2026-06-26T19:40:46,130.078,active,1,AF7+AF8,525.44,187.46,29.909,130.74,213.83,-0.23217,-0.25909,-0.12169,0.54392,0.53878,0.50548,Easy,
2026-06-26T19:40:47,131.086,active,1,AF7+AF8,338.82,126.33,34.982,196.97,438.11,-0.25944,-0.26696,-0.032637,0.54216,0.53752,0.50494,Medium,
2026-06-26T19:40:48,132.093,active,1,AF7+AF8,146.27,51.868,32.778,226.88,354.17,-0.27647,-0.27515,0.082724,0.54363,0.54188,0.50432,Medium,
2026-06-26T19:40:49,133.101,active,1,AF7+AF8,75.53,25.905,26.518,153.93,171.69,-0.28033,-0.26994,-0.10116,0.54093,0.53954,0.50365,Medium,
2026-06-26T19:40:50,134.106,active,1,AF7+AF8,35.745,22.334,17.007,134.37,184.52,-0.28191,-0.29601,-0.21971,0.53716,0.53573,0.50342,Medium,
2026-06-26T19:40:51,135.117,active,1,AF7+AF8,67.259,28.474,21.101,143.71,236.42,-0.28107,-0.30616,-0.19055,0.53444,0.5328,0.50339,Medium,
2026-06-26T19:40:52,136.122,active,1,AF7+AF8,97.69,64.448,21.923,123.76,185.27,-0.27339,-0.31927,-0.203,0.53205,0.52992,0.5048,Medium,
2026-06-26T19:40:53,137.127,active,1,AF7+AF8,438.35,168.58,39.171,109.98,103.77,-0.24365,-0.29063,-0.24845,0.52883,0.52625,0.50544,Medium,
2026-06-26T19:40:54,138.133,active,1,AF7+AF8,404.51,96.032,40.921,80.905,52.658,-0.26147,-0.26666,-0.33445,0.52436,0.52201,0.50487,Medium,
2026-06-26T19:40:55,139.139,active,1,AF7+AF8,291.42,111.44,34.429,169.38,154.12,-0.26212,-0.30385,-0.076692,0.52676,0.5227,0.50508,Medium,
2026-06-26T19:40:56,140.148,active,1,AF7+AF8,218.04,104.22,28.861,158.38,185.32,-0.26097,-0.30752,-0.094663,0.52674,0.52247,0.50552,Medium,
2026-06-26T19:40:57,141.155,active,1,AF7+AF8,124.03,84.753,29.523,132.75,134.45,-0.26018,-0.28299,-0.12159,0.52595,0.52185,0.5052,Medium,
2026-06-26T19:40:58,142.160,active,1,AF7+AF8,262.79,96.841,42.923,115.65,131.96,-0.25579,-0.20951,-0.23715,0.52242,0.51951,0.50388,Medium,
2026-06-26T19:40:59,143.173,active,1,AF7+AF8,371.25,128.21,46.802,113.08,238.56,-0.25351,-0.20499,-0.20188,0.51978,0.51794,0.50269,Medium,
2026-06-26T19:41:00,144.179,active,1,AF7+AF8,67.7,31.097,12.172,164.66,265.04,-0.27986,-0.30956,-0.10032,0.52359,0.52063,0.5033,Medium,
2026-06-26T19:41:01,145.188,active,1,AF7+AF8,414.32,136.64,15.696,197.29,242.24,-0.24103,-0.29724,0.00071146,0.53174,0.52636,0.50554,Medium,
2026-06-26T19:41:02,146.193,active,1,AF7+AF8,980.4,177.89,20.589,204.21,345.95,-0.23773,-0.31179,0.076794,0.54175,0.53409,0.50777,Medium,
2026-06-26T19:41:03,147.199,active,1,AF7+AF8,705.25,106.25,25.479,354.9,673.03,-0.26178,-0.30519,0.25229,0.55824,0.55198,0.50749,Medium,
2026-06-26T19:41:04,148.208,active,1,AF7+AF8,145.83,61.609,20.609,320.11,533.53,-0.26781,-0.31207,0.24372,0.56471,0.55895,0.50725,Medium,
2026-06-26T19:41:05,149.215,active,1,AF7+AF8,230.27,146.58,37.114,266.64,432.46,-0.24973,-0.27766,0.28316,0.56767,0.56331,0.5068,Medium,
2026-06-26T19:41:06,150.223,active,1,AF7+AF8,333.77,191.13,45.403,259.99,394.55,-0.24106,-0.27736,0.21353,0.56688,0.5625,0.50653,Medium,
2026-06-26T19:41:07,151.231,active,1,AF7+AF8,149.99,92.885,42.475,194.76,183.28,-0.26369,-0.26133,-0.075155,0.56164,0.55783,0.50571,Medium,
2026-06-26T19:41:08,152.239,active,1,AF7+AF8,162.36,84.597,25.664,207.45,260.32,-0.263,-0.27144,-0.041284,0.5577,0.55421,0.50515,Medium,
2026-06-26T19:41:09,153.245,active,1,AF7+AF8,139.89,68.917,20.192,171.1,200.51,-0.26271,-0.29341,-0.11632,0.55343,0.5499,0.50499,Medium,
2026-06-26T19:41:10,154.253,active,1,AF7+AF8,139.72,74.902,19.809,168.66,129.31,-0.25745,-0.29661,-0.053138,0.55066,0.54698,0.50498,Medium,
2026-06-26T19:41:11,155.258,active,1,AF7+AF8,101.13,51.576,17.88,153.89,113.14,-0.27083,-0.29468,-0.10743,0.54739,0.54379,0.50474,Medium,
2026-06-26T19:41:12,156.260,active,1,AF7+AF8,232.95,160.52,24.498,163.46,275.82,-0.24516,-0.28522,-0.093714,0.54457,0.5408,0.5049,Medium,
2026-06-26T19:41:13,157.268,active,1,AF7+AF8,262.25,137.1,26.295,186.41,389.36,-0.24974,-0.30318,-0.023753,0.54341,0.53929,0.50597,Medium,
2026-06-26T19:41:14,158.271,active,1,AF7+AF8,569.2,178.6,33.298,268.22,321.59,-0.2463,-0.26811,0.25109,0.55609,0.55283,0.50558,Medium,
2026-06-26T19:41:15,159.284,active,1,AF7+AF8,2139.1,549.07,59.014,443.81,599.81,-0.16917,-0.21769,0.70833,0.59067,0.58591,0.50587,Medium,
2026-06-26T19:41:16,160.292,active,1,AF7+AF8,777.71,202.14,41.273,372.23,725.5,-0.24263,-0.28432,0.39896,0.58994,0.58514,0.50579,Medium,
2026-06-26T19:41:17,161.296,active,1,AF7+AF8,168,69.475,26.298,243.29,435.76,-0.26967,-0.29323,0.033057,0.58403,0.57946,0.50545,Medium,
2026-06-26T19:41:18,162.306,active,1,AF7+AF8,323.55,69.602,26.227,230.46,323.86,-0.27106,-0.30551,0.13725,0.58056,0.57603,0.50531,Medium,
2026-06-26T19:41:19,163.315,active,1,AF7+AF8,552.73,80.549,28.547,301.78,542.19,-0.26732,-0.30704,0.38945,0.58394,0.57923,0.50527,Medium,
2026-06-26T19:41:20,164.321,active,1,AF7+AF8,144.45,51.328,27.571,259.51,435.71,-0.27603,-0.27333,0.18844,0.58076,0.57666,0.5046,Medium,
2026-06-26T19:41:21,165.327,active,1,AF7+AF8,227.12,73.054,25.491,235.8,217.48,-0.26802,-0.27495,0.12559,0.57706,0.57334,0.50415,Medium,
2026-06-26T19:41:22,166.333,active,1,AF7+AF8,747.51,111.31,18.634,234.19,546.09,-0.26262,-0.29984,0.027238,0.57271,0.56888,0.50445,Medium,
2026-06-26T19:41:23,167.338,active,1,AF7+AF8,556.49,66.581,17.58,263.45,963.35,-0.27277,-0.3137,0.033723,0.56918,0.56521,0.50485,Medium,
2026-06-26T19:41:24,168.343,active,1,AF7+AF8,105.59,64.691,25.032,347.03,561.05,-0.26649,-0.27879,0.34023,0.57373,0.57124,0.50445,Medium,
2026-06-26T19:41:25,169.351,active,1,AF7+AF8,119.16,79.448,29.804,312.3,287.9,-0.26508,-0.26897,0.38707,0.57826,0.57698,0.50398,Medium,
2026-06-26T19:41:26,170.354,active,1,AF7+AF8,171.02,83.954,25.101,213.42,163.51,-0.26486,-0.30627,0.13979,0.57553,0.57379,0.5047,Medium,
2026-06-26T19:41:27,171.366,active,1,AF7+AF8,297.85,103.38,29.993,179.13,162.43,-0.25323,-0.27967,0.014673,0.57087,0.56895,0.50453,Medium,
2026-06-26T19:41:28,172.373,active,1,AF7+AF8,358.33,79.115,26.472,246.83,433.48,-0.26903,-0.26953,0.20432,0.56944,0.56774,0.50399,Medium,
2026-06-26T19:41:29,173.374,active,1,AF7+AF8,357.54,92.798,32.135,442.73,619.51,-0.26704,-0.26119,0.92131,0.61397,0.61369,0.50343,Medium,
2026-06-26T19:41:30,174.380,active,1,AF7+AF8,190.54,77.37,30.934,319.92,309.78,-0.26865,-0.27168,0.43667,0.61081,0.61052,0.50306,Medium,
2026-06-26T19:41:31,175.389,active,1,AF7+AF8,318.85,118.96,28.1,360,475.69,-0.26362,-0.29068,0.47473,0.60885,0.60821,0.50325,Medium,solved:44.8
2026-06-26T19:41:32,176.398,active,1,AF7+AF8,284.67,84.211,24.676,405.17,1066.1,-0.26871,-0.29877,0.60044,0.60987,0.60806,0.50356,Medium,
2026-06-26T19:41:33,177.404,active,1,AF7+AF8,239.84,65.287,20.686,404.99,781.65,-0.26804,-0.29083,0.6305,0.61185,0.6095,0.50347,Hard,
2026-06-26T19:41:34,178.408,active,1,AF7+AF8,116.93,34.759,27.289,309.37,384.1,-0.27641,-0.27574,0.43663,0.609,0.60695,0.50304,Hard,
2026-06-26T19:41:35,179.415,active,1,AF7+AF8,211.54,64.935,31.717,292.21,317.86,-0.26013,-0.27122,0.27876,0.60412,0.60215,0.50285,Hard,
2026-06-26T19:41:36,180.421,active,1,AF7+AF8,319.1,109.71,37.799,225.95,222.88,-0.24964,-0.25289,0.084038,0.59667,0.59488,0.50255,Hard,
2026-06-26T19:41:37,181.446,active,1,AF7+AF8,265.48,139.12,43.07,222.83,752.97,-0.25157,-0.21691,-0.0039094,0.58826,0.58721,0.50173,Hard,
2026-06-26T19:41:38,182.449,active,1,AF7+AF8,47.047,31.835,17.234,308.98,1030.2,-0.28079,-0.30458,0.35408,0.58746,0.58619,0.50248,Hard,
2026-06-26T19:41:39,183.452,active,1,AF7+AF8,65.19,15.338,17.342,374.87,1181.5,-0.28497,-0.30227,0.5472,0.59775,0.596,0.50244,Hard,
2026-06-26T19:41:40,184.458,active,1,AF7+AF8,66.492,24.089,21.295,377.11,1333.5,-0.28122,-0.28419,0.42506,0.59655,0.59497,0.50219,Hard,
2026-06-26T19:41:41,185.465,active,1,AF7+AF8,11.422,19.743,12.836,307.93,778.04,-0.28221,-0.31633,0.42692,0.59599,0.5941,0.50343,Hard,
2026-06-26T19:41:42,186.471,active,1,AF7+AF8,191.04,60.693,18.983,249.33,458.73,-0.27141,-0.30024,0.18595,0.59173,0.58964,0.50354,Hard,
2026-06-26T19:41:43,187.477,active,1,AF7+AF8,464.54,111.86,50.527,296.8,348.48,-0.25662,-0.17501,0.31082,0.58797,0.58734,0.50189,Hard,
2026-06-26T19:41:44,188.483,active,1,AF7+AF8,242.21,87.032,39.224,311.81,449.73,-0.25365,-0.20163,0.29435,0.58482,0.58502,0.50088,Hard,
2026-06-26T19:41:45,189.489,active,1,AF7+AF8,203.19,90.186,29.004,334.8,651.57,-0.25199,-0.26197,0.072989,0.57965,0.57969,0.5011,Hard,
2026-06-26T19:41:46,190.494,active,1,AF7+AF8,28.105,17.361,16.815,256.15,749.88,-0.28293,-0.31789,0.10645,0.57643,0.57595,0.50306,Hard,
2026-06-26T19:41:47,191.498,active,1,AF7+AF8,12.002,12.393,15.009,297.07,711.17,-0.28583,-0.31076,0.26177,0.57579,0.57499,0.5031,Hard,
2026-06-26T19:41:48,192.505,active,1,AF7+AF8,26.31,17.552,17.699,299.57,438.37,-0.2841,-0.2915,0.19315,0.57393,0.57312,0.50283,Hard,
2026-06-26T19:41:49,193.511,active,1,AF7+AF8,250.98,85.981,45.691,271.64,288.92,-0.26311,-0.21529,0.38123,0.57398,0.57716,0.50178,Hard,
2026-06-26T19:41:50,194.518,active,1,AF7+AF8,407.48,170.33,49.099,305.92,450.12,-0.23178,-0.18793,0.46816,0.57836,0.58283,0.50091,Hard,
2026-06-26T19:41:51,195.526,active,1,AF7+AF8,417.6,245.51,41.273,395.87,802.58,-0.20272,-0.20514,0.551,0.58739,0.589,0.50083,Hard,
2026-06-26T19:41:52,196.531,active,1,AF7+AF8,73.689,45.931,18.494,287.14,662.46,-0.27202,-0.29497,0.29671,0.58571,0.5868,0.50206,Hard,
2026-06-26T19:41:53,197.571,active,1,AF7+AF8,8.7321,8.7104,17.873,220.18,359.55,-0.28582,-0.29692,0.20715,0.58295,0.58374,0.50198,Hard,
2026-06-26T19:41:54,198.576,active,1,AF7+AF8,12.36,13.094,10.546,224.09,385.58,-0.28473,-0.32164,0.11955,0.57959,0.57973,0.50356,Hard,
2026-06-26T19:41:55,199.581,active,1,AF7+AF8,30.053,16.834,31.22,324.63,406.65,-0.28326,-0.25401,0.27081,0.57786,0.57842,0.50269,Hard,
2026-06-26T19:41:56,200.587,active,1,AF7+AF8,128.46,112.2,45.541,428.34,465.82,-0.24866,-0.21329,0.56136,0.58853,0.5913,0.50184,Hard,
2026-06-26T19:41:57,201.593,active,1,AF7+AF8,209.77,203.77,48.903,349.95,349.72,-0.21104,-0.20127,0.4594,0.58773,0.59031,0.50147,Hard,
2026-06-26T19:41:58,202.600,active,1,AF7+AF8,46.68,51.079,27.072,246.58,219.52,-0.26827,-0.26433,0.042491,0.58179,0.58413,0.50124,Hard,
2026-06-26T19:41:59,203.606,active,1,AF7+AF8,172.79,103.22,31.869,199.22,300.46,-0.25518,-0.28552,0.095515,0.57768,0.57928,0.50277,Hard,
2026-06-26T19:42:00,204.613,active,1,AF7+AF8,393.73,242.27,55.018,305.34,698.61,-0.21206,-0.25805,0.42673,0.58193,0.57927,0.50456,Hard,
2026-06-26T19:42:01,205.621,active,1,AF7+AF8,195.1,96.155,20.571,335.42,732.88,-0.25869,-0.30575,0.40804,0.58575,0.58125,0.50535,Hard,
2026-06-26T19:42:02,206.625,active,1,AF7+AF8,276.92,104.07,22.127,224.83,401.75,-0.25222,-0.29722,0.12313,0.58174,0.57712,0.50552,Hard,
2026-06-26T19:42:03,207.628,active,1,AF7+AF8,65.196,27.527,16.278,166.94,167.21,-0.2792,-0.29872,-0.093632,0.575,0.57064,0.50515,Hard,
2026-06-26T19:42:04,208.630,active,1,AF7+AF8,195.84,60.891,25.003,178.94,94.302,-0.26656,-0.27515,-0.037693,0.56956,0.5656,0.50466,Hard,
2026-06-26T19:42:05,209.637,active,1,AF7+AF8,512.96,201.53,40.726,139.53,94.306,-0.20307,-0.22573,-0.11024,0.56295,0.55912,0.50444,Hard,
2026-06-26T19:42:06,210.641,active,1,AF7+AF8,300.43,132.81,45.4,101.92,79.945,-0.23209,-0.17957,-0.22851,0.55466,0.55208,0.50312,Hard,
2026-06-26T19:42:07,211.646,active,1,AF7+AF8,89.62,38.495,40.358,164.63,248.39,-0.2765,-0.22482,0.011736,0.55164,0.55014,0.50197,Hard,
2026-06-26T19:42:08,212.654,active,1,AF7+AF8,252.87,173.31,43.437,270.62,457.49,-0.23549,-0.23476,0.41738,0.56914,0.56859,0.50172,Hard,
2026-06-26T19:42:09,213.661,active,1,AF7+AF8,423.95,224.58,50.684,243.43,200.89,-0.21833,-0.21508,0.22641,0.56744,0.567,0.50147,Hard,
2026-06-26T19:42:10,214.666,active,1,AF7+AF8,356.32,142.14,53.065,193.41,118.9,-0.24112,-0.19977,-0.014228,0.56213,0.56236,0.50067,Hard,
2026-06-26T19:42:11,215.672,active,1,AF7+AF8,820.96,190.08,72.587,232.33,262.09,-0.24124,-0.18705,0.018978,0.55776,0.55878,0.49978,Hard,
2026-06-26T19:42:12,216.677,active,1,AF7+AF8,1032.5,125.28,64.615,388.24,977.53,-0.25638,-0.23831,0.56328,0.58243,0.58414,0.49953,Hard,
2026-06-26T19:42:13,217.688,active,1,AF7+AF8,466.14,75.556,38.559,461.66,937.32,-0.26414,-0.25711,0.8962,0.61715,0.61832,0.49948,Hard,
2026-06-26T19:42:15,218.697,active,1,AF7+AF8,223.48,103.21,39.306,250.9,202.58,-0.2576,-0.24051,0.28303,0.6109,0.61218,0.49929,Hard,
2026-06-26T19:42:16,219.706,active,1,AF7+AF8,128.27,72.076,35.343,116.08,80.406,-0.26772,-0.26032,-0.16663,0.599,0.60024,0.49926,Hard,
2026-06-26T19:42:17,220.712,active,1,AF7+AF8,133.35,54.441,36.257,124.79,77.76,-0.27115,-0.25789,-0.20044,0.58798,0.58927,0.49915,Hard,
2026-06-26T19:42:18,221.720,active,1,AF7+AF8,113.5,57.32,27.241,91.381,78.714,-0.26841,-0.28099,-0.31177,0.57696,0.57791,0.50061,Hard,
2026-06-26T19:42:19,222.728,active,1,AF7,21612,7314.2,3982.4,3676.7,1011.2,3.3959,18.277,19.783,0.63869,0.831,0.4406,Hard,
2026-06-26T19:42:20,223.736,active,1,AF7,1.5895e+05,38786,16693,12012,3428.2,19.128,77.749,66.346,0.56245,0.9324,0.38773,Hard,
2026-06-26T19:42:21,224.742,active,1,AF7,78422,14398,4911,2689.6,893.19,6.9367,22.622,14.269,0.49677,0.958,0.34125,Hard,
2026-06-26T19:42:22,225.748,active,1,AF7,583.82,43.629,15.514,43.834,39.885,-0.23836,-0.28341,-0.51121,0.49374,0.89895,0.43988,Hard,
2026-06-26T19:42:23,226.754,active,1,AF7+AF8,239.55,73.714,15.596,59.16,214.78,-0.27205,-0.32282,-0.38199,0.49361,0.84943,0.47976,Hard,
2026-06-26T19:42:24,227.757,active,1,AF7+AF8,206.02,73.568,24.887,48.102,160.38,-0.27191,-0.30339,-0.44462,0.49225,0.80491,0.49426,Hard,
2026-06-26T19:42:25,228.760,active,1,AF7+AF8,63.606,35.913,20.987,54.654,38.801,-0.28069,-0.30155,-0.41431,0.49149,0.76632,0.49927,Hard,
2026-06-26T19:42:26,229.765,active,1,AF7+AF8,162.34,96.872,48.921,66.605,46.704,-0.26901,-0.29408,-0.38164,0.4912,0.73267,0.50159,Hard,
2026-06-26T19:42:27,230.770,active,1,AF7+AF8,105.1,62.684,33.413,53.598,39.48,-0.27279,-0.29581,-0.39596,0.49075,0.7029,0.50236,Hard,
2026-06-26T19:42:28,231.776,active,1,AF7+AF8,164.04,151.77,43.797,64.77,46.727,-0.25282,-0.28713,-0.31323,0.49434,0.67765,0.50352,Hard,
2026-06-26T19:42:29,232.784,active,1,AF7+AF8,245.61,209.77,57.4,86.99,69.288,-0.24297,-0.28235,-0.21579,0.50273,0.65674,0.50436,Hard,
2026-06-26T19:42:30,233.789,active,1,AF7+AF8,106.65,110,27.91,146.4,508.75,-0.26654,-0.3098,-0.16122,0.51223,0.63951,0.50499,Hard,
2026-06-26T19:42:31,234.793,active,1,AF7+AF8,132.89,90.895,33.102,145.24,581.7,-0.26605,-0.28639,-0.27196,0.51098,0.62268,0.5047,Hard,
2026-06-26T19:42:32,235.798,active,1,AF7+AF8,101.86,37.633,21.549,52.961,136.04,-0.27635,-0.2925,-0.39764,0.50809,0.60614,0.50437,Hard,
2026-06-26T19:42:33,236.803,active,1,AF7+AF8,73.907,28.625,16.13,43.537,81.563,-0.28097,-0.31255,-0.41085,0.50564,0.59145,0.50432,Hard,
2026-06-26T19:42:34,237.824,active,1,AF7+AF8,42.45,18.509,12.04,60.386,88.696,-0.28309,-0.31104,-0.33562,0.5046,0.57969,0.50422,Hard,
2026-06-26T19:42:35,238.826,active,1,AF7+AF8,135.08,22.42,15.856,54.502,85.784,-0.28082,-0.29696,-0.34456,0.50333,0.56917,0.50396,Hard,
2026-06-26T19:42:36,239.832,active,1,AF7+AF8,41.366,16.269,17.139,54.012,159.75,-0.28471,-0.31009,-0.39045,0.50173,0.55929,0.50386,Hard,
2026-06-26T19:42:37,240.840,active,1,AF7+AF8,12.982,23.301,22.796,44.563,146.14,-0.2842,-0.30959,-0.46088,0.49925,0.54952,0.50378,Hard,
2026-06-26T19:42:38,241.845,active,1,AF7+AF8,97.573,125,44.073,37.971,86.022,-0.26436,-0.30984,-0.46441,0.49702,0.54058,0.50492,Hard,
2026-06-26T19:42:39,242.851,active,1,AF7+AF8,159.08,113.44,40.675,45.115,35.232,-0.25983,-0.28753,-0.40866,0.49556,0.53348,0.50475,Hard,
2026-06-26T19:42:40,243.855,active,1,AF7+AF8,215.62,141.61,41.042,38.343,31.419,-0.24908,-0.28606,-0.44433,0.49372,0.52654,0.50473,Hard,
2026-06-26T19:42:41,244.861,active,1,AF7+AF8,1809.9,681.59,490.36,288.55,63.424,-0.13959,0.069259,-0.18963,0.4906,0.5226,0.50104,Hard,
2026-06-26T19:42:42,245.866,active,1,AF7+AF8,28416,9395.4,5384.8,4259.6,1272.2,1.6971,4.4719,4.1958,0.48759,0.67535,0.46489,Hard,
2026-06-26T19:42:43,246.872,active,1,AF7+AF8,23494,8929.4,4007.8,3987.2,2129.4,1.5438,3.0252,3.922,0.56119,0.73009,0.44784,Hard,
2026-06-26T19:42:44,247.878,active,1,AF7+AF8,1826.3,451.53,249.89,377.37,910.4,-0.19378,-0.15727,0.04103,0.55682,0.706,0.4764,Hard,
2026-06-26T19:42:45,248.880,active,1,AF7+AF8,542.09,114.41,42.705,118.92,543.84,-0.25921,-0.27471,-0.30447,0.54956,0.6806,0.49172,Hard,
2026-06-26T19:42:46,249.884,active,1,AF7+AF8,222.24,185.09,61.811,107.24,741.59,-0.24768,-0.27174,-0.29588,0.54325,0.65821,0.49849,Hard,
2026-06-26T19:42:47,250.891,active,1,AF7+AF8,210.78,222.34,68.166,78.561,596.59,-0.2396,-0.27626,-0.35293,0.53691,0.63752,0.50215,Hard,
2026-06-26T19:42:48,251.899,active,1,AF7+AF8,96.428,100.8,37.426,45.509,221.14,-0.26819,-0.31076,-0.4432,0.53049,0.6184,0.50405,Hard,
2026-06-26T19:42:49,252.901,active,1,AF7+AF8,10.151,15.416,12.086,49.956,683.81,-0.28485,-0.3278,-0.42007,0.52545,0.60216,0.50484,Hard,
2026-06-26T19:42:50,253.905,active,1,AF7+AF8,69.987,59.33,15.644,51.227,625.44,-0.275,-0.32347,-0.43339,0.52075,0.58753,0.50557,Hard,
2026-06-26T19:42:51,254.916,active,1,AF7+AF8,486.42,297.27,35.047,39.202,137.46,-0.23059,-0.30968,-0.45733,0.51604,0.57363,0.50816,Hard,
2026-06-26T19:42:52,255.923,active,1,AF7+AF8,384.19,213.03,22.726,35.333,42.97,-0.24787,-0.32348,-0.4541,0.51216,0.5617,0.50893,Hard,
2026-06-26T19:42:53,256.930,active,1,AF7+AF8,48.378,34.235,12.22,35.514,115.47,-0.27991,-0.32161,-0.46354,0.50857,0.55154,0.50849,Hard,
2026-06-26T19:42:54,257.937,active,1,AF7+AF8,85.518,115.17,41.028,42.107,188.46,-0.26004,-0.29265,-0.46174,0.50501,0.54234,0.50796,Hard,
2026-06-26T19:42:55,258.942,active,1,AF7+AF8,103.91,138.21,51.832,30.624,46.143,-0.25713,-0.30216,-0.48259,0.5017,0.53388,0.50768,Hard,
2026-06-26T19:42:56,259.949,active,1,AF7+AF8,98.483,76.341,19.941,27.292,36.268,-0.26391,-0.31593,-0.49824,0.49877,0.5263,0.50754,Hard,
2026-06-26T19:42:57,260.953,active,1,AF7+AF8,117.66,86.632,16.942,33,59.665,-0.26384,-0.3152,-0.47423,0.49653,0.51999,0.5074,Hard,
2026-06-26T19:42:58,261.957,active,1,AF7+AF8,85.678,55.412,27.58,36.365,209.07,-0.27455,-0.30236,-0.46816,0.49446,0.51469,0.50693,Hard,
2026-06-26T19:42:59,262.959,active,1,AF7+AF8,169.76,138.93,39.847,36.849,194.01,-0.25933,-0.29727,-0.45095,0.49282,0.51006,0.50667,Hard,
2026-06-26T19:43:00,263.965,active,1,AF7+AF8,334.97,268.63,50.81,28.834,66.11,-0.23411,-0.28987,-0.4779,0.49086,0.5052,0.50685,Hard,
2026-06-26T19:43:01,264.971,active,1,AF7+AF8,245.51,187.46,26.645,32.706,99.671,-0.25107,-0.3136,-0.48599,0.48938,0.50105,0.50743,Hard,
2026-06-26T19:43:02,265.978,active,1,AF7+AF8,76.515,37.37,16.39,39.99,125.16,-0.27805,-0.3218,-0.46708,0.48847,0.49809,0.50719,Hard,
2026-06-26T19:43:03,266.985,active,1,AF7+AF8,54.413,30.457,14.749,33.992,117.98,-0.27909,-0.32112,-0.47527,0.48755,0.49538,0.50696,Hard,
2026-06-26T19:43:04,267.994,active,1,AF7+AF8,96.444,31.505,12.96,35.453,83.918,-0.27915,-0.3081,-0.45702,0.48681,0.49327,0.50656,Hard,
2026-06-26T19:43:05,268.998,active,1,AF7+AF8,65.487,24.961,10.232,47.276,128.15,-0.28093,-0.31514,-0.4025,0.48817,0.49225,0.50629,Hard,
2026-06-26T19:43:06,270.006,active,1,AF7+AF8,10.011,10.191,4.2406,36.693,224.99,-0.28627,-0.33735,-0.45161,0.48788,0.49071,0.50634,Hard,
2026-06-26T19:43:07,271.012,active,1,AF7+AF8,172.54,119.91,25.321,31.399,104.21,-0.25919,-0.29665,-0.48708,0.48648,0.48841,0.50615,Hard,
2026-06-26T19:43:08,272.016,active,1,AF7+AF8,193.85,122.76,30.163,38.141,121.04,-0.25655,-0.2734,-0.4642,0.48524,0.48669,0.50566,Hard,
2026-06-26T19:43:09,273.021,active,1,AF7+AF8,129.5,133.48,36.616,36.296,238.28,-0.25992,-0.31021,-0.46257,0.48473,0.48525,0.50604,Hard,
2026-06-26T19:43:10,274.025,active,1,AF7+AF8,349.64,234.83,63.828,29.841,86.231,-0.23892,-0.29573,-0.47951,0.48381,0.48341,0.50667,Hard,
2026-06-26T19:43:11,275.031,active,1,AF7+AF8,21709,15563,10128,3994.3,861.45,4.0452,17.171,5.9807,0.42619,0.62817,0.44604,Hard,
2026-06-26T19:43:12,276.035,active,1,AF7+AF8,1.2328e+05,71659,40317,15257,4791.5,20.543,85.886,27.007,0.37505,0.82848,0.39252,Hard,
2026-06-26T19:43:13,277.042,active,1,AF7+AF8,49291,19815,10775,4441.2,3294.1,5.5123,23.102,7.8422,0.3301,0.82053,0.34543,Hard,
2026-06-26T19:43:14,278.049,active,1,AF7+AF8,1045.1,130.45,83.948,943.78,2823.5,-0.2503,-0.21211,1.7778,0.57008,0.81013,0.43531,Hard,
2026-06-26T19:43:15,279.056,active,1,AF7+AF8,2460.9,179.21,87.405,862.88,3279.6,-0.24125,-0.19635,1.6428,0.65701,0.79925,0.47076,Hard,
2026-06-26T19:43:16,280.061,active,1,AF7+AF8,21739,2697.8,1395.2,1518.9,2829.5,0.55117,2.2985,3.2189,0.65173,0.79832,0.4496,Hard,
2026-06-26T19:43:17,281.066,active,1,AF7+AF8,1.1847e+05,12052,7779.3,4313.6,3107.3,3.5829,9.5479,8.3819,0.61651,0.8694,0.40144,Hard,
2026-06-26T19:43:18,282.071,active,1,AF7+AF8,50171,4055.3,2946.4,1874.3,1389.3,1.0339,2.4876,3.3602,0.61542,0.8565,0.39237,Hard,
2026-06-26T19:43:19,283.075,active,1,AF7+AF8,1274.6,281.02,78.019,413.15,386.54,-0.2149,-0.16799,0.82919,0.61944,0.82904,0.45343,Hard,
2026-06-26T19:43:20,284.078,active,1,AF7+AF8,5358.6,1258.1,279.43,394.14,282.34,0.047979,0.095859,0.89949,0.617,0.80214,0.47778,Hard,
2026-06-26T19:43:21,285.088,active,1,AF7+AF8,8055.9,2119,445.98,382.86,327.39,0.20192,0.29177,0.81957,0.61084,0.77507,0.48438,Hard,
2026-06-26T19:43:22,286.096,active,1,AF7+AF8,1267.8,306.07,99.56,190.05,300.01,-0.21063,-0.06204,0.19374,0.60137,0.74811,0.48402,Hard,
2026-06-26T19:43:23,287.101,active,1,AF7+AF8,689.4,221.44,63.226,121.14,120.58,-0.20035,-0.15022,-0.027617,0.59104,0.72092,0.48985,Hard,
2026-06-26T19:43:24,288.107,active,1,AF7+AF8,960.5,471.79,94.471,139.21,116.96,-0.074551,-0.018376,0.088403,0.58172,0.69686,0.49173,Hard,
2026-06-26T19:43:25,289.108,active,1,AF7+AF8,431.64,285.93,66.041,144.28,117.05,-0.15331,-0.11046,0.11262,0.57525,0.67722,0.49348,Hard,
2026-06-26T19:43:26,290.111,active,1,AF7+AF8,1676.8,432.78,54.569,151.46,251.31,-0.16533,-0.16188,0.02522,0.56903,0.65881,0.49713,Hard,
2026-06-26T19:43:27,291.112,active,1,AF7+AF8,4002.8,962.54,83.759,350.94,940.08,-0.030151,-0.13133,0.54183,0.57763,0.64827,0.50644,Hard,
2026-06-26T19:43:28,292.117,active,1,AF7+AF8,890.16,230.7,41.532,360.06,876.73,-0.21738,-0.25548,0.47613,0.58532,0.64078,0.50624,Hard,
2026-06-26T19:43:29,293.124,active,1,AF7+AF8,266.18,138.99,39.197,155.99,274.06,-0.24584,-0.26208,-0.13118,0.57704,0.6256,0.50573,Hard,
2026-06-26T19:43:30,294.129,active,1,AF7+AF8,366.12,107.39,38.984,58.397,63.476,-0.25424,-0.22648,-0.32897,0.56626,0.60941,0.50463,Hard,
2026-06-26T19:43:31,295.133,active,1,AF7+AF8,486.01,165.42,23.469,51.206,44.037,-0.22855,-0.26126,-0.32762,0.55731,0.5948,0.50456,Hard,
2026-06-26T19:43:32,296.136,active,1,AF7+AF8,237.89,97.873,18.009,58.971,34.563,-0.25098,-0.28476,-0.29217,0.55032,0.5828,0.50452,Hard,
2026-06-26T19:43:33,297.141,active,1,AF7+AF8,15.486,17.984,9.4802,46.601,38.935,-0.28165,-0.31499,-0.35661,0.54366,0.57174,0.50448,Hard,
2026-06-26T19:43:34,298.143,active,1,AF7+AF8,10.654,12.805,8.0412,33.777,42.289,-0.28414,-0.32114,-0.4186,0.53696,0.56112,0.50457,Hard,
2026-06-26T19:43:35,299.145,active,1,AF7+AF8,9.573,14.001,9.2658,43.805,42.323,-0.28397,-0.31647,-0.36221,0.53184,0.55261,0.50451,Hard,
2026-06-26T19:43:36,300.151,active,1,AF7+AF8,54.397,37.118,14.548,45.668,37.598,-0.27344,-0.28961,-0.37276,0.52677,0.54481,0.50421,Hard,
2026-06-26T19:43:37,301.155,active,1,AF7+AF8,166.59,53.431,14.227,46.353,35.709,-0.26597,-0.29492,-0.37604,0.52234,0.53778,0.50414,Hard,
2026-06-26T19:43:38,302.164,active,1,AF7+AF8,637.35,238.47,50.583,79.622,67.854,-0.21561,-0.22793,-0.29877,0.5186,0.532,0.50383,Hard,
2026-06-26T19:43:39,303.169,active,0,,,,,,,,,,,,,Hard,
2026-06-26T19:43:40,304.170,active,0,,,,,,,,,,,,,Hard,
2026-06-26T19:43:41,305.175,active,0,,,,,,,,,,,,,Hard,
2026-06-26T19:43:42,306.179,active,1,AF8,24735,1567.7,981.83,541.02,571.3,-0.025607,0.11521,0.067501,0.51565,0.52956,0.50126,Hard,
2026-06-26T19:43:43,307.182,active,1,AF8,7129.8,644.44,64.232,126.17,57.649,-0.1983,-0.30784,-0.28281,0.51415,0.52474,0.50872,Hard,
2026-06-26T19:43:44,308.188,active,1,AF7+AF8,351.85,101.79,26.843,62.507,66.688,-0.25131,-0.2386,-0.28628,0.51174,0.52125,0.50748,Hard,
2026-06-26T19:43:45,309.193,active,1,AF7+AF8,196.21,23.105,17.02,67.637,68.45,-0.28008,-0.27621,-0.24396,0.51081,0.51924,0.50652,Hard,
2026-06-26T19:43:46,310.201,active,1,AF7+AF8,444.06,75.528,26.368,81.95,67.21,-0.25693,-0.24015,-0.17212,0.51053,0.5182,0.50549,Hard,
2026-06-26T19:43:47,311.205,active,1,AF7+AF8,1972.5,1807.2,376.15,212.53,103.23,0.59368,1.3466,0.4492,0.49603,0.51385,0.49367,Hard,
2026-06-26T19:43:48,312.213,active,1,AF7+AF8,5625,4737.5,898.04,384.68,119.3,2.0399,3.7331,1.302,0.46395,0.50125,0.47044,Hard,
2026-06-26T19:43:49,313.219,active,1,AF7+AF8,33918,2152.8,817.07,393,169.09,0.73502,3.4192,1.3678,0.43995,0.54756,0.43885,Hard,
2026-06-26T19:43:50,314.225,active,1,AF7+AF8,43222,2584.7,785.76,317.76,180.23,0.97273,3.2931,1.0849,0.41703,0.54354,0.41483,Hard,
2026-06-26T19:43:51,315.231,active,1,AF7+AF8,2925.8,364.61,59.163,68.886,60.402,-0.11139,-0.08795,-0.23041,0.45613,0.53653,0.46417,Hard,
2026-06-26T19:43:52,316.236,active,1,AF7+AF8,29.124,52.749,18.721,50.987,42.194,-0.27008,-0.28235,-0.33596,0.47843,0.53116,0.48659,Hard,
2026-06-26T19:43:53,317.242,active,1,AF7+AF8,14.683,32.405,14.623,48.674,53.266,-0.27853,-0.29021,-0.34174,0.48751,0.52647,0.49551,Hard,
2026-06-26T19:43:54,318.249,active,1,AF7+AF8,43.969,85.35,12.246,55.601,53.943,-0.2618,-0.31062,-0.30602,0.49535,0.52263,0.50187,Hard,
2026-06-26T19:43:55,319.253,active,1,AF7+AF8,31.078,60.291,7.0552,50.952,52.493,-0.26795,-0.3278,-0.31704,0.49895,0.51918,0.50524,Hard,
2026-06-26T19:43:56,320.255,active,1,AF7+AF8,12.745,19.591,4.6221,48.571,46.147,-0.28255,-0.33477,-0.32776,0.50011,0.5162,0.50601,Hard,
2026-06-26T19:43:57,321.261,active,1,AF7+AF8,956.38,250.12,28.359,77.41,47.509,-0.17813,-0.27848,-0.22264,0.50423,0.51359,0.50993,Hard,
2026-06-26T19:43:58,322.266,active,1,AF7+AF8,6452.9,1177.1,75.354,117.73,58.191,0.28443,-0.11209,-0.040116,0.50709,0.5071,0.53361,Hard,
2026-06-26T19:43:59,323.270,active,1,AF7+AF8,7221.8,1433.2,188.93,146.7,78.108,0.40628,0.50356,0.19956,0.50169,0.50315,0.52812,Hard,
2026-06-26T19:44:00,324.275,active,1,AF7+AF8,9653.9,1192.5,240.61,221.91,249.07,0.26427,0.72987,0.53067,0.4985,0.52121,0.51779,Hard,
2026-06-26T19:44:01,325.278,active,1,AF7+AF8,3157.6,278.49,81.81,172.53,294.74,-0.16387,-0.01183,0.24971,0.51899,0.53939,0.51338,Hard,
2026-06-26T19:44:02,326.282,active,1,AF7+AF8,197.54,49.123,16.931,76.633,69.155,-0.27,-0.28092,-0.19726,0.51796,0.53576,0.51194,Hard,
2026-06-26T19:44:03,327.289,active,1,AF7+AF8,164.4,52.371,18.026,71.041,69.741,-0.27135,-0.27061,-0.2226,0.51653,0.5322,0.51049,Hard,
2026-06-26T19:44:04,328.293,active,1,AF7+AF8,104.59,41.445,14.933,40.65,38.633,-0.27377,-0.29027,-0.38408,0.51314,0.52668,0.50948,Hard,
2026-06-26T19:44:05,329.299,active,1,AF7+AF8,42.254,24.36,8.7754,28.157,26.148,-0.27921,-0.31498,-0.44209,0.50966,0.52104,0.50888,Hard,
2026-06-26T19:44:06,330.306,active,1,AF7+AF8,10.15,14.968,6.3959,27.935,27.524,-0.283,-0.32433,-0.4422,0.50673,0.51612,0.50844,Hard,
2026-06-26T19:44:07,331.313,active,1,AF7+AF8,40.729,20.35,8.2201,39.068,27.031,-0.28112,-0.31852,-0.39655,0.50475,0.51246,0.50798,Hard,
2026-06-26T19:44:08,332.320,active,1,AF8,44437,12686,2612.2,4893.6,1321.6,2.054,0.86688,3.7429,0.68679,0.62463,0.5897,Hard,
2026-06-26T19:44:09,333.324,active,0,,,,,,,,,,,,,Hard,
2026-06-26T19:44:10,334.327,active,0,,,,,,,,,,,,,Hard,
2026-06-26T19:44:11,335.332,active,0,,,,,,,,,,,,,Hard,
2026-06-26T19:44:12,336.338,active,0,,,,,,,,,,,,,Hard,
2026-06-26T19:44:13,337.343,active,0,,,,,,,,,,,,,Hard,
2026-06-26T19:44:14,338.349,active,0,,,,,,,,,,,,,Hard,
2026-06-26T19:44:15,339.354,active,0,,,,,,,,,,,,,Hard,
2026-06-26T19:44:16,340.359,active,0,,,,,,,,,,,,,Hard,
2026-06-26T19:44:17,341.361,active,0,,,,,,,,,,,,,Hard,
2026-06-26T19:44:18,342.365,active,0,,,,,,,,,,,,,Hard,
2026-06-26T19:44:19,343.370,active,0,,,,,,,,,,,,,Hard,
2026-06-26T19:44:20,344.372,active,0,,,,,,,,,,,,,Hard,
2026-06-26T19:44:21,345.378,active,0,,,,,,,,,,,,,Hard,
2026-06-26T19:44:22,346.384,active,0,,,,,,,,,,,,,Hard,
2026-06-26T19:44:23,347.390,active,0,,,,,,,,,,,,,Hard,
2026-06-26T19:44:24,348.395,active,0,,,,,,,,,,,,,Hard,
2026-06-26T19:44:25,349.400,active,0,,,,,,,,,,,,,Hard,
2026-06-26T19:44:26,350.404,active,0,,,,,,,,,,,,,Hard,
2026-06-26T19:44:27,351.410,active,0,,,,,,,,,,,,,Hard,
2026-06-26T19:44:28,352.411,active,0,,,,,,,,,,,,,Hard,
2026-06-26T19:44:29,353.440,active,0,,,,,,,,,,,,,Hard,
2026-06-26T19:44:30,354.446,active,0,,,,,,,,,,,,,Hard,
2026-06-26T19:44:31,355.451,active,0,,,,,,,,,,,,,Hard,
2026-06-26T19:44:32,356.457,active,0,,,,,,,,,,,,,Hard,
2026-06-26T19:44:33,357.470,active,0,,,,,,,,,,,,,Hard,
2026-06-26T19:44:34,358.472,active,0,,,,,,,,,,,,,Hard,
2026-06-26T19:44:35,359.475,active,0,,,,,,,,,,,,,Hard,
2026-06-26T19:44:36,360.479,active,0,,,,,,,,,,,,,Hard,
2026-06-26T19:44:37,361.481,active,0,,,,,,,,,,,,,Hard,
2026-06-26T19:44:38,362.487,active,0,,,,,,,,,,,,,Hard,
2026-06-26T19:44:39,363.492,active,0,,,,,,,,,,,,,Hard,
2026-06-26T19:44:40,364.499,active,0,,,,,,,,,,,,,Hard,
2026-06-26T19:44:41,365.507,active,0,,,,,,,,,,,,,Hard,
2026-06-26T19:44:42,366.513,active,0,,,,,,,,,,,,,Hard,
2026-06-26T19:44:43,367.518,active,0,,,,,,,,,,,,,Hard,
2026-06-26T19:44:44,368.522,active,0,,,,,,,,,,,,,Hard,
2026-06-26T19:44:45,369.525,active,0,,,,,,,,,,,,,Hard,
2026-06-26T19:44:46,370.529,active,0,,,,,,,,,,,,,Hard,
2026-06-26T19:44:47,371.534,active,0,,,,,,,,,,,,,Hard,
2026-06-26T19:44:48,372.541,active,0,,,,,,,,,,,,,Hard,
2026-06-26T19:44:49,373.548,active,0,,,,,,,,,,,,,Hard,
2026-06-26T19:44:50,374.555,active,0,,,,,,,,,,,,,Hard,
2026-06-26T19:44:51,375.558,active,0,,,,,,,,,,,,,Hard,
2026-06-26T19:44:52,376.563,active,0,,,,,,,,,,,,,Hard,
2026-06-26T19:44:53,377.565,active,0,,,,,,,,,,,,,Hard,
2026-06-26T19:44:54,378.571,active,0,,,,,,,,,,,,,Hard,
2026-06-26T19:44:55,379.575,active,0,,,,,,,,,,,,,Hard,
2026-06-26T19:44:56,380.578,active,0,,,,,,,,,,,,,Hard,
2026-06-26T19:44:57,381.585,active,0,,,,,,,,,,,,,Hard,
2026-06-26T19:44:58,382.590,active,0,,,,,,,,,,,,,Hard,
2026-06-26T19:44:59,383.596,active,0,,,,,,,,,,,,,Hard,
2026-06-26T19:45:00,384.598,active,0,,,,,,,,,,,,,Hard,
2026-06-26T19:45:01,385.599,active,0,,,,,,,,,,,,,Hard,
2026-06-26T19:45:02,386.603,active,0,,,,,,,,,,,,,Hard,
2026-06-26T19:45:03,387.607,active,0,,,,,,,,,,,,,Hard,
2026-06-26T19:45:04,388.614,active,0,,,,,,,,,,,,,Hard,
2026-06-26T19:45:05,389.621,active,0,,,,,,,,,,,,,Hard,
2026-06-26T19:45:06,390.627,active,0,,,,,,,,,,,,,Hard,
2026-06-26T19:45:07,391.634,active,0,,,,,,,,,,,,,Hard,
2026-06-26T19:45:08,392.642,active,0,,,,,,,,,,,,,Hard,
2026-06-26T19:45:09,393.644,active,0,,,,,,,,,,,,,Hard,
2026-06-26T19:45:10,394.649,active,0,,,,,,,,,,,,,Hard,
2026-06-26T19:45:11,395.653,active,0,,,,,,,,,,,,,Hard,
2026-06-26T19:45:12,396.660,active,0,,,,,,,,,,,,,Hard,
2026-06-26T19:45:13,397.666,active,0,,,,,,,,,,,,,Hard,
2026-06-26T19:45:14,398.670,active,0,,,,,,,,,,,,,Hard,
2026-06-26T19:45:15,399.678,active,0,,,,,,,,,,,,,Hard,
2026-06-26T19:45:16,400.682,active,0,,,,,,,,,,,,,Hard,
2026-06-26T19:45:17,401.689,active,0,,,,,,,,,,,,,Hard,
2026-06-26T19:45:19,402.694,active,0,,,,,,,,,,,,,Hard,
2026-06-26T19:45:20,403.699,active,0,,,,,,,,,,,,,Hard,
2026-06-26T19:45:21,404.703,active,0,,,,,,,,,,,,,Hard,
2026-06-26T19:45:22,405.708,active,0,,,,,,,,,,,,,Hard,
2026-06-26T19:45:23,406.711,active,0,,,,,,,,,,,,,Hard,
2026-06-26T19:45:24,407.716,active,0,,,,,,,,,,,,,Hard,
2026-06-26T19:45:25,408.719,active,0,,,,,,,,,,,,,Hard,
2026-06-26T19:45:26,409.722,active,0,,,,,,,,,,,,,Hard,
2026-06-26T19:45:27,410.730,active,0,,,,,,,,,,,,,Hard,
2026-06-26T19:45:28,411.734,active,0,,,,,,,,,,,,,Hard,
2026-06-26T19:45:29,412.737,active,0,,,,,,,,,,,,,Hard,
2026-06-26T19:45:30,413.742,active,0,,,,,,,,,,,,,Hard,
2026-06-26T19:45:31,414.745,active,0,,,,,,,,,,,,,Hard,
2026-06-26T19:45:32,415.751,active,0,,,,,,,,,,,,,Hard,
2026-06-26T19:45:33,416.758,active,0,,,,,,,,,,,,,Hard,
2026-06-26T19:45:34,417.762,active,0,,,,,,,,,,,,,Hard,
2026-06-26T19:45:35,418.767,active,0,,,,,,,,,,,,,Hard,
2026-06-26T19:45:36,419.771,active,0,,,,,,,,,,,,,Hard,
2026-06-26T19:45:37,420.777,active,0,,,,,,,,,,,,,Hard,
2026-06-26T19:45:38,421.778,active,0,,,,,,,,,,,,,Hard,
2026-06-26T19:45:39,422.783,active,0,,,,,,,,,,,,,Hard,
2026-06-26T19:45:40,423.787,active,0,,,,,,,,,,,,,Hard,
2026-06-26T19:45:41,424.792,active,0,,,,,,,,,,,,,Hard,
2026-06-26T19:45:42,425.798,active,0,,,,,,,,,,,,,Hard,
2026-06-26T19:45:43,426.799,active,0,,,,,,,,,,,,,Hard,
2026-06-26T19:45:44,427.804,active,0,,,,,,,,,,,,,Hard,
2026-06-26T19:45:45,428.810,active,0,,,,,,,,,,,,,Hard,
2026-06-26T19:45:46,429.816,active,0,,,,,,,,,,,,,Hard,
2026-06-26T19:45:47,430.822,active,0,,,,,,,,,,,,,Hard,
2026-06-26T19:45:48,431.824,active,0,,,,,,,,,,,,,Hard,
2026-06-26T19:45:49,432.830,active,0,,,,,,,,,,,,,Hard,
2026-06-26T19:45:50,433.832,active,0,,,,,,,,,,,,,Hard,
2026-06-26T19:45:51,434.838,active,0,,,,,,,,,,,,,Hard,
2026-06-26T19:45:52,435.846,active,0,,,,,,,,,,,,,Hard,
2026-06-26T19:45:53,436.851,active,0,,,,,,,,,,,,,Hard,
2026-06-26T19:45:54,437.858,active,0,,,,,,,,,,,,,Hard,
2026-06-26T19:45:55,438.864,active,0,,,,,,,,,,,,,Hard,
2026-06-26T19:45:56,439.865,active,0,,,,,,,,,,,,,Hard,
2026-06-26T19:45:57,440.871,active,0,,,,,,,,,,,,,Hard,
2026-06-26T19:45:58,441.874,active,0,,,,,,,,,,,,,Hard,
2026-06-26T19:45:59,442.881,active,0,,,,,,,,,,,,,Hard,
2026-06-26T19:46:00,443.886,active,0,,,,,,,,,,,,,Hard,
2026-06-26T19:46:01,444.893,active,0,,,,,,,,,,,,,Hard,
2026-06-26T19:46:02,445.903,active,0,,,,,,,,,,,,,Hard,
2026-06-26T19:46:03,446.909,active,0,,,,,,,,,,,,,Hard,
2026-06-26T19:46:04,447.914,active,0,,,,,,,,,,,,,Hard,
2026-06-26T19:46:05,448.916,active,0,,,,,,,,,,,,,Hard,
2026-06-26T19:46:06,449.921,active,0,,,,,,,,,,,,,Hard,
2026-06-26T19:46:07,450.925,active,0,,,,,,,,,,,,,Hard,
2026-06-26T19:46:08,451.933,active,0,,,,,,,,,,,,,Hard,
2026-06-26T19:46:09,452.936,active,0,,,,,,,,,,,,,Hard,
2026-06-26T19:46:10,453.942,active,0,,,,,,,,,,,,,Hard,
2026-06-26T19:46:11,454.948,active,0,,,,,,,,,,,,,Hard,
2026-06-26T19:46:12,455.953,active,0,,,,,,,,,,,,,Hard,
2026-06-26T19:46:13,456.957,active,0,,,,,,,,,,,,,Hard,
2026-06-26T19:46:14,457.961,active,0,,,,,,,,,,,,,Hard,
2026-06-26T19:46:15,458.965,active,0,,,,,,,,,,,,,Hard,
2026-06-26T19:46:16,459.967,active,0,,,,,,,,,,,,,Hard,
2026-06-26T19:46:17,460.974,active,0,,,,,,,,,,,,,Hard,
2026-06-26T19:46:18,461.980,active,0,,,,,,,,,,,,,Hard,
2026-06-26T19:46:19,462.985,active,0,,,,,,,,,,,,,Hard,
2026-06-26T19:46:20,463.987,active,0,,,,,,,,,,,,,Hard,
2026-06-26T19:46:21,464.993,active,0,,,,,,,,,,,,,Hard,
2026-06-26T19:46:22,465.994,active,0,,,,,,,,,,,,,Hard,
2026-06-26T19:46:23,466.998,active,0,,,,,,,,,,,,,Hard,
2026-06-26T19:46:24,468.006,active,0,,,,,,,,,,,,,Hard,
2026-06-26T19:46:25,469.011,active,0,,,,,,,,,,,,,Hard,
2026-06-26T19:46:26,470.018,active,0,,,,,,,,,,,,,Hard,
2026-06-26T19:46:27,471.028,active,0,,,,,,,,,,,,,Hard,
2026-06-26T19:46:28,472.036,active,0,,,,,,,,,,,,,Hard,
2026-06-26T19:46:29,473.040,active,0,,,,,,,,,,,,,Hard,
2026-06-26T19:46:30,474.045,active,0,,,,,,,,,,,,,Hard,
2026-06-26T19:46:31,475.049,active,0,,,,,,,,,,,,,Hard,
2026-06-26T19:46:32,476.053,active,0,,,,,,,,,,,,,Hard,
2026-06-26T19:46:33,477.059,active,0,,,,,,,,,,,,,Hard,
2026-06-26T19:46:34,478.066,active,0,,,,,,,,,,,,,Hard,
2026-06-26T19:46:35,479.074,active,0,,,,,,,,,,,,,Hard,
2026-06-26T19:46:36,480.086,active,0,,,,,,,,,,,,,Hard,
2026-06-26T19:46:37,481.094,active,0,,,,,,,,,,,,,Hard,
2026-06-26T19:46:38,482.099,active,0,,,,,,,,,,,,,Hard,
2026-06-26T19:46:39,483.101,active,0,,,,,,,,,,,,,Hard,
2026-06-26T19:46:40,484.103,active,0,,,,,,,,,,,,,Hard,
2026-06-26T19:46:41,485.105,active,0,,,,,,,,,,,,,Hard,
2026-06-26T19:46:42,486.111,active,0,,,,,,,,,,,,,Hard,
2026-06-26T19:46:43,487.118,active,0,,,,,,,,,,,,,Hard,
2026-06-26T19:46:44,488.122,active,0,,,,,,,,,,,,,Hard,
2026-06-26T19:46:45,489.128,active,0,,,,,,,,,,,,,Hard,
2026-06-26T19:46:46,490.134,active,0,,,,,,,,,,,,,Hard,
2026-06-26T19:46:47,491.139,active,0,,,,,,,,,,,,,Hard,
2026-06-26T19:46:48,492.141,active,0,,,,,,,,,,,,,Hard,
2026-06-26T19:46:49,493.144,active,0,,,,,,,,,,,,,Hard,
2026-06-26T19:46:50,494.149,active,0,,,,,,,,,,,,,Hard,
2026-06-26T19:46:51,495.155,active,0,,,,,,,,,,,,,Hard,
2026-06-26T19:46:52,496.158,active,0,,,,,,,,,,,,,Hard,
2026-06-26T19:46:53,497.164,active,0,,,,,,,,,,,,,Hard,
2026-06-26T19:46:54,498.172,active,0,,,,,,,,,,,,,Hard,
2026-06-26T19:46:55,499.179,active,0,,,,,,,,,,,,,Hard,
2026-06-26T19:46:56,500.183,active,0,,,,,,,,,,,,,Hard,
2026-06-26T19:46:57,501.187,active,0,,,,,,,,,,,,,Hard,
2026-06-26T19:46:58,502.193,active,0,,,,,,,,,,,,,Hard,
2026-06-26T19:46:59,503.197,active,0,,,,,,,,,,,,,Hard,
2026-06-26T19:47:00,504.200,active,0,,,,,,,,,,,,,Hard,
2026-06-26T19:47:01,505.207,active,0,,,,,,,,,,,,,Hard,
2026-06-26T19:47:02,506.213,active,0,,,,,,,,,,,,,Hard,
2026-06-26T19:47:03,507.220,active,0,,,,,,,,,,,,,Hard,
2026-06-26T19:47:04,508.226,active,0,,,,,,,,,,,,,Hard,
2026-06-26T19:47:05,509.231,active,0,,,,,,,,,,,,,Hard,
2026-06-26T19:47:06,510.234,active,0,,,,,,,,,,,,,Hard,
2026-06-26T19:47:07,511.240,active,0,,,,,,,,,,,,,Hard,
2026-06-26T19:47:08,512.245,active,0,,,,,,,,,,,,,Hard,
2026-06-26T19:47:09,513.251,active,0,,,,,,,,,,,,,Hard,
2026-06-26T19:47:10,514.253,active,0,,,,,,,,,,,,,Hard,
2026-06-26T19:47:11,515.259,active,0,,,,,,,,,,,,,Hard,
2026-06-26T19:47:12,516.263,active,0,,,,,,,,,,,,,Hard,
2026-06-26T19:47:13,517.268,active,0,,,,,,,,,,,,,Hard,
2026-06-26T19:47:14,518.273,active,0,,,,,,,,,,,,,Hard,
2026-06-26T19:47:15,519.279,active,0,,,,,,,,,,,,,Hard,
2026-06-26T19:47:16,520.283,active,0,,,,,,,,,,,,,Hard,
2026-06-26T19:47:17,521.284,active,0,,,,,,,,,,,,,Hard,
2026-06-26T19:47:18,522.290,active,0,,,,,,,,,,,,,Hard,
2026-06-26T19:47:19,523.293,active,0,,,,,,,,,,,,,Hard,
2026-06-26T19:47:20,524.298,active,0,,,,,,,,,,,,,Hard,
2026-06-26T19:47:21,525.303,active,0,,,,,,,,,,,,,Hard,
2026-06-26T19:47:22,526.309,active,0,,,,,,,,,,,,,Hard,
2026-06-26T19:47:23,527.314,active,0,,,,,,,,,,,,,Hard,
2026-06-26T19:47:24,528.320,active,0,,,,,,,,,,,,,Hard,
2026-06-26T19:47:25,529.324,active,0,,,,,,,,,,,,,Hard,
2026-06-26T19:47:26,530.325,active,0,,,,,,,,,,,,,Hard,
2026-06-26T19:47:27,531.333,active,0,,,,,,,,,,,,,Hard,
2026-06-26T19:47:28,532.335,active,0,,,,,,,,,,,,,Hard,
2026-06-26T19:47:29,533.342,active,0,,,,,,,,,,,,,Hard,
2026-06-26T19:47:30,534.347,active,0,,,,,,,,,,,,,Hard,
2026-06-26T19:47:31,535.352,active,0,,,,,,,,,,,,,Hard,
2026-06-26T19:47:32,536.357,active,0,,,,,,,,,,,,,Hard,
2026-06-26T19:47:33,537.362,active,0,,,,,,,,,,,,,Hard,
2026-06-26T19:47:34,538.365,active,0,,,,,,,,,,,,,Hard,
2026-06-26T19:47:35,539.370,active,0,,,,,,,,,,,,,Hard,
2026-06-26T19:47:36,540.376,active,0,,,,,,,,,,,,,Hard,
2026-06-26T19:47:37,541.383,active,0,,,,,,,,,,,,,Hard,
2026-06-26T19:47:38,542.389,active,0,,,,,,,,,,,,,Hard,
2026-06-26T19:47:39,543.391,active,0,,,,,,,,,,,,,Hard,
2026-06-26T19:47:40,544.396,active,0,,,,,,,,,,,,,Hard,
2026-06-26T19:47:41,545.399,active,0,,,,,,,,,,,,,Hard,
2026-06-26T19:47:42,546.404,active,0,,,,,,,,,,,,,Hard,
2026-06-26T19:47:43,547.408,active,0,,,,,,,,,,,,,Hard,
2026-06-26T19:47:44,548.411,active,0,,,,,,,,,,,,,Hard,
2026-06-26T19:47:45,549.417,active,0,,,,,,,,,,,,,Hard,
2026-06-26T19:47:46,550.434,active,0,,,,,,,,,,,,,Hard,
2026-06-26T19:47:47,551.438,active,0,,,,,,,,,,,,,Hard,
2026-06-26T19:47:48,552.452,active,0,,,,,,,,,,,,,Hard,
2026-06-26T19:47:49,553.457,active,0,,,,,,,,,,,,,Hard,
2026-06-26T19:47:50,554.459,active,0,,,,,,,,,,,,,Hard,
2026-06-26T19:47:51,555.464,active,0,,,,,,,,,,,,,Hard,
2026-06-26T19:47:52,556.469,active,0,,,,,,,,,,,,,Hard,
2026-06-26T19:47:53,557.475,active,0,,,,,,,,,,,,,Hard,
2026-06-26T19:47:54,558.481,active,0,,,,,,,,,,,,,Hard,
2026-06-26T19:47:55,559.486,active,0,,,,,,,,,,,,,Hard,
2026-06-26T19:47:56,560.488,active,0,,,,,,,,,,,,,Hard,
2026-06-26T19:47:57,561.492,active,0,,,,,,,,,,,,,Hard,
2026-06-26T19:47:58,562.493,active,0,,,,,,,,,,,,,Hard,
2026-06-26T19:47:59,563.497,active,0,,,,,,,,,,,,,Hard,
2026-06-26T19:48:00,564.501,active,0,,,,,,,,,,,,,Hard,
2026-06-26T19:48:01,565.507,active,0,,,,,,,,,,,,,Hard,
2026-06-26T19:48:02,566.513,active,0,,,,,,,,,,,,,Hard,
2026-06-26T19:48:03,567.518,active,0,,,,,,,,,,,,,Hard,
2026-06-26T19:48:04,568.524,active,0,,,,,,,,,,,,,Hard,
2026-06-26T19:48:05,569.529,active,0,,,,,,,,,,,,,Hard,
2026-06-26T19:48:06,570.534,active,0,,,,,,,,,,,,,Hard,
2026-06-26T19:48:07,571.540,active,0,,,,,,,,,,,,,Hard,
2026-06-26T19:48:08,572.545,active,0,,,,,,,,,,,,,Hard,
2026-06-26T19:48:09,573.546,active,0,,,,,,,,,,,,,Hard,
2026-06-26T19:48:10,574.551,active,0,,,,,,,,,,,,,Hard,
2026-06-26T19:48:11,575.558,active,0,,,,,,,,,,,,,Hard,
2026-06-26T19:48:12,576.565,active,0,,,,,,,,,,,,,Hard,
2026-06-26T19:48:13,577.569,active,0,,,,,,,,,,,,,Hard,
2026-06-26T19:48:14,578.575,active,0,,,,,,,,,,,,,Hard,
2026-06-26T19:48:15,579.578,active,0,,,,,,,,,,,,,Hard,
2026-06-26T19:48:16,580.583,active,0,,,,,,,,,,,,,Hard,
2026-06-26T19:48:17,581.584,active,0,,,,,,,,,,,,,Hard,
2026-06-26T19:48:18,582.590,active,0,,,,,,,,,,,,,Hard,
2026-06-26T19:48:19,583.594,active,0,,,,,,,,,,,,,Hard,
2026-06-26T19:48:20,584.601,active,0,,,,,,,,,,,,,Hard,
2026-06-26T19:48:21,585.606,active,0,,,,,,,,,,,,,Hard,
2026-06-26T19:48:22,586.610,active,0,,,,,,,,,,,,,Hard,
2026-06-26T19:48:23,587.616,active,0,,,,,,,,,,,,,Hard,
2026-06-26T19:48:24,588.621,active,0,,,,,,,,,,,,,Hard,
2026-06-26T19:48:25,589.625,active,0,,,,,,,,,,,,,Hard,
2026-06-26T19:48:26,590.631,active,0,,,,,,,,,,,,,Hard,
2026-06-26T19:48:27,591.634,active,0,,,,,,,,,,,,,Hard,
2026-06-26T19:48:28,592.638,active,0,,,,,,,,,,,,,Hard,
2026-06-26T19:48:29,593.644,active,0,,,,,,,,,,,,,Hard,
2026-06-26T19:48:30,594.647,active,0,,,,,,,,,,,,,Hard,
2026-06-26T19:48:31,595.653,active,0,,,,,,,,,,,,,Hard,
2026-06-26T19:48:32,596.658,active,0,,,,,,,,,,,,,Hard,
2026-06-26T19:48:33,597.665,active,0,,,,,,,,,,,,,Hard,
2026-06-26T19:48:34,598.669,active,0,,,,,,,,,,,,,Hard,
2026-06-26T19:48:35,599.675,active,0,,,,,,,,,,,,,Hard,
2026-06-26T19:48:36,600.680,active,0,,,,,,,,,,,,,Hard,
2026-06-26T19:48:37,601.686,active,0,,,,,,,,,,,,,Hard,
2026-06-26T19:48:38,602.689,active,0,,,,,,,,,,,,,Hard,
2026-06-26T19:48:40,603.693,active,0,,,,,,,,,,,,,Hard,
2026-06-26T19:48:41,604.698,active,0,,,,,,,,,,,,,Hard,
2026-06-26T19:48:42,605.704,active,0,,,,,,,,,,,,,Hard,
2026-06-26T19:48:43,606.705,active,0,,,,,,,,,,,,,Hard,
2026-06-26T19:48:44,607.710,active,0,,,,,,,,,,,,,Hard,
2026-06-26T19:48:45,608.713,active,0,,,,,,,,,,,,,Hard,
2026-06-26T19:48:46,609.718,active,0,,,,,,,,,,,,,Hard,
2026-06-26T19:48:47,610.723,active,0,,,,,,,,,,,,,Hard,
2026-06-26T19:48:48,611.727,active,0,,,,,,,,,,,,,Hard,
2026-06-26T19:48:49,612.734,active,0,,,,,,,,,,,,,Hard,
2026-06-26T19:48:50,613.735,active,0,,,,,,,,,,,,,Hard,
2026-06-26T19:48:51,614.742,active,0,,,,,,,,,,,,,Hard,
2026-06-26T19:48:52,615.748,active,0,,,,,,,,,,,,,Hard,
2026-06-26T19:48:53,616.750,active,0,,,,,,,,,,,,,Hard,
2026-06-26T19:48:54,617.755,active,0,,,,,,,,,,,,,Hard,
2026-06-26T19:48:55,618.760,active,0,,,,,,,,,,,,,Hard,
2026-06-26T19:48:56,619.763,active,0,,,,,,,,,,,,,Hard,
2026-06-26T19:48:57,620.773,active,0,,,,,,,,,,,,,Hard,
2026-06-26T19:48:58,621.776,active,0,,,,,,,,,,,,,Hard,
2026-06-26T19:48:59,622.783,active,0,,,,,,,,,,,,,Hard,
2026-06-26T19:49:00,623.786,active,0,,,,,,,,,,,,,Hard,
2026-06-26T19:49:01,624.794,active,0,,,,,,,,,,,,,Hard,
2026-06-26T19:49:02,625.797,active,0,,,,,,,,,,,,,Hard,
2026-06-26T19:49:03,626.801,active,0,,,,,,,,,,,,,Hard,
2026-06-26T19:49:04,627.806,active,0,,,,,,,,,,,,,Hard,
2026-06-26T19:49:05,628.810,active,0,,,,,,,,,,,,,Hard,
2026-06-26T19:49:06,629.816,active,0,,,,,,,,,,,,,Hard,
2026-06-26T19:49:07,630.818,active,0,,,,,,,,,,,,,Hard,
2026-06-26T19:49:08,631.822,active,0,,,,,,,,,,,,,Hard,
2026-06-26T19:49:09,632.827,active,0,,,,,,,,,,,,,Hard,
2026-06-26T19:49:10,633.832,active,0,,,,,,,,,,,,,Hard,
2026-06-26T19:49:11,634.834,active,0,,,,,,,,,,,,,Hard,
2026-06-26T19:49:12,635.840,active,0,,,,,,,,,,,,,Hard,
2026-06-26T19:49:13,636.842,active,0,,,,,,,,,,,,,Hard,
2026-06-26T19:49:14,637.849,active,0,,,,,,,,,,,,,Hard,
2026-06-26T19:49:15,638.855,active,0,,,,,,,,,,,,,Hard,
2026-06-26T19:49:16,639.861,active,0,,,,,,,,,,,,,Hard,
2026-06-26T19:49:17,640.866,active,0,,,,,,,,,,,,,Hard,
2026-06-26T19:49:18,641.873,active,0,,,,,,,,,,,,,Hard,
2026-06-26T19:49:19,642.879,active,0,,,,,,,,,,,,,Hard,
2026-06-26T19:49:20,643.883,active,0,,,,,,,,,,,,,Hard,
2026-06-26T19:49:21,644.884,active,0,,,,,,,,,,,,,Hard,
2026-06-26T19:49:22,645.890,active,0,,,,,,,,,,,,,Hard,
2026-06-26T19:49:23,646.895,active,0,,,,,,,,,,,,,Hard,
2026-06-26T19:49:24,647.900,active,0,,,,,,,,,,,,,Hard,
2026-06-26T19:49:25,648.907,active,0,,,,,,,,,,,,,Hard,
2026-06-26T19:49:26,649.913,active,0,,,,,,,,,,,,,Hard,
2026-06-26T19:49:27,650.915,active,0,,,,,,,,,,,,,Hard,
2026-06-26T19:49:28,651.922,active,0,,,,,,,,,,,,,Hard,
2026-06-26T19:49:29,652.926,active,0,,,,,,,,,,,,,Hard,
2026-06-26T19:49:30,653.930,active,0,,,,,,,,,,,,,Hard,
2026-06-26T19:49:31,654.935,active,0,,,,,,,,,,,,,Hard,
2026-06-26T19:49:32,655.940,active,0,,,,,,,,,,,,,Hard,
2026-06-26T19:49:33,656.945,active,0,,,,,,,,,,,,,Hard,
2026-06-26T19:49:34,657.951,active,0,,,,,,,,,,,,,Hard,
2026-06-26T19:49:35,658.956,active,0,,,,,,,,,,,,,Hard,
2026-06-26T19:49:36,659.961,active,0,,,,,,,,,,,,,Hard,
2026-06-26T19:49:37,660.963,active,0,,,,,,,,,,,,,Hard,
2026-06-26T19:49:38,661.968,active,0,,,,,,,,,,,,,Hard,
2026-06-26T19:49:39,662.974,active,0,,,,,,,,,,,,,Hard,
2026-06-26T19:49:40,663.981,active,0,,,,,,,,,,,,,Hard,
2026-06-26T19:49:41,664.984,active,0,,,,,,,,,,,,,Hard,
2026-06-26T19:49:42,665.994,active,0,,,,,,,,,,,,,Hard,
2026-06-26T19:49:43,666.998,active,0,,,,,,,,,,,,,Hard,
2026-06-26T19:49:44,668.004,active,0,,,,,,,,,,,,,Hard,
2026-06-26T19:49:45,669.009,active,0,,,,,,,,,,,,,Hard,
2026-06-26T19:49:46,670.011,active,0,,,,,,,,,,,,,Hard,
2026-06-26T19:49:47,671.017,active,0,,,,,,,,,,,,,Hard,
2026-06-26T19:49:48,672.022,active,0,,,,,,,,,,,,,Hard,
2026-06-26T19:49:49,673.029,active,0,,,,,,,,,,,,,Hard,
2026-06-26T19:49:50,674.035,active,0,,,,,,,,,,,,,Hard,
2026-06-26T19:49:51,675.044,active,0,,,,,,,,,,,,,Hard,
2026-06-26T19:49:52,676.048,active,0,,,,,,,,,,,,,Hard,
2026-06-26T19:49:53,677.055,active,0,,,,,,,,,,,,,Hard,
2026-06-26T19:49:54,678.057,active,0,,,,,,,,,,,,,Hard,
2026-06-26T19:49:55,679.062,active,0,,,,,,,,,,,,,Hard,
2026-06-26T19:49:56,680.063,active,0,,,,,,,,,,,,,Hard,
2026-06-26T19:49:57,681.069,active,0,,,,,,,,,,,,,Hard,
2026-06-26T19:49:58,682.074,active,0,,,,,,,,,,,,,Hard,
2026-06-26T19:49:59,683.079,active,0,,,,,,,,,,,,,Hard,
2026-06-26T19:50:00,684.080,active,0,,,,,,,,,,,,,Hard,
2026-06-26T19:50:01,685.087,active,0,,,,,,,,,,,,,Hard,
2026-06-26T19:50:02,686.092,active,0,,,,,,,,,,,,,Hard,
2026-06-26T19:50:03,687.098,active,0,,,,,,,,,,,,,Hard,
2026-06-26T19:50:04,688.102,active,0,,,,,,,,,,,,,Hard,
2026-06-26T19:50:05,689.104,active,0,,,,,,,,,,,,,Hard,
2026-06-26T19:50:06,690.113,active,0,,,,,,,,,,,,,Hard,
2026-06-26T19:50:07,691.129,active,0,,,,,,,,,,,,,Hard,
2026-06-26T19:50:08,692.131,active,0,,,,,,,,,,,,,Hard,
2026-06-26T19:50:09,693.139,active,0,,,,,,,,,,,,,Hard,
2026-06-26T19:50:10,694.144,active,0,,,,,,,,,,,,,Hard,
2026-06-26T19:50:11,695.148,active,0,,,,,,,,,,,,,Hard,
2026-06-26T19:50:12,696.154,active,0,,,,,,,,,,,,,Hard,
2026-06-26T19:50:13,697.160,active,0,,,,,,,,,,,,,Hard,
2026-06-26T19:50:14,698.163,active,0,,,,,,,,,,,,,Hard,
2026-06-26T19:50:15,699.170,active,0,,,,,,,,,,,,,Hard,
2026-06-26T19:50:16,700.172,active,0,,,,,,,,,,,,,Hard,
2026-06-26T19:50:17,701.177,active,0,,,,,,,,,,,,,Hard,
2026-06-26T19:50:18,702.183,active,0,,,,,,,,,,,,,Hard,
2026-06-26T19:50:19,703.187,active,0,,,,,,,,,,,,,Hard,
2026-06-26T19:50:20,704.193,active,0,,,,,,,,,,,,,Hard,
2026-06-26T19:50:21,705.198,active,0,,,,,,,,,,,,,Hard,
2026-06-26T19:50:22,706.200,active,0,,,,,,,,,,,,,Hard,
2026-06-26T19:50:23,707.206,active,0,,,,,,,,,,,,,Hard,
2026-06-26T19:50:24,708.212,active,0,,,,,,,,,,,,,Hard,
2026-06-26T19:50:25,709.215,active,0,,,,,,,,,,,,,Hard,
2026-06-26T19:50:26,710.221,active,0,,,,,,,,,,,,,Hard,
2026-06-26T19:50:27,711.230,active,0,,,,,,,,,,,,,Hard,
2026-06-26T19:50:28,712.236,active,0,,,,,,,,,,,,,Hard,
2026-06-26T19:50:29,713.240,active,0,,,,,,,,,,,,,Hard,
2026-06-26T19:50:30,714.246,active,0,,,,,,,,,,,,,Hard,
2026-06-26T19:50:31,715.251,active,0,,,,,,,,,,,,,Hard,
2026-06-26T19:50:32,716.257,active,0,,,,,,,,,,,,,Hard,
2026-06-26T19:50:33,717.263,active,0,,,,,,,,,,,,,Hard,
2026-06-26T19:50:34,718.270,active,0,,,,,,,,,,,,,Hard,
2026-06-26T19:50:35,719.275,active,0,,,,,,,,,,,,,Hard,
2026-06-26T19:50:36,720.286,active,0,,,,,,,,,,,,,Hard,
2026-06-26T19:50:37,721.289,active,0,,,,,,,,,,,,,Hard,
2026-06-26T19:50:38,722.293,active,0,,,,,,,,,,,,,Hard,
2026-06-26T19:50:39,723.297,active,0,,,,,,,,,,,,,Hard,
2026-06-26T19:50:40,724.298,active,0,,,,,,,,,,,,,Hard,
2026-06-26T19:50:41,725.303,active,0,,,,,,,,,,,,,Hard,
2026-06-26T19:50:42,726.306,active,0,,,,,,,,,,,,,Hard,
2026-06-26T19:50:43,727.312,active,0,,,,,,,,,,,,,Hard,
2026-06-26T19:50:44,728.318,active,0,,,,,,,,,,,,,Hard,
2026-06-26T19:50:45,729.324,active,0,,,,,,,,,,,,,Hard,
2026-06-26T19:50:46,730.329,active,0,,,,,,,,,,,,,Hard,
2026-06-26T19:50:47,731.335,active,0,,,,,,,,,,,,,Hard,
2026-06-26T19:50:48,732.340,active,0,,,,,,,,,,,,,Hard,
2026-06-26T19:50:49,733.344,active,0,,,,,,,,,,,,,Hard,
2026-06-26T19:50:50,734.347,active,0,,,,,,,,,,,,,Hard,
2026-06-26T19:50:51,735.354,active,0,,,,,,,,,,,,,Hard,
2026-06-26T19:50:52,736.356,active,0,,,,,,,,,,,,,Hard,
2026-06-26T19:50:53,737.362,active,0,,,,,,,,,,,,,Hard,
2026-06-26T19:50:54,738.367,active,0,,,,,,,,,,,,,Hard,
2026-06-26T19:50:55,739.373,active,0,,,,,,,,,,,,,Hard,
2026-06-26T19:50:56,740.378,active,0,,,,,,,,,,,,,Hard,
2026-06-26T19:50:57,741.380,active,0,,,,,,,,,,,,,Hard,
2026-06-26T19:50:58,742.385,active,0,,,,,,,,,,,,,Hard,
2026-06-26T19:50:59,743.392,active,0,,,,,,,,,,,,,Hard,
2026-06-26T19:51:00,744.400,active,0,,,,,,,,,,,,,Hard,
2026-06-26T19:51:01,745.405,active,0,,,,,,,,,,,,,Hard,
2026-06-26T19:51:02,746.412,active,0,,,,,,,,,,,,,Hard,
2026-06-26T19:51:03,747.417,active,0,,,,,,,,,,,,,Hard,
2026-06-26T19:51:04,748.422,active,0,,,,,,,,,,,,,Hard,
2026-06-26T19:51:05,749.426,active,0,,,,,,,,,,,,,Hard,
2026-06-26T19:51:06,750.428,active,0,,,,,,,,,,,,,Hard,
2026-06-26T19:51:07,751.430,active,0,,,,,,,,,,,,,Hard,
2026-06-26T19:51:08,752.435,active,0,,,,,,,,,,,,,Hard,
2026-06-26T19:51:09,753.440,active,0,,,,,,,,,,,,,Hard,
2026-06-26T19:51:10,754.443,active,0,,,,,,,,,,,,,Hard,
2026-06-26T19:51:11,755.449,active,0,,,,,,,,,,,,,Hard,
2026-06-26T19:51:12,756.452,active,0,,,,,,,,,,,,,Hard,
2026-06-26T19:51:13,757.459,active,0,,,,,,,,,,,,,Hard,
2026-06-26T19:51:14,758.464,active,0,,,,,,,,,,,,,Hard,
2026-06-26T19:51:15,759.468,active,0,,,,,,,,,,,,,Hard,
2026-06-26T19:51:16,760.475,active,0,,,,,,,,,,,,,Hard,
2026-06-26T19:51:17,761.480,active,0,,,,,,,,,,,,,Hard,
2026-06-26T19:51:18,762.487,active,0,,,,,,,,,,,,,Hard,
2026-06-26T19:51:19,763.492,active,0,,,,,,,,,,,,,Hard,
2026-06-26T19:51:20,764.497,active,0,,,,,,,,,,,,,Hard,
2026-06-26T19:51:21,765.501,active,0,,,,,,,,,,,,,Hard,
2026-06-26T19:51:22,766.507,active,0,,,,,,,,,,,,,Hard,
2026-06-26T19:51:23,767.513,active,0,,,,,,,,,,,,,Hard,
2026-06-26T19:51:24,768.517,active,0,,,,,,,,,,,,,Hard,
2026-06-26T19:51:25,769.522,active,0,,,,,,,,,,,,,Hard,
2026-06-26T19:51:26,770.529,active,0,,,,,,,,,,,,,Hard,
2026-06-26T19:51:27,771.535,active,0,,,,,,,,,,,,,Hard,
2026-06-26T19:51:28,772.542,active,0,,,,,,,,,,,,,Hard,
2026-06-26T19:51:29,773.546,active,0,,,,,,,,,,,,,Hard,
2026-06-26T19:51:30,774.551,active,0,,,,,,,,,,,,,Hard,
2026-06-26T19:51:31,775.556,active,0,,,,,,,,,,,,,Hard,
2026-06-26T19:51:32,776.559,active,0,,,,,,,,,,,,,Hard,
2026-06-26T19:51:33,777.564,active,0,,,,,,,,,,,,,Hard,
2026-06-26T19:51:34,778.570,active,0,,,,,,,,,,,,,Hard,
2026-06-26T19:51:35,779.572,active,0,,,,,,,,,,,,,Hard,
2026-06-26T19:51:36,780.579,active,0,,,,,,,,,,,,,Hard,
2026-06-26T19:51:37,781.584,active,0,,,,,,,,,,,,,Hard,
2026-06-26T19:51:38,782.590,active,0,,,,,,,,,,,,,Hard,
2026-06-26T19:51:39,783.595,active,0,,,,,,,,,,,,,Hard,
2026-06-26T19:51:40,784.600,active,0,,,,,,,,,,,,,Hard,
2026-06-26T19:51:41,785.605,active,0,,,,,,,,,,,,,Hard,
2026-06-26T19:51:42,786.609,active,0,,,,,,,,,,,,,Hard,
2026-06-26T19:51:43,787.614,active,0,,,,,,,,,,,,,Hard,
2026-06-26T19:51:44,788.620,active,0,,,,,,,,,,,,,Hard,
2026-06-26T19:51:45,789.626,active,0,,,,,,,,,,,,,Hard,
2026-06-26T19:51:46,790.632,active,0,,,,,,,,,,,,,Hard,
2026-06-26T19:51:47,791.637,active,0,,,,,,,,,,,,,Hard,
2026-06-26T19:51:48,792.642,active,0,,,,,,,,,,,,,Hard,
2026-06-26T19:51:49,793.647,active,0,,,,,,,,,,,,,Hard,
2026-06-26T19:51:50,794.651,active,0,,,,,,,,,,,,,Hard,
2026-06-26T19:51:51,795.654,active,0,,,,,,,,,,,,,Hard,
2026-06-26T19:51:52,796.661,active,0,,,,,,,,,,,,,Hard,
2026-06-26T19:51:53,797.667,active,0,,,,,,,,,,,,,Hard,
2026-06-26T19:51:54,798.671,active,0,,,,,,,,,,,,,Hard,
2026-06-26T19:51:55,799.671,active,0,,,,,,,,,,,,,Hard,
2026-06-26T19:51:56,800.677,active,0,,,,,,,,,,,,,Hard,
2026-06-26T19:51:57,801.680,active,0,,,,,,,,,,,,,Hard,
2026-06-26T19:51:58,802.685,active,0,,,,,,,,,,,,,Hard,
2026-06-26T19:51:59,803.688,active,0,,,,,,,,,,,,,Hard,
2026-06-26T19:52:01,804.694,active,0,,,,,,,,,,,,,Hard,
2026-06-26T19:52:02,805.699,active,0,,,,,,,,,,,,,Hard,
2026-06-26T19:52:03,806.704,active,0,,,,,,,,,,,,,Hard,
2026-06-26T19:52:04,807.708,active,0,,,,,,,,,,,,,Hard,
2026-06-26T19:52:05,808.708,active,0,,,,,,,,,,,,,Hard,
2026-06-26T19:52:06,809.714,active,0,,,,,,,,,,,,,Hard,
2026-06-26T19:52:07,810.719,active,0,,,,,,,,,,,,,Hard,
2026-06-26T19:52:08,811.723,active,0,,,,,,,,,,,,,Hard,
2026-06-26T19:52:09,812.729,active,0,,,,,,,,,,,,,Hard,
2026-06-26T19:52:10,813.736,active,0,,,,,,,,,,,,,Hard,
2026-06-26T19:52:11,814.741,active,0,,,,,,,,,,,,,Hard,
2026-06-26T19:52:12,815.745,active,0,,,,,,,,,,,,,Hard,
2026-06-26T19:52:13,816.747,active,0,,,,,,,,,,,,,Hard,
2026-06-26T19:52:14,817.754,active,0,,,,,,,,,,,,,Hard,
2026-06-26T19:52:15,818.759,active,0,,,,,,,,,,,,,Hard,
2026-06-26T19:52:16,819.763,active,0,,,,,,,,,,,,,Hard,
2026-06-26T19:52:17,820.780,active,0,,,,,,,,,,,,,Hard,
2026-06-26T19:52:18,821.787,active,0,,,,,,,,,,,,,Hard,
2026-06-26T19:52:19,822.789,active,0,,,,,,,,,,,,,Hard,
2026-06-26T19:52:20,823.794,active,0,,,,,,,,,,,,,Hard,
2026-06-26T19:52:21,824.800,active,0,,,,,,,,,,,,,Hard,
2026-06-26T19:52:22,825.806,active,0,,,,,,,,,,,,,Hard,
2026-06-26T19:52:23,826.813,active,0,,,,,,,,,,,,,Hard,
2026-06-26T19:52:24,827.819,active,0,,,,,,,,,,,,,Hard,
2026-06-26T19:52:25,828.822,active,0,,,,,,,,,,,,,Hard,
2026-06-26T19:52:26,829.827,active,0,,,,,,,,,,,,,Hard,
2026-06-26T19:52:27,830.833,active,0,,,,,,,,,,,,,Hard,
2026-06-26T19:52:28,831.838,active,0,,,,,,,,,,,,,Hard,
2026-06-26T19:52:29,832.842,active,0,,,,,,,,,,,,,Hard,
2026-06-26T19:52:30,833.846,active,0,,,,,,,,,,,,,Hard,
2026-06-26T19:52:31,834.853,active,0,,,,,,,,,,,,,Hard,
2026-06-26T19:52:32,835.854,active,0,,,,,,,,,,,,,Hard,
2026-06-26T19:52:33,836.858,active,0,,,,,,,,,,,,,Hard,
2026-06-26T19:52:34,837.861,active,0,,,,,,,,,,,,,Hard,
2026-06-26T19:52:35,838.864,active,0,,,,,,,,,,,,,Hard,
2026-06-26T19:52:36,839.871,active,0,,,,,,,,,,,,,Hard,
2026-06-26T19:52:37,840.878,active,0,,,,,,,,,,,,,Hard,
2026-06-26T19:52:38,841.882,active,0,,,,,,,,,,,,,Hard,
2026-06-26T19:52:39,842.888,active,0,,,,,,,,,,,,,Hard,
2026-06-26T19:52:40,843.893,active,0,,,,,,,,,,,,,Hard,
2026-06-26T19:52:41,844.897,active,0,,,,,,,,,,,,,Hard,
2026-06-26T19:52:42,845.898,active,0,,,,,,,,,,,,,Hard,
2026-06-26T19:52:43,846.900,active,0,,,,,,,,,,,,,Hard,
2026-06-26T19:52:44,847.906,active,0,,,,,,,,,,,,,Hard,
2026-06-26T19:52:45,848.912,active,0,,,,,,,,,,,,,Hard,
2026-06-26T19:52:46,849.913,active,0,,,,,,,,,,,,,Hard,
2026-06-26T19:52:47,850.920,active,0,,,,,,,,,,,,,Hard,
2026-06-26T19:52:48,851.925,active,0,,,,,,,,,,,,,Hard,
2026-06-26T19:52:49,852.930,active,0,,,,,,,,,,,,,Hard,
2026-06-26T19:52:50,853.934,active,0,,,,,,,,,,,,,Hard,
2026-06-26T19:52:51,854.940,active,0,,,,,,,,,,,,,Hard,
2026-06-26T19:52:52,855.942,active,0,,,,,,,,,,,,,Hard,
2026-06-26T19:52:53,856.943,active,0,,,,,,,,,,,,,Hard,
2026-06-26T19:52:54,857.947,active,0,,,,,,,,,,,,,Hard,
2026-06-26T19:52:55,858.953,active,0,,,,,,,,,,,,,Hard,
2026-06-26T19:52:56,859.960,active,0,,,,,,,,,,,,,Hard,
2026-06-26T19:52:57,860.966,active,0,,,,,,,,,,,,,Hard,
2026-06-26T19:52:58,861.969,active,0,,,,,,,,,,,,,Hard,
2026-06-26T19:52:59,862.972,active,0,,,,,,,,,,,,,Hard,
2026-06-26T19:53:00,863.976,active,0,,,,,,,,,,,,,Hard,
2026-06-26T19:53:01,864.980,active,0,,,,,,,,,,,,,Hard,
2026-06-26T19:53:02,865.985,active,0,,,,,,,,,,,,,Hard,
2026-06-26T19:53:03,866.990,active,0,,,,,,,,,,,,,Hard,
2026-06-26T19:53:04,867.996,active,0,,,,,,,,,,,,,Hard,
2026-06-26T19:53:05,868.998,active,0,,,,,,,,,,,,,Hard,
2026-06-26T19:53:06,870.002,active,0,,,,,,,,,,,,,Hard,
2026-06-26T19:53:07,871.008,active,0,,,,,,,,,,,,,Hard,
2026-06-26T19:53:08,872.012,active,0,,,,,,,,,,,,,Hard,
2026-06-26T19:53:09,873.014,active,0,,,,,,,,,,,,,Hard,
2026-06-26T19:53:10,874.019,active,0,,,,,,,,,,,,,Hard,
2026-06-26T19:53:11,875.023,active,0,,,,,,,,,,,,,Hard,
2026-06-26T19:53:12,876.032,active,0,,,,,,,,,,,,,Hard,
2026-06-26T19:53:13,877.038,active,0,,,,,,,,,,,,,Hard,
2026-06-26T19:53:14,878.040,active,0,,,,,,,,,,,,,Hard,
2026-06-26T19:53:15,879.045,active,0,,,,,,,,,,,,,Hard,
2026-06-26T19:53:16,880.047,active,0,,,,,,,,,,,,,Hard,
2026-06-26T19:53:17,881.053,active,0,,,,,,,,,,,,,Hard,
2026-06-26T19:53:18,882.058,active,0,,,,,,,,,,,,,Hard,
2026-06-26T19:53:19,883.082,active,0,,,,,,,,,,,,,Hard,
2026-06-26T19:53:20,884.089,active,0,,,,,,,,,,,,,Hard,
2026-06-26T19:53:21,885.094,active,0,,,,,,,,,,,,,Hard,
2026-06-26T19:53:22,886.100,active,0,,,,,,,,,,,,,Hard,
2026-06-26T19:53:23,887.105,active,0,,,,,,,,,,,,,Hard,
2026-06-26T19:53:24,888.111,active,0,,,,,,,,,,,,,Hard,
2026-06-26T19:53:25,889.115,active,0,,,,,,,,,,,,,Hard,
2026-06-26T19:53:26,890.118,active,0,,,,,,,,,,,,,Hard,
2026-06-26T19:53:27,891.123,active,0,,,,,,,,,,,,,Hard,
2026-06-26T19:53:28,892.125,active,0,,,,,,,,,,,,,Hard,
2026-06-26T19:53:29,893.130,active,0,,,,,,,,,,,,,Hard,
2026-06-26T19:53:30,894.136,active,0,,,,,,,,,,,,,Hard,
2026-06-26T19:53:31,895.141,active,0,,,,,,,,,,,,,Hard,
2026-06-26T19:53:32,896.148,active,0,,,,,,,,,,,,,Hard,
2026-06-26T19:53:33,897.152,active,0,,,,,,,,,,,,,Hard,
2026-06-26T19:53:34,898.157,active,0,,,,,,,,,,,,,Hard,
2026-06-26T19:53:35,899.159,active,0,,,,,,,,,,,,,Hard,
2026-06-26T19:53:36,900.162,active,0,,,,,,,,,,,,,Hard,
2026-06-26T19:53:37,901.163,active,0,,,,,,,,,,,,,Hard,
2026-06-26T19:53:38,902.165,active,0,,,,,,,,,,,,,Hard,
2026-06-26T19:53:39,903.170,active,0,,,,,,,,,,,,,Hard,
2026-06-26T19:53:40,904.172,active,0,,,,,,,,,,,,,Hard,
2026-06-26T19:53:41,905.177,active,0,,,,,,,,,,,,,Hard,
2026-06-26T19:53:42,906.180,active,0,,,,,,,,,,,,,Hard,
2026-06-26T19:53:43,907.186,active,0,,,,,,,,,,,,,Hard,
2026-06-26T19:53:44,908.192,active,0,,,,,,,,,,,,,Hard,
2026-06-26T19:53:45,909.197,active,0,,,,,,,,,,,,,Hard,
2026-06-26T19:53:46,910.203,active,0,,,,,,,,,,,,,Hard,
2026-06-26T19:53:47,911.210,active,0,,,,,,,,,,,,,Hard,
2026-06-26T19:53:48,912.216,active,0,,,,,,,,,,,,,Hard,
2026-06-26T19:53:49,913.223,active,0,,,,,,,,,,,,,Hard,
2026-06-26T19:53:50,914.228,active,0,,,,,,,,,,,,,Hard,
2026-06-26T19:53:51,915.230,active,0,,,,,,,,,,,,,Hard,
2026-06-26T19:53:52,916.236,active,0,,,,,,,,,,,,,Hard,
2026-06-26T19:53:53,917.240,active,0,,,,,,,,,,,,,Hard,
2026-06-26T19:53:54,918.246,active,0,,,,,,,,,,,,,Hard,
2026-06-26T19:53:55,919.251,active,0,,,,,,,,,,,,,Hard,
2026-06-26T19:53:56,920.256,active,0,,,,,,,,,,,,,Hard,
2026-06-26T19:53:57,921.264,active,0,,,,,,,,,,,,,Hard,
2026-06-26T19:53:58,922.265,active,0,,,,,,,,,,,,,Hard,
2026-06-26T19:53:59,923.269,active,0,,,,,,,,,,,,,Hard,
2026-06-26T19:54:00,924.275,active,0,,,,,,,,,,,,,Hard,
2026-06-26T19:54:01,925.281,active,0,,,,,,,,,,,,,Hard,
2026-06-26T19:54:02,926.286,active,0,,,,,,,,,,,,,Hard,
2026-06-26T19:54:03,927.292,active,0,,,,,,,,,,,,,Hard,
2026-06-26T19:54:04,928.297,active,0,,,,,,,,,,,,,Hard,
2026-06-26T19:54:05,929.298,active,0,,,,,,,,,,,,,Hard,
2026-06-26T19:54:06,930.304,active,0,,,,,,,,,,,,,Hard,
2026-06-26T19:54:07,931.311,active,0,,,,,,,,,,,,,Hard,
2026-06-26T19:54:08,932.316,active,0,,,,,,,,,,,,,Hard,
2026-06-26T19:54:09,933.321,active,0,,,,,,,,,,,,,Hard,
2026-06-26T19:54:10,934.322,active,0,,,,,,,,,,,,,Hard,
2026-06-26T19:54:11,935.325,active,0,,,,,,,,,,,,,Hard,
2026-06-26T19:54:12,936.334,active,0,,,,,,,,,,,,,Hard,
2026-06-26T19:54:13,937.338,active,0,,,,,,,,,,,,,Hard,
2026-06-26T19:54:14,938.344,active,0,,,,,,,,,,,,,Hard,
2026-06-26T19:54:15,939.345,active,0,,,,,,,,,,,,,Hard,
2026-06-26T19:54:16,940.346,active,0,,,,,,,,,,,,,Hard,
2026-06-26T19:54:17,941.352,active,0,,,,,,,,,,,,,Hard,
2026-06-26T19:54:18,942.357,active,0,,,,,,,,,,,,,Hard,
2026-06-26T19:54:19,943.362,active,0,,,,,,,,,,,,,Hard,
2026-06-26T19:54:20,944.365,active,0,,,,,,,,,,,,,Hard,
2026-06-26T19:54:21,945.370,active,0,,,,,,,,,,,,,Hard,
2026-06-26T19:54:22,946.372,active,0,,,,,,,,,,,,,Hard,
2026-06-26T19:54:23,947.377,active,0,,,,,,,,,,,,,Hard,
2026-06-26T19:54:24,948.384,active,0,,,,,,,,,,,,,Hard,
2026-06-26T19:54:25,949.384,active,0,,,,,,,,,,,,,Hard,
2026-06-26T19:54:26,950.391,active,0,,,,,,,,,,,,,Hard,
2026-06-26T19:54:27,951.395,active,0,,,,,,,,,,,,,Hard,
2026-06-26T19:54:28,952.397,active,0,,,,,,,,,,,,,Hard,
2026-06-26T19:54:29,953.402,active,0,,,,,,,,,,,,,Hard,
2026-06-26T19:54:30,954.405,active,0,,,,,,,,,,,,,Hard,
2026-06-26T19:54:31,955.411,active,0,,,,,,,,,,,,,Hard,
2026-06-26T19:54:32,956.417,active,0,,,,,,,,,,,,,Hard,
2026-06-26T19:54:33,957.422,active,0,,,,,,,,,,,,,Hard,
2026-06-26T19:54:34,958.429,active,0,,,,,,,,,,,,,Hard,
2026-06-26T19:54:35,959.433,active,0,,,,,,,,,,,,,Hard,
2026-06-26T19:54:36,960.448,active,0,,,,,,,,,,,,,Hard,
2026-06-26T19:54:37,961.454,active,0,,,,,,,,,,,,,Hard,
2026-06-26T19:54:38,962.459,active,0,,,,,,,,,,,,,Hard,
2026-06-26T19:54:39,963.463,active,0,,,,,,,,,,,,,Hard,
2026-06-26T19:54:40,964.464,active,0,,,,,,,,,,,,,Hard,
2026-06-26T19:54:41,965.470,active,0,,,,,,,,,,,,,Hard,
2026-06-26T19:54:42,966.477,active,0,,,,,,,,,,,,,Hard,
2026-06-26T19:54:43,967.483,active,0,,,,,,,,,,,,,Hard,
2026-06-26T19:54:44,968.487,active,0,,,,,,,,,,,,,Hard,
2026-06-26T19:54:45,969.493,active,0,,,,,,,,,,,,,Hard,
2026-06-26T19:54:46,970.500,active,0,,,,,,,,,,,,,Hard,
2026-06-26T19:54:47,971.504,active,0,,,,,,,,,,,,,Hard,
2026-06-26T19:54:48,972.508,active,0,,,,,,,,,,,,,Hard,
2026-06-26T19:54:49,973.513,active,0,,,,,,,,,,,,,Hard,
2026-06-26T19:54:50,974.519,active,0,,,,,,,,,,,,,Hard,
2026-06-26T19:54:51,975.522,active,0,,,,,,,,,,,,,Hard,
2026-06-26T19:54:52,976.526,active,0,,,,,,,,,,,,,Hard,
2026-06-26T19:54:53,977.533,active,0,,,,,,,,,,,,,Hard,
2026-06-26T19:54:54,978.538,active,0,,,,,,,,,,,,,Hard,
2026-06-26T19:54:55,979.544,active,0,,,,,,,,,,,,,Hard,
2026-06-26T19:54:56,980.548,active,0,,,,,,,,,,,,,Hard,
2026-06-26T19:54:57,981.550,active,0,,,,,,,,,,,,,Hard,
2026-06-26T19:54:58,982.555,active,0,,,,,,,,,,,,,Hard,
2026-06-26T19:54:59,983.558,active,0,,,,,,,,,,,,,Hard,
2026-06-26T19:55:00,984.563,active,0,,,,,,,,,,,,,Hard,
2026-06-26T19:55:01,985.570,active,0,,,,,,,,,,,,,Hard,
2026-06-26T19:55:02,986.575,active,0,,,,,,,,,,,,,Hard,
2026-06-26T19:55:03,987.581,active,0,,,,,,,,,,,,,Hard,
2026-06-26T19:55:04,988.585,active,0,,,,,,,,,,,,,Hard,
2026-06-26T19:55:05,989.589,active,0,,,,,,,,,,,,,Hard,
2026-06-26T19:55:06,990.590,active,0,,,,,,,,,,,,,Hard,
2026-06-26T19:55:07,991.595,active,0,,,,,,,,,,,,,Hard,
2026-06-26T19:55:08,992.601,active,0,,,,,,,,,,,,,Hard,
2026-06-26T19:55:09,993.606,active,0,,,,,,,,,,,,,Hard,
2026-06-26T19:55:10,994.608,active,0,,,,,,,,,,,,,Hard,
2026-06-26T19:55:11,995.610,active,0,,,,,,,,,,,,,Hard,
2026-06-26T19:55:12,996.613,active,0,,,,,,,,,,,,,Hard,
2026-06-26T19:55:13,997.618,active,0,,,,,,,,,,,,,Hard,
2026-06-26T19:55:14,998.623,active,0,,,,,,,,,,,,,Hard,
2026-06-26T19:55:15,999.628,active,0,,,,,,,,,,,,,Hard,
2026-06-26T19:55:16,1000.630,active,0,,,,,,,,,,,,,Hard,
2026-06-26T19:55:17,1001.635,active,0,,,,,,,,,,,,,Hard,
2026-06-26T19:55:18,1002.642,active,0,,,,,,,,,,,,,Hard,
2026-06-26T19:55:19,1003.647,active,0,,,,,,,,,,,,,Hard,
2026-06-26T19:55:20,1004.652,active,0,,,,,,,,,,,,,Hard,
2026-06-26T19:55:21,1005.658,active,0,,,,,,,,,,,,,Hard,
2026-06-26T19:55:22,1006.662,active,0,,,,,,,,,,,,,Hard,
2026-06-26T19:55:23,1007.668,active,0,,,,,,,,,,,,,Hard,
2026-06-26T19:55:24,1008.672,active,0,,,,,,,,,,,,,Hard,
2026-06-26T19:55:25,1009.673,active,0,,,,,,,,,,,,,Hard,
2026-06-26T19:55:26,1010.680,active,0,,,,,,,,,,,,,Hard,
2026-06-26T19:55:27,1011.688,active,0,,,,,,,,,,,,,Hard,
2026-06-26T19:55:29,1012.694,active,0,,,,,,,,,,,,,Hard,
2026-06-26T19:55:30,1013.699,active,0,,,,,,,,,,,,,Hard,
2026-06-26T19:55:31,1014.703,active,0,,,,,,,,,,,,,Hard,
2026-06-26T19:55:32,1015.708,active,0,,,,,,,,,,,,,Hard,
2026-06-26T19:55:33,1016.713,active,0,,,,,,,,,,,,,Hard,
2026-06-26T19:55:34,1017.718,active,0,,,,,,,,,,,,,Hard,
2026-06-26T19:55:35,1018.719,active,0,,,,,,,,,,,,,Hard,
2026-06-26T19:55:36,1019.725,active,0,,,,,,,,,,,,,Hard,
2026-06-26T19:55:37,1020.731,active,0,,,,,,,,,,,,,Hard,
2026-06-26T19:55:38,1021.734,active,0,,,,,,,,,,,,,Hard,
2026-06-26T19:55:39,1022.740,active,0,,,,,,,,,,,,,Hard,
2026-06-26T19:55:40,1023.744,active,0,,,,,,,,,,,,,Hard,
2026-06-26T19:55:41,1024.749,active,0,,,,,,,,,,,,,Hard,
2026-06-26T19:55:42,1025.751,active,0,,,,,,,,,,,,,Hard,
2026-06-26T19:55:43,1026.757,active,0,,,,,,,,,,,,,Hard,
2026-06-26T19:55:44,1027.772,active,0,,,,,,,,,,,,,Hard,
2026-06-26T19:55:45,1028.781,active,0,,,,,,,,,,,,,Hard,
2026-06-26T19:55:46,1029.784,active,0,,,,,,,,,,,,,Hard,
2026-06-26T19:55:47,1030.787,active,0,,,,,,,,,,,,,Hard,
2026-06-26T19:55:48,1031.795,active,0,,,,,,,,,,,,,Hard,
2026-06-26T19:55:49,1032.799,active,0,,,,,,,,,,,,,Hard,
2026-06-26T19:55:50,1033.805,active,0,,,,,,,,,,,,,Hard,
2026-06-26T19:55:51,1034.811,active,0,,,,,,,,,,,,,Hard,
2026-06-26T19:55:52,1035.813,active,0,,,,,,,,,,,,,Hard,
2026-06-26T19:55:53,1036.818,active,0,,,,,,,,,,,,,Hard,
2026-06-26T19:55:54,1037.822,active,0,,,,,,,,,,,,,Hard,
2026-06-26T19:55:55,1038.829,active,0,,,,,,,,,,,,,Hard,
2026-06-26T19:55:56,1039.835,active,0,,,,,,,,,,,,,Hard,
2026-06-26T19:55:57,1040.840,active,0,,,,,,,,,,,,,Hard,
2026-06-26T19:55:58,1041.845,active,0,,,,,,,,,,,,,Hard,
2026-06-26T19:55:59,1042.847,active,0,,,,,,,,,,,,,Hard,
2026-06-26T19:56:00,1043.848,active,0,,,,,,,,,,,,,Hard,
2026-06-26T19:56:01,1044.853,active,0,,,,,,,,,,,,,Hard,
2026-06-26T19:56:02,1045.857,active,0,,,,,,,,,,,,,Hard,
2026-06-26T19:56:03,1046.862,active,0,,,,,,,,,,,,,Hard,
2026-06-26T19:56:04,1047.865,active,0,,,,,,,,,,,,,Hard,
2026-06-26T19:56:05,1048.869,active,0,,,,,,,,,,,,,Hard,
2026-06-26T19:56:06,1049.873,active,0,,,,,,,,,,,,,Hard,
2026-06-26T19:56:07,1050.880,active,0,,,,,,,,,,,,,Hard,
2026-06-26T19:56:08,1051.886,active,0,,,,,,,,,,,,,Hard,
2026-06-26T19:56:09,1052.888,active,0,,,,,,,,,,,,,Hard,
2026-06-26T19:56:10,1053.891,active,0,,,,,,,,,,,,,Hard,
2026-06-26T19:56:11,1054.896,active,0,,,,,,,,,,,,,Hard,
2026-06-26T19:56:12,1055.903,active,0,,,,,,,,,,,,,Hard,
2026-06-26T19:56:13,1056.910,active,0,,,,,,,,,,,,,Hard,
2026-06-26T19:56:14,1057.917,active,0,,,,,,,,,,,,,Hard,
2026-06-26T19:56:15,1058.923,active,0,,,,,,,,,,,,,Hard,
2026-06-26T19:56:16,1059.928,active,0,,,,,,,,,,,,,Hard,
2026-06-26T19:56:17,1060.930,active,0,,,,,,,,,,,,,Hard,
2026-06-26T19:56:18,1061.937,active,0,,,,,,,,,,,,,Hard,
2026-06-26T19:56:19,1062.939,active,0,,,,,,,,,,,,,Hard,
2026-06-26T19:56:20,1063.944,active,0,,,,,,,,,,,,,Hard,
2026-06-26T19:56:21,1064.953,active,0,,,,,,,,,,,,,Hard,
2026-06-26T19:56:22,1065.957,active,0,,,,,,,,,,,,,Hard,
2026-06-26T19:56:23,1066.963,active,0,,,,,,,,,,,,,Hard,
2026-06-26T19:56:24,1067.970,active,0,,,,,,,,,,,,,Hard,
2026-06-26T19:56:25,1068.975,active,0,,,,,,,,,,,,,Hard,
2026-06-26T19:56:26,1069.980,active,0,,,,,,,,,,,,,Hard,
2026-06-26T19:56:27,1070.986,active,0,,,,,,,,,,,,,Hard,
2026-06-26T19:56:28,1071.992,active,0,,,,,,,,,,,,,Hard,
2026-06-26T19:56:29,1072.996,active,0,,,,,,,,,,,,,Hard,
2026-06-26T19:56:30,1074.007,active,0,,,,,,,,,,,,,Hard,
2026-06-26T19:56:31,1075.013,active,0,,,,,,,,,,,,,Hard,
2026-06-26T19:56:32,1076.018,active,0,,,,,,,,,,,,,Hard,
2026-06-26T19:56:33,1077.022,active,0,,,,,,,,,,,,,Hard,
2026-06-26T19:56:34,1078.028,active,0,,,,,,,,,,,,,Hard,
2026-06-26T19:56:35,1079.030,active,0,,,,,,,,,,,,,Hard,
2026-06-26T19:56:36,1080.033,active,0,,,,,,,,,,,,,Hard,
2026-06-26T19:56:37,1081.039,active,0,,,,,,,,,,,,,Hard,
2026-06-26T19:56:38,1082.047,active,0,,,,,,,,,,,,,Hard,
2026-06-26T19:56:39,1083.051,active,0,,,,,,,,,,,,,Hard,
2026-06-26T19:56:40,1084.055,active,0,,,,,,,,,,,,,Hard,
2026-06-26T19:56:41,1085.062,active,0,,,,,,,,,,,,,Hard,
2026-06-26T19:56:42,1086.066,active,0,,,,,,,,,,,,,Hard,
2026-06-26T19:56:43,1087.072,active,0,,,,,,,,,,,,,Hard,
2026-06-26T19:56:44,1088.073,active,0,,,,,,,,,,,,,Hard,
2026-06-26T19:56:45,1089.078,active,0,,,,,,,,,,,,,Hard,
2026-06-26T19:56:46,1090.085,active,0,,,,,,,,,,,,,Hard,
2026-06-26T19:56:47,1091.090,active,0,,,,,,,,,,,,,Hard,
2026-06-26T19:56:48,1092.092,active,0,,,,,,,,,,,,,Hard,
2026-06-26T19:56:49,1093.098,active,0,,,,,,,,,,,,,Hard,
2026-06-26T19:56:50,1094.103,active,0,,,,,,,,,,,,,Hard,
2026-06-26T19:56:51,1095.106,active,0,,,,,,,,,,,,,Hard,
2026-06-26T19:56:52,1096.109,active,0,,,,,,,,,,,,,Hard,
2026-06-26T19:56:53,1097.115,active,0,,,,,,,,,,,,,Hard,
2026-06-26T19:56:54,1098.118,active,0,,,,,,,,,,,,,Hard,
2026-06-26T19:56:55,1099.123,active,0,,,,,,,,,,,,,Hard,
2026-06-26T19:56:56,1100.126,active,0,,,,,,,,,,,,,Hard,
2026-06-26T19:56:57,1101.130,active,0,,,,,,,,,,,,,Hard,
2026-06-26T19:56:58,1102.135,active,0,,,,,,,,,,,,,Hard,
2026-06-26T19:56:59,1103.141,active,0,,,,,,,,,,,,,Hard,
2026-06-26T19:57:00,1104.143,active,0,,,,,,,,,,,,,Hard,
2026-06-26T19:57:01,1105.146,active,0,,,,,,,,,,,,,Hard,
2026-06-26T19:57:02,1106.152,active,0,,,,,,,,,,,,,Hard,
2026-06-26T19:57:03,1107.157,active,0,,,,,,,,,,,,,Hard,
2026-06-26T19:57:04,1108.162,active,0,,,,,,,,,,,,,Hard,
2026-06-26T19:57:05,1109.163,active,0,,,,,,,,,,,,,Hard,
2026-06-26T19:57:06,1110.173,active,0,,,,,,,,,,,,,Hard,
2026-06-26T19:57:07,1111.179,active,0,,,,,,,,,,,,,Hard,
2026-06-26T19:57:08,1112.182,active,0,,,,,,,,,,,,,Hard,
2026-06-26T19:57:09,1113.187,active,0,,,,,,,,,,,,,Hard,
2026-06-26T19:57:10,1114.193,active,0,,,,,,,,,,,,,Hard,
2026-06-26T19:57:11,1115.198,active,0,,,,,,,,,,,,,Hard,
2026-06-26T19:57:12,1116.201,active,0,,,,,,,,,,,,,Hard,
2026-06-26T19:57:13,1117.207,active,0,,,,,,,,,,,,,Hard,
2026-06-26T19:57:14,1118.214,active,0,,,,,,,,,,,,,Hard,
2026-06-26T19:57:15,1119.218,active,0,,,,,,,,,,,,,Hard,
2026-06-26T19:57:16,1120.224,active,0,,,,,,,,,,,,,Hard,
2026-06-26T19:57:17,1121.227,active,0,,,,,,,,,,,,,Hard,
2026-06-26T19:57:18,1122.236,active,0,,,,,,,,,,,,,Hard,
2026-06-26T19:57:19,1123.240,active,0,,,,,,,,,,,,,Hard,
2026-06-26T19:57:20,1124.243,active,0,,,,,,,,,,,,,Hard,
2026-06-26T19:57:21,1125.248,active,0,,,,,,,,,,,,,Hard,
2026-06-26T19:57:22,1126.252,active,0,,,,,,,,,,,,,Hard,
2026-06-26T19:57:23,1127.257,active,0,,,,,,,,,,,,,Hard,
2026-06-26T19:57:24,1128.265,active,0,,,,,,,,,,,,,Hard,
2026-06-26T19:57:25,1129.271,active,0,,,,,,,,,,,,,Hard,
2026-06-26T19:57:26,1130.283,active,0,,,,,,,,,,,,,Hard,
2026-06-26T19:57:27,1131.284,active,0,,,,,,,,,,,,,Hard,
2026-06-26T19:57:28,1132.290,active,0,,,,,,,,,,,,,Hard,
2026-06-26T19:57:29,1133.293,active,0,,,,,,,,,,,,,Hard,
2026-06-26T19:57:30,1134.297,active,0,,,,,,,,,,,,,Hard,
2026-06-26T19:57:31,1135.304,active,0,,,,,,,,,,,,,Hard,
2026-06-26T19:57:32,1136.307,active,0,,,,,,,,,,,,,Hard,
2026-06-26T19:57:33,1137.315,active,0,,,,,,,,,,,,,Hard,
2026-06-26T19:57:34,1138.319,active,0,,,,,,,,,,,,,Hard,
2026-06-26T19:57:35,1139.323,active,0,,,,,,,,,,,,,Hard,
2026-06-26T19:57:36,1140.328,active,0,,,,,,,,,,,,,Hard,
2026-06-26T19:57:37,1141.330,active,0,,,,,,,,,,,,,Hard,
2026-06-26T19:57:38,1142.334,active,0,,,,,,,,,,,,,Hard,
2026-06-26T19:57:39,1143.341,active,0,,,,,,,,,,,,,Hard,
2026-06-26T19:57:40,1144.345,active,0,,,,,,,,,,,,,Hard,
2026-06-26T19:57:41,1145.346,active,0,,,,,,,,,,,,,Hard,
2026-06-26T19:57:42,1146.350,active,0,,,,,,,,,,,,,Hard,
2026-06-26T19:57:43,1147.355,active,0,,,,,,,,,,,,,Hard,
2026-06-26T19:57:44,1148.359,active,0,,,,,,,,,,,,,Hard,
2026-06-26T19:57:45,1149.360,active,0,,,,,,,,,,,,,Hard,
2026-06-26T19:57:46,1150.366,active,0,,,,,,,,,,,,,Hard,
2026-06-26T19:57:47,1151.368,active,0,,,,,,,,,,,,,Hard,
2026-06-26T19:57:48,1152.374,active,0,,,,,,,,,,,,,Hard,
2026-06-26T19:57:49,1153.381,active,0,,,,,,,,,,,,,Hard,
2026-06-26T19:57:50,1154.382,active,0,,,,,,,,,,,,,Hard,
2026-06-26T19:57:51,1155.383,active,0,,,,,,,,,,,,,Hard,
2026-06-26T19:57:52,1156.386,active,0,,,,,,,,,,,,,Hard,
2026-06-26T19:57:53,1157.390,active,0,,,,,,,,,,,,,Hard,
2026-06-26T19:57:54,1158.393,active,0,,,,,,,,,,,,,Hard,
2026-06-26T19:57:55,1159.397,active,0,,,,,,,,,,,,,Hard,
2026-06-26T19:57:56,1160.402,active,0,,,,,,,,,,,,,Hard,
2026-06-26T19:57:57,1161.407,active,0,,,,,,,,,,,,,Hard,
2026-06-26T19:57:58,1162.413,active,0,,,,,,,,,,,,,Hard,
2026-06-26T19:57:59,1163.443,active,0,,,,,,,,,,,,,Hard,
2026-06-26T19:58:00,1164.448,active,0,,,,,,,,,,,,,Hard,
2026-06-26T19:58:01,1165.454,active,0,,,,,,,,,,,,,Hard,
2026-06-26T19:58:02,1166.455,active,0,,,,,,,,,,,,,Hard,
2026-06-26T19:58:03,1167.461,active,0,,,,,,,,,,,,,Hard,
2026-06-26T19:58:04,1168.463,active,0,,,,,,,,,,,,,Hard,
2026-06-26T19:58:05,1169.470,active,0,,,,,,,,,,,,,Hard,
2026-06-26T19:58:06,1170.478,active,0,,,,,,,,,,,,,Hard,
2026-06-26T19:58:07,1171.483,active,0,,,,,,,,,,,,,Hard,
2026-06-26T19:58:08,1172.488,active,0,,,,,,,,,,,,,Hard,
2026-06-26T19:58:09,1173.490,active,0,,,,,,,,,,,,,Hard,
2026-06-26T19:58:10,1174.496,active,0,,,,,,,,,,,,,Hard,
2026-06-26T19:58:11,1175.497,active,0,,,,,,,,,,,,,Hard,
2026-06-26T19:58:12,1176.502,active,0,,,,,,,,,,,,,Hard,
2026-06-26T19:58:13,1177.506,active,0,,,,,,,,,,,,,Hard,
2026-06-26T19:58:14,1178.510,active,0,,,,,,,,,,,,,Hard,
2026-06-26T19:58:15,1179.516,active,0,,,,,,,,,,,,,Hard,
2026-06-26T19:58:16,1180.522,active,0,,,,,,,,,,,,,Hard,
2026-06-26T19:58:17,1181.528,active,0,,,,,,,,,,,,,Hard,
2026-06-26T19:58:18,1182.534,active,0,,,,,,,,,,,,,Hard,
2026-06-26T19:58:19,1183.538,active,0,,,,,,,,,,,,,Hard,
2026-06-26T19:58:20,1184.540,active,0,,,,,,,,,,,,,Hard,
2026-06-26T19:58:21,1185.546,active,0,,,,,,,,,,,,,Hard,
2026-06-26T19:58:22,1186.554,active,0,,,,,,,,,,,,,Hard,
2026-06-26T19:58:23,1187.559,active,0,,,,,,,,,,,,,Hard,
2026-06-26T19:58:24,1188.563,active,0,,,,,,,,,,,,,Hard,
2026-06-26T19:58:25,1189.569,active,0,,,,,,,,,,,,,Hard,
2026-06-26T19:58:26,1190.572,active,0,,,,,,,,,,,,,Hard,
2026-06-26T19:58:27,1191.573,active,0,,,,,,,,,,,,,Hard,
2026-06-26T19:58:28,1192.576,active,0,,,,,,,,,,,,,Hard,
2026-06-26T19:58:29,1193.581,active,0,,,,,,,,,,,,,Hard,
2026-06-26T19:58:30,1194.585,active,0,,,,,,,,,,,,,Hard,
2026-06-26T19:58:31,1195.588,active,0,,,,,,,,,,,,,Hard,
2026-06-26T19:58:32,1196.594,active,0,,,,,,,,,,,,,Hard,
2026-06-26T19:58:33,1197.597,active,0,,,,,,,,,,,,,Hard,
2026-06-26T19:58:34,1198.602,active,0,,,,,,,,,,,,,Hard,
2026-06-26T19:58:35,1199.608,active,0,,,,,,,,,,,,,Hard,
2026-06-26T19:58:36,1200.613,active,0,,,,,,,,,,,,,Hard,
2026-06-26T19:58:37,1201.619,active,0,,,,,,,,,,,,,Hard,
2026-06-26T19:58:38,1202.623,active,0,,,,,,,,,,,,,Hard,
2026-06-26T19:58:39,1203.629,active,0,,,,,,,,,,,,,Hard,
2026-06-26T19:58:40,1204.630,active,0,,,,,,,,,,,,,Hard,
2026-06-26T19:58:41,1205.636,active,0,,,,,,,,,,,,,Hard,
2026-06-26T19:58:42,1206.636,active,0,,,,,,,,,,,,,Hard,
2026-06-26T19:58:43,1207.642,active,0,,,,,,,,,,,,,Hard,
2026-06-26T19:58:44,1208.646,active,0,,,,,,,,,,,,,Hard,
2026-06-26T19:58:45,1209.652,active,0,,,,,,,,,,,,,Hard,
2026-06-26T19:58:46,1210.655,active,0,,,,,,,,,,,,,Hard,
2026-06-26T19:58:47,1211.659,active,0,,,,,,,,,,,,,Hard,
2026-06-26T19:58:48,1212.663,active,0,,,,,,,,,,,,,Hard,
2026-06-26T19:58:49,1213.676,active,0,,,,,,,,,,,,,Hard,
2026-06-26T19:58:50,1214.681,active,0,,,,,,,,,,,,,Hard,
2026-06-26T19:58:51,1215.687,active,0,,,,,,,,,,,,,Hard,
2026-06-26T19:58:53,1216.692,active,0,,,,,,,,,,,,,Hard,
2026-06-26T19:58:54,1217.697,active,0,,,,,,,,,,,,,Hard,
2026-06-26T19:58:55,1218.702,active,0,,,,,,,,,,,,,Hard,
2026-06-26T19:58:56,1219.706,active,0,,,,,,,,,,,,,Hard,
2026-06-26T19:58:57,1220.711,active,0,,,,,,,,,,,,,Hard,
2026-06-26T19:58:58,1221.713,active,0,,,,,,,,,,,,,Hard,
2026-06-26T19:58:59,1222.717,active,0,,,,,,,,,,,,,Hard,
2026-06-26T19:59:00,1223.723,active,0,,,,,,,,,,,,,Hard,
2026-06-26T19:59:01,1224.726,active,0,,,,,,,,,,,,,Hard,
2026-06-26T19:59:02,1225.730,active,0,,,,,,,,,,,,,Hard,
2026-06-26T19:59:03,1226.735,active,0,,,,,,,,,,,,,Hard,
2026-06-26T19:59:04,1227.739,active,0,,,,,,,,,,,,,Hard,
2026-06-26T19:59:05,1228.744,active,0,,,,,,,,,,,,,Hard,
2026-06-26T19:59:06,1229.747,active,0,,,,,,,,,,,,,Hard,
2026-06-26T19:59:07,1230.752,active,0,,,,,,,,,,,,,Hard,
2026-06-26T19:59:08,1231.758,active,0,,,,,,,,,,,,,Hard,
2026-06-26T19:59:09,1232.763,active,0,,,,,,,,,,,,,Hard,
2026-06-26T19:59:10,1233.796,active,0,,,,,,,,,,,,,Hard,
2026-06-26T19:59:11,1234.800,active,0,,,,,,,,,,,,,Hard,
2026-06-26T19:59:12,1235.805,active,0,,,,,,,,,,,,,Hard,
2026-06-26T19:59:13,1236.811,active,0,,,,,,,,,,,,,Hard,
2026-06-26T19:59:14,1237.813,active,0,,,,,,,,,,,,,Hard,
2026-06-26T19:59:15,1238.819,active,0,,,,,,,,,,,,,Hard,
2026-06-26T19:59:16,1239.822,active,0,,,,,,,,,,,,,Hard,
2026-06-26T19:59:17,1240.824,active,0,,,,,,,,,,,,,Hard,
2026-06-26T19:59:18,1241.829,active,0,,,,,,,,,,,,,Hard,
2026-06-26T19:59:19,1242.830,active,0,,,,,,,,,,,,,Hard,
2026-06-26T19:59:20,1243.836,active,0,,,,,,,,,,,,,Hard,
2026-06-26T19:59:21,1244.842,active,0,,,,,,,,,,,,,Hard,
2026-06-26T19:59:22,1245.847,active,0,,,,,,,,,,,,,Hard,
2026-06-26T19:59:23,1246.851,active,0,,,,,,,,,,,,,Hard,
2026-06-26T19:59:24,1247.856,active,0,,,,,,,,,,,,,Hard,
2026-06-26T19:59:25,1248.859,active,0,,,,,,,,,,,,,Hard,
2026-06-26T19:59:26,1249.897,active,0,,,,,,,,,,,,,Hard,
2026-06-26T19:59:27,1250.899,active,0,,,,,,,,,,,,,Hard,
2026-06-26T19:59:28,1251.901,active,0,,,,,,,,,,,,,Hard,
2026-06-26T19:59:29,1252.905,active,0,,,,,,,,,,,,,Hard,
2026-06-26T19:59:30,1253.911,active,0,,,,,,,,,,,,,Hard,
2026-06-26T19:59:31,1254.911,active,0,,,,,,,,,,,,,Hard,
2026-06-26T19:59:32,1255.917,active,0,,,,,,,,,,,,,Hard,
2026-06-26T19:59:33,1256.922,active,0,,,,,,,,,,,,,Hard,
2026-06-26T19:59:34,1257.927,active,0,,,,,,,,,,,,,Hard,
2026-06-26T19:59:35,1258.932,active,0,,,,,,,,,,,,,Hard,
2026-06-26T19:59:36,1259.938,active,0,,,,,,,,,,,,,Hard,
2026-06-26T19:59:37,1260.939,active,0,,,,,,,,,,,,,Hard,
2026-06-26T19:59:38,1261.944,active,0,,,,,,,,,,,,,Hard,
2026-06-26T19:59:39,1262.947,active,0,,,,,,,,,,,,,Hard,
2026-06-26T19:59:40,1263.952,active,0,,,,,,,,,,,,,Hard,
2026-06-26T19:59:41,1264.956,active,0,,,,,,,,,,,,,Hard,
2026-06-26T19:59:42,1265.960,active,0,,,,,,,,,,,,,Hard,
2026-06-26T19:59:43,1266.964,active,0,,,,,,,,,,,,,Hard,
2026-06-26T19:59:44,1267.966,active,0,,,,,,,,,,,,,Hard,
2026-06-26T19:59:45,1268.971,active,0,,,,,,,,,,,,,Hard,
2026-06-26T19:59:46,1269.975,active,0,,,,,,,,,,,,,Hard,
2026-06-26T19:59:47,1270.978,active,0,,,,,,,,,,,,,Hard,
2026-06-26T19:59:48,1271.984,active,0,,,,,,,,,,,,,Hard,
2026-06-26T19:59:49,1272.990,active,0,,,,,,,,,,,,,Hard,
2026-06-26T19:59:50,1273.996,active,0,,,,,,,,,,,,,Hard,
2026-06-26T19:59:51,1275.004,active,0,,,,,,,,,,,,,Hard,
2026-06-26T19:59:52,1276.010,active,0,,,,,,,,,,,,,Hard,
2026-06-26T19:59:53,1277.014,active,0,,,,,,,,,,,,,Hard,
2026-06-26T19:59:54,1278.020,active,0,,,,,,,,,,,,,Hard,
2026-06-26T19:59:55,1279.022,active,0,,,,,,,,,,,,,Hard,
2026-06-26T19:59:56,1280.027,active,0,,,,,,,,,,,,,Hard,
2026-06-26T19:59:57,1281.030,active,0,,,,,,,,,,,,,Hard,
2026-06-26T19:59:58,1282.036,active,0,,,,,,,,,,,,,Hard,
2026-06-26T19:59:59,1283.043,active,0,,,,,,,,,,,,,Hard,
2026-06-26T20:00:00,1284.051,active,0,,,,,,,,,,,,,Hard,
2026-06-26T20:00:01,1285.056,active,0,,,,,,,,,,,,,Hard,
2026-06-26T20:00:02,1286.062,active,0,,,,,,,,,,,,,Hard,
2026-06-26T20:00:03,1287.064,active,0,,,,,,,,,,,,,Hard,
2026-06-26T20:00:04,1288.069,active,0,,,,,,,,,,,,,Hard,
2026-06-26T20:00:05,1289.075,active,0,,,,,,,,,,,,,Hard,
2026-06-26T20:00:06,1290.083,active,0,,,,,,,,,,,,,Hard,
2026-06-26T20:00:07,1291.088,active,0,,,,,,,,,,,,,Hard,
2026-06-26T20:00:08,1292.096,active,0,,,,,,,,,,,,,Hard,
2026-06-26T20:00:09,1293.103,active,0,,,,,,,,,,,,,Hard,
2026-06-26T20:00:10,1294.110,active,0,,,,,,,,,,,,,Hard,
2026-06-26T20:00:11,1295.115,active,0,,,,,,,,,,,,,Hard,
2026-06-26T20:00:12,1296.120,active,0,,,,,,,,,,,,,Hard,
2026-06-26T20:00:13,1297.123,active,0,,,,,,,,,,,,,Hard,
2026-06-26T20:00:14,1298.126,active,0,,,,,,,,,,,,,Hard,
2026-06-26T20:00:15,1299.134,active,0,,,,,,,,,,,,,Hard,
2026-06-26T20:00:16,1300.140,active,0,,,,,,,,,,,,,Hard,
2026-06-26T20:00:17,1301.145,active,0,,,,,,,,,,,,,Hard,
2026-06-26T20:00:18,1302.152,active,0,,,,,,,,,,,,,Hard,
2026-06-26T20:00:19,1303.155,active,0,,,,,,,,,,,,,Hard,
2026-06-26T20:00:20,1304.157,active,0,,,,,,,,,,,,,Hard,
2026-06-26T20:00:21,1305.159,active,0,,,,,,,,,,,,,Hard,
2026-06-26T20:00:22,1306.164,active,0,,,,,,,,,,,,,Hard,
2026-06-26T20:00:23,1307.169,active,0,,,,,,,,,,,,,Hard,
2026-06-26T20:00:24,1308.175,active,0,,,,,,,,,,,,,Hard,
2026-06-26T20:00:25,1309.176,active,0,,,,,,,,,,,,,Hard,
2026-06-26T20:00:26,1310.181,active,0,,,,,,,,,,,,,Hard,
2026-06-26T20:00:27,1311.187,active,0,,,,,,,,,,,,,Hard,
2026-06-26T20:00:28,1312.188,active,0,,,,,,,,,,,,,Hard,
2026-06-26T20:00:29,1313.192,active,0,,,,,,,,,,,,,Hard,
2026-06-26T20:00:30,1314.197,active,0,,,,,,,,,,,,,Hard,
2026-06-26T20:00:31,1315.202,active,0,,,,,,,,,,,,,Hard,
2026-06-26T20:00:32,1316.208,active,0,,,,,,,,,,,,,Hard,
2026-06-26T20:00:33,1317.216,active,0,,,,,,,,,,,,,Hard,
2026-06-26T20:00:34,1318.222,active,0,,,,,,,,,,,,,Hard,
2026-06-26T20:00:35,1319.224,active,0,,,,,,,,,,,,,Hard,
2026-06-26T20:00:36,1320.229,active,0,,,,,,,,,,,,,Hard,
2026-06-26T20:00:37,1321.230,active,0,,,,,,,,,,,,,Hard,
2026-06-26T20:00:38,1322.236,active,0,,,,,,,,,,,,,Hard,
2026-06-26T20:00:39,1323.241,active,0,,,,,,,,,,,,,Hard,
2026-06-26T20:00:40,1324.247,active,0,,,,,,,,,,,,,Hard,
2026-06-26T20:00:41,1325.252,active,0,,,,,,,,,,,,,Hard,
2026-06-26T20:00:42,1326.255,active,0,,,,,,,,,,,,,Hard,
2026-06-26T20:00:43,1327.260,active,0,,,,,,,,,,,,,Hard,
2026-06-26T20:00:44,1328.264,active,0,,,,,,,,,,,,,Hard,
2026-06-26T20:00:45,1329.269,active,0,,,,,,,,,,,,,Hard,
2026-06-26T20:00:46,1330.275,active,0,,,,,,,,,,,,,Hard,
2026-06-26T20:00:47,1331.280,active,0,,,,,,,,,,,,,Hard,
2026-06-26T20:00:48,1332.287,active,0,,,,,,,,,,,,,Hard,
2026-06-26T20:00:49,1333.291,active,0,,,,,,,,,,,,,Hard,
2026-06-26T20:00:50,1334.296,active,0,,,,,,,,,,,,,Hard,
2026-06-26T20:00:51,1335.302,active,0,,,,,,,,,,,,,Hard,
2026-06-26T20:00:52,1336.304,active,0,,,,,,,,,,,,,Hard,
2026-06-26T20:00:53,1337.309,active,0,,,,,,,,,,,,,Hard,
2026-06-26T20:00:54,1338.317,active,0,,,,,,,,,,,,,Hard,
2026-06-26T20:00:55,1339.323,active,0,,,,,,,,,,,,,Hard,
2026-06-26T20:00:56,1340.326,active,0,,,,,,,,,,,,,Hard,
2026-06-26T20:00:57,1341.331,active,0,,,,,,,,,,,,,Hard,
2026-06-26T20:00:58,1342.337,active,0,,,,,,,,,,,,,Hard,
2026-06-26T20:00:59,1343.339,active,0,,,,,,,,,,,,,Hard,
2026-06-26T20:01:00,1344.342,active,0,,,,,,,,,,,,,Hard,
2026-06-26T20:01:01,1345.349,active,0,,,,,,,,,,,,,Hard,
2026-06-26T20:01:02,1346.372,active,0,,,,,,,,,,,,,Hard,
2026-06-26T20:01:03,1347.377,active,0,,,,,,,,,,,,,Hard,
2026-06-26T20:01:04,1348.380,active,0,,,,,,,,,,,,,Hard,
2026-06-26T20:01:05,1349.386,active,0,,,,,,,,,,,,,Hard,
2026-06-26T20:01:06,1350.391,active,0,,,,,,,,,,,,,Hard,
2026-06-26T20:01:07,1351.397,active,0,,,,,,,,,,,,,Hard,
2026-06-26T20:01:08,1352.402,active,0,,,,,,,,,,,,,Hard,
2026-06-26T20:01:09,1353.406,active,0,,,,,,,,,,,,,Hard,
2026-06-26T20:01:10,1354.412,active,0,,,,,,,,,,,,,Hard,
2026-06-26T20:01:11,1355.417,active,0,,,,,,,,,,,,,Hard,
2026-06-26T20:01:12,1356.425,active,0,,,,,,,,,,,,,Hard,
2026-06-26T20:01:13,1357.428,active,0,,,,,,,,,,,,,Hard,
2026-06-26T20:01:14,1358.431,active,0,,,,,,,,,,,,,Hard,
2026-06-26T20:01:15,1359.434,active,0,,,,,,,,,,,,,Hard,
2026-06-26T20:01:16,1360.442,active,0,,,,,,,,,,,,,Hard,
2026-06-26T20:01:17,1361.449,active,0,,,,,,,,,,,,,Hard,
2026-06-26T20:01:18,1362.456,active,0,,,,,,,,,,,,,Hard,
2026-06-26T20:01:19,1363.459,active,0,,,,,,,,,,,,,Hard,
2026-06-26T20:01:20,1364.464,active,0,,,,,,,,,,,,,Hard,
2026-06-26T20:01:21,1365.471,active,0,,,,,,,,,,,,,Hard,
2026-06-26T20:01:22,1366.477,active,0,,,,,,,,,,,,,Hard,
2026-06-26T20:01:23,1367.482,active,0,,,,,,,,,,,,,Hard,
2026-06-26T20:01:24,1368.484,active,0,,,,,,,,,,,,,Hard,
2026-06-26T20:01:25,1369.491,active,0,,,,,,,,,,,,,Hard,
2026-06-26T20:01:26,1370.498,active,0,,,,,,,,,,,,,Hard,
2026-06-26T20:01:27,1371.502,active,0,,,,,,,,,,,,,Hard,
2026-06-26T20:01:28,1372.507,active,0,,,,,,,,,,,,,Hard,
2026-06-26T20:01:29,1373.510,active,0,,,,,,,,,,,,,Hard,
2026-06-26T20:01:30,1374.514,active,0,,,,,,,,,,,,,Hard,
2026-06-26T20:01:31,1375.519,active,0,,,,,,,,,,,,,Hard,
2026-06-26T20:01:32,1376.525,active,0,,,,,,,,,,,,,Hard,
2026-06-26T20:01:33,1377.533,active,0,,,,,,,,,,,,,Hard,
2026-06-26T20:01:34,1378.539,active,0,,,,,,,,,,,,,Hard,
2026-06-26T20:01:35,1379.546,active,0,,,,,,,,,,,,,Hard,
2026-06-26T20:01:36,1380.548,active,0,,,,,,,,,,,,,Hard,
2026-06-26T20:01:37,1381.554,active,0,,,,,,,,,,,,,Hard,
2026-06-26T20:01:38,1382.556,active,0,,,,,,,,,,,,,Hard,
2026-06-26T20:01:39,1383.559,active,0,,,,,,,,,,,,,Hard,
2026-06-26T20:01:40,1384.564,active,0,,,,,,,,,,,,,Hard,
2026-06-26T20:01:41,1385.570,active,0,,,,,,,,,,,,,Hard,
2026-06-26T20:01:42,1386.574,active,0,,,,,,,,,,,,,Hard,
2026-06-26T20:01:43,1387.581,active,0,,,,,,,,,,,,,Hard,
2026-06-26T20:01:44,1388.587,active,0,,,,,,,,,,,,,Hard,
2026-06-26T20:01:45,1389.592,active,0,,,,,,,,,,,,,Hard,
2026-06-26T20:01:46,1390.595,active,0,,,,,,,,,,,,,Hard,
2026-06-26T20:01:47,1391.600,active,0,,,,,,,,,,,,,Hard,
2026-06-26T20:01:48,1392.603,active,0,,,,,,,,,,,,,Hard,
2026-06-26T20:01:49,1393.606,active,0,,,,,,,,,,,,,Hard,
2026-06-26T20:01:50,1394.612,active,0,,,,,,,,,,,,,Hard,
2026-06-26T20:01:51,1395.614,active,0,,,,,,,,,,,,,Hard,
2026-06-26T20:01:52,1396.621,active,0,,,,,,,,,,,,,Hard,
2026-06-26T20:01:53,1397.627,active,0,,,,,,,,,,,,,Hard,
2026-06-26T20:01:54,1398.630,active,0,,,,,,,,,,,,,Hard,
2026-06-26T20:01:55,1399.634,active,0,,,,,,,,,,,,,Hard,
2026-06-26T20:01:56,1400.640,active,0,,,,,,,,,,,,,Hard,
2026-06-26T20:01:57,1401.641,active,0,,,,,,,,,,,,,Hard,
2026-06-26T20:01:58,1402.647,active,0,,,,,,,,,,,,,Hard,
2026-06-26T20:01:59,1403.649,active,0,,,,,,,,,,,,,Hard,
2026-06-26T20:02:00,1404.654,active,0,,,,,,,,,,,,,Hard,
2026-06-26T20:02:01,1405.657,active,0,,,,,,,,,,,,,Hard,
2026-06-26T20:02:02,1406.661,active,0,,,,,,,,,,,,,Hard,
2026-06-26T20:02:03,1407.666,active,0,,,,,,,,,,,,,Hard,
2026-06-26T20:02:04,1408.672,active,0,,,,,,,,,,,,,Hard,
2026-06-26T20:02:05,1409.676,active,0,,,,,,,,,,,,,Hard,
2026-06-26T20:02:06,1410.680,active,0,,,,,,,,,,,,,Hard,
2026-06-26T20:02:07,1411.687,active,0,,,,,,,,,,,,,Hard,
2026-06-26T20:02:09,1412.691,active,0,,,,,,,,,,,,,Hard,
2026-06-26T20:02:10,1413.695,active,0,,,,,,,,,,,,,Hard,
2026-06-26T20:02:11,1414.701,active,0,,,,,,,,,,,,,Hard,
2026-06-26T20:02:12,1415.703,active,0,,,,,,,,,,,,,Hard,
2026-06-26T20:02:13,1416.707,active,0,,,,,,,,,,,,,Hard,
2026-06-26T20:02:14,1417.713,active,0,,,,,,,,,,,,,Hard,
2026-06-26T20:02:15,1418.719,active,0,,,,,,,,,,,,,Hard,
2026-06-26T20:02:16,1419.722,active,0,,,,,,,,,,,,,Hard,
2026-06-26T20:02:17,1420.728,active,0,,,,,,,,,,,,,Hard,
2026-06-26T20:02:18,1421.731,active,0,,,,,,,,,,,,,Hard,
2026-06-26T20:02:19,1422.736,active,0,,,,,,,,,,,,,Hard,
2026-06-26T20:02:20,1423.741,active,0,,,,,,,,,,,,,Hard,
2026-06-26T20:02:21,1424.747,active,0,,,,,,,,,,,,,Hard,
2026-06-26T20:02:22,1425.752,active,0,,,,,,,,,,,,,Hard,
2026-06-26T20:02:23,1426.758,active,0,,,,,,,,,,,,,Hard,
2026-06-26T20:02:24,1427.759,active,0,,,,,,,,,,,,,Hard,
2026-06-26T20:02:25,1428.764,active,0,,,,,,,,,,,,,Hard,
2026-06-26T20:02:26,1429.772,active,0,,,,,,,,,,,,,Hard,
2026-06-26T20:02:27,1430.779,active,0,,,,,,,,,,,,,Hard,
2026-06-26T20:02:28,1431.786,active,0,,,,,,,,,,,,,Hard,
2026-06-26T20:02:29,1432.792,active,0,,,,,,,,,,,,,Hard,
2026-06-26T20:02:30,1433.797,active,0,,,,,,,,,,,,,Hard,
2026-06-26T20:02:31,1434.801,active,0,,,,,,,,,,,,,Hard,
2026-06-26T20:02:32,1435.806,active,0,,,,,,,,,,,,,Hard,
2026-06-26T20:02:33,1436.809,active,0,,,,,,,,,,,,,Hard,
2026-06-26T20:02:34,1437.814,active,0,,,,,,,,,,,,,Hard,
2026-06-26T20:02:35,1438.820,active,0,,,,,,,,,,,,,Hard,
2026-06-26T20:02:36,1439.822,active,0,,,,,,,,,,,,,Hard,
2026-06-26T20:02:37,1440.828,active,0,,,,,,,,,,,,,Hard,
2026-06-26T20:02:38,1441.830,active,0,,,,,,,,,,,,,Hard,
2026-06-26T20:02:39,1442.836,active,0,,,,,,,,,,,,,Hard,
2026-06-26T20:02:40,1443.839,active,0,,,,,,,,,,,,,Hard,
2026-06-26T20:02:41,1444.840,active,0,,,,,,,,,,,,,Hard,
2026-06-26T20:02:42,1445.846,active,0,,,,,,,,,,,,,Hard,
2026-06-26T20:02:43,1446.848,active,0,,,,,,,,,,,,,Hard,
2026-06-26T20:02:44,1447.854,active,0,,,,,,,,,,,,,Hard,
2026-06-26T20:02:45,1448.858,active,0,,,,,,,,,,,,,Hard,
2026-06-26T20:02:46,1449.861,active,0,,,,,,,,,,,,,Hard,
2026-06-26T20:02:47,1450.864,active,0,,,,,,,,,,,,,Hard,
2026-06-26T20:02:48,1451.869,active,0,,,,,,,,,,,,,Hard,
2026-06-26T20:02:49,1452.871,active,0,,,,,,,,,,,,,Hard,
2026-06-26T20:02:50,1453.875,active,0,,,,,,,,,,,,,Hard,
2026-06-26T20:02:51,1454.880,active,0,,,,,,,,,,,,,Hard,
2026-06-26T20:02:52,1455.881,active,0,,,,,,,,,,,,,Hard,
2026-06-26T20:02:53,1456.884,active,0,,,,,,,,,,,,,Hard,
2026-06-26T20:02:54,1457.892,active,0,,,,,,,,,,,,,Hard,
2026-06-26T20:02:55,1458.897,active,0,,,,,,,,,,,,,Hard,
2026-06-26T20:02:56,1459.900,active,0,,,,,,,,,,,,,Hard,
2026-06-26T20:02:57,1460.906,active,0,,,,,,,,,,,,,Hard,
2026-06-26T20:02:58,1461.909,active,0,,,,,,,,,,,,,Hard,
2026-06-26T20:02:59,1462.912,active,0,,,,,,,,,,,,,Hard,
2026-06-26T20:03:00,1463.915,active,0,,,,,,,,,,,,,Hard,
2026-06-26T20:03:01,1464.922,active,0,,,,,,,,,,,,,Hard,
2026-06-26T20:03:02,1465.926,active,0,,,,,,,,,,,,,Hard,
2026-06-26T20:03:03,1466.934,active,0,,,,,,,,,,,,,Hard,
2026-06-26T20:03:04,1467.939,active,0,,,,,,,,,,,,,Hard,
2026-06-26T20:03:05,1468.940,active,0,,,,,,,,,,,,,Hard,
2026-06-26T20:03:06,1469.946,active,0,,,,,,,,,,,,,Hard,
2026-06-26T20:03:07,1470.951,active,0,,,,,,,,,,,,,Hard,
2026-06-26T20:03:08,1471.956,active,0,,,,,,,,,,,,,Hard,
2026-06-26T20:03:09,1472.965,active,0,,,,,,,,,,,,,Hard,
2026-06-26T20:03:10,1473.972,active,0,,,,,,,,,,,,,Hard,
2026-06-26T20:03:11,1474.977,active,0,,,,,,,,,,,,,Hard,
2026-06-26T20:03:12,1475.979,active,0,,,,,,,,,,,,,Hard,
2026-06-26T20:03:13,1476.984,active,0,,,,,,,,,,,,,Hard,
2026-06-26T20:03:14,1477.984,active,0,,,,,,,,,,,,,Hard,
2026-06-26T20:03:15,1478.984,active,0,,,,,,,,,,,,,Hard,
2026-06-26T20:03:16,1479.983,active,0,,,,,,,,,,,,,Hard,
2026-06-26T20:03:17,1480.986,active,0,,,,,,,,,,,,,Hard,
2026-06-26T20:03:18,1481.991,active,0,,,,,,,,,,,,,Hard,
2026-06-26T20:03:19,1482.997,active,0,,,,,,,,,,,,,Hard,
2026-06-26T20:03:20,1484.000,active,0,,,,,,,,,,,,,Hard,
2026-06-26T20:03:21,1485.004,active,0,,,,,,,,,,,,,Hard,
2026-06-26T20:03:22,1486.007,active,0,,,,,,,,,,,,,Hard,
2026-06-26T20:03:23,1487.011,active,0,,,,,,,,,,,,,Hard,
2026-06-26T20:03:24,1488.017,active,0,,,,,,,,,,,,,Hard,
2026-06-26T20:03:25,1489.019,active,0,,,,,,,,,,,,,Hard,
2026-06-26T20:03:26,1490.025,active,0,,,,,,,,,,,,,Hard,
2026-06-26T20:03:27,1491.026,active,0,,,,,,,,,,,,,Hard,
2026-06-26T20:03:28,1492.032,active,0,,,,,,,,,,,,,Hard,
2026-06-26T20:03:29,1493.037,active,0,,,,,,,,,,,,,Hard,
2026-06-26T20:03:30,1494.041,active,0,,,,,,,,,,,,,Hard,
2026-06-26T20:03:31,1495.042,active,0,,,,,,,,,,,,,Hard,
2026-06-26T20:03:32,1496.046,active,0,,,,,,,,,,,,,Hard,
2026-06-26T20:03:33,1497.046,active,0,,,,,,,,,,,,,Hard,
2026-06-26T20:03:34,1498.052,active,0,,,,,,,,,,,,,Hard,
2026-06-26T20:03:35,1499.053,active,0,,,,,,,,,,,,,Hard,
2026-06-26T20:03:36,1500.060,active,0,,,,,,,,,,,,,Hard,
2026-06-26T20:03:37,1501.067,active,0,,,,,,,,,,,,,Hard,
2026-06-26T20:03:38,1502.069,active,0,,,,,,,,,,,,,Hard,
2026-06-26T20:03:39,1503.072,active,0,,,,,,,,,,,,,Hard,
2026-06-26T20:03:40,1504.077,active,0,,,,,,,,,,,,,Hard,
2026-06-26T20:03:41,1505.082,active,0,,,,,,,,,,,,,Hard,
2026-06-26T20:03:42,1506.084,active,0,,,,,,,,,,,,,Hard,
2026-06-26T20:03:43,1507.085,active,0,,,,,,,,,,,,,Hard,
2026-06-26T20:03:44,1508.087,active,0,,,,,,,,,,,,,Hard,
2026-06-26T20:03:45,1509.091,active,0,,,,,,,,,,,,,Hard,
2026-06-26T20:03:46,1510.096,active,0,,,,,,,,,,,,,Hard,
2026-06-26T20:03:47,1511.101,active,0,,,,,,,,,,,,,Hard,
2026-06-26T20:03:48,1512.106,active,0,,,,,,,,,,,,,Hard,
2026-06-26T20:03:49,1513.112,active,0,,,,,,,,,,,,,Hard,
2026-06-26T20:03:50,1514.115,active,0,,,,,,,,,,,,,Hard,
2026-06-26T20:03:51,1515.120,active,0,,,,,,,,,,,,,Hard,
2026-06-26T20:03:52,1516.126,active,0,,,,,,,,,,,,,Hard,
2026-06-26T20:03:53,1517.131,active,0,,,,,,,,,,,,,Hard,
2026-06-26T20:03:54,1518.133,active,0,,,,,,,,,,,,,Hard,
2026-06-26T20:03:55,1519.141,active,0,,,,,,,,,,,,,Hard,
2026-06-26T20:03:56,1520.142,active,0,,,,,,,,,,,,,Hard,
2026-06-26T20:03:57,1521.144,active,0,,,,,,,,,,,,,Hard,
2026-06-26T20:03:58,1522.149,active,0,,,,,,,,,,,,,Hard,
2026-06-26T20:03:59,1523.155,active,0,,,,,,,,,,,,,Hard,
2026-06-26T20:04:00,1524.160,active,0,,,,,,,,,,,,,Hard,
2026-06-26T20:04:01,1525.168,active,0,,,,,,,,,,,,,Hard,
2026-06-26T20:04:02,1526.172,active,0,,,,,,,,,,,,,Hard,
2026-06-26T20:04:03,1527.178,active,0,,,,,,,,,,,,,Hard,
2026-06-26T20:04:04,1528.184,active,0,,,,,,,,,,,,,Hard,
2026-06-26T20:04:05,1529.190,active,0,,,,,,,,,,,,,Hard,
2026-06-26T20:04:06,1530.194,active,0,,,,,,,,,,,,,Hard,
2026-06-26T20:04:07,1531.196,active,0,,,,,,,,,,,,,Hard,
2026-06-26T20:04:08,1532.200,active,0,,,,,,,,,,,,,Hard,
2026-06-26T20:04:09,1533.204,active,0,,,,,,,,,,,,,Hard,
2026-06-26T20:04:10,1534.211,active,0,,,,,,,,,,,,,Hard,
2026-06-26T20:04:11,1535.215,active,0,,,,,,,,,,,,,Hard,
2026-06-26T20:04:12,1536.223,active,0,,,,,,,,,,,,,Hard,
2026-06-26T20:04:13,1537.229,active,0,,,,,,,,,,,,,Hard,
2026-06-26T20:04:14,1538.233,active,0,,,,,,,,,,,,,Hard,
2026-06-26T20:04:15,1539.238,active,0,,,,,,,,,,,,,Hard,
2026-06-26T20:04:16,1540.244,active,0,,,,,,,,,,,,,Hard,
2026-06-26T20:04:17,1541.245,active,0,,,,,,,,,,,,,Hard,
2026-06-26T20:04:18,1542.247,active,0,,,,,,,,,,,,,Hard,
2026-06-26T20:04:19,1543.253,active,0,,,,,,,,,,,,,Hard,
2026-06-26T20:04:20,1544.259,active,0,,,,,,,,,,,,,Hard,
2026-06-26T20:04:21,1545.260,active,0,,,,,,,,,,,,,Hard,
2026-06-26T20:04:22,1546.265,active,0,,,,,,,,,,,,,Hard,
2026-06-26T20:04:23,1547.265,active,0,,,,,,,,,,,,,Hard,
2026-06-26T20:04:24,1548.269,active,0,,,,,,,,,,,,,Hard,
2026-06-26T20:04:25,1549.274,active,0,,,,,,,,,,,,,Hard,
2026-06-26T20:04:26,1550.280,active,0,,,,,,,,,,,,,Hard,
2026-06-26T20:04:27,1551.284,active,0,,,,,,,,,,,,,Hard,
2026-06-26T20:04:28,1552.292,active,0,,,,,,,,,,,,,Hard,
2026-06-26T20:04:29,1553.294,active,0,,,,,,,,,,,,,Hard,
2026-06-26T20:04:30,1554.295,active,0,,,,,,,,,,,,,Hard,
2026-06-26T20:04:31,1555.298,active,0,,,,,,,,,,,,,Hard,
2026-06-26T20:04:32,1556.304,active,0,,,,,,,,,,,,,Hard,
2026-06-26T20:04:33,1557.306,active,0,,,,,,,,,,,,,Hard,
2026-06-26T20:04:34,1558.312,active,0,,,,,,,,,,,,,Hard,
2026-06-26T20:04:35,1559.317,active,0,,,,,,,,,,,,,Hard,
2026-06-26T20:04:36,1560.322,active,0,,,,,,,,,,,,,Hard,
2026-06-26T20:04:37,1561.340,active,0,,,,,,,,,,,,,Hard,
2026-06-26T20:04:38,1562.344,active,0,,,,,,,,,,,,,Hard,
2026-06-26T20:04:39,1563.348,active,0,,,,,,,,,,,,,Hard,
2026-06-26T20:04:40,1564.364,active,0,,,,,,,,,,,,,Hard,
2026-06-26T20:04:41,1565.370,active,0,,,,,,,,,,,,,Hard,
2026-06-26T20:04:42,1566.376,active,0,,,,,,,,,,,,,Hard,
2026-06-26T20:04:43,1567.379,active,0,,,,,,,,,,,,,Hard,
2026-06-26T20:04:44,1568.386,active,0,,,,,,,,,,,,,Hard,
2026-06-26T20:04:45,1569.393,active,0,,,,,,,,,,,,,Hard,
2026-06-26T20:04:46,1570.397,active,0,,,,,,,,,,,,,Hard,
2026-06-26T20:04:47,1571.403,active,0,,,,,,,,,,,,,Hard,
2026-06-26T20:04:48,1572.408,active,0,,,,,,,,,,,,,Hard,
2026-06-26T20:04:49,1573.413,active,0,,,,,,,,,,,,,Hard,
2026-06-26T20:04:50,1574.422,active,0,,,,,,,,,,,,,Hard,
2026-06-26T20:04:51,1575.429,active,0,,,,,,,,,,,,,Hard,
2026-06-26T20:04:52,1576.433,active,0,,,,,,,,,,,,,Hard,
2026-06-26T20:04:53,1577.439,active,0,,,,,,,,,,,,,Hard,
2026-06-26T20:04:54,1578.445,active,0,,,,,,,,,,,,,Hard,
2026-06-26T20:04:55,1579.447,active,0,,,,,,,,,,,,,Hard,
2026-06-26T20:04:56,1580.452,active,0,,,,,,,,,,,,,Hard,
2026-06-26T20:04:57,1581.458,active,0,,,,,,,,,,,,,Hard,
2026-06-26T20:04:58,1582.461,active,0,,,,,,,,,,,,,Hard,
2026-06-26T20:04:59,1583.467,active,0,,,,,,,,,,,,,Hard,
2026-06-26T20:05:00,1584.475,active,0,,,,,,,,,,,,,Hard,
2026-06-26T20:05:01,1585.478,active,0,,,,,,,,,,,,,Hard,
2026-06-26T20:05:02,1586.484,active,0,,,,,,,,,,,,,Hard,
2026-06-26T20:05:03,1587.489,active,0,,,,,,,,,,,,,Hard,
2026-06-26T20:05:04,1588.494,active,0,,,,,,,,,,,,,Hard,
2026-06-26T20:05:05,1589.498,active,0,,,,,,,,,,,,,Hard,
2026-06-26T20:05:06,1590.505,active,0,,,,,,,,,,,,,Hard,
2026-06-26T20:05:07,1591.511,active,0,,,,,,,,,,,,,Hard,
2026-06-26T20:05:08,1592.518,active,0,,,,,,,,,,,,,Hard,
2026-06-26T20:05:09,1593.524,active,0,,,,,,,,,,,,,Hard,
2026-06-26T20:05:10,1594.528,active,0,,,,,,,,,,,,,Hard,
2026-06-26T20:05:11,1595.533,active,0,,,,,,,,,,,,,Hard,
2026-06-26T20:05:12,1596.538,active,0,,,,,,,,,,,,,Hard,
2026-06-26T20:05:13,1597.541,active,0,,,,,,,,,,,,,Hard,
2026-06-26T20:05:14,1598.548,active,0,,,,,,,,,,,,,Hard,
2026-06-26T20:05:15,1599.552,active,0,,,,,,,,,,,,,Hard,
2026-06-26T20:05:16,1600.558,active,0,,,,,,,,,,,,,Hard,
2026-06-26T20:05:17,1601.563,active,0,,,,,,,,,,,,,Hard,
2026-06-26T20:05:18,1602.569,active,0,,,,,,,,,,,,,Hard,
2026-06-26T20:05:19,1603.575,active,0,,,,,,,,,,,,,Hard,
2026-06-26T20:05:20,1604.580,active,0,,,,,,,,,,,,,Hard,
2026-06-26T20:05:21,1605.581,active,0,,,,,,,,,,,,,Hard,
2026-06-26T20:05:22,1606.586,active,0,,,,,,,,,,,,,Hard,
2026-06-26T20:05:23,1607.590,active,0,,,,,,,,,,,,,Hard,
2026-06-26T20:05:24,1608.597,active,0,,,,,,,,,,,,,Hard,
2026-06-26T20:05:25,1609.603,active,0,,,,,,,,,,,,,Hard,
2026-06-26T20:05:26,1610.609,active,0,,,,,,,,,,,,,Hard,
2026-06-26T20:05:27,1611.613,active,0,,,,,,,,,,,,,Hard,
2026-06-26T20:05:28,1612.618,active,0,,,,,,,,,,,,,Hard,
2026-06-26T20:05:29,1613.623,active,0,,,,,,,,,,,,,Hard,
2026-06-26T20:05:30,1614.628,active,0,,,,,,,,,,,,,Hard,
2026-06-26T20:05:31,1615.632,active,0,,,,,,,,,,,,,Hard,
2026-06-26T20:05:32,1616.636,active,0,,,,,,,,,,,,,Hard,
2026-06-26T20:05:33,1617.643,baseline_rest,0,,,,,,,,,,,,,Hard,
2026-06-26T20:05:34,1618.649,baseline_rest,0,,,,,,,,,,,,,Hard,
2026-06-26T20:05:35,1619.653,baseline_rest,0,,,,,,,,,,,,,Hard,
2026-06-26T20:05:36,1620.658,baseline_rest,0,,,,,,,,,,,,,Hard,
2026-06-26T20:05:37,1621.661,baseline_rest,0,,,,,,,,,,,,,Hard,
2026-06-26T20:05:38,1622.666,baseline_rest,0,,,,,,,,,,,,,Hard,
2026-06-26T20:05:39,1623.672,baseline_rest,0,,,,,,,,,,,,,Hard,
2026-06-26T20:05:40,1624.678,baseline_rest,0,,,,,,,,,,,,,Hard,
2026-06-26T20:05:41,1625.683,baseline_rest,0,,,,,,,,,,,,,Hard,
2026-06-26T20:05:43,1626.690,baseline_rest,0,,,,,,,,,,,,,Hard,
2026-06-26T20:05:44,1627.693,baseline_rest,0,,,,,,,,,,,,,Hard,
2026-06-26T20:05:45,1628.707,baseline_rest,0,,,,,,,,,,,,,Hard,
2026-06-26T20:05:46,1629.712,baseline_rest,0,,,,,,,,,,,,,Hard,
2026-06-26T20:05:47,1630.718,baseline_rest,0,,,,,,,,,,,,,Hard,
2026-06-26T20:05:48,1631.726,baseline_rest,0,,,,,,,,,,,,,Hard,
2026-06-26T20:05:49,1632.733,baseline_rest,0,,,,,,,,,,,,,Hard,
2026-06-26T20:05:50,1633.737,baseline_rest,0,,,,,,,,,,,,,Hard,
2026-06-26T20:05:51,1634.743,baseline_rest,0,,,,,,,,,,,,,Hard,
2026-06-26T20:05:52,1635.748,baseline_rest,0,,,,,,,,,,,,,Hard,
2026-06-26T20:05:53,1636.755,baseline_rest,0,,,,,,,,,,,,,Hard,
2026-06-26T20:05:54,1637.761,idle,0,,,,,,,,,,,,,Hard,
2026-06-26T20:05:55,1638.763,idle,0,,,,,,,,,,,,,Hard,
2026-06-26T20:05:56,1639.769,baseline_active,0,,,,,,,,,,,,,Hard,
2026-06-26T20:05:57,1640.777,baseline_active,0,,,,,,,,,,,,,Hard,
2026-06-26T20:05:58,1641.783,baseline_active,0,,,,,,,,,,,,,Hard,
2026-06-26T20:05:59,1642.788,baseline_active,0,,,,,,,,,,,,,Hard,
2026-06-26T20:06:00,1643.792,baseline_active,0,,,,,,,,,,,,,Hard,
2026-06-26T20:06:01,1644.798,baseline_active,0,,,,,,,,,,,,,Hard,
2026-06-26T20:06:02,1645.802,baseline_active,0,,,,,,,,,,,,,Hard,
2026-06-26T20:06:03,1646.804,baseline_active,0,,,,,,,,,,,,,Hard,
2026-06-26T20:06:04,1647.810,baseline_active,0,,,,,,,,,,,,,Hard,
2026-06-26T20:06:05,1648.815,baseline_active,0,,,,,,,,,,,,,Hard,
2026-06-26T20:06:06,1649.823,baseline_active,0,,,,,,,,,,,,,Hard,
2026-06-26T20:06:07,1650.828,baseline_active,0,,,,,,,,,,,,,Hard,
2026-06-26T20:06:08,1651.834,baseline_active,0,,,,,,,,,,,,,Hard,
2026-06-26T20:06:09,1652.840,baseline_active,0,,,,,,,,,,,,,Hard,
2026-06-26T20:06:10,1653.843,baseline_active,0,,,,,,,,,,,,,Hard,
2026-06-26T20:06:11,1654.844,baseline_active,0,,,,,,,,,,,,,Hard,
2026-06-26T20:06:12,1655.848,baseline_active,0,,,,,,,,,,,,,Hard,
2026-06-26T20:06:13,1656.853,baseline_active,0,,,,,,,,,,,,,Hard,
2026-06-26T20:06:14,1657.861,baseline_active,0,,,,,,,,,,,,,Hard,
2026-06-26T20:06:15,1658.866,baseline_active,0,,,,,,,,,,,,,Hard,
2026-06-26T20:06:16,1659.872,baseline_active,0,,,,,,,,,,,,,Hard,
2026-06-26T20:06:17,1660.874,baseline_active,0,,,,,,,,,,,,,Hard,
2026-06-26T20:06:18,1661.880,baseline_active,0,,,,,,,,,,,,,Hard,
2026-06-26T20:06:19,1662.886,baseline_active,0,,,,,,,,,,,,,Hard,
2026-06-26T20:06:20,1663.887,baseline_active,0,,,,,,,,,,,,,Hard,
2026-06-26T20:06:21,1664.910,baseline_active,0,,,,,,,,,,,,,Hard,
2026-06-26T20:06:22,1665.916,baseline_active,0,,,,,,,,,,,,,Hard,
2026-06-26T20:06:23,1666.921,baseline_active,0,,,,,,,,,,,,,Hard,
2026-06-26T20:06:24,1667.925,baseline_active,0,,,,,,,,,,,,,Hard,
2026-06-26T20:06:25,1668.931,baseline_active,0,,,,,,,,,,,,,Hard,
2026-06-26T20:06:26,1669.936,baseline_active,0,,,,,,,,,,,,,Hard,
2026-06-26T20:06:27,1670.942,baseline_active,0,,,,,,,,,,,,,Hard,
2026-06-26T20:06:28,1671.947,baseline_active,0,,,,,,,,,,,,,Hard,
2026-06-26T20:06:29,1672.954,baseline_active,0,,,,,,,,,,,,,Hard,
2026-06-26T20:06:30,1673.959,baseline_active,0,,,,,,,,,,,,,Hard,
2026-06-26T20:06:31,1674.963,baseline_active,0,,,,,,,,,,,,,Hard,
2026-06-26T20:06:32,1675.964,baseline_active,0,,,,,,,,,,,,,Hard,
2026-06-26T20:06:33,1676.970,baseline_active,0,,,,,,,,,,,,,Hard,
2026-06-26T20:06:34,1677.978,baseline_active,0,,,,,,,,,,,,,Hard,
2026-06-26T20:06:35,1678.981,baseline_active,0,,,,,,,,,,,,,Hard,
2026-06-26T20:06:36,1679.986,baseline_active,0,,,,,,,,,,,,,Hard,
2026-06-26T20:06:37,1680.991,baseline_active,0,,,,,,,,,,,,,Hard,
2026-06-26T20:06:38,1681.998,baseline_active,0,,,,,,,,,,,,,Hard,
2026-06-26T20:06:39,1683.003,baseline_active,0,,,,,,,,,,,,,Hard,
2026-06-26T20:06:40,1684.008,baseline_active,0,,,,,,,,,,,,,Hard,
2026-06-26T20:06:41,1685.013,baseline_active,0,,,,,,,,,,,,,Hard,
2026-06-26T20:06:42,1686.014,baseline_active,0,,,,,,,,,,,,,Hard,
2026-06-26T20:06:43,1687.020,baseline_active,0,,,,,,,,,,,,,Hard,
2026-06-26T20:06:44,1688.025,baseline_active,0,,,,,,,,,,,,,Hard,
2026-06-26T20:06:45,1689.026,baseline_active,0,,,,,,,,,,,,,Hard,
2026-06-26T20:06:46,1690.032,baseline_active,0,,,,,,,,,,,,,Hard,
2026-06-26T20:06:47,1691.035,baseline_active,0,,,,,,,,,,,,,Hard,
2026-06-26T20:06:48,1692.044,baseline_active,0,,,,,,,,,,,,,Hard,
2026-06-26T20:06:49,1693.050,baseline_active,0,,,,,,,,,,,,,Hard,
2026-06-26T20:06:50,1694.055,baseline_active,0,,,,,,,,,,,,,Hard,
2026-06-26T20:06:51,1695.058,baseline_active,0,,,,,,,,,,,,,Hard,
2026-06-26T20:06:52,1696.064,baseline_active,0,,,,,,,,,,,,,Hard,
2026-06-26T20:06:53,1697.068,baseline_active,0,,,,,,,,,,,,,Hard,
2026-06-26T20:06:54,1698.073,baseline_active,0,,,,,,,,,,,,,Hard,
2026-06-26T20:06:55,1699.078,baseline_active,0,,,,,,,,,,,,,Hard,
2026-06-26T20:06:56,1700.081,baseline_active,0,,,,,,,,,,,,,Hard,
2026-06-26T20:06:57,1701.086,baseline_active,0,,,,,,,,,,,,,Hard,
2026-06-26T20:06:58,1702.089,baseline_active,0,,,,,,,,,,,,,Hard,
2026-06-26T20:06:59,1703.091,baseline_active,0,,,,,,,,,,,,,Hard,
2026-06-26T20:07:00,1704.096,baseline_active,0,,,,,,,,,,,,,Hard,
2026-06-26T20:07:01,1705.102,baseline_active,0,,,,,,,,,,,,,Hard,
2026-06-26T20:07:02,1706.107,baseline_active,0,,,,,,,,,,,,,Hard,
2026-06-26T20:07:03,1707.108,baseline_active,0,,,,,,,,,,,,,Hard,
2026-06-26T20:07:04,1708.116,baseline_active,0,,,,,,,,,,,,,Hard,
2026-06-26T20:07:05,1709.118,baseline_active,0,,,,,,,,,,,,,Hard,
2026-06-26T20:07:06,1710.127,baseline_active,0,,,,,,,,,,,,,Hard,
2026-06-26T20:07:07,1711.134,baseline_active,0,,,,,,,,,,,,,Hard,
2026-06-26T20:07:08,1712.140,baseline_active,0,,,,,,,,,,,,,Hard,
2026-06-26T20:07:09,1713.145,baseline_active,0,,,,,,,,,,,,,Hard,
2026-06-26T20:07:10,1714.146,baseline_active,0,,,,,,,,,,,,,Hard,
2026-06-26T20:07:11,1715.152,baseline_active,0,,,,,,,,,,,,,Hard,
2026-06-26T20:07:12,1716.155,baseline_active,0,,,,,,,,,,,,,Hard,
2026-06-26T20:07:13,1717.156,baseline_active,0,,,,,,,,,,,,,Hard,
2026-06-26T20:07:14,1718.163,baseline_active,0,,,,,,,,,,,,,Hard,
2026-06-26T20:07:15,1719.171,baseline_active,0,,,,,,,,,,,,,Hard,
2026-06-26T20:07:16,1720.174,baseline_active,0,,,,,,,,,,,,,Hard,
2026-06-26T20:07:17,1721.174,baseline_active,0,,,,,,,,,,,,,Hard,
2026-06-26T20:07:18,1722.177,baseline_active,0,,,,,,,,,,,,,Hard,
2026-06-26T20:07:19,1723.180,baseline_active,0,,,,,,,,,,,,,Hard,
2026-06-26T20:07:20,1724.186,baseline_active,0,,,,,,,,,,,,,Hard,
2026-06-26T20:07:21,1725.193,baseline_active,0,,,,,,,,,,,,,Hard,
2026-06-26T20:07:22,1726.199,baseline_active,0,,,,,,,,,,,,,Hard,
2026-06-26T20:07:23,1727.208,baseline_active,0,,,,,,,,,,,,,Hard,
2026-06-26T20:07:24,1728.215,baseline_active,0,,,,,,,,,,,,,Hard,
2026-06-26T20:07:25,1729.218,baseline_active,0,,,,,,,,,,,,,Hard,
2026-06-26T20:07:26,1730.224,baseline_active,0,,,,,,,,,,,,,Hard,
2026-06-26T20:07:27,1731.236,baseline_active,0,,,,,,,,,,,,,Hard,
2026-06-26T20:07:28,1732.237,baseline_active,0,,,,,,,,,,,,,Hard,
2026-06-26T20:07:29,1733.244,baseline_active,0,,,,,,,,,,,,,Hard,
2026-06-26T20:07:30,1734.248,baseline_active,0,,,,,,,,,,,,,Hard,
2026-06-26T20:07:31,1735.253,baseline_active,0,,,,,,,,,,,,,Hard,
2026-06-26T20:07:32,1736.261,baseline_active,0,,,,,,,,,,,,,Hard,
2026-06-26T20:07:33,1737.262,baseline_active,0,,,,,,,,,,,,,Hard,
2026-06-26T20:07:34,1738.267,baseline_active,0,,,,,,,,,,,,,Hard,
2026-06-26T20:07:35,1739.271,baseline_active,0,,,,,,,,,,,,,Hard,
2026-06-26T20:07:36,1740.277,baseline_active,0,,,,,,,,,,,,,Hard,
2026-06-26T20:07:37,1741.279,baseline_active,0,,,,,,,,,,,,,Hard,
2026-06-26T20:07:38,1742.286,baseline_active,0,,,,,,,,,,,,,Hard,
2026-06-26T20:07:39,1743.288,baseline_active,0,,,,,,,,,,,,,Hard,
2026-06-26T20:07:40,1744.293,baseline_active,0,,,,,,,,,,,,,Hard,
2026-06-26T20:07:41,1745.297,baseline_active,0,,,,,,,,,,,,,Hard,
2026-06-26T20:07:42,1746.302,baseline_active,0,,,,,,,,,,,,,Hard,
2026-06-26T20:07:43,1747.305,baseline_active,0,,,,,,,,,,,,,Hard,
2026-06-26T20:07:44,1748.312,baseline_active,0,,,,,,,,,,,,,Hard,
2026-06-26T20:07:45,1749.318,baseline_active,0,,,,,,,,,,,,,Hard,
2026-06-26T20:07:46,1750.322,baseline_active,0,,,,,,,,,,,,,Hard,
2026-06-26T20:07:47,1751.329,baseline_active,0,,,,,,,,,,,,,Hard,
2026-06-26T20:07:48,1752.335,baseline_active,0,,,,,,,,,,,,,Hard,
2026-06-26T20:07:49,1753.336,baseline_active,0,,,,,,,,,,,,,Hard,
2026-06-26T20:07:50,1754.339,baseline_active,0,,,,,,,,,,,,,Hard,
2026-06-26T20:07:51,1755.344,baseline_active,0,,,,,,,,,,,,,Hard,
2026-06-26T20:07:52,1756.347,baseline_active,0,,,,,,,,,,,,,Hard,
2026-06-26T20:07:53,1757.350,baseline_active,0,,,,,,,,,,,,,Hard,
2026-06-26T20:07:54,1758.356,baseline_active,0,,,,,,,,,,,,,Hard,
2026-06-26T20:07:55,1759.361,baseline_active,0,,,,,,,,,,,,,Hard,
2026-06-26T20:07:56,1760.365,baseline_active,0,,,,,,,,,,,,,Hard,
2026-06-26T20:07:57,1761.373,baseline_active,0,,,,,,,,,,,,,Hard,
2026-06-26T20:07:58,1762.377,baseline_active,0,,,,,,,,,,,,,Hard,
2026-06-26T20:07:59,1763.380,baseline_active,0,,,,,,,,,,,,,Hard,
2026-06-26T20:08:00,1764.386,baseline_active,0,,,,,,,,,,,,,Hard,
2026-06-26T20:08:01,1765.388,baseline_active,0,,,,,,,,,,,,,Hard,
2026-06-26T20:08:02,1766.391,baseline_active,0,,,,,,,,,,,,,Hard,
2026-06-26T20:08:03,1767.396,baseline_active,0,,,,,,,,,,,,,Hard,
2026-06-26T20:08:04,1768.401,baseline_active,0,,,,,,,,,,,,,Hard,
2026-06-26T20:08:05,1769.407,baseline_active,0,,,,,,,,,,,,,Hard,
2026-06-26T20:08:06,1770.412,baseline_active,0,,,,,,,,,,,,,Hard,
2026-06-26T20:08:07,1771.413,baseline_active,0,,,,,,,,,,,,,Hard,
2026-06-26T20:08:08,1772.416,baseline_active,0,,,,,,,,,,,,,Hard,
2026-06-26T20:08:09,1773.421,baseline_active,0,,,,,,,,,,,,,Hard,
2026-06-26T20:08:10,1774.426,baseline_active,0,,,,,,,,,,,,,Hard,
2026-06-26T20:08:11,1775.428,baseline_active,0,,,,,,,,,,,,,Hard,
2026-06-26T20:08:12,1776.433,baseline_active,0,,,,,,,,,,,,,Hard,
2026-06-26T20:08:13,1777.438,baseline_active,0,,,,,,,,,,,,,Hard,
2026-06-26T20:08:14,1778.442,baseline_active,0,,,,,,,,,,,,,Hard,
2026-06-26T20:08:15,1779.444,baseline_active,0,,,,,,,,,,,,,Hard,
2026-06-26T20:08:16,1780.447,baseline_active,0,,,,,,,,,,,,,Hard,
2026-06-26T20:08:17,1781.452,baseline_active,0,,,,,,,,,,,,,Hard,
2026-06-26T20:08:18,1782.457,idle,0,,,,,,,,,,,,,Hard,
2026-06-26T20:08:19,1783.463,idle,0,,,,,,,,,,,,,Hard,
2026-06-26T20:08:20,1784.469,idle,0,,,,,,,,,,,,,Hard,
2026-06-26T20:08:21,1785.475,idle,0,,,,,,,,,,,,,Hard,
2026-06-26T20:08:22,1786.476,idle,0,,,,,,,,,,,,,Hard,
2026-06-26T20:08:23,1787.481,idle,0,,,,,,,,,,,,,Hard,
2026-06-26T20:08:24,1788.487,idle,0,,,,,,,,,,,,,Hard,
2026-06-26T20:08:25,1789.495,idle,0,,,,,,,,,,,,,Hard,
2026-06-26T20:08:26,1790.502,idle,0,,,,,,,,,,,,,Hard,
2026-06-26T20:08:27,1791.509,idle,0,,,,,,,,,,,,,Hard,
2026-06-26T20:08:28,1792.513,idle,0,,,,,,,,,,,,,Hard,
2026-06-26T20:08:29,1793.518,idle,0,,,,,,,,,,,,,Hard,
2026-06-26T20:08:30,1794.519,idle,0,,,,,,,,,,,,,Hard,
2026-06-26T20:08:31,1795.521,idle,0,,,,,,,,,,,,,Hard,
2026-06-26T20:08:32,1796.521,idle,0,,,,,,,,,,,,,Hard,
2026-06-26T20:08:33,1797.526,idle,0,,,,,,,,,,,,,Hard,
2026-06-26T20:08:34,1798.530,idle,0,,,,,,,,,,,,,Hard,
2026-06-26T20:08:35,1799.535,idle,0,,,,,,,,,,,,,Hard,
2026-06-26T20:08:36,1800.540,idle,0,,,,,,,,,,,,,Hard,
2026-06-26T20:08:37,1801.544,idle,0,,,,,,,,,,,,,Hard,
2026-06-26T20:08:38,1802.547,idle,0,,,,,,,,,,,,,Hard,
2026-06-26T20:08:39,1803.550,idle,0,,,,,,,,,,,,,Hard,
2026-06-26T20:08:40,1804.554,idle,0,,,,,,,,,,,,,Hard,
2026-06-26T20:08:41,1805.559,idle,0,,,,,,,,,,,,,Hard,
2026-06-26T20:08:42,1806.565,idle,0,,,,,,,,,,,,,Hard,
2026-06-26T20:08:43,1807.567,idle,0,,,,,,,,,,,,,Hard,
2026-06-26T20:08:44,1808.570,idle,0,,,,,,,,,,,,,Hard,
2026-06-26T20:08:45,1809.574,idle,0,,,,,,,,,,,,,Hard,
2026-06-26T20:08:46,1810.579,idle,0,,,,,,,,,,,,,Hard,
2026-06-26T20:08:47,1811.584,idle,0,,,,,,,,,,,,,Hard,
2026-06-26T20:08:48,1812.591,idle,0,,,,,,,,,,,,,Hard,
2026-06-26T20:08:49,1813.593,idle,0,,,,,,,,,,,,,Hard,
2026-06-26T20:08:50,1814.597,idle,0,,,,,,,,,,,,,Hard,
2026-06-26T20:08:51,1815.601,idle,0,,,,,,,,,,,,,Hard,
2026-06-26T20:08:52,1816.608,idle,0,,,,,,,,,,,,,Hard,
2026-06-26T20:08:53,1817.614,idle,0,,,,,,,,,,,,,Hard,
2026-06-26T20:08:54,1818.618,idle,0,,,,,,,,,,,,,Hard,
2026-06-26T20:08:55,1819.619,idle,0,,,,,,,,,,,,,Hard,
2026-06-26T20:08:56,1820.624,idle,0,,,,,,,,,,,,,Hard,
2026-06-26T20:08:57,1821.625,idle,0,,,,,,,,,,,,,Hard,
2026-06-26T20:08:58,1822.629,idle,0,,,,,,,,,,,,,Hard,
2026-06-26T20:08:59,1823.636,idle,0,,,,,,,,,,,,,Hard,
2026-06-26T20:09:00,1824.641,idle,0,,,,,,,,,,,,,Hard,
2026-06-26T20:09:01,1825.649,idle,0,,,,,,,,,,,,,Hard,
2026-06-26T20:09:02,1826.655,idle,0,,,,,,,,,,,,,Hard,
2026-06-26T20:09:03,1827.659,idle,0,,,,,,,,,,,,,Hard,
2026-06-26T20:09:04,1828.673,idle,0,,,,,,,,,,,,,Hard,
2026-06-26T20:09:05,1829.678,idle,0,,,,,,,,,,,,,Hard,
2026-06-26T20:09:06,1830.679,idle,0,,,,,,,,,,,,,Hard,
2026-06-26T20:09:07,1831.687,idle,0,,,,,,,,,,,,,Hard,
2026-06-26T20:09:09,1832.694,idle,0,,,,,,,,,,,,,Hard,
2026-06-26T20:09:10,1833.698,idle,0,,,,,,,,,,,,,Hard,
2026-06-26T20:09:11,1834.703,idle,0,,,,,,,,,,,,,Hard,
2026-06-26T20:09:12,1835.711,idle,0,,,,,,,,,,,,,Hard,
2026-06-26T20:09:13,1836.717,idle,0,,,,,,,,,,,,,Hard,
2026-06-26T20:09:14,1837.718,idle,0,,,,,,,,,,,,,Hard,
2026-06-26T20:09:15,1838.724,idle,0,,,,,,,,,,,,,Hard,
2026-06-26T20:09:16,1839.725,idle,0,,,,,,,,,,,,,Hard,
2026-06-26T20:09:17,1840.733,idle,0,,,,,,,,,,,,,Hard,
2026-06-26T20:09:18,1841.735,idle,0,,,,,,,,,,,,,Hard,
2026-06-26T20:09:19,1842.742,idle,0,,,,,,,,,,,,,Hard,
2026-06-26T20:09:20,1843.747,idle,0,,,,,,,,,,,,,Hard,
2026-06-26T20:09:21,1844.755,idle,0,,,,,,,,,,,,,Hard,
2026-06-26T20:09:22,1845.758,idle,0,,,,,,,,,,,,,Hard,
2026-06-26T20:09:23,1846.764,idle,0,,,,,,,,,,,,,Hard,
2026-06-26T20:09:24,1847.771,idle,0,,,,,,,,,,,,,Hard,
2026-06-26T20:09:25,1848.779,idle,0,,,,,,,,,,,,,Hard,
2026-06-26T20:09:26,1849.783,idle,0,,,,,,,,,,,,,Hard,
2026-06-26T20:09:27,1850.792,idle,0,,,,,,,,,,,,,Hard,
2026-06-26T20:09:28,1851.799,idle,0,,,,,,,,,,,,,Hard,
2026-06-26T20:09:29,1852.803,idle,0,,,,,,,,,,,,,Hard,
2026-06-26T20:09:30,1853.809,idle,0,,,,,,,,,,,,,Hard,
2026-06-26T20:09:31,1854.814,idle,0,,,,,,,,,,,,,Easy,
2026-06-26T20:09:32,1855.821,idle,0,,,,,,,,,,,,,Easy,
2026-06-26T20:09:33,1856.826,idle,0,,,,,,,,,,,,,Easy,
2026-06-26T20:09:34,1857.833,idle,0,,,,,,,,,,,,,Easy,
2026-06-26T20:09:35,1858.837,idle,0,,,,,,,,,,,,,Easy,
2026-06-26T20:09:36,1859.844,idle,0,,,,,,,,,,,,,Easy,
2026-06-26T20:09:37,1860.850,idle,0,,,,,,,,,,,,,Easy,
2026-06-26T20:09:38,1861.855,idle,0,,,,,,,,,,,,,Easy,
2026-06-26T20:09:39,1862.860,idle,0,,,,,,,,,,,,,Easy,
2026-06-26T20:09:40,1863.866,idle,0,,,,,,,,,,,,,Easy,
2026-06-26T20:09:41,1864.867,idle,0,,,,,,,,,,,,,Easy,
2026-06-26T20:09:42,1865.873,idle,0,,,,,,,,,,,,,Easy,
2026-06-26T20:09:43,1866.875,idle,0,,,,,,,,,,,,,Easy,
2026-06-26T20:09:44,1867.879,idle,0,,,,,,,,,,,,,Easy,
2026-06-26T20:09:45,1868.884,idle,0,,,,,,,,,,,,,Easy,
2026-06-26T20:09:46,1869.885,idle,0,,,,,,,,,,,,,Easy,
2026-06-26T20:09:47,1870.891,idle,0,,,,,,,,,,,,,Easy,
2026-06-26T20:09:48,1871.898,idle,0,,,,,,,,,,,,,Easy,
2026-06-26T20:09:49,1872.903,idle,0,,,,,,,,,,,,,Easy,
2026-06-26T20:09:50,1873.909,idle,0,,,,,,,,,,,,,Easy,
2026-06-26T20:09:51,1874.918,idle,0,,,,,,,,,,,,,Easy,
2026-06-26T20:09:52,1875.923,idle,0,,,,,,,,,,,,,Easy,
2026-06-26T20:09:53,1876.927,idle,0,,,,,,,,,,,,,Easy,
2026-06-26T20:09:54,1877.933,idle,0,,,,,,,,,,,,,Easy,
2026-06-26T20:09:55,1878.936,idle,0,,,,,,,,,,,,,Easy,
2026-06-26T20:09:56,1879.942,idle,0,,,,,,,,,,,,,Easy,
2026-06-26T20:09:57,1880.950,idle,0,,,,,,,,,,,,,Easy,
2026-06-26T20:09:58,1881.956,idle,0,,,,,,,,,,,,,Easy,
2026-06-26T20:09:59,1882.960,idle,0,,,,,,,,,,,,,Easy,
2026-06-26T20:10:00,1883.964,idle,0,,,,,,,,,,,,,Easy,
2026-06-26T20:10:01,1884.967,idle,0,,,,,,,,,,,,,Easy,
2026-06-26T20:10:02,1885.970,idle,0,,,,,,,,,,,,,Easy,
2026-06-26T20:10:03,1886.976,idle,0,,,,,,,,,,,,,Easy,
2026-06-26T20:10:04,1887.981,idle,0,,,,,,,,,,,,,Easy,
2026-06-26T20:10:05,1888.983,idle,0,,,,,,,,,,,,,Easy,
2026-06-26T20:10:06,1889.989,idle,0,,,,,,,,,,,,,Easy,
2026-06-26T20:10:07,1890.992,idle,0,,,,,,,,,,,,,Easy,
2026-06-26T20:10:08,1891.997,idle,0,,,,,,,,,,,,,Easy,
2026-06-26T20:10:09,1893.003,idle,0,,,,,,,,,,,,,Easy,
2026-06-26T20:10:10,1894.007,idle,0,,,,,,,,,,,,,Easy,
2026-06-26T20:10:11,1895.010,idle,0,,,,,,,,,,,,,Easy,
2026-06-26T20:10:12,1896.015,idle,0,,,,,,,,,,,,,Easy,
2026-06-26T20:10:13,1897.017,idle,0,,,,,,,,,,,,,Easy,
2026-06-26T20:10:14,1898.020,idle,0,,,,,,,,,,,,,Easy,
2026-06-26T20:10:15,1899.026,idle,0,,,,,,,,,,,,,Easy,
2026-06-26T20:10:16,1900.031,idle,0,,,,,,,,,,,,,Easy,
2026-06-26T20:10:17,1901.034,idle,0,,,,,,,,,,,,,Easy,
2026-06-26T20:10:18,1902.039,idle,0,,,,,,,,,,,,,Easy,
2026-06-26T20:10:19,1903.042,idle,0,,,,,,,,,,,,,Easy,
2026-06-26T20:10:20,1904.046,idle,0,,,,,,,,,,,,,Easy,
2026-06-26T20:10:21,1905.052,idle,0,,,,,,,,,,,,,Easy,
2026-06-26T20:10:22,1906.058,idle,0,,,,,,,,,,,,,Easy,
2026-06-26T20:10:23,1907.063,idle,0,,,,,,,,,,,,,Easy,
2026-06-26T20:10:24,1908.067,idle,0,,,,,,,,,,,,,Easy,
2026-06-26T20:10:25,1909.073,idle,0,,,,,,,,,,,,,Easy,
2026-06-26T20:10:26,1910.079,idle,0,,,,,,,,,,,,,Easy,
2026-06-26T20:10:27,1911.084,idle,0,,,,,,,,,,,,,Easy,
2026-06-26T20:10:28,1912.090,idle,0,,,,,,,,,,,,,Easy,
2026-06-26T20:10:29,1913.095,idle,0,,,,,,,,,,,,,Easy,
2026-06-26T20:10:30,1914.099,idle,0,,,,,,,,,,,,,Easy,
2026-06-26T20:10:31,1915.105,idle,0,,,,,,,,,,,,,Easy,
2026-06-26T20:10:32,1916.110,idle,0,,,,,,,,,,,,,Easy,
2026-06-26T20:10:33,1917.116,idle,0,,,,,,,,,,,,,Easy,
2026-06-26T20:10:34,1918.121,idle,0,,,,,,,,,,,,,Easy,
2026-06-26T20:10:35,1919.126,idle,0,,,,,,,,,,,,,Easy,
2026-06-26T20:10:36,1920.132,idle,0,,,,,,,,,,,,,Easy,solved:65.7
2026-06-26T20:10:37,1921.135,idle,0,,,,,,,,,,,,,Easy,
2026-06-26T20:10:38,1922.138,idle,0,,,,,,,,,,,,,Easy,
2026-06-26T20:10:39,1923.145,idle,0,,,,,,,,,,,,,Easy,
2026-06-26T20:10:40,1924.151,idle,0,,,,,,,,,,,,,Easy,
2026-06-26T20:10:41,1925.157,idle,0,,,,,,,,,,,,,Easy,
2026-06-26T20:10:42,1926.162,idle,0,,,,,,,,,,,,,Easy,
2026-06-26T20:10:43,1927.168,idle,0,,,,,,,,,,,,,Easy,
2026-06-26T20:10:44,1928.170,idle,0,,,,,,,,,,,,,Easy,
2026-06-26T20:10:45,1929.177,idle,0,,,,,,,,,,,,,Easy,
2026-06-26T20:10:46,1930.179,idle,0,,,,,,,,,,,,,Easy,
2026-06-26T20:10:47,1931.186,idle,0,,,,,,,,,,,,,Easy,
2026-06-26T20:10:48,1932.189,idle,0,,,,,,,,,,,,,Easy,
2026-06-26T20:10:49,1933.195,idle,0,,,,,,,,,,,,,Easy,
2026-06-26T20:10:50,1934.200,idle,0,,,,,,,,,,,,,Medium,
2026-06-26T20:10:51,1935.203,idle,0,,,,,,,,,,,,,Medium,
2026-06-26T20:10:52,1936.204,idle,0,,,,,,,,,,,,,Medium,
2026-06-26T20:10:53,1937.210,idle,0,,,,,,,,,,,,,Medium,
2026-06-26T20:10:54,1938.218,idle,0,,,,,,,,,,,,,Medium,
2026-06-26T20:10:55,1939.226,idle,0,,,,,,,,,,,,,Medium,
2026-06-26T20:10:56,1940.235,idle,0,,,,,,,,,,,,,Medium,
2026-06-26T20:10:57,1941.239,idle,0,,,,,,,,,,,,,Medium,
2026-06-26T20:10:58,1942.247,idle,0,,,,,,,,,,,,,Medium,
2026-06-26T20:10:59,1943.252,idle,0,,,,,,,,,,,,,Medium,
2026-06-26T20:11:00,1944.258,idle,0,,,,,,,,,,,,,Medium,
2026-06-26T20:11:01,1945.264,idle,0,,,,,,,,,,,,,Medium,
2026-06-26T20:11:02,1946.269,idle,0,,,,,,,,,,,,,Medium,
2026-06-26T20:11:03,1947.276,idle,0,,,,,,,,,,,,,Medium,
2026-06-26T20:11:04,1948.280,idle,0,,,,,,,,,,,,,Medium,
2026-06-26T20:11:05,1949.286,idle,0,,,,,,,,,,,,,Medium,
2026-06-26T20:11:06,1950.292,idle,0,,,,,,,,,,,,,Medium,
2026-06-26T20:11:07,1951.297,idle,0,,,,,,,,,,,,,Medium,
2026-06-26T20:11:08,1952.303,idle,0,,,,,,,,,,,,,Medium,
2026-06-26T20:11:09,1953.305,idle,0,,,,,,,,,,,,,Medium,
2026-06-26T20:11:10,1954.309,idle,0,,,,,,,,,,,,,Medium,
2026-06-26T20:11:11,1955.315,idle,0,,,,,,,,,,,,,Medium,
2026-06-26T20:11:12,1956.321,idle,0,,,,,,,,,,,,,Medium,
2026-06-26T20:11:13,1957.326,idle,0,,,,,,,,,,,,,Medium,
2026-06-26T20:11:14,1958.328,idle,0,,,,,,,,,,,,,Medium,
2026-06-26T20:11:15,1959.333,idle,0,,,,,,,,,,,,,Medium,
2026-06-26T20:11:16,1960.336,idle,0,,,,,,,,,,,,,Medium,
2026-06-26T20:11:17,1961.343,idle,0,,,,,,,,,,,,,Medium,
2026-06-26T20:11:18,1962.348,idle,0,,,,,,,,,,,,,Medium,
2026-06-26T20:11:19,1963.355,idle,0,,,,,,,,,,,,,Medium,
2026-06-26T20:11:20,1964.358,idle,0,,,,,,,,,,,,,Medium,
2026-06-26T20:11:21,1965.362,idle,0,,,,,,,,,,,,,Medium,
2026-06-26T20:11:22,1966.365,idle,0,,,,,,,,,,,,,Medium,
2026-06-26T20:11:23,1967.372,idle,0,,,,,,,,,,,,,Medium,
2026-06-26T20:11:24,1968.376,idle,0,,,,,,,,,,,,,Medium,
2026-06-26T20:11:25,1969.381,idle,0,,,,,,,,,,,,,Medium,
2026-06-26T20:11:26,1970.384,idle,0,,,,,,,,,,,,,Medium,
2026-06-26T20:11:27,1971.393,idle,0,,,,,,,,,,,,,Medium,
2026-06-26T20:11:28,1972.400,idle,0,,,,,,,,,,,,,Medium,
2026-06-26T20:11:29,1973.407,idle,0,,,,,,,,,,,,,Medium,
2026-06-26T20:11:30,1974.411,idle,0,,,,,,,,,,,,,Medium,
2026-06-26T20:11:31,1975.418,idle,0,,,,,,,,,,,,,Medium,
2026-06-26T20:11:32,1976.420,idle,0,,,,,,,,,,,,,Medium,
2026-06-26T20:11:33,1977.424,idle,0,,,,,,,,,,,,,Medium,
2026-06-26T20:11:34,1978.430,idle,0,,,,,,,,,,,,,Medium,
2026-06-26T20:11:35,1979.434,idle,0,,,,,,,,,,,,,Medium,
2026-06-26T20:11:36,1980.438,idle,0,,,,,,,,,,,,,Medium,
2026-06-26T20:11:37,1981.445,idle,0,,,,,,,,,,,,,Medium,
2026-06-26T20:11:38,1982.451,idle,0,,,,,,,,,,,,,Medium,
2026-06-26T20:11:39,1983.456,idle,0,,,,,,,,,,,,,Medium,
2026-06-26T20:11:40,1984.459,idle,0,,,,,,,,,,,,,Medium,
2026-06-26T20:11:41,1985.462,idle,0,,,,,,,,,,,,,Medium,
2026-06-26T20:11:42,1986.466,idle,0,,,,,,,,,,,,,Medium,
2026-06-26T20:11:43,1987.470,idle,0,,,,,,,,,,,,,Medium,
2026-06-26T20:11:44,1988.476,idle,0,,,,,,,,,,,,,Medium,
2026-06-26T20:11:45,1989.480,idle,0,,,,,,,,,,,,,Medium,
2026-06-26T20:11:46,1990.484,idle,0,,,,,,,,,,,,,Medium,
2026-06-26T20:11:47,1991.488,idle,0,,,,,,,,,,,,,Medium,
2026-06-26T20:11:48,1992.490,idle,0,,,,,,,,,,,,,Medium,
2026-06-26T20:11:49,1993.496,idle,0,,,,,,,,,,,,,Medium,
2026-06-26T20:11:50,1994.499,idle,0,,,,,,,,,,,,,Medium,
2026-06-26T20:11:51,1995.505,idle,0,,,,,,,,,,,,,Medium,
2026-06-26T20:11:52,1996.511,idle,0,,,,,,,,,,,,,Medium,
2026-06-26T20:11:53,1997.517,idle,0,,,,,,,,,,,,,Medium,
2026-06-26T20:11:54,1998.520,idle,0,,,,,,,,,,,,,Medium,
2026-06-26T20:11:55,1999.524,idle,0,,,,,,,,,,,,,Medium,
2026-06-26T20:11:56,2000.531,idle,0,,,,,,,,,,,,,Medium,
2026-06-26T20:11:57,2001.537,idle,0,,,,,,,,,,,,,Medium,
2026-06-26T20:11:58,2002.541,idle,0,,,,,,,,,,,,,Medium,
2026-06-26T20:11:59,2003.546,idle,0,,,,,,,,,,,,,Medium,
2026-06-26T20:12:00,2004.550,idle,0,,,,,,,,,,,,,Medium,
2026-06-26T20:12:01,2005.555,idle,0,,,,,,,,,,,,,Medium,
2026-06-26T20:12:02,2006.557,idle,0,,,,,,,,,,,,,Medium,
2026-06-26T20:12:03,2007.562,idle,0,,,,,,,,,,,,,Medium,
2026-06-26T20:12:04,2008.568,idle,0,,,,,,,,,,,,,Medium,
2026-06-26T20:12:05,2009.574,idle,0,,,,,,,,,,,,,Medium,
2026-06-26T20:12:06,2010.575,idle,0,,,,,,,,,,,,,Medium,
2026-06-26T20:12:07,2011.580,idle,0,,,,,,,,,,,,,Medium,
2026-06-26T20:12:08,2012.586,idle,0,,,,,,,,,,,,,Medium,
2026-06-26T20:12:09,2013.591,idle,0,,,,,,,,,,,,,Medium,
2026-06-26T20:12:10,2014.595,idle,0,,,,,,,,,,,,,Medium,
2026-06-26T20:12:11,2015.602,idle,0,,,,,,,,,,,,,Medium,
2026-06-26T20:12:12,2016.602,idle,0,,,,,,,,,,,,,Medium,
2026-06-26T20:12:13,2017.608,idle,0,,,,,,,,,,,,,Medium,
2026-06-26T20:12:14,2018.611,idle,0,,,,,,,,,,,,,Medium,
2026-06-26T20:12:15,2019.616,idle,0,,,,,,,,,,,,,Medium,
2026-06-26T20:12:16,2020.619,idle,0,,,,,,,,,,,,,Medium,
2026-06-26T20:12:17,2021.623,idle,0,,,,,,,,,,,,,Medium,
2026-06-26T20:12:18,2022.625,idle,0,,,,,,,,,,,,,Medium,
2026-06-26T20:12:19,2023.632,idle,0,,,,,,,,,,,,,Medium,
2026-06-26T20:12:20,2024.637,idle,0,,,,,,,,,,,,,Medium,
2026-06-26T20:12:21,2025.641,idle,0,,,,,,,,,,,,,Medium,
2026-06-26T20:12:22,2026.647,idle,0,,,,,,,,,,,,,Medium,
2026-06-26T20:12:23,2027.650,idle,0,,,,,,,,,,,,,Medium,
2026-06-26T20:12:24,2028.654,idle,0,,,,,,,,,,,,,Medium,
2026-06-26T20:12:25,2029.656,idle,0,,,,,,,,,,,,,Medium,
2026-06-26T20:12:26,2030.658,idle,0,,,,,,,,,,,,,Medium,
2026-06-26T20:12:27,2031.662,idle,0,,,,,,,,,,,,,Medium,
2026-06-26T20:12:28,2032.668,idle,0,,,,,,,,,,,,,Medium,
2026-06-26T20:12:29,2033.672,idle,0,,,,,,,,,,,,,Medium,
2026-06-26T20:12:30,2034.678,idle,0,,,,,,,,,,,,,Medium,
2026-06-26T20:12:31,2035.680,idle,0,,,,,,,,,,,,,Medium,
2026-06-26T20:12:32,2036.681,idle,0,,,,,,,,,,,,,Medium,
2026-06-26T20:12:33,2037.687,idle,0,,,,,,,,,,,,,Medium,
2026-06-26T20:12:35,2038.692,idle,0,,,,,,,,,,,,,Medium,
2026-06-26T20:12:36,2039.699,idle,0,,,,,,,,,,,,,Medium,
2026-06-26T20:12:37,2040.704,idle,0,,,,,,,,,,,,,Medium,
2026-06-26T20:12:38,2041.708,idle,0,,,,,,,,,,,,,Medium,
2026-06-26T20:12:39,2042.713,idle,0,,,,,,,,,,,,,Medium,
2026-06-26T20:12:40,2043.715,idle,0,,,,,,,,,,,,,Medium,
2026-06-26T20:12:41,2044.717,idle,0,,,,,,,,,,,,,Medium,
2026-06-26T20:12:42,2045.725,idle,0,,,,,,,,,,,,,Medium,
2026-06-26T20:12:43,2046.729,idle,0,,,,,,,,,,,,,Medium,
2026-06-26T20:12:44,2047.733,idle,0,,,,,,,,,,,,,Medium,
2026-06-26T20:12:45,2048.742,idle,0,,,,,,,,,,,,,Medium,
2026-06-26T20:12:46,2049.748,idle,0,,,,,,,,,,,,,Medium,
2026-06-26T20:12:47,2050.753,idle,0,,,,,,,,,,,,,Medium,
2026-06-26T20:12:48,2051.756,idle,0,,,,,,,,,,,,,Medium,
2026-06-26T20:12:49,2052.766,idle,0,,,,,,,,,,,,,Medium,
2026-06-26T20:12:50,2053.771,idle,0,,,,,,,,,,,,,Medium,
2026-06-26T20:12:51,2054.781,idle,0,,,,,,,,,,,,,Medium,
2026-06-26T20:12:52,2055.785,idle,0,,,,,,,,,,,,,Medium,
2026-06-26T20:12:53,2056.790,idle,0,,,,,,,,,,,,,Medium,
2026-06-26T20:12:54,2057.796,idle,0,,,,,,,,,,,,,Medium,
2026-06-26T20:12:55,2058.798,idle,0,,,,,,,,,,,,,Medium,
2026-06-26T20:12:56,2059.800,idle,0,,,,,,,,,,,,,Medium,
2026-06-26T20:12:57,2060.809,idle,0,,,,,,,,,,,,,Medium,
2026-06-26T20:12:58,2061.816,idle,0,,,,,,,,,,,,,Medium,
2026-06-26T20:12:59,2062.821,idle,0,,,,,,,,,,,,,Medium,
2026-06-26T20:13:00,2063.830,idle,0,,,,,,,,,,,,,Medium,
2026-06-26T20:13:01,2064.836,idle,0,,,,,,,,,,,,,Medium,
2026-06-26T20:13:02,2065.839,idle,0,,,,,,,,,,,,,Medium,
2026-06-26T20:13:03,2066.845,idle,0,,,,,,,,,,,,,Medium,
2026-06-26T20:13:04,2067.851,idle,0,,,,,,,,,,,,,Medium,
2026-06-26T20:13:05,2068.857,idle,0,,,,,,,,,,,,,Medium,
2026-06-26T20:13:06,2069.862,idle,0,,,,,,,,,,,,,Medium,
2026-06-26T20:13:07,2070.868,idle,0,,,,,,,,,,,,,Medium,
2026-06-26T20:13:08,2071.875,idle,0,,,,,,,,,,,,,Medium,
2026-06-26T20:13:09,2072.879,idle,0,,,,,,,,,,,,,Medium,
2026-06-26T20:13:10,2073.884,idle,0,,,,,,,,,,,,,Medium,
2026-06-26T20:13:11,2074.889,idle,0,,,,,,,,,,,,,Medium,
2026-06-26T20:13:12,2075.895,idle,0,,,,,,,,,,,,,Medium,
2026-06-26T20:13:13,2076.899,idle,0,,,,,,,,,,,,,Medium,
2026-06-26T20:13:14,2077.901,idle,0,,,,,,,,,,,,,Medium,
2026-06-26T20:13:15,2078.906,idle,0,,,,,,,,,,,,,Medium,
2026-06-26T20:13:16,2079.907,idle,0,,,,,,,,,,,,,Medium,
2026-06-26T20:13:17,2080.908,idle,0,,,,,,,,,,,,,Medium,
2026-06-26T20:13:18,2081.914,idle,0,,,,,,,,,,,,,Medium,
2026-06-26T20:13:19,2082.915,idle,0,,,,,,,,,,,,,Medium,
2026-06-26T20:13:20,2083.918,idle,0,,,,,,,,,,,,,Medium,
2026-06-26T20:13:21,2084.926,idle,0,,,,,,,,,,,,,Medium,
2026-06-26T20:13:22,2085.934,idle,0,,,,,,,,,,,,,Medium,
2026-06-26T20:13:23,2086.942,idle,0,,,,,,,,,,,,,Medium,
2026-06-26T20:13:24,2087.948,idle,0,,,,,,,,,,,,,Medium,
2026-06-26T20:13:25,2088.955,idle,0,,,,,,,,,,,,,Medium,
2026-06-26T20:13:26,2089.956,idle,0,,,,,,,,,,,,,Medium,
2026-06-26T20:13:27,2090.960,idle,0,,,,,,,,,,,,,Medium,
2026-06-26T20:13:28,2091.962,idle,0,,,,,,,,,,,,,Medium,
2026-06-26T20:13:29,2092.968,idle,0,,,,,,,,,,,,,Medium,
2026-06-26T20:13:30,2093.974,idle,0,,,,,,,,,,,,,Medium,
2026-06-26T20:13:31,2094.978,idle,0,,,,,,,,,,,,,Medium,
2026-06-26T20:13:32,2095.984,idle,0,,,,,,,,,,,,,Medium,
2026-06-26T20:13:33,2096.989,idle,0,,,,,,,,,,,,,Medium,
2026-06-26T20:13:34,2097.994,idle,0,,,,,,,,,,,,,Medium,
2026-06-26T20:13:35,2099.000,idle,0,,,,,,,,,,,,,Medium,
2026-06-26T20:13:36,2100.006,idle,0,,,,,,,,,,,,,Medium,
2026-06-26T20:13:37,2101.013,idle,0,,,,,,,,,,,,,Medium,
2026-06-26T20:13:38,2102.019,idle,0,,,,,,,,,,,,,Medium,
2026-06-26T20:13:39,2103.026,idle,0,,,,,,,,,,,,,Medium,
2026-06-26T20:13:40,2104.032,idle,0,,,,,,,,,,,,,Medium,
2026-06-26T20:13:41,2105.036,idle,0,,,,,,,,,,,,,Medium,
2026-06-26T20:13:42,2106.041,idle,0,,,,,,,,,,,,,Medium,
2026-06-26T20:13:43,2107.044,idle,0,,,,,,,,,,,,,Medium,
2026-06-26T20:13:44,2108.046,idle,0,,,,,,,,,,,,,Medium,
2026-06-26T20:13:45,2109.055,idle,0,,,,,,,,,,,,,Medium,
2026-06-26T20:13:46,2110.062,idle,0,,,,,,,,,,,,,Medium,
2026-06-26T20:13:47,2111.068,idle,0,,,,,,,,,,,,,Medium,
2026-06-26T20:13:48,2112.076,idle,0,,,,,,,,,,,,,Medium,
2026-06-26T20:13:49,2113.077,idle,0,,,,,,,,,,,,,Medium,
2026-06-26T20:13:50,2114.082,idle,0,,,,,,,,,,,,,Medium,
2026-06-26T20:13:51,2115.091,idle,0,,,,,,,,,,,,,Medium,
2026-06-26T20:13:52,2116.098,idle,0,,,,,,,,,,,,,Medium,
2026-06-26T20:13:53,2117.103,idle,0,,,,,,,,,,,,,Medium,
2026-06-26T20:13:54,2118.105,idle,0,,,,,,,,,,,,,Medium,
2026-06-26T20:13:55,2119.112,idle,0,,,,,,,,,,,,,Medium,
2026-06-26T20:13:56,2120.117,idle,0,,,,,,,,,,,,,Medium,
2026-06-26T20:13:57,2121.119,idle,0,,,,,,,,,,,,,Medium,
2026-06-26T20:13:58,2122.123,idle,0,,,,,,,,,,,,,Medium,
2026-06-26T20:13:59,2123.151,idle,0,,,,,,,,,,,,,Medium,
2026-06-26T20:14:00,2124.157,idle,0,,,,,,,,,,,,,Medium,
2026-06-26T20:14:01,2125.162,idle,0,,,,,,,,,,,,,Medium,
2026-06-26T20:14:02,2126.168,idle,0,,,,,,,,,,,,,Medium,
2026-06-26T20:14:03,2127.173,idle,0,,,,,,,,,,,,,Medium,
2026-06-26T20:14:04,2128.178,idle,0,,,,,,,,,,,,,Medium,
2026-06-26T20:14:05,2129.179,idle,0,,,,,,,,,,,,,Medium,
2026-06-26T20:14:06,2130.185,idle,0,,,,,,,,,,,,,Medium,
2026-06-26T20:14:07,2131.190,idle,0,,,,,,,,,,,,,Medium,
2026-06-26T20:14:08,2132.194,idle,0,,,,,,,,,,,,,Medium,
2026-06-26T20:14:09,2133.196,idle,0,,,,,,,,,,,,,Medium,
2026-06-26T20:14:10,2134.200,idle,0,,,,,,,,,,,,,Medium,
2026-06-26T20:14:11,2135.205,idle,0,,,,,,,,,,,,,Medium,
2026-06-26T20:14:12,2136.209,idle,0,,,,,,,,,,,,,Medium,
2026-06-26T20:14:13,2137.210,idle,0,,,,,,,,,,,,,Medium,
2026-06-26T20:14:14,2138.215,idle,0,,,,,,,,,,,,,Medium,
2026-06-26T20:14:15,2139.220,idle,0,,,,,,,,,,,,,Medium,
2026-06-26T20:14:16,2140.225,idle,0,,,,,,,,,,,,,Medium,
2026-06-26T20:14:17,2141.227,idle,0,,,,,,,,,,,,,Medium,
2026-06-26T20:14:18,2142.233,idle,0,,,,,,,,,,,,,Medium,
2026-06-26T20:14:19,2143.235,idle,0,,,,,,,,,,,,,Medium,
2026-06-26T20:14:20,2144.240,idle,0,,,,,,,,,,,,,Medium,
2026-06-26T20:14:21,2145.244,idle,0,,,,,,,,,,,,,Medium,
2026-06-26T20:14:22,2146.251,idle,0,,,,,,,,,,,,,Medium,
2026-06-26T20:14:23,2147.257,idle,0,,,,,,,,,,,,,Medium,
2026-06-26T20:14:24,2148.264,idle,0,,,,,,,,,,,,,Medium,
2026-06-26T20:14:25,2149.270,idle,0,,,,,,,,,,,,,Medium,
2026-06-26T20:14:26,2150.278,idle,0,,,,,,,,,,,,,Medium,
2026-06-26T20:14:27,2151.280,idle,0,,,,,,,,,,,,,Medium,
2026-06-26T20:14:28,2152.283,idle,0,,,,,,,,,,,,,Medium,
2026-06-26T20:14:29,2153.287,idle,0,,,,,,,,,,,,,Medium,
2026-06-26T20:14:30,2154.292,idle,0,,,,,,,,,,,,,Medium,
2026-06-26T20:14:31,2155.295,idle,0,,,,,,,,,,,,,Medium,
2026-06-26T20:14:32,2156.297,idle,0,,,,,,,,,,,,,Medium,
2026-06-26T20:14:33,2157.303,idle,0,,,,,,,,,,,,,Medium,
2026-06-26T20:14:34,2158.309,idle,0,,,,,,,,,,,,,Medium,
2026-06-26T20:14:35,2159.313,idle,0,,,,,,,,,,,,,Medium,
2026-06-26T20:14:36,2160.318,idle,0,,,,,,,,,,,,,Medium,
2026-06-26T20:14:37,2161.323,idle,0,,,,,,,,,,,,,Medium,
2026-06-26T20:14:38,2162.328,idle,0,,,,,,,,,,,,,Medium,
2026-06-26T20:14:39,2163.337,idle,0,,,,,,,,,,,,,Medium,
2026-06-26T20:14:40,2164.340,idle,0,,,,,,,,,,,,,Medium,
2026-06-26T20:14:41,2165.342,idle,0,,,,,,,,,,,,,Medium,
2026-06-26T20:14:42,2166.345,idle,0,,,,,,,,,,,,,Medium,
2026-06-26T20:14:43,2167.349,idle,0,,,,,,,,,,,,,Medium,
2026-06-26T20:14:44,2168.352,idle,0,,,,,,,,,,,,,Medium,
2026-06-26T20:14:45,2169.356,idle,0,,,,,,,,,,,,,Medium,
2026-06-26T20:14:46,2170.363,idle,0,,,,,,,,,,,,,Medium,
2026-06-26T20:14:47,2171.367,idle,0,,,,,,,,,,,,,Medium,
2026-06-26T20:14:48,2172.373,idle,0,,,,,,,,,,,,,Medium,
2026-06-26T20:14:49,2173.378,idle,0,,,,,,,,,,,,,Medium,
2026-06-26T20:14:50,2174.380,idle,0,,,,,,,,,,,,,Medium,
2026-06-26T20:14:51,2175.381,idle,0,,,,,,,,,,,,,Medium,
2026-06-26T20:14:52,2176.385,idle,0,,,,,,,,,,,,,Medium,
2026-06-26T20:14:53,2177.392,idle,0,,,,,,,,,,,,,Medium,
2026-06-26T20:14:54,2178.399,idle,0,,,,,,,,,,,,,Medium,
2026-06-26T20:14:55,2179.404,idle,0,,,,,,,,,,,,,Medium,
2026-06-26T20:14:56,2180.410,idle,0,,,,,,,,,,,,,Medium,
2026-06-26T20:14:57,2181.412,idle,0,,,,,,,,,,,,,Medium,
2026-06-26T20:14:58,2182.418,idle,0,,,,,,,,,,,,,Medium,
2026-06-26T20:14:59,2183.419,idle,0,,,,,,,,,,,,,Medium,
2026-06-26T20:15:00,2184.425,idle,0,,,,,,,,,,,,,Medium,
2026-06-26T20:15:01,2185.430,idle,0,,,,,,,,,,,,,Medium,
2026-06-26T20:15:02,2186.437,idle,0,,,,,,,,,,,,,Medium,
2026-06-26T20:15:03,2187.440,idle,0,,,,,,,,,,,,,Medium,
2026-06-26T20:15:04,2188.442,idle,0,,,,,,,,,,,,,Medium,
2026-06-26T20:15:05,2189.447,idle,0,,,,,,,,,,,,,Medium,
2026-06-26T20:15:06,2190.449,idle,0,,,,,,,,,,,,,Medium,
2026-06-26T20:15:07,2191.450,idle,0,,,,,,,,,,,,,Medium,
2026-06-26T20:15:08,2192.455,idle,0,,,,,,,,,,,,,Medium,
2026-06-26T20:15:09,2193.461,idle,0,,,,,,,,,,,,,Medium,
2026-06-26T20:15:10,2194.465,idle,0,,,,,,,,,,,,,Medium,
2026-06-26T20:15:11,2195.482,idle,0,,,,,,,,,,,,,Medium,
2026-06-26T20:15:12,2196.483,idle,0,,,,,,,,,,,,,Medium,
2026-06-26T20:15:13,2197.486,idle,0,,,,,,,,,,,,,Medium,
2026-06-26T20:15:14,2198.491,idle,0,,,,,,,,,,,,,Medium,
2026-06-26T20:15:15,2199.528,idle,0,,,,,,,,,,,,,Medium,
2026-06-26T20:15:16,2200.534,idle,0,,,,,,,,,,,,,Medium,
2026-06-26T20:15:17,2201.538,idle,0,,,,,,,,,,,,,Medium,
2026-06-26T20:15:18,2202.545,idle,0,,,,,,,,,,,,,Medium,
2026-06-26T20:15:19,2203.550,idle,0,,,,,,,,,,,,,Medium,
2026-06-26T20:15:20,2204.552,idle,0,,,,,,,,,,,,,Medium,
2026-06-26T20:15:21,2205.553,idle,0,,,,,,,,,,,,,Medium,
2026-06-26T20:15:22,2206.556,idle,0,,,,,,,,,,,,,Medium,
2026-06-26T20:15:23,2207.562,idle,0,,,,,,,,,,,,,Medium,
2026-06-26T20:15:24,2208.566,idle,0,,,,,,,,,,,,,Medium,
2026-06-26T20:15:25,2209.570,idle,0,,,,,,,,,,,,,Medium,
2026-06-26T20:15:26,2210.577,idle,0,,,,,,,,,,,,,Medium,
2026-06-26T20:15:27,2211.583,idle,0,,,,,,,,,,,,,Medium,
2026-06-26T20:15:28,2212.589,idle,0,,,,,,,,,,,,,Medium,
2026-06-26T20:15:29,2213.591,idle,0,,,,,,,,,,,,,Medium,
2026-06-26T20:15:30,2214.597,idle,0,,,,,,,,,,,,,Medium,
2026-06-26T20:15:31,2215.598,idle,0,,,,,,,,,,,,,Medium,
2026-06-26T20:15:32,2216.599,idle,0,,,,,,,,,,,,,Medium,
2026-06-26T20:15:33,2217.605,idle,0,,,,,,,,,,,,,Medium,
2026-06-26T20:15:34,2218.612,idle,0,,,,,,,,,,,,,Medium,
2026-06-26T20:15:35,2219.618,idle,0,,,,,,,,,,,,,Medium,
2026-06-26T20:15:36,2220.623,idle,0,,,,,,,,,,,,,Medium,
2026-06-26T20:15:37,2221.629,idle,0,,,,,,,,,,,,,Medium,
2026-06-26T20:15:38,2222.633,idle,0,,,,,,,,,,,,,Medium,
2026-06-26T20:15:39,2223.639,idle,0,,,,,,,,,,,,,Medium,
2026-06-26T20:15:40,2224.645,idle,0,,,,,,,,,,,,,Medium,
2026-06-26T20:15:41,2225.647,idle,0,,,,,,,,,,,,,Medium,
2026-06-26T20:15:42,2226.653,idle,0,,,,,,,,,,,,,Medium,
2026-06-26T20:15:43,2227.660,idle,0,,,,,,,,,,,,,Medium,
2026-06-26T20:15:44,2228.666,idle,0,,,,,,,,,,,,,Medium,
2026-06-26T20:15:45,2229.668,idle,0,,,,,,,,,,,,,Medium,
2026-06-26T20:15:46,2230.672,idle,0,,,,,,,,,,,,,Medium,
2026-06-26T20:15:47,2231.679,idle,0,,,,,,,,,,,,,Medium,
2026-06-26T20:15:48,2232.681,idle,0,,,,,,,,,,,,,Medium,
2026-06-26T20:15:49,2233.689,idle,0,,,,,,,,,,,,,Medium,
2026-06-26T20:15:51,2234.694,idle,0,,,,,,,,,,,,,Medium,
2026-06-26T20:15:52,2235.698,idle,0,,,,,,,,,,,,,Medium,
2026-06-26T20:15:53,2236.704,idle,0,,,,,,,,,,,,,Medium,
2026-06-26T20:15:54,2237.708,idle,0,,,,,,,,,,,,,Medium,
2026-06-26T20:15:55,2238.716,idle,0,,,,,,,,,,,,,Medium,
2026-06-26T20:15:56,2239.724,idle,0,,,,,,,,,,,,,Medium,
2026-06-26T20:15:57,2240.734,idle,0,,,,,,,,,,,,,Medium,
2026-06-26T20:15:58,2241.742,idle,0,,,,,,,,,,,,,Medium,
2026-06-26T20:15:59,2242.744,idle,0,,,,,,,,,,,,,Medium,
2026-06-26T20:16:00,2243.746,idle,0,,,,,,,,,,,,,Medium,
2026-06-26T20:16:01,2244.753,idle,0,,,,,,,,,,,,,Medium,
2026-06-26T20:16:02,2245.760,idle,0,,,,,,,,,,,,,Medium,
2026-06-26T20:16:03,2246.767,idle,0,,,,,,,,,,,,,Medium,
2026-06-26T20:16:04,2247.782,idle,0,,,,,,,,,,,,,Medium,
2026-06-26T20:16:05,2248.786,idle,0,,,,,,,,,,,,,Medium,
2026-06-26T20:16:06,2249.789,idle,0,,,,,,,,,,,,,Medium,
2026-06-26T20:16:07,2250.792,idle,0,,,,,,,,,,,,,Medium,
2026-06-26T20:16:08,2251.799,idle,0,,,,,,,,,,,,,Medium,
2026-06-26T20:16:09,2252.805,idle,0,,,,,,,,,,,,,Medium,
2026-06-26T20:16:10,2253.809,idle,0,,,,,,,,,,,,,Medium,
2026-06-26T20:16:11,2254.815,idle,0,,,,,,,,,,,,,Medium,
2026-06-26T20:16:12,2255.824,idle,0,,,,,,,,,,,,,Medium,
2026-06-26T20:16:13,2256.829,idle,0,,,,,,,,,,,,,Medium,
2026-06-26T20:16:14,2257.835,idle,0,,,,,,,,,,,,,Medium,
2026-06-26T20:16:15,2258.838,idle,0,,,,,,,,,,,,,Medium,
2026-06-26T20:16:16,2259.842,idle,0,,,,,,,,,,,,,Medium,
2026-06-26T20:16:17,2260.847,idle,0,,,,,,,,,,,,,Medium,
2026-06-26T20:16:18,2261.857,idle,0,,,,,,,,,,,,,Medium,
2026-06-26T20:16:19,2262.866,idle,0,,,,,,,,,,,,,Medium,
2026-06-26T20:16:20,2263.871,idle,0,,,,,,,,,,,,,Medium,
2026-06-26T20:16:21,2264.873,idle,0,,,,,,,,,,,,,Medium,
2026-06-26T20:16:22,2265.878,idle,0,,,,,,,,,,,,,Medium,
2026-06-26T20:16:23,2266.884,idle,0,,,,,,,,,,,,,Medium,
2026-06-26T20:16:24,2267.891,idle,0,,,,,,,,,,,,,Medium,
2026-06-26T20:16:25,2268.897,idle,0,,,,,,,,,,,,,Medium,
2026-06-26T20:16:26,2269.902,idle,0,,,,,,,,,,,,,Medium,
2026-06-26T20:16:27,2270.908,idle,0,,,,,,,,,,,,,Medium,
2026-06-26T20:16:28,2271.915,idle,0,,,,,,,,,,,,,Medium,
2026-06-26T20:16:29,2272.918,idle,0,,,,,,,,,,,,,Medium,
2026-06-26T20:16:30,2273.922,idle,0,,,,,,,,,,,,,Medium,
2026-06-26T20:16:31,2274.928,idle,0,,,,,,,,,,,,,Medium,
2026-06-26T20:16:32,2275.933,idle,0,,,,,,,,,,,,,Medium,
2026-06-26T20:16:33,2276.941,idle,0,,,,,,,,,,,,,Medium,
2026-06-26T20:16:34,2277.942,idle,0,,,,,,,,,,,,,Medium,
2026-06-26T20:16:35,2278.948,idle,0,,,,,,,,,,,,,Medium,
2026-06-26T20:16:36,2279.954,idle,0,,,,,,,,,,,,,Medium,
2026-06-26T20:16:37,2280.959,idle,0,,,,,,,,,,,,,Medium,
2026-06-26T20:16:38,2281.964,idle,0,,,,,,,,,,,,,Medium,
2026-06-26T20:16:39,2282.980,idle,0,,,,,,,,,,,,,Medium,
2026-06-26T20:16:40,2283.986,idle,0,,,,,,,,,,,,,Medium,
2026-06-26T20:16:41,2284.993,idle,0,,,,,,,,,,,,,Medium,
2026-06-26T20:16:42,2285.998,idle,0,,,,,,,,,,,,,Medium,
2026-06-26T20:16:43,2287.002,idle,0,,,,,,,,,,,,,Medium,
2026-06-26T20:16:44,2288.007,idle,0,,,,,,,,,,,,,Medium,
2026-06-26T20:16:45,2289.013,idle,0,,,,,,,,,,,,,Medium,
2026-06-26T20:16:46,2290.018,idle,0,,,,,,,,,,,,,Medium,
2026-06-26T20:16:47,2291.024,idle,0,,,,,,,,,,,,,Medium,
2026-06-26T20:16:48,2292.030,idle,0,,,,,,,,,,,,,Medium,
2026-06-26T20:16:49,2293.035,idle,0,,,,,,,,,,,,,Medium,
2026-06-26T20:16:50,2294.041,idle,0,,,,,,,,,,,,,Medium,
2026-06-26T20:16:51,2295.044,idle,0,,,,,,,,,,,,,Medium,
2026-06-26T20:16:52,2296.050,idle,0,,,,,,,,,,,,,Medium,
2026-06-26T20:16:53,2297.055,idle,0,,,,,,,,,,,,,Medium,
2026-06-26T20:16:54,2298.061,idle,0,,,,,,,,,,,,,Medium,
2026-06-26T20:16:55,2299.066,idle,0,,,,,,,,,,,,,Medium,
2026-06-26T20:16:56,2300.072,idle,0,,,,,,,,,,,,,Medium,
2026-06-26T20:16:57,2301.080,idle,0,,,,,,,,,,,,,Medium,
2026-06-26T20:16:58,2302.085,idle,0,,,,,,,,,,,,,Medium,
2026-06-26T20:16:59,2303.089,idle,0,,,,,,,,,,,,,Medium,
2026-06-26T20:17:00,2304.095,idle,0,,,,,,,,,,,,,Medium,
2026-06-26T20:17:01,2305.097,idle,0,,,,,,,,,,,,,Medium,
2026-06-26T20:17:02,2306.102,idle,0,,,,,,,,,,,,,Medium,
2026-06-26T20:17:03,2307.108,idle,0,,,,,,,,,,,,,Medium,
2026-06-26T20:17:04,2308.111,idle,0,,,,,,,,,,,,,Medium,
2026-06-26T20:17:05,2309.115,idle,0,,,,,,,,,,,,,Medium,
2026-06-26T20:17:06,2310.121,idle,0,,,,,,,,,,,,,Medium,
2026-06-26T20:17:07,2311.127,idle,0,,,,,,,,,,,,,Medium,
2026-06-26T20:17:08,2312.129,idle,0,,,,,,,,,,,,,Medium,
2026-06-26T20:17:09,2313.135,idle,0,,,,,,,,,,,,,Medium,
2026-06-26T20:17:10,2314.138,idle,0,,,,,,,,,,,,,Medium,
2026-06-26T20:17:11,2315.143,idle,0,,,,,,,,,,,,,Medium,
2026-06-26T20:17:12,2316.149,idle,0,,,,,,,,,,,,,Medium,
2026-06-26T20:17:13,2317.152,idle,0,,,,,,,,,,,,,Medium,
2026-06-26T20:17:14,2318.158,idle,0,,,,,,,,,,,,,Medium,
2026-06-26T20:17:15,2319.163,idle,0,,,,,,,,,,,,,Medium,
2026-06-26T20:17:16,2320.167,idle,0,,,,,,,,,,,,,Medium,
2026-06-26T20:17:17,2321.168,idle,0,,,,,,,,,,,,,Medium,
2026-06-26T20:17:18,2322.172,idle,0,,,,,,,,,,,,,Medium,
2026-06-26T20:17:19,2323.178,idle,0,,,,,,,,,,,,,Medium,
2026-06-26T20:17:20,2324.187,idle,0,,,,,,,,,,,,,Medium,
2026-06-26T20:17:21,2325.193,idle,0,,,,,,,,,,,,,Medium,
2026-06-26T20:17:22,2326.198,idle,0,,,,,,,,,,,,,Medium,
2026-06-26T20:17:23,2327.202,idle,0,,,,,,,,,,,,,Medium,
2026-06-26T20:17:24,2328.207,idle,0,,,,,,,,,,,,,Medium,
2026-06-26T20:17:25,2329.209,idle,0,,,,,,,,,,,,,Medium,
2026-06-26T20:17:26,2330.215,idle,0,,,,,,,,,,,,,Medium,
2026-06-26T20:17:27,2331.218,idle,0,,,,,,,,,,,,,Medium,
2026-06-26T20:17:28,2332.223,idle,0,,,,,,,,,,,,,Medium,
2026-06-26T20:17:29,2333.227,idle,0,,,,,,,,,,,,,Medium,
2026-06-26T20:17:30,2334.242,idle,0,,,,,,,,,,,,,Medium,
2026-06-26T20:17:31,2335.249,idle,0,,,,,,,,,,,,,Medium,
2026-06-26T20:17:32,2336.253,idle,0,,,,,,,,,,,,,Medium,
2026-06-26T20:17:33,2337.256,idle,0,,,,,,,,,,,,,Medium,
2026-06-26T20:17:34,2338.262,idle,0,,,,,,,,,,,,,Medium,
2026-06-26T20:17:35,2339.264,idle,0,,,,,,,,,,,,,Medium,
2026-06-26T20:17:36,2340.272,idle,0,,,,,,,,,,,,,Medium,
2026-06-26T20:17:37,2341.275,idle,0,,,,,,,,,,,,,Medium,
2026-06-26T20:17:38,2342.280,idle,0,,,,,,,,,,,,,Medium,
2026-06-26T20:17:39,2343.290,idle,0,,,,,,,,,,,,,Medium,
2026-06-26T20:17:40,2344.295,idle,0,,,,,,,,,,,,,Medium,
2026-06-26T20:17:41,2345.298,idle,0,,,,,,,,,,,,,Medium,
2026-06-26T20:17:42,2346.303,idle,0,,,,,,,,,,,,,Medium,
2026-06-26T20:17:43,2347.310,idle,0,,,,,,,,,,,,,Medium,
2026-06-26T20:17:44,2348.316,idle,0,,,,,,,,,,,,,Medium,
2026-06-26T20:17:45,2349.319,idle,0,,,,,,,,,,,,,Medium,
2026-06-26T20:17:46,2350.324,idle,0,,,,,,,,,,,,,Medium,
2026-06-26T20:17:47,2351.325,idle,0,,,,,,,,,,,,,Medium,
2026-06-26T20:17:48,2352.331,idle,0,,,,,,,,,,,,,Medium,
2026-06-26T20:17:49,2353.334,idle,0,,,,,,,,,,,,,Medium,
2026-06-26T20:17:50,2354.336,idle,0,,,,,,,,,,,,,Medium,
2026-06-26T20:17:51,2355.339,idle,0,,,,,,,,,,,,,Medium,
2026-06-26T20:17:52,2356.347,idle,0,,,,,,,,,,,,,Medium,
2026-06-26T20:17:53,2357.350,idle,0,,,,,,,,,,,,,Medium,
2026-06-26T20:17:54,2358.355,idle,0,,,,,,,,,,,,,Medium,
2026-06-26T20:17:55,2359.359,idle,0,,,,,,,,,,,,,Medium,
2026-06-26T20:17:56,2360.365,idle,0,,,,,,,,,,,,,Medium,
2026-06-26T20:17:57,2361.379,idle,0,,,,,,,,,,,,,Medium,
2026-06-26T20:17:58,2362.385,idle,0,,,,,,,,,,,,,Medium,
2026-06-26T20:17:59,2363.389,idle,0,,,,,,,,,,,,,Medium,
2026-06-26T20:18:00,2364.391,idle,0,,,,,,,,,,,,,Medium,
2026-06-26T20:18:01,2365.401,idle,0,,,,,,,,,,,,,Medium,
2026-06-26T20:18:02,2366.406,idle,0,,,,,,,,,,,,,Medium,
2026-06-26T20:18:03,2367.410,idle,0,,,,,,,,,,,,,Medium,
2026-06-26T20:18:04,2368.413,idle,0,,,,,,,,,,,,,Medium,
2026-06-26T20:18:05,2369.416,idle,0,,,,,,,,,,,,,Medium,
2026-06-26T20:18:06,2370.420,idle,0,,,,,,,,,,,,,Medium,
2026-06-26T20:18:07,2371.427,idle,0,,,,,,,,,,,,,Medium,
2026-06-26T20:18:08,2372.434,idle,0,,,,,,,,,,,,,Medium,
2026-06-26T20:18:09,2373.438,idle,0,,,,,,,,,,,,,Medium,
2026-06-26T20:18:10,2374.440,idle,0,,,,,,,,,,,,,Medium,
2026-06-26T20:18:11,2375.446,idle,0,,,,,,,,,,,,,Medium,
2026-06-26T20:18:12,2376.451,idle,0,,,,,,,,,,,,,Medium,
2026-06-26T20:18:13,2377.456,idle,0,,,,,,,,,,,,,Medium,
2026-06-26T20:18:14,2378.458,idle,0,,,,,,,,,,,,,Medium,
2026-06-26T20:18:15,2379.466,idle,0,,,,,,,,,,,,,Medium,
2026-06-26T20:18:16,2380.470,idle,0,,,,,,,,,,,,,Medium,
2026-06-26T20:18:17,2381.492,idle,0,,,,,,,,,,,,,Medium,
2026-06-26T20:18:18,2382.498,idle,0,,,,,,,,,,,,,Medium,
2026-06-26T20:18:19,2383.502,idle,0,,,,,,,,,,,,,Medium,
2026-06-26T20:18:20,2384.504,idle,0,,,,,,,,,,,,,Medium,
2026-06-26T20:18:21,2385.513,idle,0,,,,,,,,,,,,,Medium,
2026-06-26T20:18:22,2386.517,idle,0,,,,,,,,,,,,,Medium,
2026-06-26T20:18:23,2387.524,idle,0,,,,,,,,,,,,,Medium,
2026-06-26T20:18:24,2388.530,idle,0,,,,,,,,,,,,,Medium,
2026-06-26T20:18:25,2389.535,idle,0,,,,,,,,,,,,,Medium,
2026-06-26T20:18:26,2390.543,idle,0,,,,,,,,,,,,,Medium,
2026-06-26T20:18:27,2391.547,idle,0,,,,,,,,,,,,,Medium,
2026-06-26T20:18:28,2392.551,idle,0,,,,,,,,,,,,,Medium,
2026-06-26T20:18:29,2393.556,idle,0,,,,,,,,,,,,,Medium,
2026-06-26T20:18:30,2394.560,idle,0,,,,,,,,,,,,,Medium,
2026-06-26T20:18:31,2395.567,idle,0,,,,,,,,,,,,,Medium,
2026-06-26T20:18:32,2396.574,idle,0,,,,,,,,,,,,,Medium,
2026-06-26T20:18:33,2397.580,idle,0,,,,,,,,,,,,,Medium,
2026-06-26T20:18:34,2398.586,idle,0,,,,,,,,,,,,,Medium,
2026-06-26T20:18:35,2399.590,idle,0,,,,,,,,,,,,,Medium,
2026-06-26T20:18:36,2400.595,idle,0,,,,,,,,,,,,,Medium,
2026-06-26T20:18:37,2401.612,idle,0,,,,,,,,,,,,,Medium,
2026-06-26T20:18:38,2402.617,idle,0,,,,,,,,,,,,,Medium,
2026-06-26T20:18:39,2403.622,idle,0,,,,,,,,,,,,,Medium,
2026-06-26T20:18:40,2404.628,idle,0,,,,,,,,,,,,,Medium,
2026-06-26T20:18:41,2405.634,idle,0,,,,,,,,,,,,,Medium,
2026-06-26T20:18:42,2406.639,idle,0,,,,,,,,,,,,,Medium,
2026-06-26T20:18:43,2407.643,idle,0,,,,,,,,,,,,,Medium,
2026-06-26T20:18:44,2408.646,idle,0,,,,,,,,,,,,,Medium,
2026-06-26T20:18:45,2409.652,idle,0,,,,,,,,,,,,,Medium,
2026-06-26T20:18:46,2410.658,idle,0,,,,,,,,,,,,,Medium,
2026-06-26T20:18:47,2411.664,idle,0,,,,,,,,,,,,,Medium,
2026-06-26T20:18:48,2412.669,idle,0,,,,,,,,,,,,,Medium,
2026-06-26T20:18:49,2413.673,idle,0,,,,,,,,,,,,,Medium,
2026-06-26T20:18:50,2414.682,idle,0,,,,,,,,,,,,,Medium,
2026-06-26T20:18:51,2415.687,idle,0,,,,,,,,,,,,,Medium,
2026-06-26T20:18:53,2416.693,idle,0,,,,,,,,,,,,,Medium,
2026-06-26T20:18:54,2417.698,idle,0,,,,,,,,,,,,,Medium,
2026-06-26T20:18:55,2418.699,idle,0,,,,,,,,,,,,,Medium,
2026-06-26T20:18:56,2419.705,idle,0,,,,,,,,,,,,,Medium,
2026-06-26T20:18:57,2420.712,idle,0,,,,,,,,,,,,,Medium,
2026-06-26T20:18:58,2421.719,idle,0,,,,,,,,,,,,,Medium,
2026-06-26T20:18:59,2422.723,idle,0,,,,,,,,,,,,,Medium,
2026-06-26T20:19:00,2423.727,idle,0,,,,,,,,,,,,,Medium,
2026-06-26T20:19:01,2424.733,idle,0,,,,,,,,,,,,,Medium,
2026-06-26T20:19:02,2425.735,idle,0,,,,,,,,,,,,,Medium,
2026-06-26T20:19:03,2426.743,idle,0,,,,,,,,,,,,,Medium,
2026-06-26T20:19:04,2427.749,idle,0,,,,,,,,,,,,,Medium,
2026-06-26T20:19:05,2428.755,idle,0,,,,,,,,,,,,,Medium,
2026-06-26T20:19:06,2429.760,idle,0,,,,,,,,,,,,,Medium,
2026-06-26T20:19:07,2430.767,idle,0,,,,,,,,,,,,,Medium,
2026-06-26T20:19:08,2431.769,idle,0,,,,,,,,,,,,,Medium,
2026-06-26T20:19:09,2432.775,idle,0,,,,,,,,,,,,,Medium,
2026-06-26T20:19:10,2433.780,idle,0,,,,,,,,,,,,,Medium,
2026-06-26T20:19:11,2434.787,idle,0,,,,,,,,,,,,,Medium,
2026-06-26T20:19:12,2435.795,idle,0,,,,,,,,,,,,,Medium,
2026-06-26T20:19:13,2436.802,idle,0,,,,,,,,,,,,,Medium,
2026-06-26T20:19:14,2437.809,idle,0,,,,,,,,,,,,,Medium,
2026-06-26T20:19:15,2438.814,idle,0,,,,,,,,,,,,,Medium,
2026-06-26T20:19:16,2439.818,idle,0,,,,,,,,,,,,,Medium,
2026-06-26T20:19:17,2440.823,idle,0,,,,,,,,,,,,,Medium,
2026-06-26T20:19:18,2441.829,idle,0,,,,,,,,,,,,,Medium,
2026-06-26T20:19:19,2442.836,idle,0,,,,,,,,,,,,,Medium,
2026-06-26T20:19:20,2443.843,idle,0,,,,,,,,,,,,,Medium,
2026-06-26T20:19:21,2444.849,idle,0,,,,,,,,,,,,,Medium,
2026-06-26T20:19:22,2445.854,idle,0,,,,,,,,,,,,,Medium,
2026-06-26T20:19:23,2446.860,idle,0,,,,,,,,,,,,,Medium,
2026-06-26T20:19:24,2447.868,idle,0,,,,,,,,,,,,,Medium,
2026-06-26T20:19:25,2448.873,idle,0,,,,,,,,,,,,,Medium,
2026-06-26T20:19:26,2449.875,idle,0,,,,,,,,,,,,,Medium,
2026-06-26T20:19:27,2450.881,idle,0,,,,,,,,,,,,,Medium,
2026-06-26T20:19:28,2451.887,idle,0,,,,,,,,,,,,,Medium,
2026-06-26T20:19:29,2452.894,idle,0,,,,,,,,,,,,,Medium,
2026-06-26T20:19:30,2453.902,idle,0,,,,,,,,,,,,,Medium,
2026-06-26T20:19:31,2454.904,idle,0,,,,,,,,,,,,,Medium,
2026-06-26T20:19:32,2455.909,idle,0,,,,,,,,,,,,,Medium,
2026-06-26T20:19:33,2456.915,idle,0,,,,,,,,,,,,,Medium,
2026-06-26T20:19:34,2457.917,idle,0,,,,,,,,,,,,,Medium,
2026-06-26T20:19:35,2458.921,idle,0,,,,,,,,,,,,,Medium,
2026-06-26T20:19:36,2459.929,idle,0,,,,,,,,,,,,,Medium,
2026-06-26T20:19:37,2460.935,idle,0,,,,,,,,,,,,,Medium,
2026-06-26T20:19:38,2461.940,idle,0,,,,,,,,,,,,,Medium,
2026-06-26T20:19:39,2462.947,idle,0,,,,,,,,,,,,,Medium,
2026-06-26T20:19:40,2463.949,idle,0,,,,,,,,,,,,,Medium,
2026-06-26T20:19:41,2464.955,idle,0,,,,,,,,,,,,,Medium,
2026-06-26T20:19:42,2465.960,idle,0,,,,,,,,,,,,,Medium,
2026-06-26T20:19:43,2466.966,idle,0,,,,,,,,,,,,,Medium,
2026-06-26T20:19:44,2467.969,idle,0,,,,,,,,,,,,,Medium,
2026-06-26T20:19:45,2468.975,idle,0,,,,,,,,,,,,,Medium,
2026-06-26T20:19:46,2469.982,idle,0,,,,,,,,,,,,,Medium,
2026-06-26T20:19:47,2470.989,idle,0,,,,,,,,,,,,,Medium,
2026-06-26T20:19:48,2471.994,idle,0,,,,,,,,,,,,,Medium,
2026-06-26T20:19:49,2472.997,idle,0,,,,,,,,,,,,,Medium,
2026-06-26T20:19:50,2474.014,idle,0,,,,,,,,,,,,,Medium,
2026-06-26T20:19:51,2475.020,idle,0,,,,,,,,,,,,,Medium,
2026-06-26T20:19:52,2476.023,idle,0,,,,,,,,,,,,,Medium,
2026-06-26T20:19:53,2477.028,idle,0,,,,,,,,,,,,,Medium,
2026-06-26T20:19:54,2478.034,idle,0,,,,,,,,,,,,,Medium,
2026-06-26T20:19:55,2479.040,idle,0,,,,,,,,,,,,,Medium,
2026-06-26T20:19:56,2480.042,idle,0,,,,,,,,,,,,,Medium,
2026-06-26T20:19:57,2481.047,idle,0,,,,,,,,,,,,,Medium,
2026-06-26T20:19:58,2482.053,idle,0,,,,,,,,,,,,,Medium,
2026-06-26T20:19:59,2483.056,idle,0,,,,,,,,,,,,,Medium,
2026-06-26T20:20:00,2484.062,idle,0,,,,,,,,,,,,,Medium,
2026-06-26T20:20:01,2485.064,idle,0,,,,,,,,,,,,,Medium,
2026-06-26T20:20:02,2486.069,idle,0,,,,,,,,,,,,,Medium,
2026-06-26T20:20:03,2487.079,idle,0,,,,,,,,,,,,,Medium,
2026-06-26T20:20:04,2488.085,idle,0,,,,,,,,,,,,,Medium,
2026-06-26T20:20:05,2489.089,idle,0,,,,,,,,,,,,,Medium,
2026-06-26T20:20:06,2490.090,idle,0,,,,,,,,,,,,,Medium,
2026-06-26T20:20:07,2491.093,idle,0,,,,,,,,,,,,,Medium,
2026-06-26T20:20:08,2492.100,idle,0,,,,,,,,,,,,,Medium,
2026-06-26T20:20:09,2493.102,idle,0,,,,,,,,,,,,,Medium,
2026-06-26T20:20:10,2494.105,idle,0,,,,,,,,,,,,,Medium,
2026-06-26T20:20:11,2495.108,idle,0,,,,,,,,,,,,,Medium,
2026-06-26T20:20:12,2496.114,idle,0,,,,,,,,,,,,,Medium,
2026-06-26T20:20:13,2497.119,idle,0,,,,,,,,,,,,,Medium,
2026-06-26T20:20:14,2498.122,idle,0,,,,,,,,,,,,,Medium,
2026-06-26T20:20:15,2499.129,idle,0,,,,,,,,,,,,,Medium,
2026-06-26T20:20:16,2500.132,idle,0,,,,,,,,,,,,,Medium,
2026-06-26T20:20:17,2501.137,idle,0,,,,,,,,,,,,,Medium,
2026-06-26T20:20:18,2502.146,idle,0,,,,,,,,,,,,,Medium,
2026-06-26T20:20:19,2503.152,idle,0,,,,,,,,,,,,,Medium,
2026-06-26T20:20:20,2504.158,idle,0,,,,,,,,,,,,,Medium,
2026-06-26T20:20:21,2505.164,idle,0,,,,,,,,,,,,,Medium,
2026-06-26T20:20:22,2506.169,idle,0,,,,,,,,,,,,,Medium,
2026-06-26T20:20:23,2507.176,idle,0,,,,,,,,,,,,,Medium,
2026-06-26T20:20:24,2508.185,idle,0,,,,,,,,,,,,,Medium,
2026-06-26T20:20:25,2509.192,idle,0,,,,,,,,,,,,,Medium,
2026-06-26T20:20:26,2510.200,idle,0,,,,,,,,,,,,,Medium,
2026-06-26T20:20:27,2511.206,idle,0,,,,,,,,,,,,,Medium,
2026-06-26T20:20:28,2512.212,idle,0,,,,,,,,,,,,,Medium,
2026-06-26T20:20:29,2513.217,idle,0,,,,,,,,,,,,,Medium,
2026-06-26T20:20:30,2514.222,idle,0,,,,,,,,,,,,,Medium,
2026-06-26T20:20:31,2515.228,idle,0,,,,,,,,,,,,,Medium,
2026-06-26T20:20:32,2516.236,idle,0,,,,,,,,,,,,,Medium,
2026-06-26T20:20:33,2517.245,idle,0,,,,,,,,,,,,,Medium,
2026-06-26T20:20:34,2518.249,idle,0,,,,,,,,,,,,,Medium,
2026-06-26T20:20:35,2519.255,idle,0,,,,,,,,,,,,,Medium,
2026-06-26T20:20:36,2520.261,idle,0,,,,,,,,,,,,,Medium,
2026-06-26T20:20:37,2521.267,idle,0,,,,,,,,,,,,,Medium,
2026-06-26T20:20:38,2522.309,idle,0,,,,,,,,,,,,,Medium,
2026-06-26T20:20:39,2523.312,idle,0,,,,,,,,,,,,,Medium,
2026-06-26T20:20:40,2524.315,idle,0,,,,,,,,,,,,,Medium,
2026-06-26T20:20:41,2525.322,idle,0,,,,,,,,,,,,,Medium,
2026-06-26T20:20:42,2526.327,idle,0,,,,,,,,,,,,,Medium,
2026-06-26T20:20:43,2527.331,idle,0,,,,,,,,,,,,,Medium,
2026-06-26T20:20:44,2528.336,idle,0,,,,,,,,,,,,,Medium,
2026-06-26T20:20:45,2529.342,idle,0,,,,,,,,,,,,,Medium,
2026-06-26T20:20:46,2530.346,idle,0,,,,,,,,,,,,,Medium,
2026-06-26T20:20:47,2531.348,idle,0,,,,,,,,,,,,,Medium,
2026-06-26T20:20:48,2532.356,idle,0,,,,,,,,,,,,,Medium,
2026-06-26T20:20:49,2533.362,idle,0,,,,,,,,,,,,,Medium,
2026-06-26T20:20:50,2534.372,idle,0,,,,,,,,,,,,,Medium,
2026-06-26T20:20:51,2535.382,idle,0,,,,,,,,,,,,,Medium,
2026-06-26T20:20:52,2536.387,idle,0,,,,,,,,,,,,,Medium,
2026-06-26T20:20:53,2537.389,idle,0,,,,,,,,,,,,,Medium,
2026-06-26T20:20:54,2538.391,idle,0,,,,,,,,,,,,,Medium,
2026-06-26T20:20:55,2539.396,idle,0,,,,,,,,,,,,,Medium,
2026-06-26T20:20:56,2540.404,idle,0,,,,,,,,,,,,,Medium,
2026-06-26T20:20:57,2541.410,idle,0,,,,,,,,,,,,,Medium,
2026-06-26T20:20:58,2542.416,idle,0,,,,,,,,,,,,,Medium,
2026-06-26T20:20:59,2543.423,idle,0,,,,,,,,,,,,,Medium,
2026-06-26T20:21:00,2544.427,idle,0,,,,,,,,,,,,,Medium,
2026-06-26T20:21:01,2545.431,idle,0,,,,,,,,,,,,,Medium,
2026-06-26T20:21:02,2546.435,idle,0,,,,,,,,,,,,,Medium,
2026-06-26T20:21:03,2547.440,idle,0,,,,,,,,,,,,,Medium,
2026-06-26T20:21:04,2548.444,idle,0,,,,,,,,,,,,,Medium,
2026-06-26T20:21:05,2549.447,idle,0,,,,,,,,,,,,,Medium,
2026-06-26T20:21:06,2550.451,idle,0,,,,,,,,,,,,,Medium,
2026-06-26T20:21:07,2551.459,idle,0,,,,,,,,,,,,,Medium,
2026-06-26T20:21:08,2552.465,idle,0,,,,,,,,,,,,,Medium,
2026-06-26T20:21:09,2553.469,idle,0,,,,,,,,,,,,,Medium,
2026-06-26T20:21:10,2554.474,idle,0,,,,,,,,,,,,,Medium,
2026-06-26T20:21:11,2555.478,idle,0,,,,,,,,,,,,,Medium,
2026-06-26T20:21:12,2556.482,idle,0,,,,,,,,,,,,,Medium,
2026-06-26T20:21:13,2557.486,idle,0,,,,,,,,,,,,,Medium,
2026-06-26T20:21:14,2558.492,idle,0,,,,,,,,,,,,,Medium,
2026-06-26T20:21:15,2559.499,idle,0,,,,,,,,,,,,,Medium,
2026-06-26T20:21:16,2560.507,idle,0,,,,,,,,,,,,,Medium,
2026-06-26T20:21:17,2561.509,idle,0,,,,,,,,,,,,,Medium,
2026-06-26T20:21:18,2562.514,idle,0,,,,,,,,,,,,,Medium,
2026-06-26T20:21:19,2563.519,idle,0,,,,,,,,,,,,,Medium,
2026-06-26T20:21:20,2564.525,idle,0,,,,,,,,,,,,,Medium,
2026-06-26T20:21:21,2565.534,idle,0,,,,,,,,,,,,,Medium,
2026-06-26T20:21:22,2566.539,idle,0,,,,,,,,,,,,,Medium,
2026-06-26T20:21:23,2567.546,idle,0,,,,,,,,,,,,,Medium,
2026-06-26T20:21:24,2568.549,idle,0,,,,,,,,,,,,,Medium,
2026-06-26T20:21:25,2569.555,idle,0,,,,,,,,,,,,,Medium,
2026-06-26T20:21:26,2570.560,idle,0,,,,,,,,,,,,,Medium,
2026-06-26T20:21:27,2571.562,idle,0,,,,,,,,,,,,,Medium,
2026-06-26T20:21:28,2572.567,idle,0,,,,,,,,,,,,,Medium,
2026-06-26T20:21:29,2573.573,idle,0,,,,,,,,,,,,,Medium,
2026-06-26T20:21:30,2574.579,idle,0,,,,,,,,,,,,,Medium,
2026-06-26T20:21:31,2575.580,idle,0,,,,,,,,,,,,,Medium,
2026-06-26T20:21:32,2576.585,idle,0,,,,,,,,,,,,,Medium,
2026-06-26T20:21:33,2577.588,idle,0,,,,,,,,,,,,,Medium,
2026-06-26T20:21:34,2578.597,idle,0,,,,,,,,,,,,,Medium,
2026-06-26T20:21:35,2579.605,idle,0,,,,,,,,,,,,,Medium,
2026-06-26T20:21:36,2580.612,idle,0,,,,,,,,,,,,,Medium,
2026-06-26T20:21:37,2581.618,idle,0,,,,,,,,,,,,,Medium,
2026-06-26T20:21:38,2582.624,idle,0,,,,,,,,,,,,,Medium,
2026-06-26T20:21:39,2583.628,idle,0,,,,,,,,,,,,,Medium,
2026-06-26T20:21:40,2584.631,idle,0,,,,,,,,,,,,,Medium,
2026-06-26T20:21:41,2585.635,idle,0,,,,,,,,,,,,,Medium,
2026-06-26T20:21:42,2586.638,idle,0,,,,,,,,,,,,,Medium,
2026-06-26T20:21:43,2587.648,idle,0,,,,,,,,,,,,,Medium,
2026-06-26T20:21:44,2588.654,idle,0,,,,,,,,,,,,,Medium,
2026-06-26T20:21:45,2589.660,idle,0,,,,,,,,,,,,,Medium,
2026-06-26T20:21:46,2590.667,idle,0,,,,,,,,,,,,,Medium,
2026-06-26T20:21:47,2591.674,idle,0,,,,,,,,,,,,,Medium,
2026-06-26T20:21:48,2592.680,idle,0,,,,,,,,,,,,,Medium,
2026-06-26T20:21:49,2593.684,idle,0,,,,,,,,,,,,,Medium,
2026-06-26T20:21:50,2594.689,idle,0,,,,,,,,,,,,,Medium,
2026-06-26T20:21:52,2595.696,idle,0,,,,,,,,,,,,,Medium,
2026-06-26T20:21:53,2596.703,idle,0,,,,,,,,,,,,,Medium,
2026-06-26T20:21:54,2597.711,idle,0,,,,,,,,,,,,,Medium,
2026-06-26T20:21:55,2598.716,idle,0,,,,,,,,,,,,,Medium,
2026-06-26T20:21:56,2599.721,idle,0,,,,,,,,,,,,,Medium,
2026-06-26T20:21:57,2600.726,idle,0,,,,,,,,,,,,,Medium,
2026-06-26T20:21:58,2601.728,idle,0,,,,,,,,,,,,,Medium,
2026-06-26T20:21:59,2602.732,idle,0,,,,,,,,,,,,,Medium,
2026-06-26T20:22:00,2603.738,idle,0,,,,,,,,,,,,,Medium,
2026-06-26T20:22:01,2604.750,idle,0,,,,,,,,,,,,,Medium,
2026-06-26T20:22:02,2605.753,idle,0,,,,,,,,,,,,,Medium,
2026-06-26T20:22:03,2606.756,idle,0,,,,,,,,,,,,,Medium,
2026-06-26T20:22:04,2607.762,idle,0,,,,,,,,,,,,,Medium,
2026-06-26T20:22:05,2608.765,idle,0,,,,,,,,,,,,,Medium,
2026-06-26T20:22:06,2609.767,idle,0,,,,,,,,,,,,,Medium,
2026-06-26T20:22:07,2610.773,idle,0,,,,,,,,,,,,,Medium,
2026-06-26T20:22:08,2611.778,idle,0,,,,,,,,,,,,,Medium,
2026-06-26T20:22:09,2612.782,idle,0,,,,,,,,,,,,,Medium,
2026-06-26T20:22:10,2613.786,idle,0,,,,,,,,,,,,,Medium,
2026-06-26T20:22:11,2614.791,idle,0,,,,,,,,,,,,,Medium,
2026-06-26T20:22:12,2615.797,idle,0,,,,,,,,,,,,,Medium,
2026-06-26T20:22:13,2616.802,idle,0,,,,,,,,,,,,,Medium,
2026-06-26T20:22:14,2617.808,idle,0,,,,,,,,,,,,,Medium,
2026-06-26T20:22:15,2618.811,idle,0,,,,,,,,,,,,,Medium,
2026-06-26T20:22:16,2619.815,idle,0,,,,,,,,,,,,,Medium,
2026-06-26T20:22:17,2620.817,idle,0,,,,,,,,,,,,,Medium,
2026-06-26T20:22:18,2621.823,idle,0,,,,,,,,,,,,,Medium,
2026-06-26T20:22:19,2622.828,idle,0,,,,,,,,,,,,,Medium,
2026-06-26T20:22:20,2623.835,idle,0,,,,,,,,,,,,,Medium,
2026-06-26T20:22:21,2624.839,idle,0,,,,,,,,,,,,,Medium,
2026-06-26T20:22:22,2625.845,idle,0,,,,,,,,,,,,,Medium,
2026-06-26T20:22:23,2626.847,idle,0,,,,,,,,,,,,,Medium,
2026-06-26T20:22:24,2627.857,idle,0,,,,,,,,,,,,,Medium,
2026-06-26T20:22:25,2628.860,idle,0,,,,,,,,,,,,,Medium,
2026-06-26T20:22:26,2629.867,idle,0,,,,,,,,,,,,,Medium,
2026-06-26T20:22:27,2630.874,idle,0,,,,,,,,,,,,,Medium,
2026-06-26T20:22:28,2631.882,idle,0,,,,,,,,,,,,,Medium,
2026-06-26T20:22:29,2632.887,idle,0,,,,,,,,,,,,,Medium,
2026-06-26T20:22:30,2633.893,idle,0,,,,,,,,,,,,,Medium,
2026-06-26T20:22:31,2634.895,idle,0,,,,,,,,,,,,,Medium,
2026-06-26T20:22:32,2635.900,idle,0,,,,,,,,,,,,,Medium,
2026-06-26T20:22:33,2636.907,idle,0,,,,,,,,,,,,,Medium,
2026-06-26T20:22:34,2637.912,idle,0,,,,,,,,,,,,,Medium,
2026-06-26T20:22:35,2638.917,idle,0,,,,,,,,,,,,,Medium,
2026-06-26T20:22:36,2639.922,idle,0,,,,,,,,,,,,,Medium,
2026-06-26T20:22:37,2640.927,idle,0,,,,,,,,,,,,,Medium,
2026-06-26T20:22:38,2641.935,idle,0,,,,,,,,,,,,,Medium,
2026-06-26T20:22:39,2642.940,idle,0,,,,,,,,,,,,,Medium,
2026-06-26T20:22:40,2643.940,idle,0,,,,,,,,,,,,,Medium,
2026-06-26T20:22:41,2644.949,idle,0,,,,,,,,,,,,,Medium,
2026-06-26T20:22:42,2645.950,idle,0,,,,,,,,,,,,,Medium,
2026-06-26T20:22:43,2646.956,idle,0,,,,,,,,,,,,,Medium,
2026-06-26T20:22:44,2647.963,idle,0,,,,,,,,,,,,,Medium,
2026-06-26T20:22:45,2648.968,idle,0,,,,,,,,,,,,,Medium,
2026-06-26T20:22:46,2649.971,idle,0,,,,,,,,,,,,,Medium,
2026-06-26T20:22:47,2650.975,idle,0,,,,,,,,,,,,,Medium,
2026-06-26T20:22:48,2651.984,idle,0,,,,,,,,,,,,,Medium,
2026-06-26T20:22:49,2652.989,idle,0,,,,,,,,,,,,,Medium,
2026-06-26T20:22:50,2653.994,idle,0,,,,,,,,,,,,,Medium,
2026-06-26T20:22:51,2654.998,idle,0,,,,,,,,,,,,,Medium,
2026-06-26T20:22:52,2656.005,idle,0,,,,,,,,,,,,,Medium,
2026-06-26T20:22:53,2657.006,idle,0,,,,,,,,,,,,,Medium,
2026-06-26T20:22:54,2658.007,idle,0,,,,,,,,,,,,,Medium,
2026-06-26T20:22:55,2659.013,idle,0,,,,,,,,,,,,,Medium,
2026-06-26T20:22:56,2660.017,idle,0,,,,,,,,,,,,,Medium,
2026-06-26T20:22:57,2661.019,idle,0,,,,,,,,,,,,,Medium,
2026-06-26T20:22:58,2662.024,idle,0,,,,,,,,,,,,,Medium,
2026-06-26T20:22:59,2663.032,idle,0,,,,,,,,,,,,,Medium,
2026-06-26T20:23:00,2664.036,idle,0,,,,,,,,,,,,,Medium,
2026-06-26T20:23:01,2665.040,idle,0,,,,,,,,,,,,,Medium,
2026-06-26T20:23:02,2666.045,idle,0,,,,,,,,,,,,,Medium,
2026-06-26T20:23:03,2667.053,idle,0,,,,,,,,,,,,,Medium,
2026-06-26T20:23:04,2668.058,idle,0,,,,,,,,,,,,,Medium,
2026-06-26T20:23:05,2669.062,idle,0,,,,,,,,,,,,,Medium,
2026-06-26T20:23:06,2670.073,idle,0,,,,,,,,,,,,,Medium,
2026-06-26T20:23:07,2671.078,idle,0,,,,,,,,,,,,,Medium,
2026-06-26T20:23:08,2672.080,idle,0,,,,,,,,,,,,,Medium,
2026-06-26T20:23:09,2673.084,idle,0,,,,,,,,,,,,,Medium,
2026-06-26T20:23:10,2674.089,idle,0,,,,,,,,,,,,,Medium,
2026-06-26T20:23:11,2675.093,idle,0,,,,,,,,,,,,,Medium,
2026-06-26T20:23:12,2676.099,idle,0,,,,,,,,,,,,,Medium,
2026-06-26T20:23:13,2677.103,idle,0,,,,,,,,,,,,,Medium,
2026-06-26T20:23:14,2678.107,idle,0,,,,,,,,,,,,,Medium,
2026-06-26T20:23:15,2679.115,idle,0,,,,,,,,,,,,,Medium,
2026-06-26T20:23:16,2680.118,idle,0,,,,,,,,,,,,,Medium,
2026-06-26T20:23:17,2681.123,idle,0,,,,,,,,,,,,,Medium,
2026-06-26T20:23:18,2682.131,idle,0,,,,,,,,,,,,,Medium,
2026-06-26T20:23:19,2683.139,idle,0,,,,,,,,,,,,,Medium,
2026-06-26T20:23:20,2684.142,idle,0,,,,,,,,,,,,,Medium,
2026-06-26T20:23:21,2685.146,idle,0,,,,,,,,,,,,,Medium,
2026-06-26T20:23:22,2686.148,idle,0,,,,,,,,,,,,,Medium,
2026-06-26T20:23:23,2687.152,idle,0,,,,,,,,,,,,,Medium,
2026-06-26T20:23:24,2688.158,idle,0,,,,,,,,,,,,,Medium,
2026-06-26T20:23:25,2689.163,idle,0,,,,,,,,,,,,,Medium,
2026-06-26T20:23:26,2690.168,idle,0,,,,,,,,,,,,,Medium,
2026-06-26T20:23:27,2691.173,idle,0,,,,,,,,,,,,,Medium,
2026-06-26T20:23:28,2692.180,idle,0,,,,,,,,,,,,,Medium,
2026-06-26T20:23:29,2693.187,idle,0,,,,,,,,,,,,,Medium,
2026-06-26T20:23:30,2694.191,idle,0,,,,,,,,,,,,,Medium,
2026-06-26T20:23:31,2695.193,idle,0,,,,,,,,,,,,,Medium,
2026-06-26T20:23:32,2696.196,idle,0,,,,,,,,,,,,,Medium,
2026-06-26T20:23:33,2697.202,idle,0,,,,,,,,,,,,,Medium,
2026-06-26T20:23:34,2698.212,idle,0,,,,,,,,,,,,,Medium,
2026-06-26T20:23:35,2699.219,idle,0,,,,,,,,,,,,,Medium,
2026-06-26T20:23:36,2700.224,idle,0,,,,,,,,,,,,,Medium,
2026-06-26T20:23:37,2701.230,idle,0,,,,,,,,,,,,,Medium,
2026-06-26T20:23:38,2702.232,idle,0,,,,,,,,,,,,,Medium,
2026-06-26T20:23:39,2703.234,idle,0,,,,,,,,,,,,,Medium,
2026-06-26T20:23:40,2704.243,idle,0,,,,,,,,,,,,,Medium,
2026-06-26T20:23:41,2705.244,idle,0,,,,,,,,,,,,,Medium,
2026-06-26T20:23:42,2706.248,idle,0,,,,,,,,,,,,,Medium,
2026-06-26T20:23:43,2707.250,idle,0,,,,,,,,,,,,,Medium,
2026-06-26T20:23:44,2708.257,idle,0,,,,,,,,,,,,,Medium,
2026-06-26T20:23:45,2709.263,idle,0,,,,,,,,,,,,,Medium,
2026-06-26T20:23:46,2710.271,idle,0,,,,,,,,,,,,,Medium,
2026-06-26T20:23:47,2711.276,idle,0,,,,,,,,,,,,,Medium,
2026-06-26T20:23:48,2712.279,idle,0,,,,,,,,,,,,,Medium,
2026-06-26T20:23:49,2713.284,idle,0,,,,,,,,,,,,,Medium,
2026-06-26T20:23:50,2714.289,idle,0,,,,,,,,,,,,,Medium,
2026-06-26T20:23:51,2715.295,idle,0,,,,,,,,,,,,,Medium,
2026-06-26T20:23:52,2716.299,idle,0,,,,,,,,,,,,,Medium,
2026-06-26T20:23:53,2717.314,idle,0,,,,,,,,,,,,,Medium,
2026-06-26T20:23:54,2718.318,idle,0,,,,,,,,,,,,,Medium,
2026-06-26T20:23:55,2719.324,idle,0,,,,,,,,,,,,,Medium,
2026-06-26T20:23:56,2720.328,idle,0,,,,,,,,,,,,,Medium,
2026-06-26T20:23:57,2721.337,idle,0,,,,,,,,,,,,,Medium,
2026-06-26T20:23:58,2722.345,idle,0,,,,,,,,,,,,,Medium,
2026-06-26T20:23:59,2723.348,idle,0,,,,,,,,,,,,,Medium,
2026-06-26T20:24:00,2724.351,idle,0,,,,,,,,,,,,,Medium,
2026-06-26T20:24:01,2725.358,idle,0,,,,,,,,,,,,,Medium,
2026-06-26T20:24:02,2726.363,idle,0,,,,,,,,,,,,,Medium,
2026-06-26T20:24:03,2727.368,idle,0,,,,,,,,,,,,,Medium,
2026-06-26T20:24:04,2728.371,idle,0,,,,,,,,,,,,,Medium,
2026-06-26T20:24:05,2729.377,idle,0,,,,,,,,,,,,,Medium,
2026-06-26T20:24:06,2730.384,idle,0,,,,,,,,,,,,,Medium,
2026-06-26T20:24:07,2731.394,idle,0,,,,,,,,,,,,,Medium,
2026-06-26T20:24:08,2732.400,idle,0,,,,,,,,,,,,,Medium,
2026-06-26T20:24:09,2733.404,idle,0,,,,,,,,,,,,,Medium,
2026-06-26T20:24:10,2734.410,idle,0,,,,,,,,,,,,,Medium,
2026-06-26T20:24:11,2735.413,idle,0,,,,,,,,,,,,,Medium,
2026-06-26T20:24:12,2736.419,idle,0,,,,,,,,,,,,,Medium,
2026-06-26T20:24:13,2737.424,idle,0,,,,,,,,,,,,,Medium,
2026-06-26T20:24:14,2738.428,idle,0,,,,,,,,,,,,,Medium,
2026-06-26T20:24:15,2739.435,idle,0,,,,,,,,,,,,,Medium,
