iso_time,t,phase,contact,used,delta,theta,alpha,beta,gamma,theta_z,alpha_z,beta_z,stress,attention,cognitive_load,difficulty,event
2026-06-26T14:05:37,12.163,idle,0,,,,,,,,,,,,,,
2026-06-26T14:05:38,13.176,idle,1,TP9+AF7+AF8+TP10,4018.5,1703.3,763.27,996.1,810.91,,,,,,,,
2026-06-26T14:05:39,14.183,idle,1,TP9+AF7+AF8+TP10,1823,574.59,334.32,735.06,643.17,,,,,,,,
2026-06-26T14:05:40,15.186,idle,1,TP9+AF7+AF8+TP10,1032.3,198.83,187.9,532.19,426.99,,,,,,,,
2026-06-26T14:05:41,16.188,idle,1,TP9+AF7+AF8+TP10,591.97,184.5,199.49,323.86,342.24,,,,,,,,
2026-06-26T14:05:42,17.193,idle,1,TP9+AF7+AF8+TP10,2088.2,589.34,281.76,489.32,551.58,,,,,,,,
2026-06-26T14:05:43,18.198,idle,1,TP9+AF7+AF8+TP10,2125.2,448.32,213.01,552.36,538,,,,,,,,
2026-06-26T14:05:44,19.205,idle,1,TP9+AF7+AF8+TP10,206.4,41.033,49.306,316.82,481.15,,,,,,,,
2026-06-26T14:05:45,20.210,idle,1,TP9+AF7+AF8+TP10,51.189,26.405,32.28,197.84,384.6,,,,,,,,
2026-06-26T14:05:46,21.219,idle,1,TP9+AF7+AF8+TP10,58.041,41.285,23.062,156.8,198.58,,,,,,,,
2026-06-26T14:05:47,22.223,idle,1,TP9+AF7+AF8+TP10,210.92,170.77,40.023,267.65,230.85,,,,,,,,
2026-06-26T14:05:48,23.227,idle,1,TP9+AF7+AF8+TP10,1514.3,347.33,70.454,517.17,602.93,,,,,,,,
2026-06-26T14:05:49,24.232,idle,1,TP9+AF7+AF8+TP10,5155.6,399.7,108.58,455.3,638,,,,,,,,
2026-06-26T14:05:50,25.234,idle,1,TP9+AF7+AF8+TP10,2358.1,582.05,273.14,428.79,327.5,,,,,,,,
2026-06-26T14:05:51,26.239,idle,1,TP9+AF7+AF8+TP10,1337.5,668.46,368.46,728.56,334.15,,,,,,,,
2026-06-26T14:05:52,27.243,idle,1,TP9+AF7+AF8+TP10,596.58,237.39,102.21,325.11,242.58,,,,,,,,
2026-06-26T14:05:53,28.252,idle,1,TP9+AF7+AF8+TP10,77.709,60.84,22.195,190.31,186.91,,,,,,,,
2026-06-26T14:05:54,29.260,idle,1,TP9+AF7+AF8+TP10,104.81,93.185,35.455,148.32,175.46,,,,,,,,
2026-06-26T14:05:55,30.266,idle,1,TP9+AF7+AF8+TP10,102.57,82.118,40.063,126.77,180.97,,,,,,,,
2026-06-26T14:05:56,31.270,idle,1,TP9+AF7+AF8+TP10,222.44,78.989,86.235,179.12,154.04,,,,,,,,
2026-06-26T14:05:57,32.272,idle,1,TP9+AF7+AF8+TP10,293.71,185.88,92.835,150.85,182.78,,,,,,,,
2026-06-26T14:05:58,33.276,idle,1,TP9+AF7+AF8+TP10,121.64,117.25,32.402,87.448,237.83,,,,,,,,
2026-06-26T14:05:59,34.281,idle,1,TP9+AF7+AF8+TP10,864.69,140.75,46.345,155.9,173.4,,,,,,,,
2026-06-26T14:06:00,35.285,idle,1,TP9+AF7+AF8+TP10,3487.1,426.64,87.337,424.05,281.71,,,,,,,,
2026-06-26T14:06:01,36.289,idle,1,TP9+AF7+AF8+TP10,2122.2,496.7,104.82,358.44,254.86,,,,,,,,
2026-06-26T14:06:02,37.296,idle,1,TP9+AF7+AF8+TP10,1532.1,409.89,77.552,216.31,159.81,,,,,,,,
2026-06-26T14:06:03,38.304,idle,1,TP9+AF7+AF8+TP10,256.5,117.73,27.469,156.59,135.87,,,,,,,,
2026-06-26T14:06:04,39.307,idle,1,TP9+AF7+AF8+TP10,74.315,42.639,21.029,146.22,122.46,,,,,,,,
2026-06-26T14:06:05,40.313,idle,1,TP9+AF7+AF8+TP10,157.24,108.59,33.772,126.78,106.36,,,,,,,,
2026-06-26T14:06:06,41.318,idle,1,TP9+AF7+AF8+TP10,565.61,862.45,310.8,286.66,267.43,,,,,,,,
2026-06-26T14:06:07,42.323,idle,1,TP9+AF7+AF8+TP10,13220,9091.8,3531.5,2087,1164.8,,,,,,,,
2026-06-26T14:06:08,43.334,idle,1,TP9+AF7+AF8+TP10,19557,6317.3,2423.9,1700.8,1166.3,,,,,,,,
2026-06-26T14:06:09,44.340,idle,1,TP9+AF7+AF8+TP10,2949.2,390.35,95.746,228.02,240.61,,,,,,,,
2026-06-26T14:06:10,45.343,idle,1,TP9+AF7+AF8+TP10,70.24,25.532,28.625,129.9,110.2,,,,,,,,
2026-06-26T14:06:11,46.347,idle,1,TP9+AF7+AF8+TP10,181.91,156.55,31.702,132.53,116.14,,,,,,,,
2026-06-26T14:06:12,47.351,idle,1,TP9+AF7+AF8+TP10,190.13,147.43,36.285,127.55,114.48,,,,,,,,
2026-06-26T14:06:13,48.355,idle,1,TP9+AF7+AF8+TP10,77.093,30.664,24.649,98.691,115.91,,,,,,,,
2026-06-26T14:06:14,49.358,idle,1,TP9+AF7+AF8+TP10,42.602,33.902,19.8,119.18,114.96,,,,,,,,
2026-06-26T14:06:15,50.366,idle,1,TP9+AF7+AF8+TP10,14.96,30.798,18.798,120.25,127.95,,,,,,,,
2026-06-26T14:06:16,51.373,idle,1,TP9+AF7+AF8+TP10,4776.6,694.12,71.866,230.38,414.18,,,,,,,,
2026-06-26T14:06:17,52.378,idle,1,TP9+AF7+AF8+TP10,44703,5461.6,390.3,969.97,1657,,,,,,,,
2026-06-26T14:06:18,53.380,idle,1,TP9+AF7+AF8+TP10,23106,2762.5,252.79,992.81,1638.6,,,,,,,,
2026-06-26T14:06:19,54.386,idle,1,TP9+AF7+AF8+TP10,488.81,128.71,59.364,714.48,1238.1,,,,,,,,
2026-06-26T14:06:20,55.394,idle,1,TP9+AF7+AF8+TP10,497.03,166.2,53.956,452.35,796.94,,,,,,,,
2026-06-26T14:06:21,56.400,idle,1,TP9+AF7+AF8+TP10,619.47,133.54,50.202,305.69,556.82,,,,,,,,
2026-06-26T14:06:22,57.406,idle,1,TP9+AF7+AF8+TP10,219.23,93.694,51.473,315.18,344.39,,,,,,,,
2026-06-26T14:06:23,58.411,idle,1,TP9+AF7+AF8+TP10,179.3,134.44,43.025,225.74,249.92,,,,,,,,
2026-06-26T14:06:24,59.416,idle,1,TP9+AF7+AF8+TP10,90.127,63.399,33.748,144.64,172.46,,,,,,,,
2026-06-26T14:06:25,60.421,idle,1,TP9+AF7+AF8+TP10,129.25,86.633,50.807,155.09,157.46,,,,,,,,
2026-06-26T14:06:26,61.427,idle,1,TP9+AF7+AF8+TP10,145.84,66.517,39.174,174.28,154.7,,,,,,,,
2026-06-26T14:06:27,62.434,idle,1,TP9+AF7+AF8+TP10,179.79,67.478,27.501,183.7,177.81,,,,,,,,
2026-06-26T14:06:28,63.440,idle,1,TP9+AF7+AF8+TP10,229.19,84.052,27.771,160.76,176.84,,,,,,,,
2026-06-26T14:06:29,64.443,idle,1,TP9+AF7+AF8+TP10,450.78,106.19,57.644,184.18,222.81,,,,,,,,
2026-06-26T14:06:30,65.446,idle,1,TP9+AF7+AF8+TP10,875.24,120.22,96.048,244.32,368.01,,,,,,,,
2026-06-26T14:06:31,66.453,idle,1,TP9+AF7+AF8+TP10,995.65,357.02,73.03,212.08,366,,,,,,,,
2026-06-26T14:06:32,67.462,idle,1,TP9+AF7+AF8+TP10,1845.8,526.52,96.718,273.44,449.56,,,,,,,,
2026-06-26T14:06:33,68.467,idle,1,TP9+AF7+AF8+TP10,479.56,106.56,34.64,290.71,308.94,,,,,,,,
2026-06-26T14:06:34,69.469,idle,1,TP9+AF7+AF8+TP10,79.55,49.567,29.35,323.34,219.5,,,,,,,,
2026-06-26T14:06:35,70.473,idle,1,TP9+AF7+AF8+TP10,91.142,52.009,28.762,243.77,203.06,,,,,,,,
2026-06-26T14:06:36,71.479,idle,1,TP9+AF7+AF8+TP10,48.602,19.211,15.109,192.1,187.89,,,,,,,,
2026-06-26T14:06:37,72.486,idle,1,TP9+AF7+AF8+TP10,225.3,121.57,17.784,260.42,336.28,,,,,,,,
2026-06-26T14:06:38,73.488,idle,1,TP9+AF7+AF8+TP10,807,322.84,34.324,472.64,732.57,,,,,,,,
2026-06-26T14:06:39,74.491,baseline_rest,1,TP9+AF7+AF8+TP10,243.9,86.709,28.507,404.8,604.36,,,,,,,,
2026-06-26T14:06:40,75.494,baseline_rest,1,TP9+AF7+AF8+TP10,29.73,26.134,14.014,349.27,352.6,,,,,,,,
2026-06-26T14:06:41,76.499,baseline_rest,1,TP9+AF7+AF8+TP10,80.411,24.492,18.146,285.16,224.92,,,,,,,,
2026-06-26T14:06:42,77.506,baseline_rest,1,TP9+AF7+AF8+TP10,57.641,15.865,18.866,181.97,208.68,,,,,,,,
2026-06-26T14:06:43,78.513,baseline_rest,1,TP9+AF7+AF8+TP10,58.669,22.345,26.137,166.9,219.1,,,,,,,,
2026-06-26T14:06:44,79.519,baseline_rest,1,TP9+AF7+AF8+TP10,42.027,28.081,24.059,169.34,174.25,,,,,,,,
2026-06-26T14:06:45,80.525,baseline_rest,1,TP9+AF7+AF8+TP10,124.99,71.716,25.557,137.65,162.93,,,,,,,,
2026-06-26T14:06:46,81.526,baseline_rest,1,TP9+AF7+AF8+TP10,294.99,209.5,37.356,186.86,163.28,,,,,,,,
2026-06-26T14:06:47,82.530,baseline_rest,1,TP9+AF7+AF8+TP10,287.67,220.54,27.836,168,189.32,,,,,,,,
2026-06-26T14:06:48,83.533,baseline_rest,1,TP9+AF7+AF8+TP10,202.89,108.32,27.864,148.54,152.08,,,,,,,,
2026-06-26T14:06:49,84.541,baseline_rest,1,TP9+AF7+AF8+TP10,178.14,46.463,38.563,150.56,189.24,,,,,,,,
2026-06-26T14:06:50,85.542,baseline_rest,1,TP9+AF7+AF8+TP10,118.27,26.796,33.246,162.16,185.46,,,,,,,,
2026-06-26T14:06:51,86.552,baseline_rest,1,TP9+AF7+AF8+TP10,69.09,23.983,14.747,158.48,210.35,,,,,,,,
2026-06-26T14:06:52,87.554,baseline_rest,1,TP9+AF7+AF8+TP10,329.13,79.821,20.656,124.01,169.71,,,,,,,,
2026-06-26T14:06:53,88.559,baseline_rest,1,TP9+AF7+AF8+TP10,441.56,103.41,35.018,113.64,121.28,,,,,,,,
2026-06-26T14:06:54,89.562,baseline_rest,1,TP9+AF7+AF8+TP10,256.86,144.08,34.928,92.892,105.47,,,,,,,,
2026-06-26T14:06:55,90.570,baseline_rest,1,TP9+AF7+AF8+TP10,180.36,127.15,24.758,87.18,104.12,,,,,,,,
2026-06-26T14:06:56,91.571,baseline_rest,1,TP9+AF7+AF8+TP10,264.76,96.37,77.424,119.68,111.7,,,,,,,,
2026-06-26T14:06:57,92.576,baseline_rest,1,TP9+AF7+AF8+TP10,211.87,116.27,71.478,140.09,142.22,,,,,,,,
2026-06-26T14:06:58,93.577,baseline_rest,1,TP9+AF7+AF8+TP10,89.299,55.458,25.727,129.04,121.68,,,,,,,,
2026-06-26T14:06:59,94.585,baseline_rest,1,TP9+AF7+AF8+TP10,497.37,75.258,19.759,110.8,101.33,,,,,,,,
2026-06-26T14:07:00,95.589,idle,1,TP9+AF7+AF8+TP10,1260.6,198.61,60.111,117.82,99.066,,,,,,,,
2026-06-26T14:07:01,96.593,idle,1,TP9+AF7+AF8+TP10,879.93,336.45,89.631,156.27,142.92,,,,,,,,
2026-06-26T14:07:02,97.601,baseline_active,1,TP9+AF7+AF8+TP10,399.24,456.16,88.537,167.32,183.99,,,,,,,,
2026-06-26T14:07:03,98.606,baseline_active,1,TP9+AF7+AF8+TP10,308.64,198.67,36.685,132.92,152.58,,,,,,,,
2026-06-26T14:07:04,99.612,baseline_active,1,TP9+AF7+AF8+TP10,102.08,54.972,15.394,108.31,100.48,,,,,,,,
2026-06-26T14:07:05,100.618,baseline_active,1,TP9+AF7+AF8+TP10,60.669,32.657,15.65,142.87,117.83,,,,,,,,
2026-06-26T14:07:06,101.622,baseline_active,1,TP9+AF7+AF8+TP10,763.64,152.94,36.866,367.06,202.31,,,,,,,,
2026-06-26T14:07:07,102.626,baseline_active,1,TP9+AF7+AF8+TP10,1332,175.81,50.349,280.28,201.01,,,,,,,,
2026-06-26T14:07:08,103.630,baseline_active,1,TP9+AF7+AF8+TP10,197.44,39.266,29.021,172.76,191.38,,,,,,,,
2026-06-26T14:07:09,104.635,baseline_active,1,TP9+AF7+AF8+TP10,16.569,10.473,12.432,127.83,123.04,,,,,,,,
2026-06-26T14:07:10,105.643,baseline_active,1,TP9+AF7+AF8+TP10,16.375,12.26,8.4814,97.18,99.447,,,,,,,,
2026-06-26T14:07:11,106.652,baseline_active,1,TP9+AF7+AF8+TP10,267.24,125.6,22.597,169.71,182.84,,,,,,,,
2026-06-26T14:07:12,107.659,baseline_active,1,TP9+AF7+AF8+TP10,800.22,284.18,40.443,332.97,341.1,,,,,,,,
2026-06-26T14:07:13,108.664,baseline_active,1,TP9+AF7+AF8+TP10,387.2,152.94,33.989,267.23,306.85,,,,,,,,
2026-06-26T14:07:14,109.668,baseline_active,1,TP9+AF7+AF8+TP10,135.06,100.86,23.059,167.32,241.67,,,,,,,,
2026-06-26T14:07:15,110.675,baseline_active,1,TP9+AF7+AF8+TP10,52.516,76.315,17.729,193.25,208.3,,,,,,,,
2026-06-26T14:07:17,111.691,baseline_active,1,TP9+AF7+AF8+TP10,34.141,27.681,16.381,210.17,208.97,,,,,,,,
2026-06-26T14:07:18,112.695,baseline_active,1,TP9+AF7+AF8+TP10,22.54,18.713,11.43,173.28,212.27,,,,,,,,
2026-06-26T14:07:19,113.701,baseline_active,1,TP9+AF7+AF8+TP10,665.13,114.29,33.69,278.81,452.48,,,,,,,,
2026-06-26T14:07:20,114.707,baseline_active,1,TP9+AF7+AF8+TP10,3882.3,579.03,111.21,513.71,1114.9,,,,,,,,
2026-06-26T14:07:21,115.718,baseline_active,1,TP9+AF7+AF8+TP10,2825.3,356.52,68.697,265.13,482.45,,,,,,,,
2026-06-26T14:07:22,116.723,baseline_active,1,TP9+AF7+AF8+TP10,334.73,56.521,29.134,164.14,191.53,,,,,,,,
2026-06-26T14:07:23,117.731,baseline_active,1,TP9+AF7+AF8+TP10,292.22,183.44,26.565,168.41,210.82,,,,,,,,
2026-06-26T14:07:24,118.735,baseline_active,1,TP9+AF7+AF8+TP10,695.73,316.82,50.399,273.37,381.31,,,,,,,,
2026-06-26T14:07:25,119.742,baseline_active,1,TP9+AF7+AF8+TP10,265.26,133.6,65.001,378.72,566.16,,,,,,,,
2026-06-26T14:07:26,120.751,baseline_active,1,TP9+AF7+AF8+TP10,238.94,155.94,50.943,408.55,700.42,,,,,,,,
2026-06-26T14:07:27,121.757,baseline_active,1,TP9+AF7+AF8+TP10,275.43,109.63,52.98,350.93,451.5,,,,,,,,
2026-06-26T14:07:28,122.763,baseline_active,1,TP9+AF7+AF8+TP10,407.72,77.271,61.125,338.69,383.19,,,,,,,,
2026-06-26T14:07:29,123.769,baseline_active,1,TP9+AF7+AF8+TP10,111.14,37.891,28.591,254.24,295.14,,,,,,,,
2026-06-26T14:07:30,124.773,baseline_active,1,TP9+AF7+AF8+TP10,36.192,35.247,19.782,188.06,254.76,,,,,,,,
2026-06-26T14:07:31,125.784,baseline_active,1,TP9+AF7+AF8+TP10,83.208,45.312,21.275,256.43,333.27,,,,,,,,
2026-06-26T14:07:32,126.792,baseline_active,1,TP9+AF7+AF8+TP10,55.389,57.912,20.058,295.04,407.13,,,,,,,,
2026-06-26T14:07:33,127.801,baseline_active,1,TP9+AF7+AF8+TP10,6219.5,1480.8,277.63,505.13,485.93,,,,,,,,
2026-06-26T14:07:34,128.807,baseline_active,1,TP9+AF7+AF8+TP10,67732,12589,2884.2,1796.1,513.93,,,,,,,,
2026-06-26T14:07:35,129.818,baseline_active,1,TP9+AF7+AF8+TP10,88796,9555.6,3079.5,1412.1,344.9,,,,,,,,
2026-06-26T14:07:36,130.821,baseline_active,1,TP9+AF7+AF8+TP10,25572,2902.3,512.84,303.47,195.85,,,,,,,,
2026-06-26T14:07:37,131.829,baseline_active,1,TP9+AF7+AF8+TP10,2228.2,232.77,59.21,168.7,141.95,,,,,,,,
2026-06-26T14:07:38,132.832,baseline_active,1,TP9+AF7+AF8+TP10,1974.6,387.29,206.96,127.29,105.86,,,,,,,,
2026-06-26T14:07:39,133.834,baseline_active,1,TP9+AF7+AF8+TP10,3348.4,1058.2,233.77,267.4,101.9,,,,,,,,
2026-06-26T14:07:40,134.840,baseline_active,1,TP9+AF7+AF8+TP10,2727.7,998.47,157.98,239.04,102.99,,,,,,,,
2026-06-26T14:07:41,135.848,baseline_active,1,TP9+AF7+AF8+TP10,307.5,91.43,27.183,113.26,94.616,,,,,,,,
2026-06-26T14:07:42,136.853,baseline_active,1,TP9+AF7+AF8+TP10,897.53,223.57,82.921,127.54,80.918,,,,,,,,
2026-06-26T14:07:43,137.860,baseline_active,1,TP9+AF7+AF8+TP10,2464.4,499.49,236.48,226.42,133.62,,,,,,,,
2026-06-26T14:07:44,138.862,baseline_active,1,TP9+AF7+AF8+TP10,890.45,256.1,116.68,266.43,374.58,,,,,,,,
2026-06-26T14:07:45,139.869,baseline_active,1,TP9+AF7+AF8+TP10,380.7,323.3,174.08,289.77,404.42,,,,,,,,
2026-06-26T14:07:46,140.873,baseline_active,1,TP9+AF7+AF8+TP10,868.19,551.43,274.76,333.05,394.86,,,,,,,,
2026-06-26T14:07:47,141.879,baseline_active,1,TP9+AF7+AF8+TP10,764.55,388.77,90.746,312.23,304.71,,,,,,,,
2026-06-26T14:07:48,142.884,baseline_active,1,TP9+AF7+AF8+TP10,1460.1,573.1,94.85,363.92,321.04,,,,,,,,
2026-06-26T14:07:49,143.889,baseline_active,1,TP9+AF7+AF8+TP10,1821.3,453.86,86.229,253.46,204.28,,,,,,,,
2026-06-26T14:07:50,144.895,baseline_active,1,TP9+AF7+AF8+TP10,1447.1,403.33,60.942,130.99,116.34,,,,,,,,
2026-06-26T14:07:51,145.898,baseline_active,1,TP9+AF7+AF8+TP10,731.74,122.84,49.985,106.96,80.461,,,,,,,,
2026-06-26T14:07:52,146.908,baseline_active,1,TP9+AF7+AF8+TP10,3046.1,334.23,167.8,171,116.28,,,,,,,,
2026-06-26T14:07:53,147.916,baseline_active,1,TP9+AF7+AF8+TP10,1848,258.7,118.98,206.77,170.4,,,,,,,,
2026-06-26T14:07:54,148.920,baseline_active,1,TP9+AF7+AF8+TP10,872.75,290.52,81.727,235.6,231.39,,,,,,,,
2026-06-26T14:07:55,149.923,baseline_active,1,TP9+AF7+AF8+TP10,234.13,110.24,36.172,157.59,144.49,,,,,,,,
2026-06-26T14:07:56,150.930,baseline_active,1,TP9+AF7+AF8+TP10,302.82,65.639,19.615,97.242,109.34,,,,,,,,
2026-06-26T14:07:57,151.936,baseline_active,1,TP9+AF7+AF8+TP10,486.69,56.766,22.337,76.409,109.95,,,,,,,,
2026-06-26T14:07:58,152.940,baseline_active,1,TP9+AF7+AF8+TP10,527.79,82.035,29.845,88.834,99.549,,,,,,,,
2026-06-26T14:07:59,153.943,baseline_active,1,TP9+AF7+AF8+TP10,490.35,76.851,18.823,83.434,63.31,,,,,,,,
2026-06-26T14:08:00,154.951,baseline_active,1,TP9+AF7+AF8+TP10,124.46,47.647,16.822,62.123,47.454,,,,,,,,
2026-06-26T14:08:01,155.959,baseline_active,1,TP9+AF7+AF8+TP10,56.543,25.936,15.808,64.341,45.81,,,,,,,,
2026-06-26T14:08:02,156.962,baseline_active,1,TP9+AF7+AF8+TP10,136.48,54.365,21.28,82.936,76.094,,,,,,,,
2026-06-26T14:08:03,157.966,baseline_active,1,TP9+AF7+AF8+TP10,242.45,76.157,30.5,109.61,103.21,,,,,,,,
2026-06-26T14:08:04,158.970,baseline_active,1,TP9+AF7+AF8+TP10,1215.1,388.42,130.36,160.02,85.241,,,,,,,,
2026-06-26T14:08:05,159.975,baseline_active,1,TP9+AF7+AF8+TP10,922.13,310.97,142.05,151.7,152.6,,,,,,,,
2026-06-26T14:08:06,160.983,baseline_active,1,TP9+AF7+AF8+TP10,966.85,334.18,132.96,272.45,367.21,,,,,,,,
2026-06-26T14:08:07,161.988,baseline_active,1,TP9+AF7+AF8+TP10,1901.8,517.23,153.33,279.11,279.49,,,,,,,,
2026-06-26T14:08:08,162.994,baseline_active,1,TP9+AF7+AF8+TP10,1606.3,319.38,108.09,148.3,86.306,,,,,,,,
2026-06-26T14:08:09,163.999,baseline_active,1,TP9+AF7+AF8+TP10,461.1,101.22,33.259,89.337,67.572,,,,,,,,
2026-06-26T14:08:10,165.006,baseline_active,1,TP9+AF7+AF8+TP10,370.31,57.229,20.725,86.078,68.62,,,,,,,,
2026-06-26T14:08:11,166.014,baseline_active,1,TP9+AF7+AF8+TP10,261.12,26.449,17.265,64.671,61.731,,,,,,,,
2026-06-26T14:08:12,167.022,baseline_active,1,TP9+AF7+AF8+TP10,237.38,38.991,15.666,65.227,49.863,,,,,,,,
2026-06-26T14:08:13,168.025,baseline_active,1,TP9+AF7+AF8+TP10,340.65,121.95,44.41,90.073,54.03,,,,,,,,
2026-06-26T14:08:14,169.031,baseline_active,1,TP9+AF7+AF8+TP10,446.11,146.57,45.231,121.25,86.735,,,,,,,,
2026-06-26T14:08:15,170.039,baseline_active,1,TP9+AF7+AF8+TP10,961.03,176.57,48.874,214.26,286,,,,,,,,
2026-06-26T14:08:16,171.047,baseline_active,1,TP9+AF7+AF8+TP10,6015.8,380.49,108.96,736.11,1189.9,,,,,,,,
2026-06-26T14:08:17,172.049,baseline_active,1,TP9+AF7+AF8+TP10,5258.5,256.66,118.64,725.98,1150.2,,,,,,,,
2026-06-26T14:08:18,173.055,active,1,TP9+AF7+AF8+TP10,3239.3,153.48,90.763,255.97,284.69,0.00017206,0.45466,0.074705,0.49432,0.50559,0.49321,,
2026-06-26T14:08:19,174.059,active,1,TP9+AF7+AF8+TP10,413.46,42.848,28.154,105.63,102.51,-0.26244,-0.14179,-0.56356,0.4887,0.50041,0.49222,,
2026-06-26T14:08:20,175.067,active,1,TP9+AF7+AF8+TP10,727.89,130.5,47.032,221.87,329.96,-0.064091,0.055268,0.014207,0.4924,0.50604,0.49136,,
2026-06-26T14:08:21,176.074,active,1,TP9+AF7+AF8+TP10,2220.2,309.01,87.536,569.28,777.2,0.20556,0.43214,1.5637,0.57964,0.60053,0.489,,
2026-06-26T14:08:22,177.078,active,1,TP9+AF7+AF8+TP10,951.62,263.49,59.548,558.33,621.43,-0.030667,0.029964,1.4755,0.63578,0.64812,0.49105,,
2026-06-26T14:08:23,178.083,active,1,TP9+AF7+AF8+TP10,946.57,844.31,113.71,629.76,678.21,0.28175,0.3654,1.7073,0.65134,0.66186,0.49087,,
2026-06-26T14:08:24,179.086,active,1,TP9+AF7+AF8+TP10,1472.9,613.84,100.31,688.88,719.37,0.028653,0.023654,2.0325,0.69969,0.7036,0.49672,,
2026-06-26T14:08:25,180.090,active,1,TP9+AF7+AF8+TP10,1411.4,411.29,86.893,614.76,507.65,-0.14236,-0.10985,1.6203,0.70211,0.7057,0.49663,,
2026-06-26T14:08:26,181.093,active,1,TP9+AF7+AF8+TP10,839.09,433.57,98.706,339.39,262.76,-0.1187,0.25469,0.49301,0.68143,0.69012,0.49145,,
2026-06-26T14:08:27,182.098,active,1,TP9+AF7+AF8+TP10,715.63,776.15,127.13,237.97,221.82,-0.039291,0.14825,-0.05393,0.65663,0.66709,0.48966,,
2026-06-26T14:08:28,183.102,active,1,TP9+AF7+AF8+TP10,532.94,273.16,68.049,350.96,390.51,-0.23204,-0.052505,0.48711,0.64588,0.65771,0.48821,,
2026-06-26T14:08:29,184.104,active,1,TP9+AF7+AF8+TP10,304.58,208.18,58.532,324.86,461.02,-0.26499,-0.11177,0.4233,0.63635,0.64901,0.48733,,
2026-06-26T14:08:30,185.109,active,1,TP9+AF7+AF8+TP10,862.96,270.99,45.632,251.49,453.64,-0.26166,-0.23147,0.034902,0.62398,0.63557,0.49267,,
2026-06-26T14:08:31,186.119,active,1,TP9+AF7+AF8+TP10,2806.4,431.77,67.792,392.72,542.92,-0.18921,-0.059984,0.59614,0.61885,0.63093,0.49161,,
2026-06-26T14:08:32,187.126,active,1,TP9+AF7+AF8+TP10,1368.8,234.74,52.644,360.89,476.55,-0.23569,0.0022157,0.52357,0.61237,0.62647,0.48905,,
2026-06-26T14:08:33,188.133,active,1,TP9+AF7+AF8+TP10,470.58,82.289,31.944,185.15,180.8,-0.2521,-0.23058,-0.27944,0.59815,0.61089,0.49401,,
2026-06-26T14:08:34,189.138,active,1,TP9+AF7+AF8+TP10,80.711,25.232,17.817,115.4,110.8,-0.26754,-0.34221,-0.58591,0.58272,0.59281,0.5032,,
2026-06-26T14:08:35,190.142,active,1,TP9+AF7+AF8+TP10,133.16,42.555,23.17,106.98,123.27,-0.30611,-0.37061,-0.58277,0.56962,0.57753,0.50612,,
2026-06-26T14:08:36,191.147,active,1,TP9+AF7+AF8+TP10,740.84,184.88,64.162,329.65,464.65,-0.22534,-0.027243,0.55957,0.57154,0.58914,0.50242,,
2026-06-26T14:08:37,192.152,active,1,TP9+AF7+AF8+TP10,2399.5,268.26,79.65,530.46,718.1,-0.171,0.47932,1.5083,0.60414,0.65469,0.49246,,
2026-06-26T14:08:38,193.157,active,1,TP9+AF7+AF8+TP10,1060.8,109.48,37.507,236.26,256.18,-0.24683,0.16969,0.043343,0.58974,0.64047,0.48714,,
2026-06-26T14:08:39,194.159,active,1,TP9+AF7+AF8+TP10,897.28,412.27,68.564,338.18,386.75,-0.013317,0.62579,0.52987,0.57754,0.63172,0.47917,,
2026-06-26T14:08:40,195.168,active,1,TP9+AF7+AF8+TP10,1523.9,489.62,83.108,486.55,733.19,-0.0076003,0.65765,1.1798,0.57602,0.63922,0.47178,,
2026-06-26T14:08:41,196.176,active,1,TP9+AF7+AF8+TP10,939.34,224.89,89.423,227.74,286.63,-0.15116,-0.064988,-0.039084,0.56729,0.62419,0.48225,,
2026-06-26T14:08:42,197.179,active,1,TP9+AF7+AF8+TP10,1054.3,282.46,169.2,437.2,417.97,-0.095885,-0.11382,0.87375,0.59951,0.62355,0.49425,,
2026-06-26T14:08:43,198.187,active,1,TP9+AF7+AF8+TP10,534.68,129.73,76.59,783.29,735.43,-0.26901,-0.089064,2.4335,0.70735,0.72602,0.49224,,
2026-06-26T14:08:44,199.188,active,1,TP9+AF7+AF8+TP10,216.25,62.776,35.51,615.15,603.99,-0.32707,-0.17686,1.7472,0.71706,0.73339,0.49092,,
2026-06-26T14:08:45,200.194,active,1,TP9+AF7+AF8+TP10,192.44,58.708,34.061,381.91,347.72,-0.30003,-0.37271,0.74342,0.70733,0.72069,0.50182,,
2026-06-26T14:08:46,201.198,active,1,TP9+AF7+AF8+TP10,78.788,45.001,24.312,222.85,207.36,-0.30463,-0.4139,-0.022468,0.6883,0.69843,0.50892,,
2026-06-26T14:08:47,202.205,active,1,TP9+AF7+AF8+TP10,143.29,90.73,32.206,204.02,211.49,-0.31789,-0.32748,-0.095616,0.66918,0.67795,0.50799,,
2026-06-26T14:08:48,203.213,active,1,TP9+AF7+AF8+TP10,438.88,204.09,36.916,388.09,395.56,-0.24208,-0.34908,0.72447,0.66461,0.67082,0.51122,,
2026-06-26T14:08:49,204.217,active,1,TP9+AF7+AF8+TP10,1079.4,288.08,54.302,580.5,673.14,-0.044762,-0.065259,1.6593,0.68772,0.68892,0.51018,,
2026-06-26T14:08:50,205.224,active,1,TP9+AF7+AF8+TP10,1905.9,304.4,60.893,853.11,876.01,0.33627,0.22396,3.2861,0.76839,0.76385,0.51249,,
2026-06-26T14:08:51,206.231,active,1,TP9+AF7+AF8+TP10,358.25,63.608,33.688,448.43,428.09,-0.22224,-0.23806,1.261,0.75767,0.75347,0.51123,,
2026-06-26T14:08:52,207.237,active,1,TP9+AF7+AF8+TP10,80.579,30.092,24.716,191.99,252.43,-0.32625,-0.28368,-0.15196,0.72872,0.72567,0.50925,,
2026-06-26T14:08:53,208.240,active,1,TP9+AF7+AF8+TP10,84.037,34.914,18.167,138.81,159.44,-0.32375,-0.27027,-0.39264,0.69944,0.69755,0.50733,,
2026-06-26T14:08:54,209.245,active,1,TP9+AF7+AF8+TP10,114.4,30.708,18.401,100.57,109.57,-0.3461,-0.30286,-0.56339,0.67161,0.67059,0.50581,,
2026-06-26T14:08:55,210.249,active,1,TP9+AF7+AF8+TP10,76.124,21.225,21.478,93.559,89.415,-0.34029,-0.42513,-0.60714,0.64829,0.64612,0.50868,,
2026-06-26T14:08:56,211.257,active,1,TP9+AF7+AF8+TP10,1028.9,118.53,69.238,173.58,227.49,-0.21279,-0.026331,-0.24848,0.62716,0.62805,0.50485,Easy,
2026-06-26T14:08:57,212.265,active,1,TP9+AF7+AF8+TP10,2397.1,269.35,146.74,396.57,846.53,-0.070756,0.52302,0.71971,0.61485,0.62439,0.49542,Easy,
2026-06-26T14:08:58,213.273,active,1,TP9+AF7+AF8+TP10,421.11,96.527,58.654,399.21,839.51,-0.28733,-0.097988,0.81266,0.6145,0.63024,0.49314,Easy,
2026-06-26T14:08:59,214.281,active,1,TP9+AF7+AF8+TP10,194.29,80.719,27.218,276.12,330.42,-0.32228,-0.35685,0.35655,0.61135,0.62469,0.49985,Easy,
2026-06-26T14:09:00,215.284,active,1,TP9+AF7+AF8+TP10,70.853,28.589,14.044,184.05,187.2,-0.3648,-0.47571,-0.15375,0.6028,0.61289,0.50825,Easy,
2026-06-26T14:09:01,216.288,active,1,TP9+AF7+AF8+TP10,19.53,10.126,10.362,146.05,120.57,-0.3793,-0.51448,-0.35571,0.59285,0.5997,0.51344,Easy,
2026-06-26T14:09:02,217.289,active,1,TP9+AF7+AF8+TP10,9.2988,15.709,7.6894,135,131.77,-0.3703,-0.52126,-0.40389,0.58347,0.58723,0.51669,Easy,
2026-06-26T14:09:03,218.294,active,1,TP9+AF7+AF8+TP10,16.169,19.291,13.489,113.72,109.69,-0.36534,-0.42755,-0.45799,0.57299,0.57538,0.51562,Easy,
2026-06-26T14:09:04,219.298,active,1,TP9+AF7+AF8+TP10,16.629,16.106,15.209,105.66,100.94,-0.36923,-0.42938,-0.45741,0.56381,0.56501,0.51465,Easy,
2026-06-26T14:09:05,220.302,active,1,TP9+AF7+AF8+TP10,10.195,12.651,13.093,122.15,104.08,-0.35593,-0.45445,-0.35784,0.55761,0.55718,0.51437,Easy,
2026-06-26T14:09:06,221.306,active,1,TP9+AF7+AF8+TP10,19.877,12.736,12.317,126.68,108.16,-0.35499,-0.45389,-0.33658,0.55245,0.55059,0.51413,Easy,
2026-06-26T14:09:07,222.314,active,1,TP9+AF7+AF8+TP10,20.489,9.6977,10.955,93.348,81.892,-0.37194,-0.47314,-0.49805,0.54578,0.54263,0.51395,Easy,
2026-06-26T14:09:08,223.320,active,1,TP9+AF7+AF8+TP10,16.217,11.26,9.6455,86.215,90.707,-0.38254,-0.49176,-0.53318,0.53967,0.53526,0.51391,Easy,
2026-06-26T14:09:09,224.332,active,1,TP9+AF7+AF8+TP10,18.464,10.674,7.4761,86.513,92.484,-0.375,-0.50888,-0.5392,0.53445,0.52856,0.5156,Easy,
2026-06-26T14:09:10,225.339,active,1,TP9+AF7+AF8+TP10,10.696,11.715,7.7573,77.696,78.96,-0.36781,-0.45865,-0.57585,0.52856,0.52202,0.51509,Easy,
2026-06-26T14:09:11,226.347,active,1,TP9+AF7+AF8+TP10,12.688,15.73,10.525,81.593,58.662,-0.35683,-0.4152,-0.5675,0.52285,0.51622,0.51416,Easy,
2026-06-26T14:09:12,227.354,active,1,TP9+AF7+AF8+TP10,26.524,20.802,12.967,70.886,49.939,-0.34351,-0.42015,-0.62009,0.51711,0.51013,0.51361,Easy,
2026-06-26T14:09:13,228.360,active,1,TP9+AF7+AF8+TP10,31.878,28.695,13.085,69.723,69.306,-0.3239,-0.45974,-0.60997,0.51281,0.50463,0.51563,Easy,
2026-06-26T14:09:14,229.365,active,1,TP9+AF7+AF8+TP10,19.023,17.762,11.341,91.943,89.616,-0.35677,-0.5085,-0.52151,0.51107,0.50161,0.51762,Easy,
2026-06-26T14:09:15,230.371,active,1,TP9+AF7+AF8+TP10,18.068,13.938,8.9561,138.85,109.86,-0.36623,-0.48597,-0.29739,0.51856,0.50581,0.51731,Easy,
2026-06-26T14:09:16,231.373,active,1,TP9+AF7+AF8+TP10,32.146,18.368,10.712,146.94,117.29,-0.36984,-0.46844,-0.27576,0.52186,0.50938,0.51671,Easy,
2026-06-26T14:09:17,232.383,active,1,TP9+AF7+AF8+TP10,37.957,22.886,11.954,131.26,140.9,-0.36834,-0.44613,-0.34637,0.52074,0.50858,0.51587,Easy,
2026-06-26T14:09:18,233.390,active,1,TP9+AF7+AF8+TP10,32.848,19.132,10.505,109.37,164.69,-0.36666,-0.40912,-0.43486,0.51786,0.50653,0.5146,Easy,solved:21.7
2026-06-26T14:09:19,234.396,active,1,TP9+AF7+AF8+TP10,30.242,25.223,12.524,131.12,148.99,-0.36788,-0.41612,-0.34379,0.5168,0.50611,0.51357,Easy,
2026-06-26T14:09:20,235.404,active,1,TP9+AF7+AF8+TP10,166.1,84.89,32.566,228.98,218.4,-0.318,-0.28335,0.08225,0.53407,0.53236,0.51142,Easy,
2026-06-26T14:09:21,236.406,active,1,TP9+AF7+AF8+TP10,261.3,95.024,31.167,208.65,196.29,-0.30616,-0.30977,-0.0019026,0.53667,0.53572,0.51011,Easy,
2026-06-26T14:09:22,237.408,active,1,TP9+AF7+AF8+TP10,141.99,52.422,22.9,259.78,355.14,-0.3504,-0.39619,0.32347,0.56807,0.56436,0.50958,Medium,
2026-06-26T14:09:23,238.416,active,1,TP9+AF7+AF8+TP10,83.87,38.646,24.241,327.55,721.23,-0.35178,-0.27379,0.62064,0.59321,0.59727,0.50726,Medium,
2026-06-26T14:09:24,239.422,active,1,TP9+AF7+AF8+TP10,21.969,16.746,17.807,343.45,627.15,-0.3579,-0.26597,0.68588,0.60736,0.61546,0.50501,Medium,
2026-06-26T14:09:25,240.427,active,1,TP9+AF7+AF8+TP10,40.638,19.836,17.73,298.88,378.98,-0.3444,-0.29973,0.4605,0.60574,0.61352,0.50374,Medium,
2026-06-26T14:09:26,241.432,active,1,TP9+AF7+AF8+TP10,148.68,46.513,19.167,225.3,292.54,-0.25665,-0.29221,0.063034,0.59837,0.60468,0.50416,Medium,
2026-06-26T14:09:27,242.437,active,1,TP9+AF7+AF8+TP10,103.37,33.452,13.281,198.47,262.49,-0.29109,-0.47474,-0.089035,0.59233,0.59515,0.51543,Medium,
2026-06-26T14:09:28,243.441,active,1,TP9+AF7+AF8+TP10,13.39,10.715,12.146,180.61,191.56,-0.36975,-0.39243,-0.13539,0.5851,0.58724,0.51392,Medium,
2026-06-26T14:09:29,244.449,active,1,TP9+AF7+AF8+TP10,12.214,23.858,17.599,162.4,170.31,-0.33817,-0.33854,-0.21669,0.57672,0.57859,0.51225,Medium,
2026-06-26T14:09:30,245.454,active,1,TP9+AF7+AF8+TP10,29.964,37.815,19.39,181.61,187.59,-0.29399,-0.31676,-0.19122,0.56939,0.5707,0.51112,Medium,
2026-06-26T14:09:31,246.458,active,1,TP9+AF7+AF8+TP10,70.197,37.368,22.408,201.99,175.98,-0.32789,-0.28452,-0.15965,0.56294,0.56474,0.50914,Medium,
2026-06-26T14:09:32,247.463,active,1,TP9+AF7+AF8+TP10,172.77,130.42,33.749,150.96,144.29,-0.29409,-0.25566,-0.38847,0.55339,0.55556,0.50747,Medium,
2026-06-26T14:09:33,248.469,active,1,TP9+AF7+AF8+TP10,301.19,223.95,42.135,108.82,113.78,-0.30167,-0.2652,-0.54806,0.54275,0.5452,0.50602,Medium,
2026-06-26T14:09:34,249.477,active,1,TP9+AF7+AF8+TP10,312.77,198.49,37.441,111.93,129.09,-0.32123,-0.32879,-0.53366,0.53455,0.53659,0.50541,Medium,
2026-06-26T14:09:35,250.483,active,1,TP9+AF7+AF8+TP10,366.82,355.04,41.276,124.07,158.18,-0.25509,-0.37406,-0.51156,0.52834,0.52836,0.51109,Medium,
2026-06-26T14:09:36,251.486,active,1,TP9+AF7+AF8+TP10,189.72,338.13,29.413,116.94,134.2,-0.25616,-0.3535,-0.505,0.52267,0.52123,0.51173,Medium,
2026-06-26T14:09:37,252.490,active,1,TP9+AF7+AF8+TP10,349.53,100.31,34.899,215.69,253.42,-0.27903,-0.34294,-0.1659,0.5226,0.52038,0.51128,Medium,
2026-06-26T14:09:38,253.496,active,1,TP9+AF7+AF8+TP10,301.83,89.319,30.324,328.19,378.85,-0.25823,-0.21359,0.29403,0.54691,0.54931,0.50926,Medium,
2026-06-26T14:09:39,254.503,active,1,TP9+AF7+AF8+TP10,161.8,64.285,32.302,443.01,471.85,-0.29522,-0.065156,0.8048,0.583,0.60021,0.5047,Medium,
2026-06-26T14:09:40,255.509,active,1,TP9+AF7+AF8+TP10,251.59,128.4,32.212,423.28,461.77,-0.27044,-0.16391,0.63273,0.59217,0.60669,0.50254,Medium,
2026-06-26T14:09:41,256.511,active,1,TP9+AF7+AF8+TP10,138.51,74.693,17.685,235.21,292.7,-0.32581,-0.36459,0.010732,0.58672,0.59893,0.50392,Medium,
2026-06-26T14:09:42,257.514,active,1,TP9+AF7+AF8+TP10,41.405,22.615,13.549,188.72,191.63,-0.34546,-0.38497,-0.15617,0.57975,0.58989,0.50453,Medium,
2026-06-26T14:09:43,258.521,active,1,TP9+AF7+AF8+TP10,50.9,38.022,23.549,196.59,175.11,-0.32467,-0.25738,-0.12762,0.57212,0.58206,0.50298,Medium,
2026-06-26T14:09:44,259.530,active,1,TP9+AF7+AF8+TP10,48.639,34.14,24.788,217.74,223.54,-0.33591,-0.21325,0.0025157,0.5667,0.57728,0.50078,Medium,
2026-06-26T14:09:45,260.534,active,1,TP9+AF7+AF8+TP10,19.865,30.804,13.148,206.97,201.47,-0.34147,-0.34536,-0.070376,0.56281,0.57206,0.50075,Medium,
2026-06-26T14:09:46,261.539,active,1,TP9+AF7+AF8+TP10,78.759,35.183,16.788,189.23,188.47,-0.33977,-0.34596,-0.085789,0.55917,0.56722,0.50076,Medium,
2026-06-26T14:09:47,262.547,active,1,TP9+AF7+AF8+TP10,1566.2,149.44,35.266,461.3,638.17,-0.066494,-0.073216,1.3033,0.62301,0.62578,0.50081,Medium,
2026-06-26T14:09:48,263.554,active,1,TP9+AF7+AF8+TP10,1536.5,141.92,40.923,785.29,1499.5,0.0058788,-0.048302,2.8893,0.73693,0.73555,0.50439,Medium,
2026-06-26T14:09:49,264.557,active,1,TP9+AF7+AF8+TP10,88.895,28.588,21.556,702.04,1355,-0.29858,-0.22469,2.4736,0.77117,0.7742,0.50275,Medium,
2026-06-26T14:09:50,265.559,active,1,TP9+AF7+AF8+TP10,27.771,27.347,16.553,748.11,922.22,-0.32917,-0.34019,2.714,0.80141,0.80214,0.50259,Medium,
2026-06-26T14:09:51,266.564,active,1,TP9+AF7+AF8+TP10,40.372,17.746,21.062,562.83,480.66,-0.36213,-0.29465,1.7238,0.79319,0.79462,0.50126,Medium,
2026-06-26T14:09:52,267.571,active,1,TP9+AF7+AF8+TP10,94.727,38.705,34.817,294.67,299.1,-0.32866,-0.06043,0.40497,0.76496,0.77014,0.4971,Medium,
2026-06-26T14:09:53,268.572,active,1,TP9+AF7+AF8+TP10,139.43,74.892,41.501,151.25,204.19,-0.31435,-0.15311,-0.31474,0.73074,0.73772,0.49503,Medium,
2026-06-26T14:09:54,269.577,active,1,TP9+AF7+AF8+TP10,176.61,115.95,21.992,103.77,128.5,-0.31654,-0.32402,-0.56686,0.69941,0.70544,0.49857,Medium,
2026-06-26T14:09:55,270.579,active,1,TP9+AF7+AF8+TP10,161.59,96.031,14.412,87.708,70.202,-0.31389,-0.39318,-0.63351,0.67188,0.67601,0.50537,Medium,
2026-06-26T14:09:56,271.582,active,1,TP9+AF7+AF8+TP10,96.408,57.953,19.181,70.33,61.353,-0.22319,-0.27274,-0.67744,0.64521,0.6481,0.50587,Medium,
2026-06-26T14:09:57,272.589,active,1,TP9+AF7+AF8+TP10,60.005,41.04,16.904,77.209,64.061,-0.26818,-0.33836,-0.649,0.62313,0.62463,0.50761,Medium,
2026-06-26T14:09:58,273.591,active,1,TP9+AF7+AF8+TP10,138.94,84.418,24.152,221.76,225.04,-0.20951,-0.20482,0.033682,0.61193,0.61332,0.50663,Medium,
2026-06-26T14:09:59,274.596,active,1,TP9+AF7+AF8+TP10,330.45,139.18,44.381,346.38,379.4,-0.14518,0.058901,0.63829,0.60713,0.61133,0.50277,Medium,
2026-06-26T14:10:00,275.598,active,1,TP9+AF7+AF8+TP10,317.46,103.35,46.559,324.33,286.12,-0.078932,0.25242,0.63566,0.6,0.60857,0.49748,Medium,
2026-06-26T14:10:01,276.604,active,1,TP9+AF7+AF8+TP10,2121.2,197.98,77.219,375.16,378.7,0.10196,0.57636,0.86247,0.59229,0.60682,0.4907,Medium,
2026-06-26T14:10:02,277.607,active,1,TP9+AF7+AF8+TP10,8178.1,270.51,113.7,658.55,974.79,0.46911,0.79066,2.1249,0.63343,0.66027,0.487,Medium,
2026-06-26T14:10:03,278.610,active,1,TP9+AF7+AF8+TP10,2291.6,65.698,41.824,599.29,657.6,-0.15739,-0.13522,1.9641,0.6978,0.70981,0.49314,Medium,
2026-06-26T14:10:04,279.616,active,1,TP9+AF7+AF8+TP10,63.132,43.096,28.18,329.12,354.02,-0.34495,-0.15777,0.54911,0.68455,0.69782,0.49116,Medium,
2026-06-26T14:10:05,280.623,active,1,TP9+AF7+AF8+TP10,81.758,51.686,21.227,182.41,187.09,-0.3519,-0.34455,-0.18052,0.66487,0.67665,0.49591,Medium,
2026-06-26T14:10:06,281.632,active,1,TP9+AF7+AF8+TP10,35.697,20.1,20.155,146.2,133.62,-0.36747,-0.33763,-0.32685,0.64524,0.65606,0.49613,Medium,
2026-06-26T14:10:07,282.635,active,1,TP9+AF7+AF8+TP10,20.628,10.246,18.86,127.93,124.28,-0.36654,-0.35259,-0.39357,0.6272,0.63693,0.4974,Medium,
2026-06-26T14:10:08,283.638,active,1,TP9+AF7+AF8+TP10,16.645,11.784,12.709,104.25,107.29,-0.37059,-0.42931,-0.49566,0.61094,0.61862,0.50337,Medium,
2026-06-26T14:10:09,284.641,active,1,TP9+AF7+AF8+TP10,33.944,22.445,13.4,104.64,101.67,-0.35366,-0.36695,-0.48325,0.59588,0.60245,0.50316,Medium,
2026-06-26T14:10:10,285.645,active,1,TP9+AF7+AF8+TP10,127.19,71.64,18.312,162.4,240.58,-0.33125,-0.29508,-0.20252,0.58577,0.59208,0.50224,Medium,
2026-06-26T14:10:11,286.650,active,1,TP9+AF7+AF8+TP10,103.16,61.371,16.818,165.28,214.08,-0.35295,-0.38614,-0.18212,0.57853,0.58359,0.50338,Medium,
2026-06-26T14:10:12,287.658,active,1,TP9+AF7+AF8+TP10,51.653,28.564,18.485,132.69,112.42,-0.36521,-0.38003,-0.40756,0.5687,0.57293,0.5032,Medium,
2026-06-26T14:10:13,288.666,active,1,TP9+AF7+AF8+TP10,36.996,30.307,26.807,127.71,129,-0.34712,-0.28329,-0.42541,0.55832,0.563,0.50186,Medium,
2026-06-26T14:10:14,289.671,active,1,TP9+AF7+AF8+TP10,36.124,26.972,24.45,121.29,179.24,-0.34559,-0.33479,-0.44726,0.54964,0.55392,0.50147,Medium,
2026-06-26T14:10:15,290.677,active,1,TP9+AF7+AF8+TP10,19.496,15.354,19.968,146.92,203.12,-0.36328,-0.40529,-0.30221,0.54523,0.54836,0.50374,Medium,
2026-06-26T14:10:16,291.682,active,1,TP9+AF7+AF8+TP10,20.338,8.5559,19.885,197.24,185.65,-0.36571,-0.37846,-0.02314,0.54511,0.54769,0.50348,Medium,
2026-06-26T14:10:18,292.688,active,1,TP9+AF7+AF8+TP10,29.712,12.682,19.676,190.49,171.9,-0.35238,-0.32866,-0.02475,0.54425,0.54687,0.50271,Medium,
2026-06-26T14:10:19,293.695,active,1,TP9+AF7+AF8+TP10,319.61,44.963,53.43,383.9,544.25,-0.33086,0.29338,0.71534,0.54923,0.59547,0.4931,Medium,
2026-06-26T14:10:20,294.704,active,1,TP9+AF7+AF8+TP10,729.64,90.517,73.157,407.24,589.6,-0.29023,0.29425,0.79932,0.55737,0.61794,0.48522,Medium,
2026-06-26T14:10:21,295.715,active,1,TP9+AF7+AF8+TP10,610.19,90.353,60.555,235.61,223.69,-0.25477,-0.29305,-0.070215,0.55383,0.60655,0.49696,Medium,
2026-06-26T14:10:22,296.723,active,1,TP9+AF7+AF8+TP10,333.78,87.788,43.913,206.44,172.7,-0.30048,-0.26395,-0.12139,0.54951,0.59645,0.49678,Medium,
2026-06-26T14:10:23,297.731,active,1,TP9+AF7+AF8+TP10,99.198,55.127,27.519,124.6,134.17,-0.34453,-0.38106,-0.41261,0.54309,0.58386,0.50145,Medium,
2026-06-26T14:10:24,298.737,active,1,TP9+AF7+AF8+TP10,37.317,24.829,16.021,98.672,107.47,-0.3624,-0.43545,-0.51382,0.53674,0.57152,0.50606,Medium,
2026-06-26T14:10:25,299.746,active,1,TP9+AF7+AF8+TP10,29.028,23.15,17.523,135.86,98.793,-0.35389,-0.42861,-0.33531,0.53373,0.56322,0.50803,Medium,
2026-06-26T14:10:26,300.750,active,1,TP9+AF7+AF8+TP10,39.196,31.172,25.107,248.85,200.99,-0.33802,-0.37679,0.22295,0.55814,0.56709,0.50765,Medium,
2026-06-26T14:10:27,301.757,active,1,TP9+AF7+AF8+TP10,36.17,24.081,19.104,253.49,192.15,-0.3581,-0.39023,0.22055,0.56871,0.56993,0.50721,Medium,
2026-06-26T14:10:28,302.763,active,1,TP9+AF7+AF8+TP10,172.85,62.634,32.077,191.41,158.07,-0.33586,-0.27834,-0.1283,0.56272,0.56465,0.50548,Medium,
2026-06-26T14:10:29,303.772,active,1,TP9+AF7+AF8+TP10,163.94,76.965,33.729,200.46,234.93,-0.25797,-0.12929,-0.11011,0.55548,0.55911,0.50289,Medium,
2026-06-26T14:10:30,304.779,active,1,TP9+AF7+AF8+TP10,65.223,46.722,28.686,156.64,192.22,-0.33734,-0.26255,-0.26502,0.54878,0.5531,0.50143,Medium,
2026-06-26T14:10:31,305.787,active,1,TP9+AF7+AF8+TP10,90.754,49.138,19.884,119.86,127.08,-0.35267,-0.43231,-0.46698,0.54241,0.54502,0.50654,Medium,
2026-06-26T14:10:32,306.794,active,1,TP9+AF7+AF8+TP10,48.235,25.005,18.67,143.24,162.92,-0.36254,-0.45961,-0.34374,0.53906,0.5399,0.5099,Medium,
2026-06-26T14:10:33,307.801,active,1,TP9+AF7+AF8+TP10,21.587,12.596,16.246,146.09,158.19,-0.37254,-0.36533,-0.30065,0.53534,0.53619,0.5086,Medium,
2026-06-26T14:10:34,308.805,active,1,TP9+AF7+AF8+TP10,44.499,29.513,19.202,168.16,170.88,-0.33277,-0.26285,-0.18647,0.53225,0.53404,0.50652,Medium,
2026-06-26T14:10:35,309.810,active,1,TP9+AF7+AF8+TP10,112.26,68.327,31.102,280.57,246.27,-0.31386,-0.22059,0.37002,0.55688,0.56441,0.50434,Medium,
2026-06-26T14:10:36,310.816,active,1,TP9+AF7+AF8+TP10,246.74,248.48,49.707,314.25,354.05,-0.26118,-0.173,0.4486,0.569,0.57845,0.5025,Medium,
2026-06-26T14:10:37,311.826,active,1,TP9+AF7+AF8+TP10,288.79,332.53,77.717,311.49,400.97,-0.14715,-0.1065,0.3472,0.5675,0.57641,0.50159,Medium,
2026-06-26T14:10:38,312.834,active,1,TP9+AF7+AF8+TP10,580.44,337.92,162.01,392.4,303.99,-0.055335,0.11529,0.44686,0.56436,0.57474,0.49884,Medium,
2026-06-26T14:10:39,313.844,active,1,TP9+AF7+AF8+TP10,1101.1,299.01,160.87,548.68,291,-0.042444,0.16995,1.037,0.58977,0.60895,0.49579,Medium,
2026-06-26T14:10:40,314.849,active,1,TP9+AF7+AF8+TP10,675.97,185.17,73.646,326.69,183.71,-0.0084305,-0.15992,0.1571,0.58375,0.59835,0.50967,Medium,
2026-06-26T14:10:41,315.859,active,1,TP9+AF7+AF8+TP10,136.19,66.721,18.755,218.1,141.4,-0.10991,-0.37619,-0.27607,0.5752,0.58406,0.52381,Medium,
2026-06-26T14:10:42,316.867,active,1,TP9+AF7+AF8+TP10,76.01,31.98,24.412,178.14,154.59,-0.29961,-0.29773,-0.30806,0.56602,0.57385,0.52093,Medium,
2026-06-26T14:10:43,317.873,active,1,TP9+AF7+AF8+TP10,77.516,31.47,25.485,169.09,199.27,-0.30782,-0.34518,-0.19856,0.5603,0.56662,0.51898,Medium,
2026-06-26T14:10:44,318.877,active,1,TP9+AF7+AF8+TP10,39.812,26.065,24.47,167.05,177.99,-0.30217,-0.23175,-0.15252,0.55425,0.56087,0.51564,Medium,
2026-06-26T14:10:45,319.882,active,1,TP9+AF7+AF8+TP10,39.34,21.409,16.114,143.33,186.21,-0.35052,-0.41165,-0.29804,0.54944,0.55435,0.51468,Medium,
2026-06-26T14:10:46,320.885,active,1,TP9+AF7+AF8+TP10,42.058,15.668,19.359,184.27,230.62,-0.35461,-0.35729,-0.11115,0.5472,0.55148,0.51296,Medium,
2026-06-26T14:10:47,321.890,active,1,TP9+AF7+AF8+TP10,43.095,31.737,27.958,262.33,312.66,-0.26982,-0.18655,0.25367,0.55176,0.55963,0.51016,Medium,
2026-06-26T14:10:48,322.893,active,1,TP9+AF7+AF8+TP10,336.45,181.86,72.199,305.06,378.85,-0.11861,-0.054934,0.27971,0.55056,0.55843,0.50798,Medium,
2026-06-26T14:10:49,323.894,active,1,TP9+AF7+AF8+TP10,2818.7,1281.2,496.22,392.33,565.59,0.36737,1.081,0.49703,0.53579,0.55336,0.49643,Medium,
2026-06-26T14:10:50,324.909,active,1,TP9+AF7+AF8+TP10,2848.8,945.3,337.17,297.89,255.71,0.72604,0.46515,0.14199,0.52666,0.53826,0.51811,Medium,
2026-06-26T14:10:51,325.915,active,1,TP9+AF7+AF8+TP10,375.33,90.893,36.039,197.64,195.91,-0.17786,-0.26074,-0.13895,0.52529,0.53425,0.51718,Medium,
2026-06-26T14:10:52,326.923,active,1,TP9+AF7+AF8+TP10,78.82,61.63,22.954,199.86,224.87,-0.2971,-0.28789,-0.10209,0.52504,0.53306,0.51498,Medium,
2026-06-26T14:10:53,327.926,active,1,TP9+AF7+AF8+TP10,109.34,61.151,22.922,216.56,256.81,-0.27523,-0.37643,-0.0016559,0.53804,0.53371,0.5147,Medium,
2026-06-26T14:10:54,328.932,active,1,TP9+AF7+AF8+TP10,82.101,45.861,31.041,229.81,248.97,-0.25734,-0.30154,0.045955,0.54121,0.53619,0.5136,Medium,
2026-06-26T14:10:55,329.938,active,1,TP9+AF7+AF8+TP10,297.56,94.991,38.601,412.9,376.37,-0.2626,-0.23186,0.78731,0.59131,0.59146,0.51151,Medium,
2026-06-26T14:10:56,330.941,active,1,TP9+AF7+AF8+TP10,295.23,86.162,34.611,288.49,262.55,-0.28671,-0.31107,0.13608,0.58703,0.5868,0.51049,Medium,
2026-06-26T14:10:57,331.947,active,1,TP9+AF7+AF8+TP10,50.966,26.468,18.634,167.08,135.67,-0.34635,-0.38608,-0.35976,0.57698,0.57618,0.50983,Medium,
2026-06-26T14:10:58,332.949,active,1,TP9+AF7+AF8+TP10,61.803,25.525,15.649,207.99,199.58,-0.33647,-0.33551,-0.11101,0.57111,0.57042,0.50864,Medium,
2026-06-26T14:10:59,333.954,active,1,TP9+AF7+AF8+TP10,96.262,43.856,23.633,303.02,358.23,-0.31219,-0.31732,0.31423,0.57542,0.57477,0.50768,Medium,
2026-06-26T14:11:00,334.960,active,1,TP9+AF7+AF8+TP10,37.323,34.82,26.48,293.03,341.12,-0.34456,-0.41473,0.31389,0.58422,0.57885,0.50833,Medium,
2026-06-26T14:11:01,335.966,active,1,TP9+AF7+AF8+TP10,22.441,20.127,18.956,258.26,272.71,-0.33371,-0.32577,0.1726,0.58155,0.57694,0.50721,Medium,
2026-06-26T14:11:02,336.973,active,1,TP9+AF7+AF8+TP10,62.7,27.907,19.847,217.5,244.21,-0.29604,-0.32897,0.018249,0.57696,0.57241,0.50684,Medium,
2026-06-26T14:11:03,337.980,active,1,TP9+AF7+AF8+TP10,123.01,60.824,21.604,236.25,229.58,-0.2788,-0.42357,0.051406,0.57482,0.56867,0.51359,Medium,
2026-06-26T14:11:04,338.988,active,1,TP9+AF7+AF8+TP10,207.59,156.15,27.976,276.98,324.12,-0.25855,-0.32097,0.24068,0.57421,0.56788,0.51289,Medium,
2026-06-26T14:11:05,339.991,active,1,TP9+AF7+AF8+TP10,231.15,77.969,26.077,349.86,378.13,-0.31202,-0.21628,0.61108,0.59086,0.59518,0.50991,Medium,
2026-06-26T14:11:06,340.998,active,1,TP9+AF7+AF8+TP10,193.99,45.801,29.622,365.77,413.47,-0.33164,-0.19919,0.68723,0.60176,0.61288,0.50674,Medium,
2026-06-26T14:11:07,342.004,active,1,TP9+AF7+AF8+TP10,64.346,46.196,22.748,272.18,348.52,-0.30295,-0.3346,0.29461,0.59891,0.60823,0.5064,Medium,
2026-06-26T14:11:08,343.008,active,1,TP9+AF7+AF8+TP10,90.028,48.842,21.777,307.34,337.96,-0.30488,-0.3018,0.44051,0.59805,0.60629,0.50559,Medium,
2026-06-26T14:11:09,344.016,active,1,TP9+AF7+AF8+TP10,92.043,34.873,28.44,329.07,389.25,-0.32215,-0.17098,0.43765,0.59534,0.6048,0.50265,Medium,
2026-06-26T14:11:10,345.024,active,1,TP9+AF7+AF8+TP10,54.962,31.591,22.853,318.45,360.88,-0.32657,-0.2507,0.34416,0.59276,0.60219,0.5012,Medium,
2026-06-26T14:11:11,346.029,active,1,TP9+AF7+AF8+TP10,41.865,44.215,28.623,348.74,481.68,-0.30133,-0.094952,0.55499,0.59129,0.60414,0.49796,Medium,
2026-06-26T14:11:12,347.036,active,1,TP9+AF7+AF8+TP10,113.26,54.652,41.156,388.68,532.06,-0.282,0.22775,0.75,0.58813,0.61738,0.4906,Medium,
2026-06-26T14:11:13,348.041,active,1,TP9+AF7+AF8+TP10,550.52,116.34,50.876,413.41,355.83,-0.23436,0.11778,0.7194,0.58651,0.61734,0.48646,Medium,
2026-06-26T14:11:14,349.051,active,1,TP9+AF7+AF8+TP10,674.28,154.08,74.085,365.51,310.94,-0.20287,0.1655,0.57167,0.5822,0.61473,0.48257,Medium,
2026-06-26T14:11:15,350.057,active,1,TP9+AF7+AF8+TP10,416,184.81,79.466,275.62,293.51,-0.22835,0.07207,0.11474,0.57298,0.6061,0.48017,Medium,
2026-06-26T14:11:16,351.060,active,1,TP9+AF7+AF8+TP10,333.73,164.88,65.069,223.95,208.56,-0.22828,-0.099607,-0.090785,0.56435,0.59543,0.48242,Medium,
2026-06-26T14:11:17,352.064,active,1,TP9+AF7+AF8+TP10,354.96,158.95,68.838,228.35,227.5,-0.17928,-0.14275,-0.12979,0.55682,0.58472,0.49023,Medium,
2026-06-26T14:11:18,353.070,active,1,TP9+AF7+AF8+TP10,675.84,132.06,69.653,150.04,121.23,-0.25398,-0.33304,-0.46453,0.54803,0.5714,0.50202,Medium,
2026-06-26T14:11:19,354.080,active,1,TP9+AF7+AF8+TP10,467.96,80.898,42.553,85.662,59.797,-0.33649,-0.42913,-0.6708,0.53865,0.55783,0.50775,Medium,
2026-06-26T14:11:20,355.089,active,1,TP9+AF7+AF8+TP10,62.62,24.956,23.867,73.413,71.26,-0.36351,-0.42865,-0.62988,0.53099,0.5469,0.50799,Medium,
2026-06-26T14:11:21,356.097,active,1,TP9+AF7+AF8+TP10,76.51,55.801,31.253,108.33,90.092,-0.32333,-0.35379,-0.47914,0.5254,0.53893,0.50749,Medium,
2026-06-26T14:11:22,357.103,active,1,TP9+AF7+AF8+TP10,111.78,84.975,48.176,192.47,186.12,-0.27937,-0.2252,-0.1215,0.5239,0.53663,0.50577,Medium,
2026-06-26T14:11:23,358.107,active,1,TP9+AF7+AF8+TP10,66.122,39.57,39.824,243.46,266.82,-0.30705,-0.20159,0.16851,0.53724,0.55015,0.5035,Medium,
2026-06-26T14:11:24,359.109,active,1,TP9+AF7+AF8+TP10,89.25,44.243,44.226,283.08,285.69,-0.26706,-0.27612,0.36642,0.56268,0.56718,0.50322,Medium,
2026-06-26T14:11:25,360.114,active,1,TP9+AF7+AF8+TP10,156.12,74.839,67.414,406.68,519.26,-0.059121,0.3408,1.0072,0.57459,0.605,0.49685,Medium,
2026-06-26T14:11:26,361.120,active,1,TP9+AF7+AF8+TP10,135.66,76.154,46.496,382.56,583.08,-0.16935,-0.053399,0.71089,0.58647,0.60697,0.49549,Medium,
2026-06-26T14:11:27,362.128,active,1,TP9+AF7+AF8+TP10,174.8,101.49,47.312,384.14,581.18,-0.25663,-0.18253,0.74675,0.60306,0.6165,0.49492,Medium,
2026-06-26T14:11:28,363.134,active,1,TP9+AF7+AF8+TP10,81.224,50.771,49.19,280.73,317.39,-0.31167,-0.19957,0.32154,0.59846,0.61194,0.49385,Medium,
2026-06-26T14:11:29,364.142,active,1,TP9+AF7+AF8+TP10,67.395,24.54,33.246,166.16,196.8,-0.35479,-0.11945,-0.21699,0.58518,0.60058,0.49106,Medium,
2026-06-26T14:11:30,365.146,active,1,TP9+AF7+AF8+TP10,272.79,72.253,35.827,146.88,149.3,-0.31201,-0.2238,-0.37504,0.57269,0.58756,0.49081,Medium,
2026-06-26T14:11:31,366.151,active,1,TP9+AF7+AF8+TP10,199.26,83.263,29.465,121.95,108.53,-0.30763,-0.40257,-0.44796,0.56329,0.57495,0.50344,Medium,
2026-06-26T14:11:32,367.153,active,1,TP9+AF7+AF8+TP10,65.221,32.628,15.605,110.96,104.93,-0.27324,-0.4098,-0.40918,0.5557,0.56392,0.51162,Medium,
2026-06-26T14:11:33,368.163,active,1,TP9+AF7+AF8+TP10,59.958,17.271,12.226,99.765,91.757,-0.34124,-0.47788,-0.49402,0.54878,0.55396,0.51489,Medium,solved:130.6
2026-06-26T14:11:34,369.168,active,1,TP9+AF7+AF8+TP10,93.261,26.919,19.423,111.03,112.56,-0.35243,-0.44932,-0.47001,0.54261,0.54572,0.51456,Medium,
2026-06-26T14:11:35,370.173,active,1,TP9+AF7+AF8+TP10,305.88,99.692,33.811,385.17,389.34,-0.25396,-0.21394,0.85494,0.59536,0.59939,0.51221,Medium,
2026-06-26T14:11:36,371.179,active,1,TP9+AF7+AF8+TP10,571.59,188.37,45.801,641.88,1002.6,0.065723,0.019338,2.1832,0.68626,0.68523,0.51144,Medium,
2026-06-26T14:11:37,372.185,active,1,TP9+AF7+AF8+TP10,171.09,74.886,30.199,575.55,1167,-0.11486,-0.097533,1.88,0.71181,0.71242,0.50981,Medium,
2026-06-26T14:11:38,373.192,active,1,TP9+AF7+AF8+TP10,87.418,72.117,32.39,543.61,829.57,-0.27519,0.011584,1.6281,0.7094,0.71784,0.50434,Medium,
2026-06-26T14:11:39,374.196,active,1,TP9+AF7+AF8+TP10,124.98,87.388,40.069,462.94,785.41,-0.29548,-0.046796,1.0646,0.70053,0.71135,0.50009,Medium,
2026-06-26T14:11:40,375.200,active,1,TP9+AF7+AF8+TP10,114.44,66.809,49.92,439.18,738.15,-0.29313,-0.036456,1.0372,0.69219,0.70523,0.49623,Medium,
2026-06-26T14:11:41,376.206,active,1,TP9+AF7+AF8+TP10,58.61,56.893,37.067,408.4,581.3,-0.31416,-0.19134,0.90296,0.68515,0.69832,0.49484,Medium,
2026-06-26T14:11:42,377.210,active,1,TP9+AF7+AF8+TP10,421.82,149.15,59.027,455.63,631.97,-0.032623,0.14037,0.9954,0.67556,0.68961,0.49287,Medium,
2026-06-26T14:11:43,378.212,active,1,TP9+AF7+AF8+TP10,1026.9,278.96,65.214,602.59,963.81,0.43318,0.70808,1.7214,0.66938,0.68554,0.48961,Medium,
2026-06-26T14:11:44,379.216,active,1,TP9+AF7+AF8+TP10,612.44,454.72,102.58,404.38,668.74,-0.026576,0.14957,0.77692,0.65839,0.67517,0.48822,Medium,
2026-06-26T14:11:45,380.222,active,1,TP9+AF7+AF8+TP10,1150.3,607.93,139.78,199.95,169.34,-0.0050477,0.19903,-0.28654,0.63213,0.64993,0.48657,Medium,
2026-06-26T14:11:46,381.230,active,1,TP9+AF7+AF8+TP10,1266.4,273.91,113.46,180.51,114.92,-0.034912,-0.030684,-0.31451,0.61203,0.62775,0.49431,Medium,
2026-06-26T14:11:47,382.236,active,1,TP9+AF7+AF8+TP10,1410.2,210.75,161.13,239.76,196.07,-0.087092,-0.034141,-0.033061,0.5986,0.61323,0.4942,Medium,
2026-06-26T14:11:48,383.243,active,1,TP9+AF7+AF8+TP10,825.15,138.73,95.272,270.34,434.5,-0.25469,0.17379,0.22244,0.5875,0.60677,0.48849,Hard,
2026-06-26T14:11:49,384.247,active,1,TP9+AF7+AF8+TP10,238.59,47.868,57.685,419.31,754.34,-0.30417,0.17626,0.96234,0.59321,0.63464,0.4827,Hard,
2026-06-26T14:11:50,385.252,active,1,TP9+AF7+AF8+TP10,62.679,29.004,41.433,478.47,667.04,-0.31431,0.078429,1.1934,0.61881,0.66187,0.47891,Hard,
2026-06-26T14:11:51,386.254,active,1,TP9+AF7+AF8+TP10,50.92,44.341,35.432,332.65,332.56,-0.248,0.097317,0.45632,0.60992,0.6529,0.47627,Hard,
2026-06-26T14:11:52,387.258,active,1,TP9+AF7+AF8+TP10,40.681,30.372,33.613,200.33,197.82,-0.3097,-0.15256,-0.14315,0.59687,0.63705,0.47873,Hard,
2026-06-26T14:11:53,388.262,active,1,TP9+AF7+AF8+TP10,30.91,48.7,26.226,160.65,157.97,-0.34837,-0.28804,-0.25988,0.58567,0.62193,0.48697,Hard,
2026-06-26T14:11:54,389.268,active,1,TP9+AF7+AF8+TP10,46.706,72.057,39.151,125.36,101.77,-0.31316,-0.24717,-0.39995,0.5731,0.606,0.48984,Hard,
2026-06-26T14:11:55,390.276,active,1,TP9+AF7+AF8+TP10,42.623,47.89,43.403,114.65,68.904,-0.31417,-0.3787,-0.45932,0.56312,0.5911,0.50077,Hard,
2026-06-26T14:11:56,391.283,active,1,TP9+AF7+AF8+TP10,39.858,33.453,34.364,67.479,46.257,-0.35516,-0.47492,-0.69807,0.5522,0.57504,0.50929,Hard,
2026-06-26T14:11:57,392.289,active,1,TP9+AF7+AF8+TP10,103.98,65.415,36.766,60.014,40.06,-0.34815,-0.44107,-0.7651,0.54108,0.5598,0.51068,Hard,
2026-06-26T14:11:58,393.296,active,1,TP9+AF7+AF8+TP10,88.098,33.546,30.207,57.108,50.63,-0.36691,-0.43278,-0.75079,0.53139,0.54689,0.51039,Hard,
2026-06-26T14:11:59,394.300,active,1,TP9+AF7+AF8+TP10,36.027,23.244,25.579,64.416,62.497,-0.34811,-0.4667,-0.69955,0.52414,0.536,0.51305,Hard,
2026-06-26T14:12:00,395.304,active,1,TP9+AF7+AF8+TP10,67.181,37.126,26.559,109.11,98.927,-0.31665,-0.39529,-0.5031,0.51963,0.52889,0.51266,Hard,
2026-06-26T14:12:01,396.310,active,1,TP9+AF7+AF8+TP10,212.71,53.793,31.127,379.8,200.85,-0.31481,-0.16975,0.83488,0.58165,0.59548,0.50897,Hard,
2026-06-26T14:12:02,397.316,active,1,TP9+AF7+AF8+TP10,834.34,106.03,47.067,510.64,218.73,-0.28422,-0.12027,1.5184,0.64912,0.66493,0.50543,Hard,
2026-06-26T14:12:03,398.322,active,1,TP9+AF7+AF8+TP10,554.56,166.62,47.788,165.6,105.66,-0.29691,-0.27113,-0.28735,0.63098,0.64528,0.50439,Hard,
2026-06-26T14:12:04,399.324,active,1,TP9+AF7+AF8+TP10,179.99,138.02,76.855,161.73,147.29,-0.31121,-0.31936,-0.26119,0.61614,0.62859,0.50399,Hard,
2026-06-26T14:12:05,400.330,active,1,TP9+AF7+AF8+TP10,118.23,51.075,54.515,198.12,197.91,-0.30693,-0.28277,0.0093867,0.60657,0.6179,0.50315,Hard,
2026-06-26T14:12:06,401.336,active,1,TP9+AF7+AF8+TP10,551.06,116.89,58.65,401.54,537.8,-0.20262,0.11536,0.98615,0.60693,0.63378,0.49801,Hard,
2026-06-26T14:12:07,402.341,active,1,TP9+AF7+AF8+TP10,480.65,131.9,45.872,378.69,444.99,-0.14083,-0.12167,0.70714,0.60635,0.63026,0.49796,Hard,
2026-06-26T14:12:08,403.348,active,1,TP9+AF7+AF8+TP10,103.23,80.43,39.08,258.48,220.14,-0.27221,-0.32631,0.060507,0.59937,0.61961,0.50324,Hard,
2026-06-26T14:12:09,404.350,active,1,TP9+AF7+AF8+TP10,103.32,80.477,39.497,286.07,252.04,-0.31275,-0.38305,0.19704,0.59609,0.61286,0.50657,Hard,
2026-06-26T14:12:10,405.356,active,1,TP9+AF7+AF8+TP10,1066.3,97.723,56.266,361.29,392.39,-0.2494,-0.17286,0.59223,0.5959,0.61176,0.50463,Hard,
2026-06-26T14:12:11,406.360,active,1,TP9+AF7+AF8+TP10,3872.8,225.01,77.915,633.57,1088.2,0.21835,0.5904,2.0177,0.64108,0.67123,0.49851,Hard,
2026-06-26T14:12:12,407.366,active,1,TP9+AF7+AF8+TP10,928.25,151.15,63.654,624.22,1440.8,-0.061552,0.37782,1.9875,0.67104,0.71001,0.49213,Hard,
2026-06-26T14:12:13,408.373,active,1,TP9+AF7+AF8+TP10,91.948,114,49.834,622.05,1035,-0.2806,-0.034128,2.1037,0.71505,0.74428,0.48938,Hard,
2026-06-26T14:12:14,409.378,active,1,TP9+AF7+AF8+TP10,85.863,113.75,52.018,400.89,619.99,-0.28742,-0.090586,1.0363,0.70571,0.73413,0.4877,Hard,
2026-06-26T14:12:15,410.383,active,1,TP9+AF7+AF8+TP10,91.983,77.154,49.314,383.96,493.9,-0.31054,-0.089207,0.90703,0.69567,0.72375,0.48586,Hard,
2026-06-26T14:12:16,411.387,active,1,TP9+AF7+AF8+TP10,118.05,81.717,42.85,368.34,404.87,-0.24973,-0.14611,0.6996,0.68469,0.71088,0.48658,Hard,
2026-06-26T14:12:17,412.392,active,1,TP9+AF7+AF8+TP10,64.394,59.068,21.85,369.84,374.29,-0.33024,-0.37353,0.59674,0.6768,0.69923,0.49788,Hard,
2026-06-26T14:12:18,413.400,active,1,TP9+AF7+AF8+TP10,28.187,44.384,24.723,285.31,371.71,-0.35662,-0.36974,0.25701,0.66491,0.68446,0.50014,Hard,
2026-06-26T14:12:19,414.402,active,1,TP9+AF7+AF8+TP10,60.944,61.568,44.269,229.55,259.96,-0.33408,-0.42266,0.01224,0.65162,0.66751,0.5067,Hard,
2026-06-26T14:12:20,415.408,active,1,TP9+AF7+AF8+TP10,90.54,85.154,75.259,204.47,172.22,-0.31988,-0.36048,-0.232,0.63535,0.64872,0.5065,Hard,
2026-06-26T14:12:21,416.410,active,1,TP9+AF7+AF8+TP10,89.865,117.81,82.271,201.34,201.12,-0.28936,-0.28718,-0.18028,0.62071,0.63251,0.50569,Hard,
2026-06-26T14:12:22,417.416,active,1,TP9+AF7+AF8+TP10,49.547,111.63,62.698,257.53,262.48,-0.29351,-0.076528,-0.0048372,0.6073,0.62093,0.50175,Hard,
2026-06-26T14:12:23,418.424,active,1,TP9+AF7+AF8+TP10,23.639,104.68,82.563,242.58,237.25,-0.33787,-0.30114,-0.02032,0.59863,0.61117,0.50099,Hard,
2026-06-26T14:12:24,419.430,active,1,TP9+AF7+AF8+TP10,24.731,73.663,67.407,202.31,171.82,-0.34344,-0.48541,-0.15719,0.59171,0.60063,0.51104,Hard,
2026-06-26T14:12:25,420.436,active,1,TP9+AF7+AF8+TP10,74.9,58.964,64.351,179.44,151.56,-0.32162,-0.44031,-0.27339,0.58321,0.58927,0.51332,Hard,
2026-06-26T14:12:26,421.444,active,1,TP9+AF7+AF8+TP10,1682.5,200.22,104.08,506.6,630.02,0.038206,0.28833,1.4936,0.62104,0.64029,0.50797,Hard,
2026-06-26T14:12:27,422.447,active,1,TP9+AF7+AF8+TP10,2358.1,255.92,84.735,1224.2,2166.6,0.43172,0.75423,5.238,0.79078,0.80636,0.50219,Hard,
2026-06-26T14:12:28,423.458,active,1,TP9+AF7+AF8+TP10,991.8,187.44,77.098,837.99,1827.9,0.040335,0.83303,3.1497,0.78721,0.8179,0.49019,Hard,
2026-06-26T14:12:29,424.462,active,1,TP9+AF7+AF8+TP10,1193.3,270.51,90.396,305.55,354.31,-0.024876,0.41165,0.36827,0.7521,0.78563,0.48484,Hard,
2026-06-26T14:12:30,425.466,active,1,TP9+AF7+AF8+TP10,219.95,65.099,30.207,87.554,84.451,-0.20482,-0.27652,-0.5579,0.71763,0.74607,0.49931,Hard,
2026-06-26T14:12:31,426.471,active,1,TP9+AF7+AF8+TP10,57.874,32.148,17.01,81.798,87.472,-0.31985,-0.40275,-0.57548,0.68893,0.71271,0.50594,Hard,
2026-06-26T14:12:32,427.474,active,1,TP9+AF7+AF8+TP10,98.423,36.806,20.859,79.01,57.045,-0.37037,-0.41085,-0.60833,0.6633,0.68362,0.50584,Hard,
2026-06-26T14:12:33,428.482,active,1,TP9+AF7+AF8+TP10,591.87,106.69,62.325,125.15,71.601,-0.33541,-0.42776,-0.50757,0.6425,0.65901,0.50926,Hard,
2026-06-26T14:12:34,429.488,active,1,TP9+AF7+AF8+TP10,2072.2,219.28,109.91,300.08,429.58,-0.036397,-0.031472,0.254,0.62968,0.64427,0.50807,Hard,
2026-06-26T14:12:35,430.490,active,1,TP9+AF7+AF8+TP10,2400.4,250.12,77.656,646.97,1344.4,0.26043,0.28656,1.9943,0.6727,0.68017,0.50671,Hard,
2026-06-26T14:12:36,431.498,active,1,TP9+AF7+AF8+TP10,365.66,78.907,47.397,668.72,1256.3,-0.20319,0.0076768,2.1878,0.71812,0.7327,0.50275,Hard,
2026-06-26T14:12:37,432.505,active,1,TP9+AF7+AF8+TP10,119.87,44.782,39.91,469.74,806.04,-0.23864,-0.099381,1.2798,0.71185,0.72652,0.50033,Hard,
2026-06-26T14:12:38,433.510,active,1,TP9+AF7+AF8+TP10,96.966,43.011,46.872,301.46,333.33,-0.30265,-0.25917,0.3976,0.69619,0.70974,0.49964,Hard,
2026-06-26T14:12:39,434.513,active,1,TP9+AF7+AF8+TP10,290.97,148.9,60.477,254.68,270.07,-0.24574,-0.22779,0.041128,0.67667,0.68886,0.49941,Hard,
2026-06-26T14:12:40,435.518,active,1,TP9+AF7+AF8+TP10,327.21,183.32,61.028,296.13,383.45,-0.12021,-0.16669,0.24748,0.66166,0.6717,0.50325,Hard,
2026-06-26T14:12:41,436.521,active,1,TP9+AF7+AF8+TP10,116.54,141.23,57.893,342.71,502.36,-0.17631,0.067148,0.47291,0.64833,0.66075,0.49921,Hard,
2026-06-26T14:12:42,437.526,active,1,TP9+AF7+AF8+TP10,187.48,125.5,69.782,380.17,568.42,-0.19275,0.1266,0.6713,0.63865,0.65422,0.49453,Hard,
2026-06-26T14:12:43,438.532,active,1,TP9+AF7+AF8+TP10,318.11,210.72,65.513,476.23,647.56,-0.010064,0.27325,1.1207,0.63454,0.65224,0.49094,Hard,
2026-06-26T14:12:44,439.538,active,1,TP9+AF7+AF8+TP10,2723.1,1946.4,172.12,356.97,387.87,0.47201,0.20764,0.34435,0.62044,0.63206,0.51618,Hard,
2026-06-26T14:12:45,440.542,active,1,TP9+AF7+AF8+TP10,5376.1,2602.1,213.21,298.69,318.43,0.43741,-0.1665,-0.019378,0.6082,0.60939,0.55142,Hard,
2026-06-26T14:12:46,441.551,active,1,TP9+AF7+AF8+TP10,1007.4,292.45,39.708,177.16,156.81,-0.27783,-0.38448,-0.3997,0.59498,0.59443,0.54685,Hard,
2026-06-26T14:12:47,442.555,active,1,TP9+AF7+AF8+TP10,510.75,103.24,31.184,147.78,112.91,-0.33821,-0.36293,-0.4521,0.58225,0.58139,0.5416,Hard,
2026-06-26T14:12:48,443.557,active,1,TP9+AF7+AF8+TP10,526.73,133.34,35.188,147.72,128.09,-0.31758,-0.32424,-0.48031,0.57004,0.56919,0.53671,Hard,
2026-06-26T14:12:49,444.560,active,1,TP9+AF7+AF8+TP10,271.22,70.114,33.08,169,123.78,-0.33977,-0.29534,-0.44114,0.55945,0.55936,0.53164,Hard,
2026-06-26T14:12:50,445.564,active,1,TP9+AF7+AF8+TP10,147.81,69.358,53.59,179.43,110.03,-0.34745,-0.43602,-0.45688,0.552,0.5506,0.52917,Hard,
2026-06-26T14:12:51,446.570,active,1,TP9+AF7+AF8+TP10,132.88,62.449,53.172,137.46,93.624,-0.34744,-0.44676,-0.56181,0.54404,0.54131,0.52716,Hard,
2026-06-26T14:12:52,447.571,active,1,TP9+AF7+AF8+TP10,145.57,63.775,45.666,128.09,100.48,-0.33896,-0.41456,-0.53959,0.53688,0.53335,0.52503,Hard,
2026-06-26T14:12:53,448.578,active,1,TP9+AF7+AF8+TP10,126.39,57.067,58.225,178.02,148.58,-0.30509,-0.29791,-0.40389,0.53086,0.52787,0.52192,Hard,
2026-06-26T14:12:54,449.583,active,1,TP9+AF7+AF8+TP10,951.61,212.82,92.447,442.77,536.32,-0.13306,-0.099744,0.81196,0.57956,0.58073,0.51879,Hard,
2026-06-26T14:12:55,450.587,active,1,TP9+AF7+AF8+TP10,2960.7,1249.4,184.01,914.98,1558.9,0.56006,0.94202,3.3498,0.69335,0.71311,0.51082,Hard,
2026-06-26T14:12:56,451.592,active,1,TP9+AF7+AF8+TP10,4325.9,1700.7,235.81,636.66,907.09,1.289,1.3726,1.8392,0.67712,0.69574,0.50827,Hard,
2026-06-26T14:12:57,452.596,active,1,TP9+AF7+AF8+TP10,1983.8,511.83,122.49,279.88,195.78,0.53152,0.23353,-0.027135,0.65196,0.66393,0.52562,Hard,
2026-06-26T14:12:58,453.601,active,1,TP9+AF7+AF8+TP10,1576.6,555.81,103.97,265.07,202.16,-0.11328,-0.23759,-0.12739,0.63538,0.64404,0.52441,Hard,
2026-06-26T14:12:59,454.606,active,1,TP9+AF7+AF8+TP10,3295.9,1361.6,210.13,335.53,308.05,0.14775,0.027847,0.080006,0.61991,0.62574,0.52328,Hard,
2026-06-26T14:13:00,455.612,active,1,TP9+AF7+AF8+TP10,2315.4,629.48,97.373,415.13,423.19,-0.072453,-0.00083934,0.65508,0.61528,0.62145,0.51941,Hard,
2026-06-26T14:13:01,456.617,active,1,TP9+AF7+AF8+TP10,373.63,85.665,47.925,339.18,390.54,-0.19381,-0.11502,0.35302,0.60843,0.61503,0.5159,Hard,
2026-06-26T14:13:02,457.620,active,1,TP9+AF7+AF8+TP10,86.892,73.275,53.012,236.52,269.85,-0.24722,-0.11857,-0.1408,0.59509,0.60282,0.51206,Hard,
2026-06-26T14:13:03,458.627,active,1,TP9+AF7+AF8+TP10,245.57,108,57.33,185.22,184.17,-0.26015,-0.2527,-0.3489,0.58223,0.58915,0.5105,Hard,
2026-06-26T14:13:04,459.633,active,1,TP9+AF7+AF8+TP10,223.54,149.34,56.904,195.12,171.48,-0.25851,-0.30954,-0.37752,0.57135,0.57667,0.51001,Hard,
2026-06-26T14:13:05,460.638,active,1,TP9+AF7+AF8+TP10,274.13,108.7,76.59,241.59,204.53,-0.29175,-0.24411,-0.14744,0.56423,0.56963,0.50809,Hard,
2026-06-26T14:13:06,461.647,active,1,TP9+AF7+AF8+TP10,246.04,81.421,83.88,365.62,397.98,-0.29294,-0.12767,0.46718,0.56998,0.58419,0.50464,Hard,
2026-06-26T14:13:07,462.652,active,1,TP9+AF7+AF8+TP10,212.68,81.241,58.549,407.1,599.72,-0.31337,-0.19446,0.7749,0.5993,0.61334,0.5023,Hard,
2026-06-26T14:13:08,463.654,active,1,TP9+AF7+AF8+TP10,144.95,52.454,26.143,374.35,433.07,-0.30571,-0.2082,0.65896,0.60376,0.61632,0.50056,Hard,
2026-06-26T14:13:09,464.660,active,1,TP9+AF7+AF8+TP10,102.91,71.318,35.092,343.19,263.91,-0.23616,-0.16403,0.38704,0.59952,0.61163,0.49941,Hard,
2026-06-26T14:13:10,465.668,active,1,TP9+AF7+AF8+TP10,117.88,83.703,38.916,308.36,314.84,-0.28459,-0.20615,0.29917,0.59512,0.60693,0.49831,Hard,
2026-06-26T14:13:11,466.676,active,1,TP9+AF7+AF8+TP10,110.5,49.359,34.609,237.96,306.33,-0.31841,-0.34271,0.051262,0.5896,0.59963,0.50115,Hard,
2026-06-26T14:13:12,467.681,active,1,TP9+AF7+AF8+TP10,104.84,54.347,25.231,226.73,186.77,-0.28819,-0.33621,-0.042416,0.58324,0.59135,0.50406,Hard,
2026-06-26T14:13:13,468.683,active,1,TP9+AF7+AF8+TP10,98.999,71.181,37.963,159.83,110.27,-0.32666,-0.33376,-0.36352,0.57281,0.57984,0.50368,Hard,
2026-06-26T14:13:15,469.689,active,1,TP9+AF7+AF8+TP10,88.245,63.972,34.06,82.645,63.813,-0.32325,-0.43967,-0.67267,0.56058,0.56503,0.5102,Hard,
2026-06-26T14:13:16,470.692,active,1,TP9+AF7+AF8+TP10,45.648,43.757,34.99,67.304,31.91,-0.35124,-0.46088,-0.73789,0.54916,0.55144,0.5123,Hard,
2026-06-26T14:13:17,471.696,active,1,TP9+AF7+AF8+TP10,29.466,41.93,28.931,64.795,44.066,-0.36562,-0.46579,-0.72505,0.53938,0.53989,0.51243,Hard,
2026-06-26T14:13:18,472.698,active,1,TP9+AF7+AF8+TP10,72.68,53.447,30.802,111.36,85.378,-0.35885,-0.38923,-0.5588,0.53211,0.53211,0.5114,Hard,
2026-06-26T14:13:19,473.704,active,1,TP9+AF7+AF8+TP10,94.474,55.852,43.165,134.25,89.193,-0.35532,-0.33699,-0.44736,0.5266,0.52688,0.50975,Hard,
2026-06-26T14:13:20,474.710,active,1,TP9+AF7+AF8+TP10,148.24,64.085,54.439,136.01,75.623,-0.32303,-0.37324,-0.44126,0.52239,0.52188,0.50934,Hard,
2026-06-26T14:13:21,475.716,active,1,TP9+AF7+AF8+TP10,128.03,86.314,61.392,202.65,171.38,-0.28385,-0.33966,-0.1177,0.52559,0.52174,0.50905,Hard,
2026-06-26T14:13:22,476.722,active,1,TP9+AF7+AF8+TP10,146.65,70.911,42.737,266.03,273.33,-0.28207,-0.35285,0.2469,0.55488,0.54814,0.50903,Hard,
2026-06-26T14:13:23,477.732,active,1,TP9+AF7+AF8+TP10,77.6,37.039,36.86,209.39,151.79,-0.31913,-0.34583,-0.065862,0.55249,0.54616,0.50835,Hard,
2026-06-26T14:13:24,478.739,active,1,TP9+AF7+AF8+TP10,55.012,30.586,29.895,134.14,90.084,-0.34041,-0.37537,-0.38287,0.54608,0.53998,0.50787,Hard,
2026-06-26T14:13:25,479.747,active,1,TP9+AF7+AF8+TP10,77.693,45.877,28.064,159.63,105.44,-0.33267,-0.33243,-0.28973,0.54119,0.53583,0.50692,Hard,
2026-06-26T14:13:26,480.753,active,1,TP9+AF7+AF8+TP10,298.68,147.7,64.54,201.63,149.17,-0.27466,-0.16577,-0.22161,0.53541,0.53232,0.50446,Hard,
2026-06-26T14:13:27,481.756,active,1,TP9+AF7+AF8+TP10,286.58,130.6,47.522,159.85,106.39,-0.28828,-0.37441,-0.40275,0.53073,0.52673,0.50824,Hard,
2026-06-26T14:13:28,482.762,active,1,TP9+AF7+AF8+TP10,86.473,50.199,27.061,141.88,121.01,-0.31885,-0.4657,-0.3723,0.52845,0.52272,0.51431,Hard,
2026-06-26T14:13:29,483.768,active,1,TP9+AF7+AF8+TP10,65.863,46.949,35.618,170.32,170.09,-0.31418,-0.38741,-0.18724,0.52803,0.5219,0.51369,Hard,
2026-06-26T14:13:30,484.774,active,1,TP9+AF7+AF8+TP10,93.038,54.117,32.736,249.92,218.95,-0.31926,-0.23021,0.12233,0.53759,0.54174,0.51071,Hard,
2026-06-26T14:13:31,485.778,active,1,TP9+AF7+AF8+TP10,100.56,63.847,41.622,308.21,268.81,-0.31302,-0.27728,0.36721,0.56296,0.56723,0.50889,Hard,
2026-06-26T14:13:32,486.783,active,1,TP9+AF7+AF8+TP10,95.413,49.006,42.245,212.97,208.61,-0.33648,-0.40268,0.011251,0.56159,0.56436,0.50881,Hard,
2026-06-26T14:13:33,487.787,active,1,TP9+AF7+AF8+TP10,158.53,76.416,42.55,203.14,191.48,-0.33727,-0.32951,-0.15376,0.55683,0.55939,0.50764,Hard,
2026-06-26T14:13:34,488.795,active,1,TP9+AF7+AF8+TP10,108.41,108.24,48.467,206.75,167.06,-0.32891,-0.35778,-0.29291,0.55099,0.5528,0.50716,Hard,
2026-06-26T14:13:35,489.801,active,1,TP9+AF7+AF8+TP10,65.198,64.38,37.527,221.43,148.07,-0.34167,-0.41402,-0.26373,0.54712,0.54764,0.50829,Hard,
2026-06-26T14:13:36,490.807,active,1,TP9+AF7+AF8+TP10,70.755,33.154,33.611,164.76,124.85,-0.34801,-0.43658,-0.34717,0.54281,0.54193,0.50996,Hard,
2026-06-26T14:13:37,491.809,active,1,TP9+AF7+AF8+TP10,139.79,87.918,50.973,126.81,88.579,-0.3471,-0.41992,-0.51244,0.53628,0.53442,0.50985,Hard,
2026-06-26T14:13:38,492.811,active,1,TP9+AF7+AF8+TP10,548.36,257.13,83.86,158.52,121.29,-0.27094,-0.36893,-0.46315,0.53052,0.52741,0.51129,Hard,
2026-06-26T14:13:39,493.814,active,1,TP9+AF7+AF8+TP10,1076.7,407.24,94.864,181.09,246.93,-0.13379,-0.36279,-0.36146,0.52687,0.52071,0.52167,Hard,
2026-06-26T14:13:40,494.821,active,1,TP9+AF7+AF8+TP10,289.64,123.93,38.86,179.17,280.72,-0.28074,-0.38221,-0.31825,0.52461,0.51766,0.52059,Hard,
2026-06-26T14:13:41,495.829,active,1,TP9+AF7+AF8+TP10,208.84,81.36,33.223,172,255.47,-0.31425,-0.40057,-0.32643,0.52277,0.51536,0.51942,Hard,
2026-06-26T14:13:42,496.836,active,1,TP9+AF7+AF8+TP10,236.13,157.56,55.13,189.84,305.04,-0.26588,-0.26828,-0.24908,0.52032,0.51377,0.51712,Hard,
2026-06-26T14:13:43,497.839,active,1,TP9+AF7+AF8+TP10,165.88,95.661,73.163,186.47,251.96,-0.2774,-0.15362,-0.31098,0.51553,0.51161,0.51321,Hard,
2026-06-26T14:13:44,498.848,active,1,TP9+AF7+AF8+TP10,102.32,84.03,122.39,270.83,195.62,-0.19802,-0.11297,-0.20645,0.51226,0.51009,0.51035,Hard,
2026-06-26T14:13:45,499.855,active,1,TP9+AF7+AF8+TP10,108.85,91.686,119.73,246.59,184.42,-0.25108,-0.19902,-0.28468,0.5095,0.50838,0.50833,Hard,
2026-06-26T14:13:46,500.858,active,1,TP9+AF7+AF8+TP10,136.22,119.12,48.397,264.3,196.05,-0.30355,-0.36756,-0.21889,0.51495,0.5097,0.50829,Hard,
2026-06-26T14:13:47,501.863,active,1,TP9+AF7+AF8+TP10,146.38,91.742,87.169,258.83,217.13,-0.32954,-0.44269,-0.091639,0.53224,0.5217,0.5118,Hard,
2026-06-26T14:13:48,502.869,active,1,TP9+AF7+AF8+TP10,143.3,73.251,77.066,295.29,241.26,-0.32163,-0.41706,0.15541,0.55554,0.54429,0.51188,Hard,
2026-06-26T14:13:49,503.875,active,1,TP9+AF7+AF8+TP10,104.64,114.83,52.124,276.98,201.15,-0.31287,-0.36106,0.070353,0.55532,0.54637,0.51117,Hard,
2026-06-26T14:13:50,504.880,active,1,TP9+AF7+AF8+TP10,115.39,119.82,41.858,253.88,169.24,-0.29562,-0.32872,-0.013954,0.55339,0.54502,0.51033,Hard,
2026-06-26T14:13:51,505.885,active,1,TP9+AF7+AF8+TP10,68.094,142.72,62.017,278.31,199.35,-0.28559,-0.096564,0.051309,0.5492,0.54466,0.50626,Hard,
2026-06-26T14:13:52,506.893,active,1,TP9+AF7+AF8+TP10,825.86,242.97,78.715,374.85,328.88,-0.086857,0.060994,0.55398,0.55647,0.56552,0.50329,Hard,
2026-06-26T14:13:53,507.911,active,1,TP9+AF7+AF8+TP10,5027.3,521.68,133,885.16,1186.4,1.0512,1.0916,3.3134,0.67397,0.67983,0.50229,Hard,
2026-06-26T14:13:54,508.919,active,1,TP9+AF7+AF8+TP10,1898.2,236.03,100.93,718.15,1046.1,0.18329,0.3789,2.4503,0.7124,0.72582,0.49908,Hard,
2026-06-26T14:13:55,509.923,active,1,TP9+AF7+AF8+TP10,174.17,58.146,86.204,330.28,301.27,-0.24535,0.10007,0.47859,0.69257,0.70947,0.49402,Hard,
2026-06-26T14:13:56,510.927,active,1,TP9+AF7+AF8+TP10,70.697,93.403,63.861,177.69,177.39,-0.16147,-0.18477,-0.22719,0.66883,0.68335,0.49936,Hard,
2026-06-26T14:13:57,511.933,active,1,TP9+AF7+AF8+TP10,79.672,95.058,51.299,155.36,187.89,-0.27167,-0.32828,-0.31914,0.6487,0.66063,0.50399,Hard,
2026-06-26T14:13:58,512.938,active,1,TP9+AF7+AF8+TP10,67.999,96.566,34.406,192.85,179.02,-0.29872,-0.2098,-0.22815,0.63058,0.64241,0.50218,Hard,
2026-06-26T14:13:59,513.945,active,1,TP9+AF7+AF8+TP10,136.19,62.577,53.114,299.95,223.56,-0.318,0.05079,0.21727,0.61741,0.63331,0.4964,Hard,
2026-06-26T14:14:00,514.947,active,1,TP9+AF7+AF8+TP10,881.22,92.334,62.074,439.78,397.2,-0.12393,0.06947,0.89004,0.61546,0.6322,0.49393,Hard,
2026-06-26T14:14:01,515.956,active,1,TP9+AF7+AF8+TP10,2104.3,206.21,46.368,710.76,748.15,0.098172,-0.064115,2.2617,0.7033,0.70098,0.50974,Hard,
2026-06-26T14:14:02,516.959,active,1,TP9+AF7+AF8+TP10,492.41,150.23,30.847,680.17,656,-0.26365,-0.31505,1.9843,0.73699,0.73322,0.50934,Hard,
2026-06-26T14:14:03,517.963,active,1,TP9+AF7+AF8+TP10,233.58,95.19,24.278,406.8,366.28,-0.33611,-0.40871,0.62081,0.72366,0.71932,0.50931,Hard,
2026-06-26T14:14:04,518.965,active,1,TP9+AF7+AF8+TP10,113.97,99.018,31.53,268.22,280.09,-0.30888,-0.31218,-0.070505,0.70044,0.69658,0.50824,Hard,
2026-06-26T14:14:05,519.970,active,1,TP9+AF7+AF8+TP10,84.963,97.822,55.799,218.42,179.25,-0.26921,-0.16202,-0.16066,0.67641,0.67461,0.50564,Hard,
2026-06-26T14:14:06,520.976,active,1,TP9+AF7+AF8+TP10,6813,1295.2,829.36,1036,258.12,2.3355,3.2781,2.9103,0.64974,0.66222,0.49108,Hard,
2026-06-26T14:14:07,521.979,active,1,TP9+AF7+AF8+TP10,61944,9227.4,7306.9,8985.2,752.24,16.071,31.179,32.955,0.68499,0.86476,0.43222,Hard,
2026-06-26T14:14:08,522.999,active,1,TP9+AF7+AF8+TP10,48948,8700.8,4673.2,6000.1,513.42,9.3627,19.807,21.812,0.71295,0.94472,0.38099,Hard,
2026-06-26T14:14:09,524.007,active,1,TP9+AF7+AF8+TP10,4995,1578.5,137.54,257.58,249.52,0.30384,0.10553,0.14895,0.68805,0.88903,0.46726,Hard,
2026-06-26T14:14:10,525.020,active,1,TP9+AF7+AF8+TP10,412.54,193.18,62.312,162.06,141.66,-0.27688,-0.31613,-0.23753,0.66666,0.84294,0.48985,Hard,
2026-06-26T14:14:11,526.025,active,1,TP9+AF7+AF8+TP10,565.14,288.29,91.824,140.45,102.23,-0.12166,-0.14976,-0.36877,0.64338,0.79808,0.49805,Hard,
2026-06-26T14:14:12,527.035,active,1,TP9+AF7+AF8+TP10,14400,5298.5,939.85,695.73,164.88,1.373,1.2164,0.66472,0.61795,0.7518,0.51095,Hard,
2026-06-26T14:14:13,528.038,active,1,TP9+AF7+AF8+TP10,34912,9668.2,1861.9,1192,170.02,2.414,2.078,1.4776,0.59486,0.70779,0.52952,Hard,
2026-06-26T14:14:14,529.042,active,1,TP9+AF7+AF8+TP10,7566.4,1698.6,298.86,209.05,56.887,0.1631,-0.092484,-0.39181,0.57899,0.67458,0.53095,Hard,
2026-06-26T14:14:15,530.049,active,1,TP9+AF7+AF8+TP10,610.02,149.91,40.468,76.231,39.001,-0.30525,-0.35315,-0.68906,0.56449,0.64789,0.52796,Hard,
2026-06-26T14:14:16,531.054,active,1,TP9+AF7+AF8+TP10,191.12,102.62,58.076,50.987,31.315,-0.31594,-0.37949,-0.75971,0.55106,0.62352,0.52556,Hard,
2026-06-26T14:14:17,532.059,active,1,TP9+AF7+AF8+TP10,377.31,154.7,60.769,54.095,26.158,-0.27336,-0.31503,-0.76665,0.53819,0.60133,0.52311,Hard,
2026-06-26T14:14:18,533.064,active,1,TP9+AF7+AF8+TP10,479.03,170.11,63.972,45.577,21.992,-0.32828,-0.43345,-0.79629,0.52818,0.58218,0.52192,Hard,
2026-06-26T14:14:19,534.071,active,1,TP9+AF7+AF8+TP10,178.55,62.768,31.99,34.738,20.249,-0.36196,-0.51531,-0.81885,0.52025,0.5655,0.52159,Hard,
2026-06-26T14:14:20,535.078,active,1,TP9+AF7+AF8+TP10,96.218,49.56,38.316,40.301,19.902,-0.34442,-0.51567,-0.81686,0.51331,0.55058,0.52156,Hard,
2026-06-26T14:14:21,536.082,active,1,TP9+AF7+AF8+TP10,118.8,53.329,29.461,47.702,22.661,-0.36128,-0.52232,-0.78885,0.50772,0.53813,0.52139,Hard,
2026-06-26T14:14:22,537.088,active,1,TP9+AF7+AF8+TP10,49.405,26.188,12.198,37.386,20.176,-0.36393,-0.5299,-0.803,0.50271,0.52699,0.52131,Hard,
2026-06-26T14:14:23,538.093,active,1,TP9+AF7+AF8+TP10,167.96,61.301,29.274,58.457,46.721,-0.31551,-0.43361,-0.67704,0.49874,0.51834,0.52052,Hard,
2026-06-26T14:14:24,539.099,active,1,TP9+AF7+AF8+TP10,662.82,317.76,143.57,238.72,232.75,-0.17246,-0.074045,0.11438,0.51362,0.52881,0.51659,Hard,
2026-06-26T14:14:25,540.106,active,1,TP9+AF7+AF8+TP10,668.48,665.06,467.71,326.89,355.08,-0.026723,0.2742,0.19314,0.51077,0.52865,0.51009,Hard,
2026-06-26T14:14:26,541.112,active,1,TP9+AF7+AF8+TP10,1024.6,471.08,234.64,279.95,200.52,-0.16456,-0.11329,-0.13746,0.50911,0.52562,0.50811,Hard,
2026-06-26T14:14:27,542.118,active,1,TP9+AF7+AF8+TP10,1927.9,437.86,118.63,255.86,220.89,0.62399,0.52925,-0.10924,0.49852,0.51167,0.51035,Hard,
2026-06-26T14:14:28,543.129,active,1,TP9+AF7+AF8+TP10,2030.7,1107.9,225.55,285.3,212.84,1.4131,0.97428,-0.13916,0.48242,0.48809,0.53692,Hard,
2026-06-26T14:14:29,544.132,active,1,TP9+AF7+AF8+TP10,1769.3,1057.8,264.52,279.46,96.926,0.53029,0.1409,-0.31016,0.47779,0.47709,0.54388,Hard,
2026-06-26T14:14:30,545.138,active,1,TP9+AF7+AF8+TP10,1341.9,320.17,206.26,185.52,53.735,-0.10181,-0.17401,-0.50142,0.47555,0.47387,0.5397,Hard,
2026-06-26T14:14:31,546.144,active,1,TP9+AF7+AF8+TP10,994.46,289.87,156.33,130.59,58.701,-0.26193,-0.30067,-0.61812,0.47374,0.47167,0.53551,Hard,
2026-06-26T14:14:32,547.147,active,1,TP9+AF7+AF8+TP10,340.88,196.4,55.509,90.446,60.739,-0.31074,-0.33428,-0.66016,0.47201,0.46984,0.53161,Hard,
2026-06-26T14:14:33,548.150,active,1,TP9+AF7+AF8+TP10,202.33,134.14,43.038,77.502,52.737,-0.2944,-0.42135,-0.65355,0.47189,0.46809,0.52972,Hard,
2026-06-26T14:14:34,549.167,active,1,TP9+AF7+AF8+TP10,281.65,163.06,76.304,101.39,43.221,-0.27113,-0.45686,-0.62733,0.47598,0.46659,0.52893,Hard,
2026-06-26T14:14:35,550.177,active,1,TP9+AF7+AF8+TP10,444.49,365.77,58.94,107.75,35.996,-0.24915,-0.45325,-0.65472,0.47584,0.46454,0.52852,Hard,
2026-06-26T14:14:36,551.187,active,1,TP9+AF7+AF8+TP10,228.55,198.39,49.325,81.274,48.275,-0.27453,-0.39749,-0.64525,0.47503,0.46325,0.52694,Hard,
2026-06-26T14:14:37,552.195,active,1,TP9+AF7+AF8+TP10,268.85,430.18,99.462,190.02,118.21,-0.12985,-0.28907,-0.25677,0.49243,0.47578,0.5261,Hard,
2026-06-26T14:14:38,553.200,active,1,TP9+AF7+AF8+TP10,125.07,197.02,47.327,138.56,76.765,-0.28314,-0.48481,-0.42399,0.50153,0.47975,0.52599,Hard,
2026-06-26T14:14:39,554.206,active,1,TP9+AF7+AF8+TP10,133.6,43.535,23.569,66.808,40.499,-0.3357,-0.52228,-0.67276,0.49909,0.47714,0.52567,Hard,
2026-06-26T14:14:40,555.209,active,1,TP9+AF7+AF8+TP10,176.99,93.381,48.405,83.944,42.341,-0.31561,-0.47662,-0.66179,0.49643,0.4747,0.525,Hard,
2026-06-26T14:14:41,556.211,active,1,TP9+AF7+AF8+TP10,341.88,108.36,150.84,112.07,51.878,-0.31705,-0.31689,-0.63051,0.49216,0.47305,0.522,Hard,
2026-06-26T14:14:42,557.216,active,1,TP9+AF7+AF8+TP10,290.72,60.036,147.37,95.465,49.226,-0.34872,-0.3835,-0.66909,0.48883,0.47149,0.51988,Hard,
2026-06-26T14:14:43,558.226,active,1,TP9+AF7+AF8+TP10,117.39,73.723,63.522,74.41,38.428,-0.36148,-0.48559,-0.67813,0.48728,0.47017,0.51936,Hard,
2026-06-26T14:14:44,559.232,active,1,TP9+AF7+AF8+TP10,261.87,152.08,83.507,73.54,47.506,-0.33622,-0.38088,-0.68539,0.48425,0.46852,0.5177,Hard,
2026-06-26T14:14:45,560.238,active,1,TP9+AF7+AF8+TP10,343.45,197.75,130.43,87.464,47.165,-0.30496,-0.32153,-0.69001,0.48063,0.46654,0.51583,Hard,
2026-06-26T14:14:46,561.244,active,1,TP9+AF7+AF8+TP10,259.59,134.14,74.817,82.921,30.111,-0.32311,-0.38807,-0.71986,0.47799,0.46463,0.5149,Hard,
2026-06-26T14:14:47,562.250,active,1,TP9+AF7+AF8+TP10,320.98,113.2,46.79,72.198,28.865,-0.33457,-0.42132,-0.71888,0.47617,0.46312,0.51441,Hard,
2026-06-26T14:14:48,563.255,active,1,TP9+AF7+AF8+TP10,933.66,464.42,125.45,113.57,47.743,0.022549,-0.088383,-0.60553,0.47132,0.4582,0.51435,Hard,
2026-06-26T14:14:49,564.258,active,1,TP9+AF7+AF8+TP10,4514.3,1828.8,395.6,295.6,101.85,1.8318,2.5625,-0.15714,0.43927,0.43562,0.50179,Hard,
2026-06-26T14:14:50,565.262,active,1,TP9+AF7+AF8+TP10,4746.3,1104.8,387.18,276.03,92.939,1.3858,3.8567,-0.20566,0.40048,0.42066,0.4686,Hard,
2026-06-26T14:14:51,566.266,active,1,TP9+AF7+AF8+TP10,5475.6,1059.8,453,299.68,85.018,1.213,3.995,-0.16705,0.36573,0.41027,0.43628,Hard,
2026-06-26T14:14:52,567.271,active,1,TP9+AF7+AF8+TP10,2201.5,449.35,152.76,182.97,59.326,0.14538,0.9738,-0.48034,0.36095,0.41756,0.43167,Hard,
2026-06-26T14:14:53,568.275,active,1,TP9+AF7+AF8+TP10,411.89,184.39,59.886,129.69,35.375,-0.21752,-0.21088,-0.61138,0.41444,0.43758,0.47217,Hard,
2026-06-26T14:14:54,569.283,active,1,TP9+AF7+AF8+TP10,394.26,250.84,100.23,93.006,25.637,-0.19352,-0.15974,-0.6943,0.42592,0.43767,0.48633,Hard,
2026-06-26T14:14:55,570.288,active,1,TP9+AF7+AF8+TP10,175.05,143.57,80.763,60.569,26.228,-0.20508,-0.25995,-0.75994,0.43306,0.43688,0.49865,Hard,
2026-06-26T14:14:56,571.304,active,1,TP9+AF7+AF8+TP10,783.89,393.3,90.223,105.12,54.743,0.17093,-0.10774,-0.6197,0.43504,0.43275,0.52033,Hard,
2026-06-26T14:14:57,572.310,active,1,TP9+AF7+AF8+TP10,2013.5,717.27,168.66,187.1,98.093,0.44721,0.50749,-0.35617,0.43008,0.42892,0.51698,Hard,
2026-06-26T14:14:58,573.317,active,1,TP9+AF7+AF8+TP10,888.42,286.52,102.74,108.97,53.645,0.10919,0.23553,-0.54972,0.42684,0.42766,0.51305,Hard,
2026-06-26T14:14:59,574.323,active,1,TP9+AF7+AF8+TP10,324.96,216.52,68.449,109.91,47.708,-0.18307,-0.20078,-0.54696,0.44484,0.44385,0.51175,Hard,
2026-06-26T14:15:00,575.337,active,1,TP9+AF7+AF8+TP10,452.73,410.42,59.472,107.71,37.767,-0.13006,-0.099276,-0.54958,0.44473,0.44619,0.50988,Hard,
2026-06-26T14:15:01,576.339,active,1,TP9+AF7+AF8+TP10,309.05,179.78,49.724,55.898,26.707,-0.1247,0.2375,-0.70373,0.4375,0.44402,0.50328,Hard,
2026-06-26T14:15:02,577.347,active,1,TP9+AF7+AF8+TP10,239.95,112.58,62.046,67.3,30.43,-0.1541,0.011466,-0.66325,0.43497,0.44314,0.5004,Hard,
2026-06-26T14:15:03,578.355,active,1,TP9+AF7+AF8+TP10,427.33,113.43,73.377,89.84,37.473,-0.18154,-0.11606,-0.62372,0.43612,0.44423,0.49937,Hard,
2026-06-26T14:15:04,579.360,active,1,TP9+AF7+AF8+TP10,833.94,185.86,91.148,136.1,56.621,-0.19613,-0.18726,-0.45596,0.45432,0.45823,0.49931,Hard,
2026-06-26T14:15:05,580.363,active,1,TP9+AF7+AF8+TP10,584.81,338.77,173.98,195.51,57.608,-0.039131,0.0097757,-0.17835,0.46763,0.47285,0.49866,Hard,
2026-06-26T14:15:06,581.365,active,1,TP9+AF7+AF8+TP10,785.29,447.03,182.13,186.01,40.649,-0.062171,0.16778,-0.26429,0.46506,0.474,0.49538,Hard,
2026-06-26T14:15:07,582.372,active,1,TP9+AF7+AF8+TP10,599.73,272.77,120.17,127.07,33.733,-0.1021,-0.036595,-0.49492,0.46241,0.47124,0.49495,Hard,
2026-06-26T14:15:08,583.376,active,1,TP9+AF7+AF8+TP10,375.21,192.37,94.866,70.908,34.005,-0.090005,-0.050899,-0.68207,0.45753,0.46588,0.49505,Hard,
2026-06-26T14:15:09,584.379,active,1,TP9+AF7+AF8+TP10,198.22,101.85,44.976,59.321,39.39,0.0091427,-0.043154,-0.73801,0.45231,0.45889,0.50194,Hard,
2026-06-26T14:15:10,585.386,active,1,TP9+AF7+AF8+TP10,288.43,109.45,47.685,74.594,38.407,-0.026516,-0.12636,-0.70093,0.44947,0.4538,0.50826,Hard,
2026-06-26T14:15:11,586.399,active,1,TP9+AF7+AF8+TP10,1272.9,260.55,78.464,125.36,52.372,2.0371,0.92217,-0.40818,0.43628,0.42664,0.58482,Hard,
2026-06-26T14:15:12,587.409,active,1,TP9+AF7+AF8+TP10,8897.8,2251.5,447.24,667.53,313,22.894,15.323,2.3784,0.38411,0.37545,0.82061,Hard,
2026-06-26T14:15:13,588.418,active,1,TP9+AF7+AF8+TP10,53264,9667.9,1425.6,1394.1,761.47,64.967,41.981,5.6635,0.33802,0.3304,0.92824,Hard,
2026-06-26T14:15:14,589.425,active,1,TP9+AF7+AF8+TP10,47448,10524,1538.6,1369.6,914.65,76.327,54.745,5.4546,0.29746,0.29075,0.97128,Hard,
2026-06-26T14:15:15,590.429,active,1,TP9+AF7+AF8+TP10,24839,7796,1396.6,1376.7,1445,66.304,61.78,5.6154,0.26176,0.25586,0.96341,Hard,
2026-06-26T14:15:16,591.434,active,1,TP9+AF7+AF8+TP10,9069.3,2432.3,501.83,887.78,1388.2,11.181,10.46,3.1458,0.23337,0.22728,0.9185,Hard,
2026-06-26T14:15:17,592.441,active,1,TP9+AF7+AF8+TP10,5388.5,1942.7,596.3,953.89,1020.3,1.9269,3.4524,2.802,0.34499,0.45552,0.84645,Hard,
2026-06-26T14:15:18,593.454,active,1,TP9+AF7+AF8+TP10,3410.9,947.17,239.17,715.1,545.85,0.36822,0.95858,1.7539,0.49688,0.58217,0.79608,Hard,
2026-06-26T14:15:19,594.456,active,1,TP9+AF7+AF8+TP10,708.06,154.23,60.031,308.66,321.78,-0.19659,-0.074953,0.34671,0.53026,0.58041,0.75873,Hard,
2026-06-26T14:15:20,595.466,active,1,TP9+AF7+AF8+TP10,547.87,140.47,54.501,174.58,180.88,0.10655,0.44026,-0.16633,0.5176,0.56667,0.72269,Hard,
2026-06-26T14:15:21,596.473,active,1,TP9+AF7+AF8+TP10,625.38,126.01,51.482,113.3,68.211,0.13608,0.4128,-0.44816,0.50277,0.54997,0.69182,Hard,
2026-06-26T14:15:22,597.481,active,1,TP9+AF7+AF8+TP10,1286.4,400.54,157.33,184.48,71.738,0.71057,1.626,-0.26274,0.47604,0.52966,0.6553,Hard,
2026-06-26T14:15:23,598.487,active,1,TP9+AF7+AF8+TP10,2213,600.99,283.34,179.91,57.734,1.4671,2.7348,-0.37362,0.43985,0.50028,0.61826,Hard,
2026-06-26T14:15:24,599.489,active,1,TP9+AF7+AF8+TP10,1196.6,305.64,102.84,81.278,42.003,0.37665,0.52787,-0.64739,0.42993,0.48522,0.60181,Hard,
2026-06-26T14:15:25,600.493,active,1,TP9+AF7+AF8+TP10,4482,1039.9,341.36,406.73,132.54,6.0281,2.1959,0.034482,0.40874,0.4327,0.76374,Hard,
2026-06-26T14:15:26,601.496,active,1,TP9+AF7+AF8+TP10,11574,1914.8,757.29,1128.8,227.69,5.743,2.5549,1.2745,0.40112,0.39238,0.80421,Hard,
2026-06-26T14:15:27,602.502,active,1,TP9+AF7+AF8+TP10,3539.8,568.45,217.14,343.31,97.71,0.49572,0.1848,-0.07796,0.44077,0.41422,0.77236,Hard,
2026-06-26T14:15:28,603.506,active,1,TP9+AF7+AF8+TP10,1550.1,629.9,104.17,199.3,81.095,0.015054,-0.21321,-0.39111,0.46297,0.43533,0.74309,Hard,
2026-06-26T14:15:29,604.511,active,1,TP9+AF7+AF8+TP10,10163,2717.8,763.71,720.32,370.21,0.46116,0.78183,0.94971,0.49777,0.51059,0.70912,Hard,
2026-06-26T14:15:30,605.517,active,1,TP9+AF7+AF8+TP10,6018.3,1446.5,576.48,530.5,373.56,0.1241,0.41211,0.67156,0.51854,0.54504,0.67972,Hard,
2026-06-26T14:15:31,606.521,active,1,TP9+AF7+AF8+TP10,1303.1,525.72,268.46,297.42,164.22,-0.17041,-0.20751,-0.00016458,0.52295,0.54219,0.65871,Hard,
2026-06-26T14:15:32,607.527,active,1,TP9+AF7+AF8+TP10,701.93,207.27,147.36,193.66,120.59,-0.28161,-0.25121,-0.33153,0.51899,0.53638,0.63921,Hard,
2026-06-26T14:15:33,608.531,active,1,TP9+AF7+AF8+TP10,1894.4,484.36,245.31,226.97,154.93,-0.17999,0.038821,-0.2012,0.51312,0.53169,0.61922,Hard,
2026-06-26T14:15:34,609.533,active,1,TP9+AF7+AF8+TP10,2323.9,739.83,386.89,290.77,202.63,-0.069094,0.083569,0.005122,0.51037,0.529,0.60263,Hard,
2026-06-26T14:15:35,610.542,active,1,TP9+AF7+AF8+TP10,1067.3,426.77,179.97,204.7,179.17,-0.13618,-0.18406,-0.23279,0.50839,0.52407,0.59103,Hard,
2026-06-26T14:15:36,611.546,active,1,TP9+AF7+AF8+TP10,696.52,109.1,44.072,106.43,103.37,-0.30354,-0.40268,-0.54521,0.50525,0.51756,0.58159,Hard,
2026-06-26T14:15:37,612.550,active,1,TP9+AF7+AF8+TP10,807.54,397.08,287.65,176.84,85.921,-0.23413,-0.25458,-0.41079,0.50228,0.51281,0.57211,Hard,
2026-06-26T14:15:38,613.555,active,1,TP9+AF7+AF8+TP10,2295.2,939.58,937.43,428.9,117.8,-0.06934,0.33491,0.010813,0.49715,0.51247,0.55741,Hard,
2026-06-26T14:15:39,614.562,active,1,TP9+AF7+AF8+TP10,1409.1,232.95,318.49,256.67,100.84,-0.2421,-0.059773,-0.27757,0.49423,0.51045,0.54779,Hard,
2026-06-26T14:15:40,615.564,active,1,TP9+AF7+AF8+TP10,237.38,81.893,38.415,110.45,89.603,-0.25132,-0.35545,-0.51562,0.49252,0.50523,0.54362,Hard,
2026-06-26T14:15:41,616.570,active,1,TP9+AF7+AF8+TP10,338.89,198.92,84.384,191.47,157.91,-0.19722,-0.30272,-0.19341,0.5052,0.50466,0.53996,Hard,
2026-06-26T14:15:42,617.574,active,1,TP9+AF7+AF8+TP10,825.09,278.73,135.2,324.05,309.06,-0.079226,-0.043401,0.3161,0.52897,0.53142,0.53463,Hard,
2026-06-26T14:15:43,618.584,active,1,TP9+AF7+AF8+TP10,605.24,111.14,115.47,284.26,266.6,-0.29221,-0.23442,-0.03989,0.52841,0.53147,0.52961,Hard,
2026-06-26T14:15:44,619.592,active,1,TP9+AF7+AF8+TP10,2245,832.45,271.92,342.84,194.72,-0.13841,-0.25037,-0.054891,0.52793,0.52894,0.52773,Hard,
2026-06-26T14:15:45,620.605,active,1,TP9+AF7+AF8+TP10,5185.6,1728.2,502.68,408.81,196.1,0.12412,-0.032785,0.047779,0.52579,0.52432,0.52676,Hard,
2026-06-26T14:15:46,621.608,active,1,TP9+AF7+AF8+TP10,1687.5,544,224.18,280.39,138.18,-0.17933,-0.19249,-0.1294,0.52364,0.52215,0.52375,Hard,
2026-06-26T14:15:47,622.616,active,1,TP9+AF7+AF8+TP10,1075.2,330.75,147.69,239.88,137.09,-0.20995,-0.19543,-0.063733,0.52278,0.52169,0.52068,Hard,
2026-06-26T14:15:48,623.625,active,1,TP9+AF7+AF8+TP10,668.43,203.51,76.478,218.89,118.29,-0.27921,-0.27163,0.027099,0.53147,0.5316,0.51808,Hard,
2026-06-26T14:15:49,624.630,active,1,TP9+AF7+AF8+TP10,870.23,530.85,201.61,192.67,92.062,-0.18344,-0.24017,-0.19631,0.52836,0.52762,0.51676,Hard,
2026-06-26T14:15:50,625.634,active,1,TP9+AF7+AF8+TP10,8712.8,6728.1,1755.1,623.04,152.72,1.5934,1.1226,0.54002,0.51628,0.50886,0.54186,Hard,
2026-06-26T14:15:51,626.636,active,1,TP9+AF7+AF8+TP10,6691,4409.7,1202.7,503.01,124.45,1.2335,0.81448,0.20797,0.50529,0.49274,0.54806,Hard,
2026-06-26T14:15:52,627.648,active,1,TP9+AF7+AF8+TP10,1991.5,447.1,253.33,206.22,70.031,0.08061,0.030465,-0.45122,0.49747,0.48568,0.54304,Hard,
2026-06-26T14:15:53,628.656,active,1,TP9+AF7+AF8+TP10,848.52,423.96,168.16,146.78,51.238,-0.13812,-0.25571,-0.56878,0.49309,0.48096,0.53964,Hard,
2026-06-26T14:15:54,629.663,active,1,TP9+AF7+AF8+TP10,354.66,253.07,140.92,136.61,54.585,-0.24871,-0.22648,-0.55857,0.48895,0.47861,0.53455,Hard,
2026-06-26T14:15:55,630.673,active,1,TP9+AF7+AF8+TP10,403.51,105.93,59.974,82.139,46.133,-0.27095,-0.21404,-0.66142,0.48359,0.47534,0.52955,Hard,
2026-06-26T14:15:56,631.680,active,1,TP9+AF7+AF8+TP10,142.86,81.28,34.303,54.646,34.484,-0.28284,-0.38219,-0.74085,0.48019,0.47146,0.52749,Hard,
2026-06-26T14:15:57,632.684,active,1,TP9+AF7+AF8+TP10,162.5,129.12,36.898,50.365,28.806,-0.25214,-0.4404,-0.74615,0.47799,0.46751,0.52702,Hard,
2026-06-26T14:15:59,633.690,active,1,TP9+AF7+AF8+TP10,93.735,75.178,38.985,44.557,27.094,-0.29777,-0.39663,-0.7565,0.47525,0.46456,0.52526,Hard,
2026-06-26T14:16:00,634.692,active,1,TP9+AF7+AF8+TP10,66.527,45.125,28.287,42.779,26.579,-0.31725,-0.38453,-0.75608,0.47266,0.46225,0.52324,Hard,
2026-06-26T14:16:01,635.695,active,1,TP9+AF7+AF8+TP10,193.39,50.681,25.919,54.74,26.88,-0.34099,-0.3762,-0.72741,0.47069,0.46101,0.52098,Hard,
2026-06-26T14:16:02,636.701,active,1,TP9+AF7+AF8+TP10,342.76,83.503,28.679,61.495,26.453,-0.3303,-0.37739,-0.68989,0.46953,0.46031,0.51916,Hard,
2026-06-26T14:16:03,637.706,active,1,TP9+AF7+AF8+TP10,164.17,59.526,34.246,44.116,27.485,-0.30011,-0.41715,-0.75905,0.46807,0.45821,0.51862,Hard,
2026-06-26T14:16:04,638.712,active,1,TP9+AF7+AF8+TP10,310.52,96.858,50.822,53.214,29.782,-0.2115,-0.39692,-0.75083,0.46661,0.45519,0.52134,Hard,
2026-06-26T14:16:05,639.715,active,1,TP9+AF7+AF8+TP10,126.42,56.479,27.277,47.955,25.7,-0.31881,-0.45016,-0.74091,0.46626,0.45426,0.52075,Hard,
2026-06-26T14:16:06,640.723,active,1,TP9+AF7+AF8+TP10,51.457,45.969,20.384,42.585,19.434,-0.34089,-0.4595,-0.76492,0.46574,0.45341,0.52004,Hard,
2026-06-26T14:16:07,641.727,active,1,TP9+AF7+AF8+TP10,73.731,32.588,18.442,40.658,22.422,-0.35649,-0.48956,-0.7733,0.4656,0.45277,0.51963,Hard,
2026-06-26T14:16:08,642.735,active,1,TP9+AF7+AF8+TP10,146.17,35.684,18.311,37.204,25.222,-0.34438,-0.50018,-0.77757,0.46557,0.45197,0.51961,Hard,
2026-06-26T14:16:09,643.741,active,1,TP9+AF7+AF8+TP10,194.29,65.658,19.701,45.79,31.502,-0.27907,-0.43826,-0.73587,0.46525,0.45091,0.51978,Hard,
2026-06-26T14:16:10,644.746,active,1,TP9+AF7+AF8+TP10,133.85,74.898,20.621,44.451,30.692,-0.21908,-0.42734,-0.73832,0.46476,0.44905,0.52352,Hard,
2026-06-26T14:16:11,645.750,active,1,TP9+AF7+AF8+TP10,75.918,42.514,12.995,41.198,29.995,-0.28902,-0.50825,-0.75064,0.46775,0.44827,0.52583,Hard,
2026-06-26T14:16:12,646.759,active,1,TP9+AF7+AF8+TP10,136.17,61.661,24.362,44,29.133,-0.29029,-0.37927,-0.73964,0.46623,0.44777,0.52407,Hard,
2026-06-26T14:16:13,647.766,active,1,TP9+AF7+AF8+TP10,229.97,85.184,40.741,48.058,39.765,-0.18374,-0.24112,-0.71429,0.46321,0.44612,0.52204,Hard,
2026-06-26T14:16:14,648.771,active,1,TP9+AF7+AF8+TP10,158.41,42.631,19.165,45.232,35.934,-0.2807,-0.4031,-0.72366,0.46283,0.44597,0.52123,Hard,
2026-06-26T14:16:15,649.773,active,1,TP9+AF7+AF8+TP10,93.953,29.672,20.853,48.75,29.16,-0.32709,-0.42832,-0.70643,0.46431,0.45002,0.5202,Hard,
2026-06-26T14:16:16,650.783,active,1,TP9+AF7+AF8+TP10,37.974,22.191,16.147,45.258,28.434,-0.34933,-0.49023,-0.72134,0.46841,0.45219,0.51989,Hard,
2026-06-26T14:16:17,651.789,active,1,TP9+AF7+AF8+TP10,35.065,15.316,15.023,41.302,26.389,-0.37348,-0.48305,-0.74144,0.46833,0.45336,0.51915,Hard,
2026-06-26T14:16:18,652.795,active,1,TP9+AF7+AF8+TP10,115.75,55.002,23.457,44.3,26.061,-0.35334,-0.4717,-0.72843,0.46828,0.45334,0.51862,Hard,
2026-06-26T14:16:19,653.800,active,1,TP9+AF7+AF8+TP10,360.8,203,88.26,78.041,33.292,-0.3068,-0.30809,-0.58623,0.46792,0.46041,0.51641,Hard,
2026-06-26T14:16:20,654.810,active,1,TP9+AF7+AF8+TP10,238.16,117.34,55.218,55.282,27.624,-0.30994,-0.38149,-0.68431,0.46724,0.45957,0.51551,Hard,
2026-06-26T14:16:21,655.817,active,1,TP9+AF7+AF8+TP10,145.29,43.809,19.616,45.339,35.667,-0.33155,-0.4388,-0.72326,0.46691,0.45856,0.51526,Hard,
2026-06-26T14:16:22,656.821,active,1,TP9+AF7+AF8+TP10,235.39,73.292,40.304,72.047,50.714,-0.29214,-0.37286,-0.60679,0.46924,0.45987,0.51464,Hard,
2026-06-26T14:16:23,657.830,active,1,TP9+AF7+AF8+TP10,214.76,96.554,45.635,75.508,53.924,-0.26986,-0.36357,-0.59283,0.47052,0.45985,0.51429,Hard,
2026-06-26T14:16:24,658.838,active,1,TP9+AF7+AF8+TP10,119.79,67.418,20.133,83.129,63.085,-0.30289,-0.48276,-0.56183,0.48228,0.46455,0.5192,Hard,
2026-06-26T14:16:25,659.847,active,1,TP9+AF7+AF8+TP10,97.372,57.764,19.417,63.807,50.234,-0.2489,-0.3355,-0.65629,0.4796,0.46271,0.51819,Hard,
2026-06-26T14:16:26,660.849,active,1,TP9+AF7+AF8+TP10,234.61,93.31,22.953,66.773,40.108,-0.24342,-0.30138,-0.65079,0.47682,0.4611,0.51688,Hard,
2026-06-26T14:16:27,661.855,active,1,TP9+AF7+AF8+TP10,170.06,47.343,26.521,78.587,47.364,-0.32934,-0.32206,-0.58747,0.47563,0.46511,0.51474,Hard,
2026-06-26T14:16:28,662.859,active,1,TP9+AF7+AF8+TP10,99.112,27.015,19.785,70.685,57.486,-0.33752,-0.47219,-0.61593,0.47948,0.4652,0.51599,Hard,
2026-06-26T14:16:29,663.866,active,1,TP9+AF7+AF8+TP10,137.67,38.12,20.498,66.54,53.661,-0.33666,-0.50091,-0.63492,0.48174,0.46491,0.51871,Hard,
2026-06-26T14:16:30,664.874,active,1,TP9+AF7+AF8+TP10,61.836,23.244,15.084,60.403,42.994,-0.34836,-0.47947,-0.66924,0.48109,0.46432,0.51843,Hard,
2026-06-26T14:16:31,665.881,active,1,TP9+AF7+AF8+TP10,55.771,18.799,11.309,58.712,40.656,-0.34649,-0.52665,-0.67619,0.48123,0.46366,0.52088,Hard,
2026-06-26T14:16:32,666.888,active,1,TP9+AF7+AF8+TP10,63.195,28.718,15.435,47.453,36.686,-0.30613,-0.53772,-0.71543,0.48082,0.46191,0.5257,Hard,
2026-06-26T14:16:33,667.894,active,1,TP9+AF7+AF8+TP10,41.173,32.918,17.278,49.443,32.274,-0.31568,-0.50951,-0.70499,0.48019,0.46066,0.52552,Hard,
2026-06-26T14:16:34,668.903,active,1,TP9+AF7+AF8+TP10,48.476,42.298,25.468,47.902,32.464,-0.34371,-0.45165,-0.71499,0.47862,0.45982,0.52408,Hard,
2026-06-26T14:16:35,669.904,active,1,TP9+AF7+AF8+TP10,128.24,85.911,31.898,46.772,41.356,-0.33201,-0.38619,-0.72142,0.47617,0.45882,0.522,Hard,
2026-06-26T14:16:36,670.910,active,1,TP9+AF7+AF8+TP10,556.56,144.75,62.042,104.69,70.934,0.37172,0.81208,-0.44972,0.46071,0.45161,0.51278,Hard,
2026-06-26T14:16:37,671.916,active,1,TP9+AF7+AF8+TP10,2138.3,548.86,205.28,303.61,183.43,3.8795,7.0441,0.58078,0.40998,0.41676,0.4717,Hard,
2026-06-26T14:16:38,672.925,active,1,TP9+AF7+AF8+TP10,3038.4,681,287.93,316.81,208.21,4.8715,11.795,0.64119,0.36123,0.37967,0.41875,Hard,
2026-06-26T14:16:39,673.932,active,1,TP9+AF7+AF8+TP10,1698.6,409.83,222.92,206.61,130.61,3.6542,8.8088,-0.00047247,0.31934,0.35073,0.37697,Hard,
2026-06-26T14:16:40,674.943,active,1,TP9+AF7+AF8+TP10,381.36,150.77,49.648,84.159,36.974,1.2203,1.1198,-0.57623,0.317,0.34337,0.45832,Hard,
2026-06-26T14:16:41,675.953,active,1,TP9+AF7+AF8+TP10,58.874,32.393,17.373,59.502,27.79,-0.19883,-0.30593,-0.68213,0.39867,0.40128,0.49136,Hard,
2026-06-26T14:16:42,676.960,active,1,TP9+AF7+AF8+TP10,52.818,29.086,19.776,53.231,28.04,-0.2649,-0.14439,-0.69493,0.41843,0.42838,0.49059,Hard,
2026-06-26T14:16:43,677.963,active,1,TP9+AF7+AF8+TP10,286.64,115.07,30.769,55.944,31.701,-0.10053,-0.062245,-0.69654,0.4202,0.4281,0.49336,Hard,
2026-06-26T14:16:44,678.967,active,1,TP9+AF7+AF8+TP10,2644.2,301.43,89.934,79.729,41.151,0.14069,0.66709,-0.622,0.41108,0.42543,0.48631,Hard,
2026-06-26T14:16:45,679.971,active,1,TP9+AF7+AF8+TP10,9014.9,4875,1950,1064.7,185.4,8.6908,17.103,2.5319,0.36183,0.37965,0.42972,Hard,
2026-06-26T14:16:46,680.976,active,1,TP9+AF7+AF8+TP10,39619,20399,11784,9094.3,1352.5,83.715,177.71,31.866,0.31841,0.33409,0.37815,Hard,
2026-06-26T14:16:47,681.988,active,1,TP9+AF7+AF8+TP10,1.0136e+05,16872,10025,8150.2,1557.8,101.83,212.07,30.986,0.2802,0.294,0.33277,Hard,
2026-06-26T14:16:48,682.997,active,1,TP9+AF7+AF8,65874,9599,3173.3,2319.3,463.84,98.087,114.36,11.552,0.24658,0.25872,0.29287,Hard,
2026-06-26T14:16:49,684.008,active,1,TP9+AF7+AF8+TP10,65508,13286,3443.1,2365.2,496.54,109.57,56.292,6.8568,0.21699,0.22767,0.71715,Hard,
2026-06-26T14:16:50,685.015,active,1,TP9+AF7+AF8+TP10,63018,8599.9,2812.4,2237.2,636.41,40.852,36.414,4.8026,0.19095,0.20035,0.82805,Hard,
2026-06-26T14:16:51,686.024,active,1,TP9+AF7+AF8+TP10,11263,1871.6,791.29,1309,1030,16.566,20.351,5.1019,0.16809,0.1767,0.7444,Hard,
2026-06-26T14:16:52,687.025,active,1,TP9+AF7+AF8+TP10,1904.3,431.2,198.28,800.89,752.08,1.516,1.9921,2.929,0.43625,0.47246,0.70797,Hard,
2026-06-26T14:16:53,688.029,active,1,TP9+AF7+AF8+TP10,518.13,254.87,101.03,337.78,241.28,0.34653,0.37431,0.57032,0.48919,0.50575,0.6826,Hard,
2026-06-26T14:16:54,689.034,active,1,TP9+AF7+AF8+TP10,429.33,172.16,75.515,254.77,215.83,0.22892,0.55329,0.18106,0.48492,0.50434,0.65583,Hard,
2026-06-26T14:16:55,690.038,active,1,TP9+AF7+AF8+TP10,1803.1,585.6,157.81,684.05,813.91,1.5582,1.4684,2.05,0.53728,0.53844,0.63848,Hard,
2026-06-26T14:16:56,691.044,active,1,TP9+AF7+AF8+TP10,1073.4,343.36,156.65,720.58,1300.6,0.4879,0.60345,2.3425,0.6377,0.64529,0.62013,Hard,
2026-06-26T14:16:57,692.052,active,1,TP9+AF7+AF8+TP10,370.84,116.12,67.973,534.4,798.57,-0.15376,-0.14548,1.6442,0.68101,0.68456,0.60559,Hard,
2026-06-26T14:16:58,693.057,active,1,TP9+AF7+AF8+TP10,456.14,137.43,63.536,371.3,377.69,-0.22156,-0.11808,0.80981,0.67297,0.67755,0.59136,Hard,
2026-06-26T14:16:59,694.061,active,1,TP9+AF7+AF8+TP10,244.6,139.59,71.292,265.5,268.54,-0.24914,0.043789,0.23535,0.65508,0.66348,0.57602,Hard,
2026-06-26T14:17:00,695.065,active,1,TP9+AF7+AF8+TP10,333,141.16,63.694,212.42,199.82,0.0016441,0.18006,-0.066109,0.63278,0.64284,0.56422,Hard,
2026-06-26T14:17:01,696.067,active,1,TP9+AF7+AF8+TP10,311.68,123.21,35.418,162.93,132.91,-0.052348,-0.11722,-0.32855,0.61368,0.62157,0.55749,Hard,
2026-06-26T14:17:02,697.071,active,1,TP9+AF7+AF8+TP10,134.66,65.466,29.457,134.59,151.84,-0.27648,-0.18246,-0.42699,0.59638,0.60472,0.54918,Hard,
2026-06-26T14:17:03,698.076,active,1,TP9+AF7+AF8+TP10,56.901,72.572,39.183,118.19,127.92,-0.26772,-0.16992,-0.43067,0.58091,0.58971,0.54181,Hard,
2026-06-26T14:17:04,699.082,active,1,TP9+AF7+AF8+TP10,81.23,71.072,41.299,113.93,82.024,-0.29277,-0.19283,-0.46535,0.56712,0.57636,0.53529,Hard,
2026-06-26T14:17:05,700.093,active,1,TP9+AF7+AF8+TP10,109.16,78.51,49.127,108.69,78.524,-0.31483,-0.20866,-0.51575,0.55446,0.56418,0.52947,Hard,
2026-06-26T14:17:06,701.101,active,1,TP9+AF7+AF8+TP10,257.23,112.63,67.724,184.16,160.4,-0.16799,0.060701,-0.18336,0.54427,0.55625,0.5225,Hard,
2026-06-26T14:17:07,702.112,active,1,TP9+AF7+AF8+TP10,641.44,183.1,95.576,502.03,506.76,0.15843,0.81856,1.405,0.56138,0.61308,0.50999,Hard,
2026-06-26T14:17:08,703.118,active,1,TP9+AF7+AF8+TP10,467.94,215.46,61.073,350.16,288.79,0.20425,0.36402,0.63146,0.55802,0.6059,0.5064,Hard,
2026-06-26T14:17:09,704.120,active,1,TP9+AF7+AF8+TP10,203.13,88.713,32.939,159.84,128.02,-0.22504,-0.27229,-0.26049,0.55124,0.59266,0.50634,Hard,
2026-06-26T14:17:10,705.126,active,1,TP9+AF7+AF8+TP10,163.91,79.637,38.364,145.41,118.56,-0.31114,-0.30408,-0.32722,0.54474,0.5813,0.50547,Hard,
2026-06-26T14:17:11,706.132,active,1,TP9+AF7+AF8+TP10,676.98,158.55,62.525,387.21,347.63,0.14877,0.13442,0.77011,0.56518,0.58079,0.50503,Hard,
2026-06-26T14:17:12,707.141,active,1,TP9+AF7+AF8+TP10,1748.4,471.26,165.73,1613.9,1436.1,1.6785,2.2276,7.0896,0.77757,0.79473,0.49624,Hard,
2026-06-26T14:17:13,708.152,active,1,TP9+AF7+AF8+TP10,1711.4,605.37,231.47,1254.7,1163.4,0.84819,2.1241,5.1408,0.80232,0.85509,0.47818,Hard,
2026-06-26T14:17:14,709.162,active,1,TP9+AF7+AF8+TP10,1514,393.78,200.83,495.04,474.32,0.22129,1.4088,1.2301,0.76336,0.82729,0.46349,Hard,
2026-06-26T14:17:15,710.171,active,1,TP9+AF7+AF8+TP10,2284.4,418.88,288.91,992.75,1434.5,0.58802,2.6958,4.0484,0.75131,0.84058,0.43889,Hard,
2026-06-26T14:17:16,711.181,active,1,TP9+AF7+AF8+TP10,1329.3,378.4,167.56,1233.1,1739.5,0.22432,0.79805,5.2557,0.84221,0.89137,0.43767,Hard,
2026-06-26T14:17:17,712.188,active,1,TP9+AF7+AF8+TP10,1099.1,260.82,100.96,505.86,592.95,0.05281,0.25685,1.3523,0.81718,0.86324,0.45978,Hard,
2026-06-26T14:17:18,713.194,active,1,TP9+AF7+AF8+TP10,624.57,143.88,56.87,175.41,145.89,-0.1177,0.0033068,-0.24082,0.77546,0.81781,0.47484,Hard,
2026-06-26T14:17:19,714.199,active,1,TP9+AF7+AF8+TP10,115.56,85.334,31.662,107.04,93.933,-0.23377,-0.28602,-0.49,0.73935,0.77583,0.49385,Hard,
2026-06-26T14:17:20,715.216,active,1,TP9+AF7+AF8+TP10,43.229,32.617,21.516,69.051,86.339,-0.29936,-0.34846,-0.6439,0.7062,0.73758,0.50122,Hard,
2026-06-26T14:17:21,716.224,active,1,TP9+AF7+AF8+TP10,90.299,51.946,29.569,79.611,83.221,-0.23239,-0.1215,-0.58883,0.67448,0.70374,0.49941,Hard,
2026-06-26T14:17:22,717.227,active,1,TP9+AF7+AF8+TP10,156.8,61.166,28.843,99.068,77.837,-0.13163,-0.075581,-0.47609,0.64755,0.67413,0.49864,Hard,
2026-06-26T14:17:23,718.233,active,1,TP9+AF7+AF8+TP10,1657.8,576.22,212.95,294.4,168.51,5.9272,7.7225,0.42753,0.57289,0.60045,0.47355,Hard,
2026-06-26T14:17:24,719.242,active,1,TP9+AF7+AF8+TP10,4020.5,1251,430.34,820.15,372.9,16.35,20.228,3.201,0.50417,0.52856,0.43182,Hard,
2026-06-26T14:17:25,720.247,active,1,TP9+AF7+AF8+TP10,3556.3,893.7,283.84,1037.7,1155.5,11.216,13.777,4.2951,0.44471,0.46879,0.4061,Hard,
2026-06-26T14:17:26,721.253,active,1,TP9+AF7+AF8+TP10,1057.8,280.7,114.07,730.85,1501.2,2.876,4.4588,2.7495,0.42716,0.47803,0.3948,Hard,
2026-06-26T14:17:27,722.259,active,1,TP9+AF7+AF8+TP10,323.74,138.62,82.246,626.43,851.65,0.72029,1.8979,2.1848,0.49234,0.59639,0.39025,Hard,
2026-06-26T14:17:28,723.261,active,1,TP9+AF7+AF8+TP10,403.06,124.94,73.557,303.69,263.21,0.65183,1.0261,0.41155,0.48411,0.58122,0.42811,Hard,
2026-06-26T14:17:29,724.270,active,1,TP9+AF7+AF8+TP10,206,75.658,31.457,125.46,81.728,-0.059778,0.0021605,-0.43807,0.47944,0.56582,0.4666,Hard,
2026-06-26T14:17:30,725.279,active,1,TP9+AF7+AF8+TP10,103.96,37.074,23.505,69.47,54.33,-0.30187,-0.25612,-0.65197,0.47599,0.55268,0.48321,Hard,
2026-06-26T14:17:31,726.283,active,1,TP9+AF7+AF8+TP10,194.92,58.012,31.41,94.451,70.041,0.13183,0.16767,-0.50565,0.46887,0.53688,0.4906,Hard,
2026-06-26T14:17:32,727.292,active,1,TP9+AF7+AF8+TP10,291.5,101.73,47.171,147.82,115.58,0.68236,0.61321,-0.31618,0.45891,0.51778,0.50142,Hard,
2026-06-26T14:17:33,728.298,active,1,TP9+AF7+AF8+TP10,202.62,72.37,36.523,163.73,135.92,-0.049796,0.022324,-0.30532,0.45904,0.51182,0.50017,Hard,
2026-06-26T14:17:34,729.305,active,1,TP9+AF7+AF8+TP10,1142.2,258.09,87.912,595.09,641.71,1.2964,0.99126,1.883,0.54941,0.54841,0.52291,Hard,
2026-06-26T14:17:35,730.311,active,1,TP9+AF7+AF8+TP10,1406.6,284.58,131.39,1023.2,1506.8,1.582,0.98243,3.8563,0.70455,0.67366,0.55379,Hard,
2026-06-26T14:17:36,731.315,active,1,TP9+AF7+AF8+TP10,510.76,142.3,101.76,677.48,1080,0.20755,0.34472,2.0055,0.70358,0.6959,0.54528,Hard,
2026-06-26T14:17:37,732.329,active,1,TP9+AF7+AF8+TP10,191.13,149.22,77.177,356.57,423,0.04609,0.35786,0.49571,0.68122,0.67911,0.53518,Hard,
2026-06-26T14:17:38,733.339,active,1,TP9+AF7+AF8+TP10,123.72,100.61,81.129,232.79,192.73,-0.21003,-0.075083,-0.095236,0.65917,0.65934,0.52894,Hard,
2026-06-26T14:17:39,734.346,active,1,TP9+AF7+AF8+TP10,182.35,87.314,53.623,202.27,170,-0.22674,-0.26498,-0.17841,0.64137,0.64094,0.52604,Hard,
2026-06-26T14:17:40,735.356,active,1,TP9+AF7+AF8+TP10,232.69,87.206,34.715,177.6,168.36,-0.11901,-0.26965,-0.19934,0.62546,0.62283,0.52517,Hard,
2026-06-26T14:17:41,736.365,active,1,TP9+AF7+AF8+TP10,175.86,76.698,42.527,154.66,144.48,-0.23531,-0.33477,-0.29176,0.61105,0.60724,0.52364,Hard,
2026-06-26T14:17:42,737.371,active,1,TP9+AF7+AF8+TP10,102.54,66.094,33.86,143.73,130.86,-0.33435,-0.4489,-0.37123,0.59889,0.59382,0.52252,Hard,
2026-06-26T14:17:43,738.375,active,1,TP9+AF7+AF8+TP10,108.82,70.558,40.994,137.65,122.61,-0.31723,-0.246,-0.41781,0.58444,0.58105,0.51875,Hard,
2026-06-26T14:17:44,739.379,active,1,TP9+AF7+AF8+TP10,143.27,52.661,52.364,107.53,69.305,-0.29859,-0.11704,-0.53532,0.56806,0.56778,0.51378,Hard,
2026-06-26T14:17:45,740.386,active,1,TP9+AF7+AF8+TP10,171.69,52.405,45.156,102.33,66.61,-0.31025,-0.19375,-0.52653,0.55491,0.5564,0.51038,Hard,
2026-06-26T14:17:46,741.395,active,1,TP9+AF7+AF8+TP10,211.43,69.761,43.765,121.25,110.21,-0.27343,-0.14531,-0.46151,0.54359,0.54682,0.50721,Hard,
2026-06-26T14:17:47,742.404,active,1,TP9+AF7+AF8+TP10,1436.4,310.35,212.7,549.94,775.44,-0.17611,0.56202,1.3506,0.57583,0.62798,0.4954,Hard,
2026-06-26T14:17:48,743.411,active,1,TP9+AF7+AF8+TP10,1295.4,311.82,165.4,888.32,1108.8,-0.090886,0.43783,2.8608,0.69267,0.73956,0.48807,Hard,
2026-06-26T14:17:49,744.414,active,1,TP9+AF7+AF8+TP10,445.81,194.98,131.68,479.61,582.31,-0.029554,0.85274,0.93124,0.67072,0.72495,0.47647,Hard,
2026-06-26T14:17:50,745.420,active,1,TP9+AF7+AF8+TP10,390.26,113.13,163.24,430.15,384.31,-0.17571,0.74686,0.64868,0.64876,0.71015,0.4657,Hard,
2026-06-26T14:17:51,746.422,active,1,TP9+AF7+AF8+TP10,249.75,69.439,72.903,345.25,359.02,-0.30611,-0.1775,0.46836,0.64052,0.69641,0.47664,Hard,
2026-06-26T14:17:52,747.425,active,1,TP9+AF7+AF8+TP10,382.23,173.13,105.89,277.53,356.37,-0.21695,-0.13796,0.087017,0.62703,0.67739,0.48473,Hard,
2026-06-26T14:17:53,748.431,active,1,TP9+AF7+AF8+TP10,1043.4,220.74,197.72,513.48,848.59,-0.11227,0.19279,1.0527,0.62449,0.6731,0.482,Hard,
2026-06-26T14:17:54,749.438,active,1,TP9+AF7+AF8+TP10,902.28,183.32,105.33,695.36,1085,-0.10197,0.23616,1.993,0.67369,0.71341,0.4791,Hard,
2026-06-26T14:17:55,750.445,active,1,TP9+AF7+AF8+TP10,241.2,89.632,69.672,480.51,611.78,-0.22853,-0.035104,1.1879,0.67064,0.7082,0.47871,Hard,
2026-06-26T14:17:56,751.452,active,1,TP9+AF7+AF8+TP10,211.14,72.008,80.297,452.69,481.39,-0.17771,-0.13321,1.0014,0.66674,0.70041,0.48815,Hard,
2026-06-26T14:17:57,752.458,active,1,TP9+AF7+AF8+TP10,204.12,81.611,83.199,373.35,385.39,-0.16877,-0.15911,0.52918,0.65696,0.68673,0.49453,Hard,
2026-06-26T14:17:58,753.467,active,1,TP9+AF7+AF8+TP10,641.36,158.72,171.61,591.72,677.9,0.55416,1.464,1.3848,0.63693,0.6766,0.48177,Hard,
2026-06-26T14:17:59,754.476,active,1,TP9+AF7+AF8+TP10,1803.5,370.88,386.03,975.54,1275.7,2.5382,5.5928,2.8043,0.58435,0.6594,0.44537,Hard,
2026-06-26T14:18:00,755.479,active,1,TP9+AF7+AF8+TP10,1278.9,233.75,142.45,561.27,797.86,0.4512,1.0225,1.2964,0.57833,0.65276,0.44341,Hard,
2026-06-26T14:18:01,756.484,active,1,TP9+AF7+AF8+TP10,718.7,148.64,72.386,403.68,516.21,0.0098857,-0.094146,0.68873,0.58931,0.64452,0.48516,Hard,
2026-06-26T14:18:02,757.489,active,1,TP9+AF7+AF8+TP10,353.36,239.33,97.954,408.34,428.04,-0.12555,0.066769,0.66808,0.58754,0.63893,0.48406,Hard,
2026-06-26T14:18:03,758.497,active,1,TP9+AF7+AF8+TP10,6314.3,5006,1205.3,592.43,364.84,1.2511,1.2015,0.83023,0.57149,0.61596,0.49734,Hard,
2026-06-26T14:18:04,759.503,active,1,TP9+AF7+AF8+TP10,8774.5,6526,1598.9,762.64,516.37,2.7958,3.1598,1.4323,0.53849,0.58235,0.49222,Hard,
2026-06-26T14:18:05,760.512,active,1,TP9+AF7+AF8+TP10,4783.5,1902.6,638.64,1369.6,1718.5,9.7127,7.2938,4.3303,0.49609,0.52009,0.65901,Hard,
2026-06-26T14:18:06,761.519,active,1,TP9+AF7+AF8+TP10,3365.8,1287.1,741.82,2062.6,2037.6,5.6094,4.5995,7.2308,0.67151,0.62339,0.65476,Hard,
2026-06-26T14:18:07,762.523,active,1,TP9+AF7+AF8+TP10,3464.9,1511.7,892.28,1657.3,1333.7,1.7784,2.9574,5.1537,0.71855,0.75571,0.619,Hard,
2026-06-26T14:18:08,763.540,active,1,TP9+AF7+AF8+TP10,7224.8,3656.8,767.85,1220.1,520.63,3.9728,3.774,2.205,0.66993,0.70011,0.6077,Hard,
2026-06-26T14:18:09,764.543,active,1,TP9+AF7+AF8+TP10,2226.4,1219.8,240.29,443.82,162.54,0.67392,0.52674,0.074945,0.64279,0.66718,0.59698,Hard,
2026-06-26T14:18:10,765.549,active,1,TP9+AF7+AF8+TP10,304.34,147.15,54.734,130.51,112.62,-0.20627,-0.26157,-0.53842,0.62151,0.64214,0.58617,Hard,
2026-06-26T14:18:11,766.555,active,1,TP9+AF7+AF8+TP10,219.79,101.4,40.305,86.013,75.222,-0.25875,-0.33705,-0.64727,0.60228,0.61928,0.57701,Hard,
2026-06-26T14:18:12,767.564,active,1,TP9+AF7+AF8+TP10,134.36,57.533,36.879,84.035,49.056,-0.29001,-0.40787,-0.66801,0.58611,0.59931,0.56953,Hard,
2026-06-26T14:18:13,768.570,active,1,TP9+AF7+AF8+TP10,233.01,79.983,32.695,96.399,59.002,0.14308,-0.24062,-0.59559,0.57047,0.57644,0.56693,Hard,
2026-06-26T14:18:14,769.572,active,1,TP9+AF7+AF8+TP10,1894.2,501.52,139.1,281.35,177.64,6.4574,5.9775,0.10231,0.50805,0.51207,0.56606,Hard,
2026-06-26T14:18:15,770.576,active,1,TP9+AF7+AF8+TP10,4515.7,1372.9,401.33,440.76,291.61,16.168,17.778,0.76443,0.44711,0.45067,0.53522,Hard,
2026-06-26T14:18:16,771.583,active,1,TP9+AF7+AF8+TP10,1351.1,398.82,152.22,289.04,180.58,2.4968,3.6253,0.015919,0.41041,0.42352,0.5145,Hard,
2026-06-26T14:18:17,772.592,active,1,TP9+AF7+AF8+TP10,246.55,83.609,55.788,176.25,94.047,-0.27297,-0.23003,-0.35239,0.45499,0.46345,0.51211,Hard,
2026-06-26T14:18:18,773.595,active,1,TP9+AF7+AF8+TP10,54.511,73.503,36.139,85.78,47.125,-0.29428,-0.38088,-0.64862,0.46195,0.46253,0.51196,Hard,
2026-06-26T14:18:19,774.601,active,1,TP9+AF7+AF8+TP10,69.062,30.815,20.292,47.882,31.939,-0.3145,-0.38592,-0.75797,0.46095,0.46041,0.51159,Hard,
2026-06-26T14:18:20,775.604,active,1,TP9+AF7+AF8+TP10,68.491,24.462,17.385,36.717,26.081,-0.3048,-0.35969,-0.79114,0.45919,0.4579,0.51103,Hard,
2026-06-26T14:18:21,776.614,active,1,TP9+AF7+AF8+TP10,43.439,21.056,21.367,43.949,28.525,-0.33856,-0.3738,-0.769,0.45818,0.45652,0.51023,Hard,
2026-06-26T14:18:22,777.619,active,1,TP9+AF7+AF8+TP10,545.6,199.07,110.28,123.23,101.04,1.568,3.3565,-0.39332,0.41915,0.43447,0.48383,Hard,
2026-06-26T14:18:23,778.630,active,1,TP9+AF7+AF8+TP10,4457.5,880.72,519.23,732.54,1050.5,11.164,23.772,2.622,0.36886,0.38398,0.42599,Hard,
2026-06-26T14:18:24,779.636,active,1,TP9+AF7+AF8+TP10,2357,397.27,244.61,755.17,1510.4,4.0356,9.2201,2.6974,0.32902,0.37855,0.38323,Hard,
2026-06-26T14:18:25,780.645,active,1,TP9+AF7+AF8+TP10,1370.2,571.39,134.83,629.84,824.18,-0.01358,0.6074,1.9282,0.52722,0.5866,0.40709,Hard,
2026-06-26T14:18:26,781.651,active,1,TP9+AF7+AF8+TP10,2548.9,811.86,196.8,462.61,430.93,-0.076808,0.17874,1.0105,0.57238,0.61424,0.4437,Hard,
2026-06-26T14:18:27,782.657,active,1,TP9+AF7+AF8+TP10,1102.8,312.84,158.01,253.92,268.47,-0.22996,-0.021707,-0.0015146,0.564,0.60395,0.46187,Hard,
2026-06-26T14:18:28,783.660,active,1,TP9+AF7+AF8+TP10,584.87,145.18,62.707,186.28,132.1,-0.21416,-0.12594,-0.25222,0.55443,0.59091,0.47813,Hard,
2026-06-26T14:18:29,784.665,active,1,TP9+AF7+AF8+TP10,687.92,197.56,101.87,213.65,175.09,-0.11417,0.14327,-0.11394,0.54404,0.58,0.4769,Hard,
2026-06-26T14:18:30,785.667,active,1,TP9+AF7+AF8+TP10,3232.9,848.97,357.37,702.74,698.41,0.19895,1.3963,2.2064,0.57756,0.67107,0.46223,Hard,
2026-06-26T14:18:31,786.673,active,1,TP9+AF7+AF8+TP10,1964.5,607.63,157.7,620.07,658.46,0.018605,0.59037,1.8131,0.61997,0.69466,0.45824,Hard,
2026-06-26T14:18:32,787.683,active,1,TP9+AF7+AF8+TP10,346.85,128.51,49.414,343.99,308.05,-0.20786,-0.042884,0.56741,0.61466,0.68279,0.47093,Hard,
2026-06-26T14:18:34,788.692,active,1,TP9+AF7+AF8+TP10,340.97,69.007,44.082,244.85,192.71,-0.29111,-0.16546,0.1084,0.605,0.66683,0.47895,Hard,
2026-06-26T14:18:35,789.697,active,1,TP9+AF7+AF8+TP10,354.97,63.437,33.897,165.35,170.3,-0.22309,-0.348,-0.19687,0.59467,0.6472,0.50095,Hard,
2026-06-26T14:18:36,790.701,active,1,TP9+AF7+AF8+TP10,137.02,77.515,28.176,246,248.97,-0.10988,-0.21435,0.16948,0.58905,0.63372,0.50821,Hard,
2026-06-26T14:18:37,791.705,active,1,TP9+AF7+AF8+TP10,121.27,89.832,41.853,260.02,234.39,-0.1186,-0.12418,0.14247,0.58236,0.62158,0.50731,Hard,
2026-06-26T14:18:38,792.709,active,1,TP9+AF7+AF8+TP10,151.94,97.745,55.111,264.13,278.27,-0.19584,0.0067668,0.15147,0.57464,0.61219,0.5034,Hard,
2026-06-26T14:18:39,793.713,active,1,TP9+AF7+AF8+TP10,255.28,158.88,51.815,393.5,432.83,-0.091364,0.24405,0.66663,0.572,0.60996,0.49797,Hard,
2026-06-26T14:18:40,794.720,active,1,TP9+AF7+AF8+TP10,346.06,178.74,53.317,299.91,272.73,-0.030088,0.12473,0.29035,0.56584,0.60156,0.49589,Hard,
2026-06-26T14:18:41,795.723,active,1,TP9+AF7+AF8+TP10,382.41,104.13,47.91,230.03,276.48,-0.22892,-0.11525,-0.026499,0.55927,0.59241,0.49468,Hard,
2026-06-26T14:18:42,796.729,active,1,TP9+AF7+AF8+TP10,866.03,250.01,113.5,411.21,583.11,0.23221,0.55161,0.70635,0.55448,0.5884,0.49054,Hard,
2026-06-26T14:18:43,797.738,active,1,TP9+AF7+AF8+TP10,1779.9,616.36,211.84,350.28,339.75,4.0377,4.6902,0.45315,0.50082,0.53493,0.48197,Hard,
2026-06-26T14:18:44,798.748,active,1,TP9+AF7+AF8+TP10,708.08,288.59,85.64,199.54,164.41,2.2018,2.3815,-0.092761,0.46771,0.49965,0.48144,Hard,
2026-06-26T14:18:45,799.751,active,1,TP9+AF7+AF8+TP10,81.312,45.092,24.05,140.6,111.2,-0.22222,-0.024941,-0.34838,0.46675,0.4978,0.48071,Hard,
2026-06-26T14:18:46,800.756,active,1,TP9+AF7+AF8+TP10,81.464,58.366,31.771,143.96,108.7,-0.25359,0.010897,-0.32519,0.46571,0.49699,0.47906,Hard,
2026-06-26T14:18:47,801.764,active,1,TP9+AF7+AF8+TP10,95.57,81.022,47.641,214.74,229.79,-0.29239,0.12763,-0.014883,0.4756,0.51958,0.4753,Hard,
2026-06-26T14:18:48,802.769,active,1,TP9+AF7+AF8+TP10,73.605,51.927,38.452,261.08,244.83,-0.25836,-0.31335,0.17198,0.52646,0.53998,0.49424,Hard,
2026-06-26T14:18:49,803.776,active,1,TP9+AF7+AF8+TP10,281.67,75.02,35.386,230.31,232.7,-0.25011,-0.35347,0.06766,0.54205,0.53994,0.50545,Hard,
2026-06-26T14:18:50,804.785,active,1,TP9+AF7+AF8+TP10,2703.7,432.04,94.185,573.48,944.96,0.69833,0.47456,1.5295,0.59416,0.57743,0.51895,Hard,
2026-06-26T14:18:51,805.793,active,1,TP9+AF7+AF8+TP10,1957.5,317.42,87.634,534.4,1208.2,1.1122,0.89279,1.4859,0.59169,0.57373,0.52402,Hard,
2026-06-26T14:18:52,806.802,active,1,TP9+AF7+AF8+TP10,270.83,99.747,45.867,280.85,541.21,-0.045192,0.23382,0.22434,0.58055,0.56892,0.51696,Hard,
2026-06-26T14:18:53,807.806,active,1,TP9+AF7+AF8+TP10,153.82,62.092,34.297,262.28,291.57,-0.30032,-0.1044,0.050484,0.5732,0.5659,0.51199,Hard,
2026-06-26T14:18:54,808.809,active,1,TP9+AF7+AF8+TP10,196.51,163.42,97.243,262.95,219.46,-0.24845,-0.24827,0.0026598,0.56818,0.56175,0.51054,Hard,
2026-06-26T14:18:55,809.814,active,1,TP9+AF7+AF8+TP10,171.49,214.48,131.23,279.64,230.6,-0.24419,-0.24229,0.10313,0.56516,0.55954,0.50925,Hard,
2026-06-26T14:18:56,810.820,active,1,TP9+AF7+AF8+TP10,85.602,49.965,45.51,292.88,301.79,-0.28029,-0.14298,0.26262,0.56341,0.56429,0.50608,Hard,
2026-06-26T14:18:57,811.823,active,1,TP9+AF7+AF8+TP10,142.31,38.114,47.108,218.8,228.7,-0.30297,0.0044767,-0.11181,0.55406,0.55944,0.50075,Hard,
2026-06-26T14:18:58,812.826,active,1,TP9+AF7+AF8+TP10,134.81,56.638,60.611,180.66,172.02,-0.27898,0.010256,-0.19577,0.54448,0.55355,0.49633,Hard,
2026-06-26T14:18:59,813.837,active,1,TP9+AF7+AF8+TP10,78.348,44.501,34.835,168.26,162.01,-0.30162,-0.33145,-0.20725,0.54101,0.54854,0.50077,Hard,
2026-06-26T14:19:00,814.843,active,1,TP9+AF7+AF8+TP10,51.014,22.19,19.201,189.5,188,-0.35545,-0.40055,-0.076423,0.54094,0.54689,0.50369,Hard,
2026-06-26T14:19:01,815.850,active,1,TP9+AF7+AF8+TP10,41.279,22.39,20.094,200.86,171.39,-0.36604,-0.36097,-0.054743,0.54061,0.54593,0.50317,Hard,
2026-06-26T14:19:02,816.856,active,1,TP9+AF7+AF8+TP10,33.341,43.702,16.69,251.56,217.54,-0.34279,-0.33463,0.10609,0.54916,0.5519,0.50267,Hard,
2026-06-26T14:19:03,817.862,active,1,TP9+AF7+AF8+TP10,72.541,54.435,21.202,265.43,322.52,-0.31437,-0.24147,0.15573,0.54936,0.55585,0.50125,Hard,
2026-06-26T14:19:04,818.867,active,1,TP9+AF7+AF8+TP10,140.19,68.586,34.865,238.98,353.41,-0.28111,0.01999,0.0033653,0.54319,0.55341,0.4966,Hard,
2026-06-26T14:19:05,819.874,active,1,TP9+AF7+AF8+TP10,169.14,82.755,47.482,169.76,214.6,-0.22451,0.14456,-0.26259,0.53192,0.54643,0.49148,Hard,
2026-06-26T14:19:06,820.877,active,1,TP9+AF7+AF8+TP10,410.97,158.46,85.838,185.5,168.73,0.0028774,0.13007,-0.181,0.52343,0.5381,0.4906,Hard,
2026-06-26T14:19:07,821.884,active,1,TP9+AF7+AF8+TP10,1545.7,602.42,576.74,733.62,352.58,3.4038,9.8566,2.8153,0.46407,0.52477,0.43631,Hard,
2026-06-26T14:19:08,822.888,active,1,TP9+AF7+AF8+TP10,1054.6,572.36,493.66,672.33,286.66,3.7394,11.263,2.6329,0.40996,0.50561,0.38668,Hard,
2026-06-26T14:19:09,823.896,active,1,TP9+AF7+AF8+TP10,300.46,278.75,170.42,162.08,78.573,0.9674,3.3864,-0.37817,0.37662,0.48548,0.36785,Hard,
2026-06-26T14:19:10,824.901,active,1,TP9+AF7+AF8+TP10,1750.6,663.21,307.11,411.55,510.47,5.8424,9.9165,0.88557,0.33273,0.43651,0.33755,Hard,
2026-06-26T14:19:11,825.907,active,1,TP9+AF7+AF8+TP10,1856,703.74,246.39,621.86,1119.6,3.2775,5.1838,1.7341,0.31095,0.42206,0.33044,Hard,
2026-06-26T14:19:12,826.911,active,1,TP9+AF7+AF8+TP10,320.52,146.04,69.54,541.43,865.51,-0.25459,0.065085,1.4098,0.5216,0.58692,0.40825,Hard,
2026-06-26T14:19:13,827.916,active,1,TP9+AF7+AF8+TP10,90.275,37.845,37.083,508.78,481.21,-0.30954,-0.16332,1.4466,0.62326,0.65862,0.45234,Hard,
2026-06-26T14:19:14,828.926,active,1,TP9+AF7+AF8+TP10,104.96,34.991,37.664,295.31,304.01,-0.30679,-0.10059,0.41544,0.61617,0.6503,0.46548,Hard,
2026-06-26T14:19:15,829.936,active,1,TP9+AF7+AF8+TP10,51.784,41.392,33.971,257.01,387.63,-0.30618,-0.28866,0.20349,0.60957,0.63987,0.48488,Hard,
2026-06-26T14:19:16,830.941,active,1,TP9+AF7+AF8+TP10,42.368,28.094,29.629,283.29,409.76,-0.34499,-0.36799,0.40205,0.60783,0.63416,0.49568,Hard,
2026-06-26T14:19:17,831.944,active,1,TP9+AF7+AF8+TP10,68.554,35.292,28.765,256.59,327.11,-0.35449,-0.37443,0.20563,0.60353,0.62641,0.49977,Hard,
2026-06-26T14:19:18,832.945,active,1,TP9+AF7+AF8+TP10,312.94,94.982,38.004,254.15,297.45,-0.34043,-0.4578,0.11915,0.5997,0.6181,0.50871,Hard,
2026-06-26T14:19:19,833.951,active,1,TP9+AF7+AF8+TP10,214.34,58.032,34.538,270.98,179.41,-0.35049,-0.4968,0.22584,0.59846,0.61252,0.51445,Hard,
2026-06-26T14:19:20,834.954,active,1,TP9+AF7+AF8+TP10,41.411,31.752,25.891,236.47,189.3,-0.35713,-0.3829,0.074648,0.59348,0.60547,0.5131,Hard,
2026-06-26T14:19:21,835.959,active,1,TP9+AF7+AF8+TP10,202.06,49.176,34.868,271.76,198.07,-0.34881,-0.33418,0.22083,0.59053,0.6013,0.51131,Hard,
2026-06-26T14:19:22,836.965,active,1,TP9+AF7+AF8+TP10,933.36,135.02,47.903,385.61,278,-0.31229,-0.31563,0.69206,0.61023,0.6143,0.51,Hard,
2026-06-26T14:19:23,837.971,active,1,TP9+AF7+AF8+TP10,352.24,72.764,28.392,395.79,368.77,-0.33036,-0.29035,0.77641,0.62226,0.62667,0.5082,Hard,
2026-06-26T14:19:24,838.976,active,1,TP9+AF7+AF8+TP10,44.934,34.876,26.964,268.46,371.38,-0.34599,-0.28773,0.17889,0.61455,0.6193,0.50635,Hard,
2026-06-26T14:19:25,839.985,active,1,TP9+AF7+AF8+TP10,61.219,30.932,30.047,281.51,283.09,-0.33389,-0.24533,0.34105,0.60954,0.61501,0.50426,Hard,
2026-06-26T14:19:26,840.990,active,1,TP9+AF7+AF8+TP10,191.19,35.945,24.387,318.45,332.47,-0.33975,-0.27872,0.47934,0.60763,0.61333,0.50283,Hard,
2026-06-26T14:19:27,841.996,active,1,TP9+AF7+AF8+TP10,133.71,24.778,16.394,372.25,527.15,-0.36054,-0.42485,0.71132,0.62604,0.62385,0.50595,Hard,
2026-06-26T14:19:28,843.004,active,1,TP9+AF7+AF8+TP10,73.622,28.656,18.618,355.93,414.7,-0.35261,-0.4286,0.73594,0.63537,0.62922,0.50808,Hard,
2026-06-26T14:19:29,844.009,active,1,TP9+AF7+AF8+TP10,141.4,57.228,23.67,358.74,460.05,-0.33142,-0.34977,0.68599,0.63433,0.62866,0.50739,Hard,
2026-06-26T14:19:30,845.011,active,1,TP9+AF7+AF8+TP10,89.269,50.667,23.303,421.05,433.01,-0.34881,-0.39366,0.90106,0.64758,0.64227,0.50717,Hard,
2026-06-26T14:19:31,846.014,active,1,TP9+AF7+AF8+TP10,26.788,34.342,26.079,348.44,414.12,-0.36221,-0.35517,0.60414,0.64399,0.63941,0.50621,Hard,
2026-06-26T14:19:32,847.020,active,1,TP9+AF7+AF8+TP10,48.171,52.644,42.039,289.13,344.98,-0.33643,-0.13264,0.30299,0.63322,0.6322,0.50241,Hard,
2026-06-26T14:19:33,848.027,active,1,TP9+AF7+AF8+TP10,71.848,54.294,39.039,264.94,248.73,-0.30764,-0.1089,0.33564,0.62387,0.6259,0.49914,Hard,
2026-06-26T14:19:34,849.033,active,1,TP9+AF7+AF8+TP10,54.765,40.961,23.854,252.73,259.25,-0.29332,-0.26356,0.23429,0.61644,0.61866,0.4988,Hard,
2026-06-26T14:19:35,850.042,active,1,TP9+AF7+AF8+TP10,36.522,22.542,24.382,233.38,269.65,-0.31194,-0.3181,0.1135,0.60891,0.61078,0.49998,Hard,
2026-06-26T14:19:36,851.048,active,1,TP9+AF7+AF8+TP10,46.451,34.76,24.157,203.21,212.06,-0.33262,-0.3445,-0.071321,0.59994,0.6014,0.50088,Hard,
2026-06-26T14:19:37,852.058,active,1,TP9+AF7+AF8+TP10,91.295,49.438,24.568,196.95,147.54,-0.34175,-0.33341,-0.12747,0.59103,0.59244,0.50065,Hard,
2026-06-26T14:19:38,853.063,active,1,TP9+AF7+AF8+TP10,143.04,61.235,23.236,189.06,144.49,-0.3352,-0.33835,-0.1978,0.58221,0.58341,0.50062,Hard,
2026-06-26T14:19:39,854.069,active,1,TP9+AF7+AF8+TP10,140.93,68.447,24.053,183.07,135.32,-0.24997,-0.26279,-0.22651,0.57289,0.57375,0.50121,Hard,
2026-06-26T14:19:40,855.074,active,1,TP9+AF7+AF8+TP10,699.78,488.06,88.145,171.28,85.691,-0.075631,-0.058174,-0.45241,0.55825,0.55927,0.5008,Hard,
2026-06-26T14:19:41,856.079,active,1,TP9+AF7+AF8+TP10,1121.1,828.85,159.12,224.18,101.5,-0.03759,-0.0016816,-0.29756,0.54683,0.54826,0.50017,Hard,
2026-06-26T14:19:42,857.087,active,1,TP9+AF7+AF8+TP10,745.92,238.91,72.45,208.47,148.12,-0.17876,-0.2544,-0.12356,0.54317,0.5433,0.50574,Hard,
2026-06-26T14:19:43,858.094,active,1,TP9+AF7+AF8+TP10,93.107,52.014,36.476,168.03,167.77,-0.28823,-0.40099,-0.27927,0.53982,0.53824,0.51075,Hard,
2026-06-26T14:19:44,859.104,active,1,TP9+AF7+AF8+TP10,155.73,41.685,31.929,130.54,166.31,-0.32358,-0.40641,-0.40938,0.53499,0.53236,0.5107,Hard,
2026-06-26T14:19:45,860.115,active,1,TP9+AF7+AF8+TP10,192.49,47.513,33.706,108.19,147.73,-0.33114,-0.4323,-0.48735,0.52997,0.52614,0.51187,Hard,
2026-06-26T14:19:46,861.124,active,1,TP9+AF7+AF8+TP10,97.211,59.849,35.636,106.15,137.02,-0.32759,-0.39571,-0.50484,0.52474,0.52034,0.51146,Hard,
2026-06-26T14:19:47,862.130,active,1,TP9+AF7+AF8+TP10,56.362,40.178,27.738,106.82,119.51,-0.34594,-0.40527,-0.51102,0.52018,0.51543,0.51098,Hard,
2026-06-26T14:19:48,863.135,active,1,TP9+AF7+AF8+TP10,28.047,15.185,18.14,108.16,101.02,-0.36982,-0.39193,-0.5189,0.51586,0.51134,0.50999,Hard,
2026-06-26T14:19:49,864.143,active,1,TP9+AF7+AF8+TP10,173.79,152.48,76.044,105.81,98.495,-0.31731,-0.35436,-0.5043,0.51171,0.50718,0.50935,Hard,
2026-06-26T14:19:50,865.149,active,1,TP9+AF7+AF8+TP10,725.93,489.45,182.65,210.31,306.72,-0.18069,-0.22514,-0.043265,0.51831,0.51317,0.50889,Hard,
2026-06-26T14:19:51,866.159,active,1,TP9+AF7+AF8+TP10,738.75,233.29,92.088,545.38,1074.9,-0.19467,0.13263,1.6274,0.61449,0.6332,0.50293,Hard,
2026-06-26T14:19:52,867.167,active,1,TP9+AF7+AF8+TP10,261.42,73.865,39.367,542.63,857.94,-0.2653,-0.14021,1.707,0.67526,0.69027,0.5007,Hard,
2026-06-26T14:19:53,868.173,active,1,TP9+AF7+AF8+TP10,277.99,127.09,43.614,492.37,609.88,-0.24764,-0.19817,1.4456,0.68689,0.69602,0.49987,Hard,
2026-06-26T14:19:54,869.181,active,1,TP9+AF7+AF8+TP10,294.41,192.34,77.772,445.53,525.24,-0.27261,-0.24736,1.0432,0.68317,0.69156,0.49951,Hard,
2026-06-26T14:19:55,870.189,active,1,TP9+AF7+AF8+TP10,112.29,117.38,51.197,328.55,448.67,-0.29569,-0.32221,0.49572,0.67329,0.68029,0.50179,Hard,
2026-06-26T14:19:56,871.192,active,1,TP9+AF7+AF8+TP10,89.304,60.973,29.463,384.64,511.87,-0.32222,-0.36281,0.80802,0.66958,0.67517,0.50376,Hard,
2026-06-26T14:19:57,872.195,active,1,TP9+AF7+AF8+TP10,57.431,38.454,30.461,425.77,522.04,-0.34262,-0.26478,1.0345,0.66806,0.67403,0.50214,Hard,
2026-06-26T14:19:58,873.203,active,1,TP9+AF7+AF8+TP10,116.68,65.334,32.044,318.22,324.41,-0.27016,-0.221,0.31326,0.65586,0.66183,0.50115,Hard,
2026-06-26T14:19:59,874.211,active,1,TP9+AF7+AF8+TP10,485.37,88.183,47.707,249.87,334.67,-0.24241,-0.07749,-0.0033286,0.63827,0.646,0.49854,Hard,
2026-06-26T14:20:00,875.217,active,1,TP9+AF7+AF8+TP10,592.14,90.764,46.088,378.13,729.81,-0.19453,0.017297,0.70424,0.63188,0.64174,0.49554,Hard,
2026-06-26T14:20:01,876.229,active,1,TP9+AF7+AF8+TP10,125.95,45.836,37.782,501.43,746.22,-0.30721,-0.069054,1.4322,0.66034,0.67951,0.49251,Hard,
2026-06-26T14:20:02,877.236,active,1,TP9+AF7+AF8+TP10,26.921,26.608,26.436,474.16,570.33,-0.34725,-0.23568,1.2253,0.66909,0.68402,0.49173,Hard,
2026-06-26T14:20:03,878.243,active,1,TP9+AF7+AF8+TP10,22.781,28.417,24.132,410.81,511.3,-0.34532,-0.21623,0.8815,0.66486,0.67979,0.49079,Hard,
2026-06-26T14:20:04,879.245,active,1,TP9+AF7+AF8+TP10,39.44,32.748,20.625,375.99,434.26,-0.31998,-0.30048,0.70416,0.65984,0.67325,0.49485,Hard,
2026-06-26T14:20:05,880.249,active,1,TP9+AF7+AF8+TP10,102.45,40.791,31.21,300.64,308.94,-0.32731,-0.25895,0.35266,0.64976,0.66256,0.49445,Hard,
2026-06-26T14:20:06,881.250,active,1,TP9+AF7+AF8+TP10,416.32,126.01,96.464,409.28,402.39,-0.19407,0.042161,0.71169,0.64174,0.65641,0.49157,Hard,
2026-06-26T14:20:07,882.255,active,1,TP9+AF7+AF8+TP10,213.29,73.064,51.49,371.57,466.75,-0.25931,-0.13522,0.70778,0.63719,0.65187,0.49072,Hard,
2026-06-26T14:20:08,883.263,active,1,TP9+AF7+AF8+TP10,57.274,31.625,22.999,239.88,272.49,-0.30431,-0.25078,0.21313,0.62766,0.64137,0.49227,Hard,
2026-06-26T14:20:09,884.271,active,1,TP9+AF7+AF8+TP10,33.296,31.39,24.804,158.07,153.82,-0.31902,-0.31682,-0.25122,0.61332,0.62542,0.49674,Hard,
2026-06-26T14:20:10,885.278,active,1,TP9+AF7+AF8+TP10,32.771,38.414,24.706,164.66,162.53,-0.31728,-0.38875,-0.23952,0.60196,0.61153,0.50406,Hard,
2026-06-26T14:20:11,886.284,active,1,TP9+AF7+AF8+TP10,47.986,30.631,23.657,271.09,262.54,-0.33504,-0.38503,0.16816,0.59797,0.60566,0.50537,Hard,
2026-06-26T14:20:12,887.292,active,1,TP9+AF7+AF8+TP10,40.484,19.199,20.635,294.07,335.44,-0.34184,-0.33304,0.28808,0.59546,0.60235,0.5046,Hard,
2026-06-26T14:20:13,888.294,active,1,TP9+AF7+AF8+TP10,27.37,21.407,23.684,358.17,328.03,-0.35332,-0.39509,0.60691,0.6118,0.61161,0.50497,Hard,
2026-06-26T14:20:14,889.297,active,1,TP9+AF7+AF8+TP10,51.894,29.654,22.872,312.35,264.68,-0.34369,-0.33914,0.36137,0.60879,0.60868,0.50431,Hard,
2026-06-26T14:20:15,890.299,active,1,TP9+AF7+AF8+TP10,84.556,32.354,29.228,235.25,224.61,-0.31833,-0.086042,-0.051293,0.59625,0.59964,0.50031,Hard,
2026-06-26T14:20:16,891.308,active,1,TP9+AF7+AF8+TP10,127.54,34.032,30.899,186.11,243.67,-0.26262,-0.076008,-0.22555,0.58246,0.58824,0.49748,Hard,
2026-06-26T14:20:17,892.316,active,1,TP9+AF7+AF8+TP10,77.303,25.276,23.977,220.05,295.6,-0.32349,-0.18358,-0.055632,0.57448,0.58166,0.49568,Hard,
2026-06-26T14:20:18,893.326,active,1,TP9+AF7+AF8+TP10,39.2,21.244,15.252,161.73,199.82,-0.32849,-0.41024,-0.25503,0.56787,0.57296,0.5044,Hard,
2026-06-26T14:20:19,894.334,active,1,TP9+AF7+AF8+TP10,25.686,23.785,14.406,146.32,123.33,-0.32445,-0.41776,-0.26926,0.56195,0.56504,0.50876,Hard,
2026-06-26T14:20:20,895.343,active,1,TP9+AF7+AF8+TP10,59.324,33.638,21.824,119.88,84.844,-0.33483,-0.26281,-0.3836,0.55271,0.5565,0.50663,Hard,
2026-06-26T14:20:21,896.351,active,1,TP9+AF7+AF8+TP10,156.54,78.25,40.021,128.84,99.778,-0.3383,-0.096055,-0.39879,0.54185,0.54881,0.5022,Hard,
2026-06-26T14:20:22,897.356,active,1,TP9+AF7+AF8+TP10,113.07,57.216,27.243,139.95,121.32,-0.31401,-0.25455,-0.39607,0.53471,0.54172,0.50105,Hard,
2026-06-26T14:20:23,898.360,active,1,TP9+AF7+AF8+TP10,77.568,32.374,15.948,105.92,116.39,-0.29621,-0.37107,-0.49234,0.52872,0.53378,0.50603,Hard,
2026-06-26T14:20:24,899.366,active,1,TP9+AF7+AF8+TP10,44.605,41.594,23.603,136.67,175.02,-0.27566,-0.28042,-0.35446,0.52417,0.52854,0.50538,Hard,
2026-06-26T14:20:25,900.385,active,1,TP9+AF7+AF8+TP10,114.5,47.559,41.081,278.33,485.7,-0.28011,-0.14595,0.34277,0.54614,0.55776,0.50272,Hard,
2026-06-26T14:20:26,901.393,active,1,TP9+AF7+AF8+TP10,96.262,39.24,35.474,491.65,647.08,-0.33218,-0.17031,1.3807,0.62928,0.64425,0.49997,Hard,
2026-06-26T14:20:27,902.399,active,1,TP9+AF7+AF8+TP10,67.003,52.338,29.705,528.23,497.53,-0.34415,-0.25433,1.5457,0.67828,0.68976,0.49863,Hard,
2026-06-26T14:20:28,903.403,active,1,TP9+AF7+AF8+TP10,53.769,51.605,24.719,460.83,445.7,-0.32374,-0.24553,1.141,0.67689,0.68802,0.49762,Hard,
2026-06-26T14:20:29,904.407,active,1,TP9+AF7+AF8+TP10,48.77,63.995,36.05,370.93,297.52,-0.24708,-0.034431,0.77004,0.66757,0.6804,0.49472,Hard,
2026-06-26T14:20:30,905.418,active,1,TP9+AF7+AF8+TP10,51.363,49.284,25.428,194.1,197.24,-0.28066,-0.16462,-0.038195,0.64936,0.66238,0.49361,Hard,
2026-06-26T14:20:31,906.422,active,1,TP9+AF7+AF8+TP10,42.975,32.309,22.439,184.06,155.2,-0.33787,-0.22557,-0.11399,0.63311,0.64625,0.49269,Hard,
2026-06-26T14:20:32,907.424,active,1,TP9+AF7+AF8+TP10,42.417,28.271,24.114,176.81,133.36,-0.3421,-0.28221,-0.19926,0.61838,0.63084,0.49267,Hard,
2026-06-26T14:20:33,908.426,active,1,TP9+AF7+AF8+TP10,69.382,30.84,26.367,168.06,150.64,-0.34227,-0.33702,-0.26263,0.60529,0.61634,0.49667,Hard,
2026-06-26T14:20:34,909.435,active,1,TP9+AF7+AF8+TP10,45.347,21.527,23.423,195.57,211.49,-0.34498,-0.3088,-0.12768,0.59537,0.60563,0.49653,Hard,
2026-06-26T14:20:35,910.442,active,1,TP9+AF7+AF8+TP10,25.341,14.186,25.116,188.34,162.07,-0.35638,-0.26493,-0.17914,0.58521,0.59561,0.49558,Hard,
2026-06-26T14:20:36,911.447,active,1,TP9+AF7+AF8+TP10,28.431,24.071,22.04,171.78,143.02,-0.34552,-0.27248,-0.23441,0.57556,0.58581,0.49501,Hard,
2026-06-26T14:20:37,912.453,active,1,TP9+AF7+AF8+TP10,51.392,31.708,23.358,168.05,168.92,-0.30755,-0.27784,-0.24497,0.56698,0.57645,0.49578,Hard,
2026-06-26T14:20:38,913.458,active,1,TP9+AF7+AF8+TP10,72.344,48.839,23.26,202.3,192.76,-0.30008,-0.33303,-0.063008,0.56299,0.57083,0.50078,Hard,
2026-06-26T14:20:39,914.465,active,1,TP9+AF7+AF8+TP10,108.45,78.709,20.269,390.43,320.77,-0.26251,-0.35374,0.75715,0.60643,0.60319,0.50715,Hard,
2026-06-26T14:20:40,915.470,active,1,TP9+AF7+AF8+TP10,80.463,48.361,23.566,436.31,415.58,-0.20107,-0.30913,1.0399,0.64008,0.63148,0.51096,Hard,
2026-06-26T14:20:41,916.472,active,1,TP9+AF7+AF8+TP10,70.173,42.975,24.511,351.26,422.07,-0.2371,-0.2909,0.71425,0.63804,0.62971,0.51045,Hard,
2026-06-26T14:20:42,917.474,active,1,TP9+AF7+AF8+TP10,53.728,29.758,21.253,302.23,322.05,-0.30085,-0.32396,0.43891,0.63278,0.62511,0.50955,Hard,
2026-06-26T14:20:43,918.490,active,1,TP9+AF7+AF8+TP10,52.399,24.315,27.512,279.8,235.06,-0.33491,-0.33373,0.31095,0.62644,0.6197,0.50838,Hard,
2026-06-26T14:20:44,919.494,active,1,TP9+AF7+AF8+TP10,60.559,30.351,23.683,230.73,202.7,-0.34633,-0.27003,0.077828,0.61647,0.61168,0.50623,Hard,
2026-06-26T14:20:45,920.502,active,1,TP9+AF7+AF8+TP10,63.535,25.497,25.469,172.54,144.61,-0.35478,-0.19351,-0.16782,0.60288,0.60108,0.50307,Hard,
2026-06-26T14:20:46,921.509,active,1,TP9+AF7+AF8+TP10,61.407,21.893,17.971,165.98,149.41,-0.35988,-0.34891,-0.23165,0.59229,0.59087,0.50253,Hard,
2026-06-26T14:20:47,922.518,active,1,TP9+AF7+AF8+TP10,81.414,33.919,17.137,261.21,348.18,-0.30647,-0.29466,0.11757,0.58738,0.5863,0.50205,Hard,
2026-06-26T14:20:48,923.526,active,1,TP9+AF7+AF8+TP10,26.132,16.292,17.451,281.06,409.17,-0.3292,-0.31749,0.35603,0.5869,0.58613,0.50163,Hard,
2026-06-26T14:20:49,924.531,active,1,TP9+AF7+AF8+TP10,24.935,15.722,19.597,250.76,371.73,-0.36216,-0.39309,0.23784,0.58586,0.58472,0.50297,Hard,
2026-06-26T14:20:50,925.534,active,1,TP9+AF7+AF8+TP10,31.382,22.267,19.386,210.78,231.07,-0.34523,-0.41753,0.039829,0.58239,0.58032,0.50661,Hard,
2026-06-26T14:20:51,926.539,active,1,TP9+AF7+AF8+TP10,81.441,38.647,26.447,253.9,206.96,-0.3174,-0.40753,0.23831,0.5821,0.57896,0.5094,Hard,
2026-06-26T14:20:52,927.546,active,1,TP9+AF7+AF8+TP10,74.871,49.93,30.233,350,285.01,-0.31714,-0.40912,0.69114,0.61334,0.60564,0.51066,Hard,
2026-06-26T14:20:53,928.554,active,1,TP9+AF7+AF8+TP10,75.759,56.172,21.221,251.9,267.99,-0.29952,-0.39885,0.21019,0.60881,0.60057,0.51171,Hard,
2026-06-26T14:20:54,929.564,active,1,TP9+AF7+AF8+TP10,58.496,44.545,17.207,257.5,226.62,-0.33772,-0.3731,0.13889,0.60339,0.59562,0.51084,Hard,
2026-06-26T14:20:55,930.574,active,1,TP9+AF7+AF8+TP10,34.054,25.75,18.686,186.36,154.91,-0.3466,-0.26386,-0.10616,0.59334,0.58775,0.5083,Hard,
2026-06-26T14:20:56,931.584,active,1,TP9+AF7+AF8+TP10,51.171,18.386,21.618,179.82,189.83,-0.33566,-0.20034,-0.10724,0.58354,0.58064,0.50527,Hard,
2026-06-26T14:20:57,932.590,active,1,TP9+AF7+AF8+TP10,230.62,35.566,36.026,313.07,555.79,-0.28556,-0.05286,0.45668,0.58112,0.58729,0.50115,Hard,
2026-06-26T14:20:58,933.596,active,1,TP9+AF7+AF8+TP10,926.58,309.89,153.22,476.39,714.6,0.090309,0.8417,0.90131,0.57228,0.59492,0.48987,Hard,
2026-06-26T14:20:59,934.601,active,1,TP9+AF7+AF8+TP10,886.34,325,133.75,328.91,326.83,0.18518,0.23279,0.27569,0.56425,0.58489,0.49238,Hard,
2026-06-26T14:21:00,935.611,active,1,TP9+AF7+AF8+TP10,1743.3,201.39,99.191,800.31,1080.9,0.36193,0.6575,2.9721,0.68221,0.70597,0.48887,Hard,
2026-06-26T14:21:01,936.624,active,1,TP9+AF7+AF8+TP10,2341.2,957.29,151.22,757.98,1107.5,4.3242,2.7598,2.7001,0.65944,0.65815,0.60724,Hard,
2026-06-26T14:21:02,937.634,active,1,TP9+AF7+AF8+TP10,1548.4,692.24,109.46,412.51,367.51,3.1595,1.8118,0.8327,0.62591,0.60774,0.64032,Hard,
2026-06-26T14:21:03,938.644,active,1,TP9+AF7+AF8+TP10,144.9,40.149,30.088,263.78,318.16,-0.23914,-0.1212,0.15163,0.61489,0.60065,0.62171,Hard,
2026-06-26T14:21:04,939.650,active,1,TP9+AF7+AF8+TP10,58.129,27.578,25.291,213.59,263.31,-0.35218,-0.32116,0.01951,0.6062,0.59413,0.60664,Hard,
2026-06-26T14:21:05,940.656,active,1,TP9+AF7+AF8+TP10,33.02,35.228,20.701,246.09,204.36,-0.34173,-0.40549,0.25697,0.6033,0.59175,0.5948,Hard,
2026-06-26T14:21:06,941.663,active,1,TP9+AF7+AF8+TP10,28.672,43.555,15.84,259.64,171.47,-0.33719,-0.41408,0.3641,0.60243,0.59115,0.58458,Hard,
2026-06-26T14:21:07,942.669,active,1,TP9+AF7+AF8+TP10,34.544,24.58,19.649,198.5,191.82,-0.3351,-0.41793,0.0050799,0.59646,0.5853,0.57567,Hard,
2026-06-26T14:21:08,943.681,active,1,TP9+AF7+AF8+TP10,43.91,21.153,26.118,185.78,168.17,-0.33852,-0.37613,-0.029687,0.59007,0.57969,0.56715,Hard,
2026-06-26T14:21:09,944.683,active,1,TP9+AF7+AF8+TP10,64.35,33.027,20.136,213.54,203.53,-0.33827,-0.34812,0.064833,0.58544,0.57615,0.55924,Hard,
2026-06-26T14:21:11,945.693,active,1,TP9+AF7+AF8+TP10,42.22,26.24,15.34,254.99,287.59,-0.33006,-0.38406,0.18065,0.5836,0.57464,0.55294,Hard,
2026-06-26T14:21:12,946.704,active,1,TP9+AF7+AF8+TP10,34.898,18.772,15.661,228.58,215.55,-0.33688,-0.46552,0.13453,0.5825,0.57272,0.54852,Hard,
2026-06-26T14:21:13,947.709,active,1,TP9+AF7+AF8+TP10,26.078,16.928,16.287,253.51,170.45,-0.35233,-0.40583,0.3586,0.58964,0.58185,0.5435,Hard,
2026-06-26T14:21:14,948.718,active,1,TP9+AF7+AF8+TP10,38.338,30.154,20.068,188.19,144.62,-0.3114,-0.24067,-0.0083493,0.58237,0.57657,0.53722,Hard,
2026-06-26T14:21:15,949.724,active,1,TP9+AF7+AF8+TP10,124.53,77.553,27.824,112.99,89.796,-0.22915,-0.12216,-0.42673,0.56792,0.56442,0.53115,Hard,
2026-06-26T14:21:16,950.726,active,1,TP9+AF7+AF8+TP10,147.95,103.73,41.241,84.781,54.907,-0.24125,-0.188,-0.60036,0.55361,0.55132,0.52661,Hard,
2026-06-26T14:21:17,951.732,active,1,TP9+AF7+AF8+TP10,594.01,345.22,85.37,92.643,45.06,0.08341,0.018345,-0.6266,0.53759,0.53462,0.52439,Hard,
2026-06-26T14:21:18,952.738,active,1,TP9+AF7+AF8+TP10,465.26,184.33,56.776,76.824,58.361,-0.1436,-0.17891,-0.68123,0.52558,0.52245,0.522,Hard,
2026-06-26T14:21:19,953.749,active,1,TP9+AF7+AF8+TP10,1085.8,338.06,107.32,380.4,789.23,0.97946,1.8602,0.83777,0.5075,0.51763,0.50636,Hard,
2026-06-26T14:21:20,954.752,active,1,TP9+AF7+AF8+TP10,1669.7,354.1,145.16,1043.7,2733.7,1.2879,2.9474,4.3301,0.60276,0.69947,0.48204,Hard,
2026-06-26T14:21:21,955.759,active,1,TP9+AF7+AF8+TP10,340.99,113.58,50.165,909.33,2250.2,-0.13717,0.26115,3.7091,0.75029,0.80328,0.47824,Hard,
2026-06-26T14:21:22,956.765,active,1,TP9+AF7+AF8+TP10,580.81,162.63,54.083,503.43,738.81,-0.022277,0.13606,1.3811,0.73835,0.78711,0.47943,Hard,
2026-06-26T14:21:23,957.772,active,1,TP9+AF7+AF8+TP10,508.97,128.95,45.111,257.29,195.46,-0.19093,-0.14035,0.040396,0.71246,0.75613,0.48798,Hard,
2026-06-26T14:21:24,958.778,active,1,TP9+AF7+AF8+TP10,86.721,41.105,23.692,203.18,176.25,-0.32767,-0.39345,-0.11093,0.69119,0.72864,0.50012,Hard,
2026-06-26T14:21:25,959.783,active,1,TP9+AF7+AF8+TP10,47.841,29.257,29.93,211.99,243.35,-0.35029,-0.35247,-0.043967,0.67287,0.70579,0.50021,Hard,
2026-06-26T14:21:26,960.789,active,1,TP9+AF7+AF8+TP10,65.519,31.358,26.63,237.86,270.23,-0.30945,-0.35788,0.088349,0.65879,0.68704,0.50372,Hard,
2026-06-26T14:21:27,961.796,active,1,TP9+AF7+AF8+TP10,57.493,28.651,17.948,253.58,202.79,-0.30371,-0.33798,0.18206,0.64749,0.67185,0.50406,Hard,
2026-06-26T14:21:28,962.801,active,1,TP9+AF7+AF8+TP10,103.26,112.1,44.38,211,162.4,-0.29379,-0.24846,-0.12584,0.63163,0.65374,0.50289,Hard,
2026-06-26T14:21:29,963.804,active,1,TP9+AF7+AF8+TP10,705.31,432.78,161.6,222.49,150.17,-0.17576,-0.019213,-0.27371,0.61202,0.63383,0.5002,Hard,
2026-06-26T14:21:30,964.812,active,1,TP9+AF7+AF8+TP10,928.9,199.39,89.385,251.16,268.34,-0.19939,0.53913,0.11526,0.59225,0.62248,0.48922,Hard,
2026-06-26T14:21:31,965.820,active,1,TP9+AF7+AF8+TP10,1951.9,198.59,77.186,872.76,1044.6,-0.16201,0.76652,3.3622,0.70818,0.76107,0.47683,Hard,
