iso_time,t,phase,contact,used,delta,theta,alpha,beta,gamma,theta_z,alpha_z,beta_z,stress,attention,cognitive_load,difficulty,event
2026-06-26T11:30:24,12.984,idle,0,,,,,,,,,,,,,,
2026-06-26T11:30:25,13.997,idle,1,TP9+AF7+AF8,956.35,679.9,284.48,277.6,208.65,,,,,,,,
2026-06-26T11:30:26,15.003,idle,1,TP9+AF7+AF8,2012.7,614.62,130.28,199.98,147.54,,,,,,,,
2026-06-26T11:30:27,16.005,idle,1,TP9+AF7+AF8,6436.9,3255.1,519.9,453.26,135.98,,,,,,,,
2026-06-26T11:30:28,17.018,idle,1,TP9+AF7+AF8,9573.9,11058,1757.2,1325.1,250.32,,,,,,,,
2026-06-26T11:30:29,18.028,idle,1,TP9+AF7+AF8,4499.1,3427.7,573.86,694.27,758.7,,,,,,,,
2026-06-26T11:30:30,19.035,idle,1,TP9+AF7+AF8,2796.5,279.94,107.72,382.87,952.33,,,,,,,,
2026-06-26T11:30:31,20.045,idle,1,TP9+AF7+AF8,2597.7,1616.1,269.77,326.9,400.45,,,,,,,,
2026-06-26T11:30:32,21.055,idle,1,TP9+AF7+AF8+TP10,25849,15318,7207.4,4425.9,1608.3,,,,,,,,
2026-06-26T11:30:33,22.065,idle,1,TP9+AF7+AF8+TP10,23901,17260,6360.4,4929.6,1739,,,,,,,,
2026-06-26T11:30:34,23.075,idle,1,TP9+AF7+AF8+TP10,12042,5276.5,1766.8,1420.1,747.58,,,,,,,,
2026-06-26T11:30:35,24.085,idle,1,TP9+AF7+AF8+TP10,22515,7264.5,1438.3,1234.1,478.92,,,,,,,,
2026-06-26T11:30:36,25.091,idle,1,TP9+AF7+AF8+TP10,1.0128e+05,12150,2111.1,1754,739.96,,,,,,,,
2026-06-26T11:30:37,26.093,idle,1,TP9+AF7+AF8+TP10,58642,6012,935.98,890.22,979.43,,,,,,,,
2026-06-26T11:30:38,27.099,idle,1,TP9+AF7+AF8+TP10,27280,4902.7,802.17,655.9,796.05,,,,,,,,
2026-06-26T11:30:39,28.109,idle,1,TP9+AF7+AF8+TP10,11311,3463.5,884.45,1500.4,665.44,,,,,,,,
2026-06-26T11:30:40,29.119,idle,1,TP9+AF7+AF8,55003,34806,7391.5,6135.8,1042.5,,,,,,,,
2026-06-26T11:30:41,30.126,idle,1,TP9+AF7+AF8,75884,61325,10097,7358.5,1287.6,,,,,,,,
2026-06-26T11:30:42,31.134,idle,1,TP9+AF7+AF8,14381,6353.3,880.75,715.35,190.43,,,,,,,,
2026-06-26T11:30:43,32.141,idle,1,TP9+AF7+AF8,38148,2174.6,359.99,329.41,182.32,,,,,,,,
2026-06-26T11:30:44,33.144,idle,1,TP9+AF7+AF8,20079,3348.2,695.33,489.73,178.62,,,,,,,,
2026-06-26T11:30:45,34.149,idle,1,TP9+AF7+AF8,10391,3086.7,564.59,468.62,143.42,,,,,,,,
2026-06-26T11:30:46,35.159,idle,1,TP9+AF7+AF8,11476,4056.7,572.56,485.71,90.635,,,,,,,,
2026-06-26T11:30:47,36.160,idle,1,TP9+AF7+AF8,5343.7,3271.7,329.6,286.13,65.862,,,,,,,,
2026-06-26T11:30:48,37.166,idle,1,TP9+AF7+AF8,3941.8,1480.8,548.87,350.19,84.991,,,,,,,,
2026-06-26T11:30:49,38.172,idle,1,TP9+AF7+AF8,1489.4,631.95,221.29,176.45,80.475,,,,,,,,
2026-06-26T11:30:50,39.183,idle,1,TP9+AF7+AF8,326.32,211.05,50.808,110.44,101.21,,,,,,,,
2026-06-26T11:30:51,40.193,idle,1,TP9+AF7+AF8,731.04,461.16,73.162,169.31,124.44,,,,,,,,
2026-06-26T11:30:52,41.203,idle,1,TP9+AF7+AF8,512.01,138.96,26.266,120.11,111.56,,,,,,,,
2026-06-26T11:30:53,42.209,idle,1,TP9+AF7+AF8,1221.4,78.132,27.42,147.88,170.27,,,,,,,,
2026-06-26T11:30:54,43.220,idle,1,TP9+AF7+AF8,617.76,55.073,19.599,97.911,94.765,,,,,,,,
2026-06-26T11:30:55,44.231,idle,1,TP9+AF7+AF8,423.94,120.46,32.072,92.54,79.491,,,,,,,,
2026-06-26T11:30:56,45.239,idle,1,TP9+AF7+AF8,1404.2,308.91,62.392,126.76,94.302,,,,,,,,
2026-06-26T11:30:57,46.244,idle,1,TP9+AF7+AF8,6011.7,415.64,77.262,171.63,147.32,,,,,,,,
2026-06-26T11:30:58,47.250,idle,1,TP9+AF7+AF8,32241,1969.5,297.92,534.76,850.35,,,,,,,,
2026-06-26T11:30:59,48.252,idle,1,TP9+AF7+AF8,22381,1785.6,291.54,619.02,859.86,,,,,,,,
2026-06-26T11:31:00,49.259,idle,1,TP9+AF7+AF8,5451.8,564.28,158.17,377.63,370.68,,,,,,,,
2026-06-26T11:31:01,50.265,idle,1,TP9+AF7+AF8,1338.5,324.83,74.844,205.51,249.85,,,,,,,,
2026-06-26T11:31:02,51.274,idle,1,TP9+AF7+AF8,1444.9,488.56,113.38,161.11,120.38,,,,,,,,
2026-06-26T11:31:03,52.281,idle,1,TP9+AF7+AF8,1750.8,352.33,93.481,135.17,103.03,,,,,,,,
2026-06-26T11:31:04,53.292,idle,1,TP9+AF7+AF8,281.33,64.691,29.316,82.528,91.076,,,,,,,,
2026-06-26T11:31:05,54.302,idle,1,TP9+AF7+AF8,19.3,11.681,14.218,67.957,69.967,,,,,,,,
2026-06-26T11:31:06,55.312,idle,1,TP9+AF7+AF8,104.38,48.819,22.219,89.515,66.83,,,,,,,,
2026-06-26T11:31:07,56.323,idle,1,TP9+AF7+AF8,203.44,57.697,24.721,93.576,77.307,,,,,,,,
2026-06-26T11:31:08,57.327,idle,1,TP9+AF7+AF8,542.39,104.51,35.421,97.83,104.08,,,,,,,,
2026-06-26T11:31:09,58.333,idle,1,TP9+AF7+AF8,1182.8,93.136,26.087,81.251,83.116,,,,,,,,
2026-06-26T11:31:10,59.339,idle,1,TP9+AF7+AF8,811.15,51.727,17.498,60.041,39.34,,,,,,,,
2026-06-26T11:31:11,60.348,idle,1,TP9+AF7+AF8,605.48,28.421,14.627,80.914,51.148,,,,,,,,
2026-06-26T11:31:12,61.358,idle,1,TP9+AF7+AF8,1222,777.88,270.19,163.08,91.352,,,,,,,,
2026-06-26T11:31:13,62.360,idle,1,TP9+AF7+AF8,4904.2,3709.4,1207.2,329.13,83.187,,,,,,,,
2026-06-26T11:31:14,63.370,idle,1,TP9+AF7+AF8,1594.3,1069.8,342.47,118.07,43.153,,,,,,,,
2026-06-26T11:31:15,64.378,idle,1,TP9+AF7+AF8,14.847,7.2485,9.3933,51.56,38.183,,,,,,,,
2026-06-26T11:31:16,65.385,idle,1,TP9+AF7+AF8,180.04,59.845,16.165,116.15,101.97,,,,,,,,
2026-06-26T11:31:17,66.395,idle,1,TP9+AF7+AF8,365.17,107.32,30.945,232.5,207.74,,,,,,,,
2026-06-26T11:31:18,67.405,idle,1,TP9+AF7+AF8+TP10,454.75,227.8,71.714,297.07,329.2,,,,,,,,
2026-06-26T11:31:19,68.409,idle,1,TP9+AF7+AF8+TP10,167.6,69.537,42.474,250.83,731.65,,,,,,,,
2026-06-26T11:31:20,69.410,idle,1,TP9+AF7+AF8+TP10,43.092,24.582,38.175,260.07,812.83,,,,,,,,
2026-06-26T11:31:21,70.417,idle,1,TP9+AF7+AF8+TP10,30.736,28.413,33.624,199.3,198.5,,,,,,,,
2026-06-26T11:31:22,71.426,idle,1,TP9+AF7+AF8+TP10,517.87,225.12,82.294,204.07,190.68,,,,,,,,
2026-06-26T11:31:23,72.440,idle,1,TP9+AF7+AF8+TP10,3019.5,613.68,163.27,267.18,267.23,,,,,,,,
2026-06-26T11:31:24,73.451,idle,1,TP9+AF7+AF8+TP10,1443.2,260.52,67.878,218.13,194.44,,,,,,,,
2026-06-26T11:31:25,74.460,idle,1,TP9+AF7+AF8+TP10,355.62,429.35,82.939,155.44,224.84,,,,,,,,
2026-06-26T11:31:26,75.471,idle,1,TP9+AF7+AF8+TP10,3532.1,3778.5,287.13,188.67,410.89,,,,,,,,
2026-06-26T11:31:27,76.482,idle,1,TP9+AF7+AF8+TP10,3687.6,3258.1,202.34,220.6,469.07,,,,,,,,
2026-06-26T11:31:28,77.489,idle,1,TP9+AF7+AF8+TP10,10226,7074.6,230.15,376.37,1315.2,,,,,,,,
2026-06-26T11:31:29,78.496,idle,1,TP9+AF7+AF8+TP10,4939.3,2869.8,112.41,234.28,617.65,,,,,,,,
2026-06-26T11:31:30,79.498,idle,1,TP9+AF7+AF8+TP10,210.81,149.87,65.19,153.26,128.12,,,,,,,,
2026-06-26T11:31:31,80.504,idle,1,TP9+AF7+AF8+TP10,329.95,163.46,55.604,161.98,107.95,,,,,,,,
2026-06-26T11:31:32,81.520,idle,1,TP9+AF7+AF8+TP10,547.14,242.83,56.303,211.08,141.92,,,,,,,,
2026-06-26T11:31:33,82.530,idle,1,TP9+AF7+AF8+TP10,603,273.2,89.012,184.26,136.96,,,,,,,,
2026-06-26T11:31:34,83.540,idle,1,TP9+AF7+AF8+TP10,219.55,104.37,63.763,134.63,110.07,,,,,,,,
2026-06-26T11:31:35,84.550,idle,1,TP9+AF7+AF8+TP10,300.48,103.83,65.836,142.26,144.37,,,,,,,,
2026-06-26T11:31:36,85.559,idle,1,TP9+AF7+AF8+TP10,964.96,189.91,67.429,126.66,154.58,,,,,,,,
2026-06-26T11:31:37,86.569,idle,1,TP9+AF7+AF8,14.034,6.259,6.4024,37.863,49.856,,,,,,,,
2026-06-26T11:31:38,87.576,idle,1,TP9+AF7+AF8,16.36,6.3583,6.7022,39.603,44.126,,,,,,,,
2026-06-26T11:31:39,88.579,idle,1,TP9+AF7+AF8,37.309,21.874,13.796,41.592,44.147,,,,,,,,
2026-06-26T11:31:40,89.585,idle,1,TP9+AF7+AF8,29.404,17.904,10.917,46.702,43.929,,,,,,,,
2026-06-26T11:31:41,90.591,idle,1,TP9+AF7+AF8,15.167,5.4677,8.6741,41.477,31.38,,,,,,,,
2026-06-26T11:31:42,91.594,idle,1,TP9+AF7+AF8,16.304,5.0047,10.277,37.202,27.663,,,,,,,,
2026-06-26T11:31:43,92.604,idle,1,TP9+AF7+AF8,9.5443,9.3023,10.07,41.029,28.332,,,,,,,,
2026-06-26T11:31:44,93.613,idle,1,TP9+AF7+AF8,6.0383,8.624,8.2203,44.934,32.263,,,,,,,,
2026-06-26T11:31:45,94.620,idle,1,TP9+AF7+AF8+TP10,49.203,18.112,12.151,93.993,98.296,,,,,,,,
2026-06-26T11:31:46,95.632,idle,1,TP9+AF7+AF8+TP10,37.662,27.534,17.99,103.58,99.5,,,,,,,,
2026-06-26T11:31:48,96.641,idle,1,TP9+AF7+AF8+TP10,425.3,90.457,34.589,109.22,82.806,,,,,,,,
2026-06-26T11:31:49,97.651,idle,1,TP9+AF7+AF8+TP10,1009.1,103.06,29.145,112.11,70.427,,,,,,,,
2026-06-26T11:31:50,98.663,idle,1,TP9+AF7+AF8+TP10,200.06,42.412,27.435,96.793,80.491,,,,,,,,
2026-06-26T11:31:51,99.668,idle,1,TP9+AF7+AF8+TP10,41.753,42.412,25.087,100.91,80.812,,,,,,,,
2026-06-26T11:31:52,100.674,idle,1,TP9+AF7+AF8+TP10,235.25,108.66,42.92,100.35,72.206,,,,,,,,
2026-06-26T11:31:53,101.680,idle,1,TP9+AF7+AF8+TP10,580.19,164.31,46.029,93.055,80.854,,,,,,,,
2026-06-26T11:31:54,102.690,idle,1,TP9+AF7+AF8+TP10,486.32,116.03,41.61,98.348,82.597,,,,,,,,
2026-06-26T11:31:55,103.701,idle,1,TP9+AF7+AF8+TP10,114.46,55.819,29.579,90.279,72.578,,,,,,,,
2026-06-26T11:31:56,104.711,idle,1,TP9+AF7+AF8+TP10,64.405,68.48,24.195,92.937,88.866,,,,,,,,
2026-06-26T11:31:57,105.721,idle,1,TP9+AF7+AF8+TP10,318.1,162.54,44.999,100.11,77.344,,,,,,,,
2026-06-26T11:31:58,106.731,idle,1,TP9+AF7+AF8+TP10,405.48,163.02,44.827,84.059,81.557,,,,,,,,
2026-06-26T11:31:59,107.740,idle,1,TP9+AF7+AF8+TP10,192.29,72.881,32.113,78.315,87.047,,,,,,,,
2026-06-26T11:32:00,108.743,idle,1,TP9+AF7+AF8+TP10,340.26,94.972,20.651,75.989,80.495,,,,,,,,
2026-06-26T11:32:01,109.750,idle,1,TP9+AF7+AF8+TP10,147.65,49.106,25.069,86.575,74.051,,,,,,,,
2026-06-26T11:32:02,110.754,idle,1,TP9+AF7+AF8+TP10,1645.3,311.36,202.93,172.6,137.84,,,,,,,,
2026-06-26T11:32:03,111.759,idle,1,TP9+AF7,29152,25634,2963.4,7154.4,2341.6,,,,,,,,
2026-06-26T11:32:04,112.767,idle,0,,,,,,,,,,,,,,
2026-06-26T11:32:05,113.776,idle,0,,,,,,,,,,,,,,
2026-06-26T11:32:06,114.783,idle,0,,,,,,,,,,,,,,
2026-06-26T11:32:07,115.791,idle,0,,,,,,,,,,,,,,
2026-06-26T11:32:08,116.800,idle,0,,,,,,,,,,,,,,
2026-06-26T11:32:09,117.802,idle,0,,,,,,,,,,,,,,
2026-06-26T11:32:10,118.810,idle,0,,,,,,,,,,,,,,
2026-06-26T11:32:11,119.816,idle,0,,,,,,,,,,,,,,
2026-06-26T11:32:12,120.822,idle,0,,,,,,,,,,,,,,
2026-06-26T11:32:13,121.826,idle,0,,,,,,,,,,,,,,
2026-06-26T11:32:14,122.827,idle,0,,,,,,,,,,,,,,
2026-06-26T11:32:15,123.834,idle,0,,,,,,,,,,,,,,
2026-06-26T11:32:16,124.843,idle,0,,,,,,,,,,,,,,
2026-06-26T11:32:17,125.856,idle,0,,,,,,,,,,,,,,
2026-06-26T11:32:18,126.864,idle,0,,,,,,,,,,,,,,
2026-06-26T11:32:19,127.871,idle,0,,,,,,,,,,,,,,
2026-06-26T11:32:20,128.879,idle,0,,,,,,,,,,,,,,
2026-06-26T11:32:21,129.887,idle,0,,,,,,,,,,,,,,
2026-06-26T11:32:22,130.890,idle,0,,,,,,,,,,,,,,
2026-06-26T11:32:23,131.894,idle,0,,,,,,,,,,,,,,
2026-06-26T11:32:24,132.895,idle,0,,,,,,,,,,,,,,
2026-06-26T11:32:25,133.903,idle,0,,,,,,,,,,,,,,
2026-06-26T11:32:26,134.911,idle,1,AF8,16638,1696.3,267.09,421.56,95.141,,,,,,,,
2026-06-26T11:32:27,135.920,idle,1,AF7+AF8,1439.2,238.92,112.54,359,414.82,,,,,,,,
2026-06-26T11:32:28,136.930,idle,1,AF7+AF8,1821.5,235.07,92.436,163.5,194.41,,,,,,,,
2026-06-26T11:32:29,137.938,idle,1,AF7+AF8,2076.9,244.88,101.96,116.56,151.78,,,,,,,,
2026-06-26T11:32:30,138.947,idle,1,AF7+AF8,446.79,117.16,68.078,124.78,136.35,,,,,,,,
2026-06-26T11:32:31,139.955,idle,1,AF7+AF8,224.05,74.878,40.604,105.64,130.82,,,,,,,,
2026-06-26T11:32:32,140.961,idle,1,AF7+AF8,796.01,242.37,94.138,217.74,105.73,,,,,,,,
2026-06-26T11:32:33,141.967,idle,1,AF7+AF8,24272,5014.4,4056.9,6125.4,459.91,,,,,,,,
2026-06-26T11:32:34,142.973,idle,1,AF7+AF8,1.0875e+05,14873,8223.9,9165.4,833.09,,,,,,,,
2026-06-26T11:32:35,143.983,idle,1,AF7+AF8,1.3303e+05,19668,6277,3061.3,910,,,,,,,,
2026-06-26T11:32:36,144.992,idle,1,AF8,1.1574e+05,1.2547e+05,17612,20008,2527.9,,,,,,,,
2026-06-26T11:32:37,146.002,idle,1,AF8,1.226e+05,1.4697e+05,25568,23471,2929.9,,,,,,,,
2026-06-26T11:32:38,147.011,idle,1,AF8,39458,41799,17363,7584.6,797.09,,,,,,,,
2026-06-26T11:32:39,148.019,idle,1,AF7+AF8,6160.7,8661.6,3709.3,2550.8,328.99,,,,,,,,
2026-06-26T11:32:40,149.024,idle,1,AF7+AF8,1658.3,347.84,178.31,178.57,173.75,,,,,,,,
2026-06-26T11:32:41,150.034,idle,1,AF7+AF8,469.4,104.94,52.608,102.43,134.22,,,,,,,,
2026-06-26T11:32:42,151.040,idle,1,AF7+AF8,534.01,424.95,111.08,94.226,99.135,,,,,,,,
2026-06-26T11:32:43,152.044,idle,1,AF7+AF8,1594.8,1028.3,162.01,108.14,112.47,,,,,,,,
2026-06-26T11:32:44,153.049,idle,1,AF7+AF8,2276,925.07,114.17,220.92,145.97,,,,,,,,
2026-06-26T11:32:45,154.059,idle,1,AF7+AF8,10322,2566.5,284.93,529.25,165.17,,,,,,,,
2026-06-26T11:32:46,155.068,idle,1,AF7+AF8,7592.4,2385.7,361.74,381.34,158.22,,,,,,,,
2026-06-26T11:32:47,156.078,idle,1,AF7+AF8,1164.5,1046.5,270.13,162.27,122.71,,,,,,,,
2026-06-26T11:32:48,157.085,idle,1,AF7+AF8,1405.5,437.45,154.05,113.55,77.022,,,,,,,,
2026-06-26T11:32:49,158.095,idle,1,AF7+AF8,1937.1,891.23,200.11,235.53,110.04,,,,,,,,
2026-06-26T11:32:50,159.105,idle,1,AF7+AF8,1112,364.54,117.32,173.66,89.335,,,,,,,,
2026-06-26T11:32:51,160.114,idle,1,AF7+AF8,353.33,89.488,32.141,87.415,53.432,,,,,,,,
2026-06-26T11:32:52,161.122,idle,1,AF7+AF8,163.4,71.99,50.585,76.116,55.509,,,,,,,,
2026-06-26T11:32:53,162.123,idle,1,AF7+AF8,139.61,94.767,76.295,81.818,53.826,,,,,,,,
2026-06-26T11:32:54,163.127,idle,1,AF7+AF8,220.09,134.19,61.691,87.171,45.325,,,,,,,,
2026-06-26T11:32:55,164.136,idle,1,AF7+AF8,561.32,234.18,72.895,121.92,53.193,,,,,,,,
2026-06-26T11:32:56,165.146,idle,1,AF7+AF8,3479.7,1255.2,460.38,273.13,148.14,,,,,,,,
2026-06-26T11:32:57,166.156,idle,1,AF7+AF8,2164.9,802.06,359.21,200.3,106.21,,,,,,,,
2026-06-26T11:32:58,167.164,idle,1,AF7+AF8,180.2,66.43,46.369,114.3,53.831,,,,,,,,
2026-06-26T11:32:59,168.173,idle,1,AF7+AF8,177.39,57.926,32.813,93.722,55.148,,,,,,,,
2026-06-26T11:33:00,169.183,idle,1,AF7+AF8,210.46,69.606,39.024,76.327,53.701,,,,,,,,
2026-06-26T11:33:01,170.186,idle,1,AF7+AF8,323.5,91.958,60.038,100.51,50.443,,,,,,,,
2026-06-26T11:33:02,171.193,idle,1,AF7+AF8,247.63,43.637,39.863,77.421,37.905,,,,,,,,
2026-06-26T11:33:03,172.194,idle,1,AF7+AF8,83.112,73.018,25.646,79.074,41.374,,,,,,,,
2026-06-26T11:33:04,173.200,idle,1,AF7+AF8,68.868,92.681,36.003,74.714,41.722,,,,,,,,
2026-06-26T11:33:05,174.205,idle,1,AF7+AF8,114.39,60.756,29.047,63.423,39.597,,,,,,,,
2026-06-26T11:33:06,175.208,idle,1,AF7+AF8,341.1,127.16,37.01,66.779,54.914,,,,,,,,
2026-06-26T11:33:07,176.222,idle,1,AF7+AF8,193.95,70.718,33.088,52.885,49.715,,,,,,,,
2026-06-26T11:33:08,177.233,idle,1,AF7+AF8,113.21,61.657,19.491,47.038,33.363,,,,,,,,
2026-06-26T11:33:09,178.244,idle,1,AF7+AF8,132.4,52.343,19.172,42.474,33.839,,,,,,,,
2026-06-26T11:33:10,179.252,idle,1,AF7+AF8,97.875,35.606,40.354,47.32,34.984,,,,,,,,
2026-06-26T11:33:11,180.259,idle,1,AF7+AF8,122.52,57.742,42.076,65.758,38.767,,,,,,,,
2026-06-26T11:33:12,181.261,idle,1,AF7+AF8,1113.1,411.85,328.36,223.35,55.412,,,,,,,,
2026-06-26T11:33:13,182.267,idle,1,AF7+AF8,8515.6,1420,1508,1046,162.4,,,,,,,,
2026-06-26T11:33:14,183.277,idle,1,AF7+AF8,5110.9,512.66,605.38,484.87,127.41,,,,,,,,
2026-06-26T11:33:15,184.287,idle,1,AF7+AF8,361.36,134.64,72.819,107.37,55.52,,,,,,,,
2026-06-26T11:33:16,185.293,idle,1,AF7+AF8,488.64,426.71,203.52,547.81,98.227,,,,,,,,
2026-06-26T11:33:17,186.305,idle,1,AF7+AF8,545.5,437.31,176.61,642.08,110.92,,,,,,,,
2026-06-26T11:33:18,187.310,idle,1,AF7+AF8,503.34,271.25,85.257,194.93,78.631,,,,,,,,
2026-06-26T11:33:19,188.315,idle,1,AF7+AF8,1875.3,391.76,99.476,223.05,147.09,,,,,,,,
2026-06-26T11:33:20,189.326,idle,1,AF7+AF8,2687.2,256.55,83.537,271.61,305.86,,,,,,,,
2026-06-26T11:33:21,190.330,idle,1,AF7+AF8,577.02,98.183,48.197,155.31,149.93,,,,,,,,
2026-06-26T11:33:22,191.336,idle,1,AF7+AF8,434.81,92.052,48.908,72.369,52.048,,,,,,,,
2026-06-26T11:33:23,192.338,idle,1,AF7+AF8,343.79,90.278,48.946,75.114,30.912,,,,,,,,
2026-06-26T11:33:24,193.347,idle,1,AF7+AF8,142.29,91.49,29.684,59.323,26.317,,,,,,,,
2026-06-26T11:33:25,194.357,idle,1,AF7+AF8,87.828,111.92,28.077,66.68,22.752,,,,,,,,
2026-06-26T11:33:26,195.372,idle,1,AF7+AF8,136.4,73.975,32,41.709,17.979,,,,,,,,
2026-06-26T11:33:27,196.379,idle,1,AF7+AF8,288.64,96.608,29.891,59.524,27.802,,,,,,,,
2026-06-26T11:33:28,197.384,idle,1,AF7+AF8,539.53,104.75,26.778,124.22,64.553,,,,,,,,
2026-06-26T11:33:29,198.395,idle,1,AF7+AF8,300.57,77.726,26.178,216.47,62.716,,,,,,,,
2026-06-26T11:33:30,199.402,idle,1,AF7+AF8,147.62,62.297,29.667,239.53,49.142,,,,,,,,
2026-06-26T11:33:31,200.411,idle,1,AF7+AF8,118.79,41.016,36.73,191.19,47.726,,,,,,,,
2026-06-26T11:33:32,201.417,idle,1,AF7+AF8,139.9,61.893,33.385,174.98,57.424,,,,,,,,
2026-06-26T11:33:33,202.423,idle,1,AF7+AF8,82.699,41.734,27.197,174.69,58.646,,,,,,,,
2026-06-26T11:33:34,203.437,idle,1,AF7+AF8,54.669,48.182,28.026,168.16,47.884,,,,,,,,
2026-06-26T11:33:35,204.446,idle,1,AF7+AF8,122.38,70.127,36.748,148.33,49.559,,,,,,,,
2026-06-26T11:33:36,205.457,idle,1,AF7+AF8,104.26,38.832,43.19,162.56,68.945,,,,,,,,
2026-06-26T11:33:37,206.464,idle,1,AF7+AF8,60.898,26.366,29.942,183.68,73.339,,,,,,,,
2026-06-26T11:33:38,207.474,idle,1,AF7+AF8,98.832,36.653,20.705,181.35,77.354,,,,,,,,
2026-06-26T11:33:39,208.485,idle,1,AF7+AF8,86.436,40.359,17.617,188.08,74.203,,,,,,,,
2026-06-26T11:33:40,209.495,idle,1,AF7+AF8,55.782,37.007,21.892,224.97,74.213,,,,,,,,
2026-06-26T11:33:41,210.501,idle,1,AF7+AF8,152.25,98.017,52.416,270.48,101.33,,,,,,,,
2026-06-26T11:33:42,211.507,idle,1,AF7+AF8,257.43,161.34,58.622,240.25,107.02,,,,,,,,
2026-06-26T11:33:43,212.511,idle,1,AF7+AF8,642.53,138.6,64.828,232.24,152.98,,,,,,,,
2026-06-26T11:33:44,213.513,idle,1,AF7+AF8,1410.5,244.85,125.36,254.43,380.96,,,,,,,,
2026-06-26T11:33:45,214.522,idle,1,AF7+AF8,348.56,61.26,40.905,109.25,173.26,,,,,,,,
2026-06-26T11:33:46,215.534,idle,1,AF7+AF8,33.822,21.347,22.964,66.657,62.71,,,,,,,,
2026-06-26T11:33:47,216.543,idle,1,AF7+AF8,17.15,19.215,14.645,53.752,43.517,,,,,,,,
2026-06-26T11:33:48,217.553,idle,1,AF7+AF8,15.829,17.01,8.6131,56.472,45.528,,,,,,,,
2026-06-26T11:33:49,218.561,idle,1,AF7+AF8,26.705,20.885,9.8118,46.562,44.488,,,,,,,,
2026-06-26T11:33:50,219.567,idle,1,AF7+AF8,40.188,23.775,18.559,46.173,40.539,,,,,,,,
2026-06-26T11:33:51,220.573,idle,1,AF7+AF8,127.17,38.61,23.987,49.116,37.283,,,,,,,,
2026-06-26T11:33:52,221.578,idle,1,AF8,7116.7,5667.9,1589.9,608.65,317.46,,,,,,,,
2026-06-26T11:33:53,222.584,idle,1,AF8,30776,28797,9148.7,3214.5,1576.7,,,,,,,,
2026-06-26T11:33:54,223.593,idle,1,AF8,24212,14456,5286.9,1880.7,1136.3,,,,,,,,
2026-06-26T11:33:55,224.599,idle,1,AF8,19677,5957.2,2693.5,910.32,1187.8,,,,,,,,
2026-06-26T11:33:56,225.608,idle,1,AF7+AF8,2362.3,375.73,170.75,195.16,421.61,,,,,,,,
2026-06-26T11:33:57,226.618,idle,1,AF7+AF8,243.34,69.584,24.389,100.04,122.06,,,,,,,,
2026-06-26T11:33:58,227.630,idle,1,AF7+AF8,236.05,84.639,33.331,57.651,62.66,,,,,,,,
2026-06-26T11:34:00,228.653,idle,1,AF7+AF8,520.68,167.02,46.16,65.607,43.082,,,,,,,,
2026-06-26T11:34:01,229.660,idle,1,AF7+AF8,4509.6,1264,153.97,137.69,70.478,,,,,,,,
2026-06-26T11:34:02,230.662,idle,1,AF7+AF8,4157.1,853.38,105.57,120.54,102.97,,,,,,,,
2026-06-26T11:34:03,231.667,idle,1,AF7+AF8,315.9,144.77,38.489,96.854,81.658,,,,,,,,
2026-06-26T11:34:04,232.673,idle,1,AF7+AF8,318.31,374.47,81.065,136.34,105.4,,,,,,,,
2026-06-26T11:34:05,233.676,idle,1,AF7+AF8,199.72,130.65,38.923,76.361,95.669,,,,,,,,
2026-06-26T11:34:06,234.687,idle,1,AF7+AF8,261.41,56.446,25.57,79.365,74.877,,,,,,,,
2026-06-26T11:34:07,235.697,idle,1,AF7+AF8,671.87,88.282,44.226,105.03,110.3,,,,,,,,
2026-06-26T11:34:08,236.708,idle,1,AF7+AF8,782.58,336.44,190.89,263.67,176.86,,,,,,,,
2026-06-26T11:34:09,237.715,idle,1,AF7+AF8,4132.1,1874.2,955.66,781.47,245.51,,,,,,,,
2026-06-26T11:34:10,238.724,idle,1,AF7+AF8,2015.5,736.44,359.31,392.86,174.35,,,,,,,,
2026-06-26T11:34:11,239.734,idle,1,AF7+AF8,102.56,59.251,29.834,159.8,144.18,,,,,,,,
2026-06-26T11:34:12,240.744,idle,1,AF7+AF8,240.11,81.352,28.622,111.14,91.668,,,,,,,,
2026-06-26T11:34:13,241.750,idle,1,AF7+AF8,1291.3,145.7,63.43,108.8,57.923,,,,,,,,
2026-06-26T11:34:14,242.755,idle,1,AF7+AF8,900.93,100.83,47.213,103.2,45.206,,,,,,,,
2026-06-26T11:34:15,243.761,idle,1,AF7+AF8,396.06,215.03,175.67,108.17,42.42,,,,,,,,
2026-06-26T11:34:16,244.771,idle,1,AF7+AF8,1137.1,572.6,456.62,216.41,58.99,,,,,,,,
2026-06-26T11:34:17,245.785,idle,1,AF7+AF8,545.18,269.83,165.12,162.82,72.446,,,,,,,,
2026-06-26T11:34:18,246.794,idle,1,AF7+AF8,257.01,163.34,84.502,122.69,82.398,,,,,,,,
2026-06-26T11:34:19,247.803,idle,1,AF7+AF8,171.43,76.092,39.851,81.107,65.684,,,,,,,,
2026-06-26T11:34:20,248.812,idle,1,AF7+AF8,173.86,41.239,20.255,49.612,38.841,,,,,,,,
2026-06-26T11:34:21,249.818,idle,1,AF7+AF8,459.62,168.19,50.756,45.957,29.172,,,,,,,,
2026-06-26T11:34:22,250.822,idle,1,AF7+AF8,2120.7,654.74,180.34,70.049,47.32,,,,,,,,
2026-06-26T11:34:23,251.826,idle,1,AF7+AF8,850.22,238.6,59.033,63.722,55.72,,,,,,,,
2026-06-26T11:34:24,252.832,idle,1,AF7+AF8,105.98,27.525,9.7896,44.694,40.613,,,,,,,,
2026-06-26T11:34:25,253.834,idle,1,AF7+AF8,87.382,29.779,17.266,50.905,40.802,,,,,,,,
2026-06-26T11:34:26,254.846,idle,1,AF7+AF8,78.349,43.046,31.219,73.151,52.066,,,,,,,,
2026-06-26T11:34:27,255.853,idle,1,AF7+AF8,71.058,29.888,22.409,63.128,62.024,,,,,,,,
2026-06-26T11:34:28,256.863,idle,1,AF7+AF8,62.002,27.565,17.831,56.786,61.115,,,,,,,,
2026-06-26T11:34:29,257.873,idle,1,AF7+AF8,307.5,88.211,38.718,67.32,73.867,,,,,,,,
2026-06-26T11:34:30,258.884,idle,1,AF7+AF8,241.46,62.904,32.654,67.393,53.159,,,,,,,,
2026-06-26T11:34:31,259.890,idle,1,AF7+AF8,54.502,30.4,18.146,71.909,48.35,,,,,,,,
2026-06-26T11:34:32,260.895,idle,1,AF7+AF8,284.62,91.423,20.115,65.034,40.814,,,,,,,,
2026-06-26T11:34:33,261.901,idle,1,AF7+AF8,520.92,175.28,15.266,75.362,63.402,,,,,,,,
2026-06-26T11:34:34,262.905,idle,1,AF7+AF8,82.411,43.245,13.104,91.95,78.173,,,,,,,,
2026-06-26T11:34:35,263.916,idle,1,AF7+AF8,11.807,25.695,11.962,103.25,96.598,,,,,,,,
2026-06-26T11:34:36,264.927,idle,1,AF7+AF8,33.544,31.529,15.841,125.07,161.83,,,,,,,,
2026-06-26T11:34:37,265.935,idle,1,AF7+AF8,40.902,21.321,12.639,87.24,142.3,,,,,,,,
2026-06-26T11:34:38,266.943,idle,1,AF7+AF8,48.494,16.355,11.623,115.53,149.81,,,,,,,,
2026-06-26T11:34:39,267.948,idle,1,AF7+AF8,479.24,128.21,23.26,144.43,118.31,,,,,,,,
2026-06-26T11:34:40,268.957,idle,1,AF7+AF8,995.36,269.72,35.132,133.54,74.452,,,,,,,,
2026-06-26T11:34:41,269.962,idle,1,AF7+AF8,614.76,83.411,18.156,75.6,51.418,,,,,,,,
2026-06-26T11:34:42,270.969,idle,1,AF7+AF8,1347.2,132.58,25.837,77.903,80.997,,,,,,,,
2026-06-26T11:34:43,271.975,idle,1,AF7+AF8,1525.6,90.14,27.725,86.523,86.756,,,,,,,,
2026-06-26T11:34:44,272.980,idle,1,AF7+AF8,241.87,25.11,20.841,71.412,58.742,,,,,,,,
2026-06-26T11:34:45,273.986,idle,1,AF7+AF8,31.327,33.192,36.824,90.552,81.86,,,,,,,,
2026-06-26T11:34:46,274.995,idle,1,AF7+AF8,69.293,57.739,32.24,106.75,85.346,,,,,,,,
2026-06-26T11:34:47,276.001,idle,1,AF7+AF8,1117.1,387.31,115.81,179.29,161.79,,,,,,,,
2026-06-26T11:34:48,277.009,idle,1,AF7+AF8,2336.4,969.7,343.8,285.73,203.71,,,,,,,,
2026-06-26T11:34:49,278.018,idle,1,AF7+AF8,3655.2,3116.3,755.03,345.39,116.85,,,,,,,,
2026-06-26T11:34:50,279.027,idle,1,AF7+AF8,5038.8,1333.5,370.03,217.33,106.58,,,,,,,,
2026-06-26T11:34:51,280.033,idle,1,AF7+AF8,6507.2,605.08,209.6,239.11,186.27,,,,,,,,
2026-06-26T11:34:52,281.045,idle,1,AF7+AF8,2536.4,441.54,115.38,349.87,176.99,,,,,,,,
2026-06-26T11:34:53,282.051,idle,1,AF7+AF8,4427.6,780.78,207.35,540.09,148.87,,,,,,,,
2026-06-26T11:34:54,283.055,idle,1,AF7+AF8,2351.8,425.19,197.05,264.94,249.81,,,,,,,,
2026-06-26T11:34:55,284.062,idle,1,AF7+AF8,512.75,90.558,49.903,125.31,192.01,,,,,,,,
2026-06-26T11:34:56,285.069,idle,1,AF7+AF8,116.21,69.119,31.915,105.46,115.34,,,,,,,,
2026-06-26T11:34:57,286.078,idle,1,AF7+AF8,104.81,27.038,16.174,74.934,47.108,,,,,,,,
2026-06-26T11:34:58,287.089,idle,1,AF7+AF8,148.93,42.076,19.65,61.217,42.27,,,,,,,,
2026-06-26T11:34:59,288.099,idle,1,AF7+AF8,119.61,36.65,16.04,59.367,42.802,,,,,,,,
2026-06-26T11:35:00,289.108,idle,1,AF7+AF8,201.11,21.768,16.821,82.886,51.595,,,,,,,,
2026-06-26T11:35:01,290.117,idle,1,AF7+AF8,137.32,33.163,13.762,67.002,48.076,,,,,,,,
2026-06-26T11:35:02,291.128,idle,1,AF7+AF8,73.509,62.933,15.001,40.826,35.966,,,,,,,,
2026-06-26T11:35:03,292.135,idle,1,AF7+AF8,255.99,283.03,45.182,55.007,35.917,,,,,,,,
2026-06-26T11:35:04,293.140,idle,1,AF7+AF8,428.94,199.64,63.049,71.496,50.948,,,,,,,,
2026-06-26T11:35:05,294.146,idle,1,AF7+AF8,593.85,113.74,53.925,94.535,80.802,,,,,,,,
2026-06-26T11:35:06,295.156,idle,1,AF7+AF8,144.42,32.741,13.819,82.087,67.737,,,,,,,,
2026-06-26T11:35:07,296.165,idle,1,AF7+AF8,74.402,18.765,9.564,85.453,69.633,,,,,,,,
2026-06-26T11:35:08,297.175,idle,1,AF7+AF8,50.064,40.8,24.844,107.36,84.171,,,,,,,,
2026-06-26T11:35:09,298.184,idle,1,AF7+AF8,77.416,58.925,33.314,126.5,168.44,,,,,,,,
2026-06-26T11:35:10,299.195,idle,1,AF7+AF8,101.42,44.202,20.107,114.83,114.04,,,,,,,,
2026-06-26T11:35:11,300.205,idle,1,AF7+AF8,273.26,115.36,36.224,99.841,73.774,,,,,,,,
2026-06-26T11:35:12,301.211,idle,1,AF7+AF8,143.48,68.703,23.186,67.57,54.5,,,,,,,,
2026-06-26T11:35:13,302.217,idle,1,AF7+AF8,24.391,12.752,7.6246,52.468,33.11,,,,,,,,
2026-06-26T11:35:14,303.223,idle,1,AF7+AF8,91.519,22.948,11.479,61.801,38.363,,,,,,,,
2026-06-26T11:35:15,304.232,idle,1,AF7+AF8,140.15,28.931,20.017,57.464,37.068,,,,,,,,
2026-06-26T11:35:16,305.241,idle,1,AF7+AF8,62.63,36.856,18.815,50.622,38.332,,,,,,,,
2026-06-26T11:35:17,306.250,idle,1,AF7+AF8,96.926,58.395,29.17,38.642,24.043,,,,,,,,
2026-06-26T11:35:18,307.260,idle,1,AF7+AF8,56.032,41.501,25.398,29.585,25.656,,,,,,,,
2026-06-26T11:35:19,308.270,idle,1,AF7+AF8,45.369,18.052,12.671,46.692,37.428,,,,,,,,
2026-06-26T11:35:20,309.275,idle,1,AF7+AF8,57.803,12.953,8.9217,70.659,37.932,,,,,,,,
2026-06-26T11:35:21,310.279,idle,1,AF7+AF8,65.241,17.553,13.407,96.455,45.737,,,,,,,,
2026-06-26T11:35:22,311.285,idle,1,AF7+AF8,85.491,29.5,20.68,116.86,57.06,,,,,,,,
2026-06-26T11:35:23,312.291,idle,1,AF7+AF8,32.586,20.751,16.764,93.879,60.345,,,,,,,,
2026-06-26T11:35:24,313.297,idle,1,AF7+AF8,31.817,13.59,14.453,82.222,59.485,,,,,,,,
2026-06-26T11:35:25,314.305,idle,1,AF7+AF8,45.926,16.54,31.041,86.46,66.235,,,,,,,,
2026-06-26T11:35:26,315.309,idle,1,AF7+AF8,89.57,35.932,41.799,87.225,59.323,,,,,,,,
2026-06-26T11:35:27,316.313,idle,1,AF7+AF8,61.476,30.039,17.799,58.524,42.051,,,,,,,,
2026-06-26T11:35:28,317.323,idle,1,AF7+AF8,50.098,20.997,14.85,67.106,38.836,,,,,,,,
2026-06-26T11:35:29,318.326,idle,1,AF7+AF8,47.624,15.853,9.7267,70.979,44.687,,,,,,,,
2026-06-26T11:35:30,319.336,idle,1,AF7+AF8,54.41,12.968,5.746,62.366,56.055,,,,,,,,
2026-06-26T11:35:31,320.345,idle,1,AF7+AF8,73.499,20.216,11.507,80.172,61.224,,,,,,,,
2026-06-26T11:35:32,321.352,idle,1,AF7+AF8,3229.4,493.94,79.241,117.22,73.194,,,,,,,,
2026-06-26T11:35:33,322.358,idle,1,AF7+AF8,4162.9,555.97,78.482,97.502,77.679,,,,,,,,
2026-06-26T11:35:34,323.364,idle,1,AF7+AF8,304.21,51.637,12.784,55.739,40.201,,,,,,,,
2026-06-26T11:35:35,324.372,idle,1,AF7+AF8,367.27,219.55,28.113,70.812,47.876,,,,,,,,
2026-06-26T11:35:36,325.381,idle,1,AF7+AF8,955.42,288.91,49.657,79.479,71.517,,,,,,,,
2026-06-26T11:35:37,326.392,idle,1,AF7+AF8,542.36,99.881,36.262,51.36,50.064,,,,,,,,
2026-06-26T11:35:38,327.402,idle,1,AF7+AF8,100.75,33.374,15.052,41.228,50.358,,,,,,,,
2026-06-26T11:35:39,328.409,idle,1,AF7+AF8,68.859,33.057,20.081,52.133,48.789,,,,,,,,
2026-06-26T11:35:40,329.419,idle,1,AF7+AF8,45.699,31.222,14.585,49.257,35.424,,,,,,,,
2026-06-26T11:35:41,330.423,idle,1,AF7+AF8,31.168,20.82,8.4087,72.401,52.41,,,,,,,,
2026-06-26T11:35:42,331.429,idle,1,AF7+AF8,779.81,194.77,20.585,128.31,69.818,,,,,,,,
2026-06-26T11:35:43,332.435,idle,1,AF7+AF8,1016.4,234.16,27.466,144.4,75.839,,,,,,,,
2026-06-26T11:35:44,333.441,idle,1,AF7+AF8,592.48,86.706,23.653,100.89,61.902,,,,,,,,
2026-06-26T11:35:45,334.449,idle,1,AF7+AF8,438.89,73.56,27.346,113.17,61.454,,,,,,,,
2026-06-26T11:35:46,335.459,idle,1,AF7+AF8,648.44,136.47,35.398,144.35,97.778,,,,,,,,
2026-06-26T11:35:47,336.469,idle,1,AF7+AF8,3296.3,462.55,126.87,156.96,92.924,,,,,,,,
2026-06-26T11:35:48,337.478,idle,1,AF7+AF8,2913.9,451.78,79.592,117.11,74.714,,,,,,,,
2026-06-26T11:35:49,338.487,idle,1,AF7+AF8,1326.6,360.87,50.446,150.77,119.61,,,,,,,,
2026-06-26T11:35:50,339.496,idle,1,AF7+AF8,857.85,203.83,41.872,143.35,95.746,,,,,,,,
2026-06-26T11:35:51,340.504,idle,1,AF7+AF8,193.19,54.538,26.561,75.477,44.987,,,,,,,,
2026-06-26T11:35:52,341.508,idle,1,AF7+AF8,164.75,54.2,23.77,92.046,56.745,,,,,,,,
2026-06-26T11:35:53,342.514,idle,1,AF7+AF8,638.58,134.39,27.752,116.09,83.291,,,,,,,,
2026-06-26T11:35:54,343.521,idle,1,AF7+AF8,330.88,64.94,16.296,80.423,72.749,,,,,,,,
2026-06-26T11:35:55,344.528,idle,1,AF7+AF8,42.908,33.771,13.483,54.449,49.362,,,,,,,,
2026-06-26T11:35:56,345.536,idle,1,AF7+AF8,110.03,44.27,20.817,61.609,48.198,,,,,,,,
2026-06-26T11:35:57,346.549,idle,1,AF7+AF8,310.85,44.667,20.179,37.803,28.839,,,,,,,,
2026-06-26T11:35:58,347.560,idle,1,AF7+AF8,756.78,74.492,33.935,42.629,32.724,,,,,,,,
2026-06-26T11:35:59,348.567,idle,1,AF7+AF8,393.04,44.172,26.498,42.546,39.843,,,,,,,,
2026-06-26T11:36:00,349.578,baseline_rest,1,AF7+AF8,75.437,29.195,26.112,34.905,32.474,,,,,,,,
2026-06-26T11:36:01,350.579,baseline_rest,1,AF7+AF8,39.376,18.256,12.057,44.033,48.056,,,,,,,,
2026-06-26T11:36:02,351.585,baseline_rest,1,AF7+AF8,48.488,23.392,11.158,38.113,31.371,,,,,,,,
2026-06-26T11:36:03,352.590,baseline_rest,1,AF7+AF8,57.676,23.565,9.7421,23.998,18.595,,,,,,,,
2026-06-26T11:36:04,353.598,baseline_rest,1,AF7+AF8,48.967,23.33,8.541,22.941,15.274,,,,,,,,
2026-06-26T11:36:05,354.605,baseline_rest,1,AF7+AF8,30.309,14.129,8.4768,26.67,20.999,,,,,,,,
2026-06-26T11:36:06,355.611,baseline_rest,1,AF7+AF8,18.479,9.0903,7.4208,28.984,23.27,,,,,,,,
2026-06-26T11:36:07,356.629,baseline_rest,1,AF7+AF8,10.325,10.164,4.5089,29.909,16.818,,,,,,,,
2026-06-26T11:36:09,357.640,baseline_rest,1,AF7+AF8,15.035,13.163,5.0423,23.494,19.978,,,,,,,,
2026-06-26T11:36:10,358.650,baseline_rest,1,AF7+AF8,20.095,12.943,11.219,23.892,18.872,,,,,,,,
2026-06-26T11:36:11,359.658,baseline_rest,1,AF7+AF8,42.249,41.367,15.429,26.427,20.666,,,,,,,,
2026-06-26T11:36:12,360.663,baseline_rest,1,AF7+AF8,61.364,56.782,9.708,35.718,26.654,,,,,,,,
2026-06-26T11:36:13,361.669,baseline_rest,1,AF7+AF8,45.989,26.928,8.7407,34.255,25.412,,,,,,,,
2026-06-26T11:36:14,362.675,baseline_rest,1,AF7+AF8,38.862,12.816,7.587,30.123,21.052,,,,,,,,
2026-06-26T11:36:15,363.684,baseline_rest,1,AF7+AF8,29.744,8.7004,8.4266,33.79,24.549,,,,,,,,
2026-06-26T11:36:16,364.691,baseline_rest,1,AF7+AF8,54.982,16.538,5.783,37.085,29.798,,,,,,,,
2026-06-26T11:36:17,365.697,baseline_rest,1,AF7+AF8,72.842,16.02,5.2544,36.918,27.218,,,,,,,,
2026-06-26T11:36:18,366.704,baseline_rest,1,AF7+AF8,66.298,23.463,6.7218,34.864,24.806,,,,,,,,
2026-06-26T11:36:19,367.713,baseline_rest,1,AF7+AF8,94.067,25.584,5.4127,26.538,21.095,,,,,,,,
2026-06-26T11:36:20,368.721,baseline_rest,1,AF7+AF8,83.484,23.297,5.873,30.078,22.545,,,,,,,,
2026-06-26T11:36:21,369.727,idle,1,AF7+AF8,45.223,27.927,9.2843,27.515,24.082,,,,,,,,
2026-06-26T11:36:22,370.729,idle,1,AF7+AF8,31.998,14.551,5.7151,27.729,19.02,,,,,,,,
2026-06-26T11:36:23,371.735,baseline_active,1,AF7+AF8,21.597,12.155,4.2031,30.081,17.057,,,,,,,,
2026-06-26T11:36:24,372.744,baseline_active,1,AF7+AF8,49.635,18.488,4.8257,32.977,26.305,,,,,,,,
2026-06-26T11:36:25,373.753,baseline_active,1,AF7+AF8,1422.9,468.59,40.293,45.114,45.116,,,,,,,,
2026-06-26T11:36:26,374.761,baseline_active,1,AF7+AF8,3684.3,861.98,77.378,70.648,82.266,,,,,,,,
2026-06-26T11:36:27,375.768,baseline_active,1,AF7+AF8,4961.1,859.44,261.7,208.77,90.058,,,,,,,,
2026-06-26T11:36:28,376.775,baseline_active,1,AF7+AF8,5285.3,941.59,265.25,227.76,98.937,,,,,,,,
2026-06-26T11:36:29,377.786,baseline_active,1,AF7+AF8,4753.2,505.34,53.757,160.59,328.73,,,,,,,,
2026-06-26T11:36:30,378.792,baseline_active,1,AF7+AF8,5363.8,477.04,58.093,274.74,588.33,,,,,,,,
2026-06-26T11:36:31,379.796,baseline_active,1,AF7+AF8,1022.6,268.99,63.123,260.33,486.17,,,,,,,,
2026-06-26T11:36:32,380.801,baseline_active,1,AF7+AF8,556.29,118.97,33.462,199.61,278.18,,,,,,,,
2026-06-26T11:36:33,381.811,baseline_active,1,AF7+AF8,1410.6,110.58,29.612,167.52,181.37,,,,,,,,
2026-06-26T11:36:34,382.817,baseline_active,1,AF7+AF8,778.93,53.27,20.548,105.94,108.52,,,,,,,,
2026-06-26T11:36:35,383.827,baseline_active,1,AF7+AF8,84.317,33.447,11.172,54.248,61.357,,,,,,,,
2026-06-26T11:36:36,384.836,baseline_active,1,AF7+AF8,723.29,428.99,36.028,45.083,67.895,,,,,,,,
2026-06-26T11:36:37,385.842,baseline_active,1,AF7+AF8,880.64,420.85,32.87,55.903,60.172,,,,,,,,
2026-06-26T11:36:38,386.848,baseline_active,1,AF7+AF8,159.94,24.415,8.0851,35.768,32.543,,,,,,,,
2026-06-26T11:36:39,387.854,baseline_active,1,AF7+AF8,43.577,16.679,6.4023,32.278,31.741,,,,,,,,
2026-06-26T11:36:40,388.858,baseline_active,1,AF7+AF8,437.11,66.002,13.11,47.789,33.045,,,,,,,,
2026-06-26T11:36:41,389.864,baseline_active,1,AF7+AF8,1365.9,173.36,20.001,44.529,39.557,,,,,,,,
2026-06-26T11:36:42,390.874,baseline_active,1,AF7+AF8,455.4,60.42,13.175,34.97,25.668,,,,,,,,
2026-06-26T11:36:43,391.884,baseline_active,1,AF7+AF8,849.87,86.269,25.427,42.764,34.355,,,,,,,,
2026-06-26T11:36:44,392.894,baseline_active,1,AF7+AF8,2676.5,159.49,48.874,99.222,93.367,,,,,,,,
2026-06-26T11:36:45,393.900,baseline_active,1,AF7+AF8,1066.8,95.583,48.421,118.12,102.92,,,,,,,,
2026-06-26T11:36:46,394.907,baseline_active,1,AF7+AF8,505.03,70.742,42.759,95.3,89.953,,,,,,,,
2026-06-26T11:36:47,395.913,baseline_active,1,AF7+AF8,279.37,83.851,43.822,92.045,118.64,,,,,,,,
2026-06-26T11:36:48,396.920,baseline_active,1,AF7+AF8,95.447,45.247,18.376,84.059,108.62,,,,,,,,
2026-06-26T11:36:49,397.925,baseline_active,1,AF7+AF8,976.69,211.29,95.812,113.73,129.67,,,,,,,,
2026-06-26T11:36:50,398.929,baseline_active,1,AF7+AF8,5232.7,974.49,463.67,256.28,267.21,,,,,,,,
2026-06-26T11:36:51,399.940,baseline_active,1,AF7+AF8,12781,1221.9,578.67,379.95,416.82,,,,,,,,
2026-06-26T11:36:52,400.951,baseline_active,1,AF7+AF8,17059,1388.6,741.51,340.57,384.07,,,,,,,,
2026-06-26T11:36:53,401.962,baseline_active,1,AF7+AF8,2815.8,379.72,141.98,144.63,174.14,,,,,,,,
2026-06-26T11:36:54,402.974,baseline_active,1,AF7+AF8,71.314,48.267,22.7,78.654,77.221,,,,,,,,
2026-06-26T11:36:55,403.985,baseline_active,1,AF7+AF8,285.55,32.953,26.779,120.13,90.684,,,,,,,,
2026-06-26T11:36:56,404.995,baseline_active,1,AF7+AF8,2200.1,131.49,53.772,125.12,102.49,,,,,,,,
2026-06-26T11:36:57,406.003,baseline_active,1,AF7+AF8,4309.3,297.19,126.41,124.31,87.004,,,,,,,,
2026-06-26T11:36:58,407.006,baseline_active,1,AF7+AF8,917.64,89.506,61.343,77.87,33.801,,,,,,,,
2026-06-26T11:36:59,408.008,baseline_active,1,AF7+AF8,118.34,44.503,25.321,43.275,22.497,,,,,,,,
2026-06-26T11:37:00,409.019,baseline_active,1,AF7+AF8,142.77,49.415,27.54,37.864,34.363,,,,,,,,
2026-06-26T11:37:01,410.027,baseline_active,1,AF7+AF8,26.452,17.071,15.156,37.22,33.105,,,,,,,,
2026-06-26T11:37:02,411.037,baseline_active,1,AF7+AF8,32.009,59.666,20.273,33.734,28.539,,,,,,,,
2026-06-26T11:37:03,412.047,baseline_active,1,AF7+AF8,59.784,103.63,22.713,41.453,21.967,,,,,,,,
2026-06-26T11:37:04,413.056,baseline_active,1,AF7+AF8,149.85,39.256,21.806,54.746,31.464,,,,,,,,
2026-06-26T11:37:05,414.066,baseline_active,1,AF7+AF8,344.81,30.065,27.684,69.522,44.948,,,,,,,,
2026-06-26T11:37:06,415.072,baseline_active,1,AF7+AF8,124.54,25.338,15.275,61.097,44.817,,,,,,,,
2026-06-26T11:37:07,416.077,baseline_active,1,AF7+AF8,249.05,33.537,25.058,51.203,35.182,,,,,,,,
2026-06-26T11:37:08,417.078,baseline_active,1,AF7+AF8,198.48,43.378,48.847,43.004,35.114,,,,,,,,
2026-06-26T11:37:09,418.088,baseline_active,1,AF7+AF8,208.71,89.477,36.555,57.367,46.128,,,,,,,,
2026-06-26T11:37:10,419.093,baseline_active,1,AF7+AF8,295.85,121.53,40.153,77.781,68.723,,,,,,,,
2026-06-26T11:37:11,420.097,baseline_active,1,AF7+AF8,184.98,54.709,30.946,71.994,51.488,,,,,,,,
2026-06-26T11:37:12,421.103,baseline_active,1,AF7+AF8,174.2,34.094,17.148,46.487,34.377,,,,,,,,
2026-06-26T11:37:13,422.107,baseline_active,1,AF7+AF8,133.72,27.773,12.095,42.016,30.965,,,,,,,,
2026-06-26T11:37:14,423.117,baseline_active,1,AF7+AF8,263.94,57.675,19.702,29.788,22.782,,,,,,,,
2026-06-26T11:37:15,424.124,baseline_active,1,AF7+AF8,198.65,57.134,24.832,27.778,21.268,,,,,,,,
2026-06-26T11:37:16,425.130,baseline_active,1,AF7+AF8,100.73,46.129,26.55,34.957,31.542,,,,,,,,
2026-06-26T11:37:17,426.132,baseline_active,1,AF7+AF8,66.671,47.54,14.523,37.642,45.171,,,,,,,,
2026-06-26T11:37:18,427.142,baseline_active,1,AF7+AF8,82.029,53.43,9.5635,30.959,33.47,,,,,,,,
2026-06-26T11:37:19,428.155,baseline_active,1,AF7+AF8,114.4,44.874,15.165,27.768,20.977,,,,,,,,
2026-06-26T11:37:20,429.165,baseline_active,1,AF7+AF8,236.27,84.353,24.154,43.255,28.486,,,,,,,,
2026-06-26T11:37:21,430.170,baseline_active,1,AF7+AF8,203.92,88.441,17.946,51.346,32.066,,,,,,,,
2026-06-26T11:37:22,431.181,baseline_active,1,AF7+AF8,75.649,39.743,12.463,37.766,41.268,,,,,,,,
2026-06-26T11:37:23,432.193,baseline_active,1,AF7+AF8,112.33,21.097,12.862,32.969,38.883,,,,,,,,
2026-06-26T11:37:24,433.198,baseline_active,1,AF7+AF8,133.21,28.962,16.999,26.228,25.12,,,,,,,,
2026-06-26T11:37:25,434.204,baseline_active,1,AF7+AF8,45.45,24.677,17.025,43.928,46.923,,,,,,,,
2026-06-26T11:37:26,435.209,baseline_active,1,AF7+AF8,39.559,17.718,9.1118,58.695,46.951,,,,,,,,
2026-06-26T11:37:27,436.215,baseline_active,1,AF7+AF8,50.895,22.658,8.2745,32.481,19.626,,,,,,,,
2026-06-26T11:37:28,437.225,baseline_active,1,AF7+AF8,30.775,26.271,7.9349,22.791,17.252,,,,,,,,
2026-06-26T11:37:29,438.232,baseline_active,1,AF7+AF8,20.517,14.945,6.5578,32.155,18.518,,,,,,,,
2026-06-26T11:37:30,439.236,baseline_active,1,AF7+AF8,490.19,36.966,14.455,56.069,25.804,,,,,,,,
2026-06-26T11:37:31,440.248,baseline_active,1,AF7+AF8,3265.4,230.3,34.166,133.01,63.114,,,,,,,,
2026-06-26T11:37:32,441.257,baseline_active,1,AF7+AF8,24117,2373.9,109.69,211.87,95.726,,,,,,,,
2026-06-26T11:37:33,442.265,baseline_active,1,AF7+AF8,16949,1568.1,86.162,159.28,47.546,,,,,,,,
2026-06-26T11:37:34,443.268,baseline_active,1,AF7+AF8,2399.3,166.65,102.43,96.021,32.324,,,,,,,,
2026-06-26T11:37:35,444.274,baseline_active,1,AF7+AF8,3498.6,246.39,138.63,84.507,45.909,,,,,,,,
2026-06-26T11:37:36,445.277,baseline_active,1,AF7+AF8,695.09,123.5,38.35,63.271,34.402,,,,,,,,
2026-06-26T11:37:37,446.287,baseline_active,1,AF7+AF8,6970.5,554.65,152.94,71.485,35.916,,,,,,,,
2026-06-26T11:37:38,447.297,baseline_active,1,AF7+AF8,9827.2,874.75,228.72,79.641,35.705,,,,,,,,
2026-06-26T11:37:39,448.303,baseline_active,1,AF7+AF8,1542.6,251.51,62.509,67.281,36.449,,,,,,,,
2026-06-26T11:37:40,449.313,baseline_active,1,AF7+AF8,295.09,118.13,17.492,38.558,49.821,,,,,,,,
2026-06-26T11:37:41,450.322,baseline_active,1,AF7+AF8,72.385,58.427,15.572,25.133,38.856,,,,,,,,
2026-06-26T11:37:42,451.333,baseline_active,1,AF7+AF8,55.596,20.408,12.065,25.125,20.682,,,,,,,,
2026-06-26T11:37:43,452.336,baseline_active,1,AF7+AF8,947.85,123.06,21.408,37.753,21.267,,,,,,,,
2026-06-26T11:37:44,453.342,baseline_active,1,AF7+AF8,19317,1439.8,198.39,92.795,56.015,,,,,,,,
2026-06-26T11:37:45,454.344,baseline_active,1,AF7+AF8,15431,900.32,136.48,84.255,51.007,,,,,,,,
2026-06-26T11:37:46,455.351,baseline_active,1,AF7+AF8,574.91,49.636,18.234,44.689,42.356,,,,,,,,
2026-06-26T11:37:47,456.358,baseline_active,1,AF7+AF8,173.2,32.112,12.408,45.207,36.897,,,,,,,,
2026-06-26T11:37:48,457.362,baseline_active,1,AF7+AF8,3902.7,966.94,70.372,96.641,55.155,,,,,,,,
2026-06-26T11:37:49,458.376,baseline_active,1,AF7+AF8,6823.1,1579.2,98.315,175.41,113.49,,,,,,,,
2026-06-26T11:37:50,459.386,baseline_active,1,AF7+AF8,1238.5,266.07,27.735,156.71,129.6,,,,,,,,
2026-06-26T11:37:51,460.395,baseline_active,1,AF7+AF8,3739.1,826.67,90.742,216.54,457.28,,,,,,,,
2026-06-26T11:37:52,461.400,baseline_active,1,AF7+AF8,2870.5,652.47,85.142,197.25,352.62,,,,,,,,
2026-06-26T11:37:53,462.402,baseline_active,1,AF7+AF8,405.4,95.128,32.184,187.74,174.08,,,,,,,,
2026-06-26T11:37:54,463.408,baseline_active,1,AF7+AF8,1420.9,166.91,58.14,298.69,468.07,,,,,,,,
2026-06-26T11:37:55,464.417,baseline_active,1,AF7+AF8,869.92,170.04,41.434,278.05,415.04,,,,,,,,
2026-06-26T11:37:56,465.427,baseline_active,1,AF7+AF8,1019.1,328.85,52.666,154.8,161.66,,,,,,,,
2026-06-26T11:37:57,466.436,baseline_active,1,AF7+AF8,841.66,174.68,37.029,65.791,71.243,,,,,,,,
2026-06-26T11:37:58,467.443,baseline_active,1,AF7+AF8,123.46,24.817,8.4784,31.045,29.539,,,,,,,,
2026-06-26T11:37:59,468.450,baseline_active,1,AF7+AF8,60.72,16.395,7.5283,32.954,28.182,,,,,,,,
2026-06-26T11:38:00,469.458,baseline_active,1,AF7+AF8,55.399,20.293,8.3439,41.621,30.256,,,,,,,,
2026-06-26T11:38:01,470.469,active,1,AF7+AF8,5494.4,547.11,11.914,109.09,59.416,0.59779,-0.42631,0.10229,0.53942,0.49261,0.57517,,
2026-06-26T11:38:02,471.475,active,1,AF7+AF8,12515,1100.7,26.511,196.61,136.02,1.7244,-0.32392,1.0143,0.61255,0.48295,0.67154,,
2026-06-26T11:38:03,472.480,active,1,AF7+AF8,1664.7,156.98,17.736,97.337,74.278,-0.19596,-0.37946,0.056603,0.60556,0.5121,0.6537,,
2026-06-26T11:38:04,473.490,active,1,AF7+AF8,509.14,126.9,19.708,97.28,51.849,-0.26732,-0.35058,0.091163,0.59949,0.53165,0.63651,,
2026-06-26T11:38:05,474.502,active,1,AF7+AF8,976.52,209.71,27.886,89.969,76.868,-0.12145,-0.28341,0.0087524,0.59193,0.52981,0.62256,,
2026-06-26T11:38:06,475.509,active,1,AF7+AF8,629.41,148.25,30.676,87.957,92.206,-0.23012,-0.23675,0.015139,0.58467,0.53029,0.60795,,
2026-06-26T11:38:07,476.516,active,1,AF7+AF8,757.19,122.05,34.059,109.94,122.92,-0.27839,-0.20972,0.33083,0.58257,0.55746,0.59396,,
2026-06-26T11:38:08,477.523,active,1,AF7+AF8,187.25,55.106,22.993,84.714,61.863,-0.40612,-0.3571,-0.01501,0.57778,0.55641,0.58195,,
2026-06-26T11:38:09,478.530,active,1,AF7+AF8,704.04,254.31,27.521,78.717,59.241,-3.1481e-05,-0.3302,0.015584,0.57362,0.54988,0.57706,,
2026-06-26T11:38:10,479.540,active,1,AF7+AF8,1402.9,373.78,50.58,118.84,120.12,0.18465,0.023034,0.52885,0.57233,0.54904,0.57024,,
2026-06-26T11:38:11,480.546,active,1,AF7+AF8,1947.9,414.89,59.641,157.67,153.42,0.21156,0.26457,0.96428,0.58088,0.57541,0.56101,,
2026-06-26T11:38:12,481.551,active,1,AF7+AF8,721.98,166.89,19.999,69.225,63.004,-0.18909,-0.34041,-0.14658,0.57408,0.567,0.55596,,
2026-06-26T11:38:13,482.562,active,1,AF7+AF8,7243.6,2136.4,304.47,124.16,43.19,2.9715,4.108,0.61481,0.52301,0.5272,0.53264,,
2026-06-26T11:38:14,483.570,active,1,AF7+AF8,33781,8055.3,1036.8,374.6,113.04,12.76,14.696,3.9911,0.46081,0.46542,0.50175,,
2026-06-26T11:38:15,484.576,active,1,AF7+AF8,18144,3249.7,451.44,207.83,119.08,5.1515,4.5226,1.5182,0.42737,0.42635,0.54748,,
2026-06-26T11:38:16,485.586,active,1,AF7+AF8,2388,311.44,61.767,69.339,43.628,0.050953,-0.023528,-0.26869,0.45258,0.44662,0.5429,,
2026-06-26T11:38:17,486.592,active,1,AF7+AF8,1964.6,131.2,28.493,80.583,52.996,-0.24717,-0.21397,-0.12372,0.4878,0.4879,0.53726,,
2026-06-26T11:38:18,487.601,active,1,AF7+AF8,2483,162.28,34.992,96.624,59.905,-0.18712,-0.054493,0.092837,0.50617,0.51612,0.5308,,
2026-06-26T11:38:19,488.608,active,1,AF7+AF8,192.54,30.547,15.025,86.428,35.491,-0.45444,-0.36887,-0.10253,0.52241,0.53277,0.52582,Easy,
2026-06-26T11:38:20,489.614,active,1,AF7+AF8,24.01,11.505,10.72,90.228,40.778,-0.49009,-0.42703,-0.11288,0.53248,0.54132,0.52177,Easy,
2026-06-26T11:38:21,490.615,active,1,AF7+AF8,98.305,12.848,9.3744,80.449,44.236,-0.4878,-0.45486,-0.20112,0.53238,0.54065,0.51867,Easy,
2026-06-26T11:38:22,491.620,active,1,AF7+AF8,180.84,16.896,14.761,71.691,51.448,-0.48067,-0.42878,-0.2492,0.53119,0.53924,0.51565,Easy,
2026-06-26T11:38:23,492.630,active,1,AF7+AF8,45.56,13.895,16.185,68.115,53.856,-0.48603,-0.42796,-0.24619,0.53017,0.53813,0.5129,Easy,
2026-06-26T11:38:25,493.638,active,1,AF7+AF8,67.912,14.674,13.298,78.35,42.033,-0.48375,-0.44644,-0.17444,0.53244,0.5384,0.51079,Easy,
2026-06-26T11:38:26,494.645,active,1,AF7+AF8,38.381,12.264,9.607,74.25,40.939,-0.48886,-0.4722,-0.23919,0.53204,0.53753,0.50925,Easy,
2026-06-26T11:38:27,495.651,active,1,AF7+AF8,35.618,18.699,10.103,69.795,55.831,-0.4776,-0.44517,-0.28022,0.53066,0.53599,0.50765,Easy,
2026-06-26T11:38:28,496.653,active,1,AF7+AF8,181.07,35.031,14.652,57.192,44.653,-0.44632,-0.40169,-0.39626,0.52707,0.53242,0.50606,Easy,
2026-06-26T11:38:29,497.660,active,1,AF7+AF8,231.57,47.357,17.935,48.328,29.364,-0.42124,-0.3568,-0.49487,0.52175,0.52743,0.50437,Easy,
2026-06-26T11:38:30,498.666,active,1,AF7+AF8,2268,486.29,47.643,71.049,54.181,0.4649,-0.067362,-0.20953,0.51701,0.51411,0.54143,Easy,
2026-06-26T11:38:31,499.670,active,1,AF7+AF8,3028.5,655.67,51.796,103.56,94.735,0.80341,-0.044019,0.18344,0.52384,0.50319,0.5792,Easy,
2026-06-26T11:38:32,500.680,active,1,AF7+AF8,282.84,67.028,13.094,87.736,68.681,-0.38265,-0.39736,-0.047199,0.53573,0.52638,0.56991,Easy,
2026-06-26T11:38:33,501.683,active,1,AF7+AF8,2500.4,286.49,47.448,190.58,228.51,-0.03741,0.14434,1.3739,0.60371,0.61221,0.5588,Easy,solved:12.9
2026-06-26T11:38:34,502.692,active,1,AF7+AF8,3940.2,606.71,101.25,357.89,595.47,0.47601,0.98814,3.6389,0.71553,0.74253,0.5441,Easy,
2026-06-26T11:38:35,503.702,active,1,AF7+AF8,293.32,102.78,40.355,222.79,301.23,-0.3378,-0.095181,1.7516,0.71565,0.7422,0.53518,Easy,
2026-06-26T11:38:36,504.708,active,1,AF7+AF8,27.665,17.121,21.33,100.9,105.84,-0.47907,-0.35187,0.12102,0.69683,0.72207,0.52905,Easy,
2026-06-26T11:38:37,505.718,active,1,AF7+AF8,23.494,10.368,8.366,68.246,58.497,-0.49304,-0.44187,-0.28371,0.67559,0.69856,0.52479,Easy,
2026-06-26T11:38:38,506.724,active,1,AF7+AF8,14.457,10.816,8.9495,46.349,40.978,-0.49312,-0.44245,-0.50084,0.65364,0.67461,0.52106,Easy,
2026-06-26T11:38:39,507.730,active,1,AF7+AF8,68.213,33.143,10.783,45.961,37.444,-0.45103,-0.44276,-0.49534,0.63441,0.653,0.51841,Easy,
2026-06-26T11:38:40,508.739,active,1,AF7+AF8,1951.9,147.64,70.099,161.93,144.4,-0.25372,0.12472,0.84175,0.62893,0.65067,0.51054,Easy,
2026-06-26T11:38:41,509.749,active,1,AF7+AF8,3386.6,353.98,117.02,411.35,620.27,0.073564,0.5366,4.0303,0.7625,0.78737,0.50236,Easy,
2026-06-26T11:38:42,510.759,active,1,AF7+AF8,384.1,111.27,32.714,312.02,660.38,-0.32672,-0.2272,2.9297,0.80239,0.8165,0.50058,Easy,
2026-06-26T11:38:43,511.765,active,1,AF7+AF8,41.809,15.834,10.359,163.71,316.42,-0.48383,-0.43058,1.0578,0.78745,0.80057,0.49972,Medium,
2026-06-26T11:38:44,512.767,active,1,AF7+AF8,76.716,15.648,7.3651,170.76,161.63,-0.48517,-0.4636,1.0278,0.77435,0.78617,0.49943,Medium,
2026-06-26T11:38:45,513.777,active,1,AF7+AF8,234.31,30.518,12.067,138.54,72.235,-0.459,-0.38466,0.57563,0.75556,0.76701,0.49838,Medium,
2026-06-26T11:38:46,514.778,active,1,AF7+AF8,86.469,23.66,8.7157,62.418,26.797,-0.46942,-0.43489,-0.30488,0.72684,0.73744,0.49806,Medium,
2026-06-26T11:38:47,515.784,active,1,AF7+AF8,151.91,33.516,10.292,49.217,27.658,-0.4547,-0.40722,-0.47251,0.69864,0.70868,0.49758,Medium,
2026-06-26T11:38:48,516.787,active,1,AF7+AF8,230.71,50.605,14.712,49.223,32.643,-0.42115,-0.36427,-0.47976,0.67307,0.68276,0.49701,Medium,
2026-06-26T11:38:49,517.797,active,1,AF7+AF8,138.4,33.698,11.072,47.675,31.157,-0.44564,-0.4298,-0.5053,0.65117,0.65993,0.49762,Medium,
2026-06-26T11:38:50,518.807,active,1,AF7+AF8,171.83,20.654,10.001,48.997,23.707,-0.47364,-0.44089,-0.4995,0.63215,0.64035,0.49741,Medium,
2026-06-26T11:38:51,519.814,active,1,AF7+AF8,2207.3,159.76,37.073,107.2,76.031,-0.19209,-0.20388,0.15894,0.62172,0.62876,0.49985,Medium,
2026-06-26T11:38:52,520.824,active,1,AF7+AF8,5485.3,290.23,56.746,184.52,159.81,0.07432,-0.031793,1.133,0.63366,0.6291,0.5079,Medium,
2026-06-26T11:38:53,521.833,active,1,AF7+AF8,861.98,42.355,13.855,103.55,88.351,-0.42791,-0.40365,0.21909,0.62689,0.62323,0.50658,Medium,
2026-06-26T11:38:54,522.842,active,1,AF7+AF8,111.21,16.137,12.251,79.35,58.089,-0.48195,-0.42811,-0.098073,0.6166,0.61419,0.50499,Medium,
2026-06-26T11:38:55,523.848,active,1,AF7+AF8,766.74,126.56,31.166,56.777,39.421,-0.2693,-0.25318,-0.38255,0.60067,0.59879,0.50415,Medium,
2026-06-26T11:38:56,524.854,active,1,AF7+AF8,631,116.75,26.983,38.479,29.013,-0.28266,-0.30679,-0.57191,0.58462,0.5826,0.50401,Medium,
2026-06-26T11:38:57,525.864,active,1,AF7+AF8,6296.8,304.96,70.832,70.762,63.826,0.089726,-0.10161,-0.21003,0.57284,0.5682,0.51594,Medium,
2026-06-26T11:38:58,526.874,active,1,AF7+AF8,7985.2,472.18,98.861,164.87,230.94,0.35419,0.14455,0.97829,0.59078,0.57371,0.52209,Medium,
2026-06-26T11:38:59,527.884,active,1,AF7+AF8,690.73,148.82,19.929,148.79,209.1,-0.26597,-0.33544,0.80433,0.61955,0.6079,0.52048,Medium,
2026-06-26T11:39:00,528.894,active,1,AF7+AF8,18.175,9.2162,5.747,93.896,93.847,-0.49495,-0.48147,0.13083,0.61432,0.60426,0.51782,Medium,
2026-06-26T11:39:01,529.904,active,1,AF7+AF8,58.908,12.488,7.3447,59.422,51.638,-0.48786,-0.47598,-0.29953,0.60325,0.59457,0.5155,Medium,
2026-06-26T11:39:02,530.911,active,1,AF7+AF8,256.22,33.563,17.635,40.858,20.727,-0.44587,-0.39586,-0.52885,0.58886,0.58198,0.51289,Medium,
2026-06-26T11:39:03,531.917,active,1,AF7+AF8,285.66,50.525,21.986,44.393,28.667,-0.41513,-0.34951,-0.52573,0.57556,0.57048,0.51036,Medium,
2026-06-26T11:39:04,532.920,active,1,AF7+AF8,332.19,52.436,16.397,39.068,26.298,-0.42055,-0.34983,-0.58997,0.56289,0.55948,0.50806,Medium,
2026-06-26T11:39:05,533.926,active,1,AF7+AF8,298.78,60.382,10.145,33.244,21.514,-0.40366,-0.42363,-0.6443,0.55204,0.54874,0.50739,Medium,
2026-06-26T11:39:06,534.935,active,1,AF7+AF8,458.53,81.789,9.8208,38.35,20.762,-0.35951,-0.44787,-0.59948,0.54352,0.5393,0.50958,Medium,
2026-06-26T11:39:07,535.945,active,1,AF7+AF8,171.04,24.111,13.248,24.646,18.689,-0.46782,-0.42038,-0.72756,0.5337,0.53069,0.50772,Medium,
2026-06-26T11:39:08,536.955,active,1,AF7+AF8,4188.7,406.4,22.232,37.387,35.371,0.31574,-0.38204,-0.58692,0.52659,0.51369,0.5549,Medium,
2026-06-26T11:39:09,537.964,active,1,AF7+AF8,13910,1196,53.968,95.323,82.839,1.9279,-0.19782,0.048614,0.52909,0.48577,0.6679,Medium,
2026-06-26T11:39:10,538.970,active,1,AF7+AF8,2788.2,215.43,23.049,84.99,59.08,-0.07679,-0.35923,0.041718,0.54161,0.50319,0.65198,Medium,
2026-06-26T11:39:11,539.980,active,1,AF7+AF8,219.57,48.83,9.0421,59.401,43.538,-0.42206,-0.44109,-0.26533,0.53925,0.51303,0.63403,Medium,
2026-06-26T11:39:12,540.983,active,1,AF7+AF8,167.99,35.594,10.315,50.476,40.011,-0.44452,-0.43936,-0.4083,0.53501,0.51201,0.61787,Medium,
2026-06-26T11:39:13,541.987,active,1,AF7+AF8,78.911,43.221,9.4633,42.548,27.951,-0.43048,-0.44931,-0.50206,0.53001,0.50949,0.60401,Medium,
2026-06-26T11:39:14,542.997,active,1,AF7+AF8,197.35,62.634,11.153,53.414,27.654,-0.39903,-0.43085,-0.40267,0.52684,0.5083,0.592,Medium,
2026-06-26T11:39:15,544.007,active,1,AF7+AF8,184.69,37.497,10.247,59.233,39.499,-0.44652,-0.43827,-0.28059,0.52598,0.51576,0.58084,Medium,
2026-06-26T11:39:16,545.018,active,1,AF7+AF8,32.362,8.7845,7.4749,44.782,34.5,-0.49585,-0.46811,-0.44417,0.52322,0.51464,0.57072,Medium,
2026-06-26T11:39:17,546.026,active,1,AF7+AF8,16.714,9.6902,5.1653,40.816,36.535,-0.49381,-0.49754,-0.51013,0.52025,0.51264,0.56229,Medium,
2026-06-26T11:39:18,547.036,active,1,AF7+AF8,337.13,71.219,18.21,45.409,51.839,-0.36816,-0.41393,-0.46902,0.51699,0.50961,0.5555,Medium,
2026-06-26T11:39:19,548.042,active,1,AF7+AF8,1238.6,210.64,35.48,92.174,124.33,-0.084791,-0.29921,0.09655,0.53638,0.51744,0.55206,Medium,
2026-06-26T11:39:20,549.048,active,1,AF7+AF8,292.91,47.668,12.954,87.106,138.86,-0.41675,-0.42682,0.05255,0.55033,0.54201,0.54596,Medium,
2026-06-26T11:39:21,550.054,active,1,AF7+AF8,4.0008,4.7375,6.9327,60.081,69.697,-0.50336,-0.47026,-0.26265,0.54741,0.54058,0.53995,Medium,
2026-06-26T11:39:22,551.060,active,1,AF7+AF8,7.3648,6.7404,6.7187,49.103,33.734,-0.50006,-0.48369,-0.40268,0.54293,0.53717,0.53491,Medium,
2026-06-26T11:39:23,552.066,active,1,AF7+AF8,37.715,10.627,8.2788,40.695,27.537,-0.49324,-0.47907,-0.50524,0.53739,0.53253,0.53051,Medium,
2026-06-26T11:39:24,553.073,active,1,AF7+AF8,69.271,24.853,11.045,39.076,25.111,-0.46674,-0.45456,-0.52769,0.5318,0.52771,0.52666,Medium,
2026-06-26T11:39:25,554.080,active,1,AF7+AF8,238,29.6,8.6656,32.088,18.846,-0.45428,-0.46705,-0.6086,0.52587,0.52207,0.52366,Medium,
2026-06-26T11:39:26,555.090,active,1,AF7+AF8,175.26,19.022,7.4419,27.86,21.529,-0.47464,-0.47062,-0.67018,0.51977,0.51649,0.52076,Medium,
2026-06-26T11:39:27,556.099,active,1,AF7+AF8,17.054,6.1231,6.4898,37.605,29.236,-0.50049,-0.48042,-0.57127,0.51604,0.51345,0.51796,Medium,
2026-06-26T11:39:28,557.108,active,1,AF7+AF8,22.804,9.2308,7.2601,48.359,31.521,-0.49613,-0.45934,-0.46672,0.514,0.51228,0.51526,Medium,
2026-06-26T11:39:29,558.111,active,1,AF7+AF8,37.266,14.716,7.1437,48.897,37.427,-0.48546,-0.46242,-0.4461,0.51257,0.5114,0.51308,Medium,
2026-06-26T11:39:30,559.117,active,1,AF7+AF8,13.694,6.6642,5.8906,46.709,33.059,-0.4997,-0.47328,-0.4471,0.51145,0.51082,0.51111,Medium,
2026-06-26T11:39:31,560.126,active,1,AF7+AF8,6.9312,4.4833,4.2218,34.903,21.182,-0.50396,-0.50172,-0.56389,0.50914,0.50862,0.50975,Medium,
2026-06-26T11:39:32,561.135,active,1,AF7+AF8,6.3935,8.3146,5.2431,32.98,20.733,-0.49629,-0.5012,-0.58627,0.50677,0.50624,0.50865,Medium,
2026-06-26T11:39:33,562.145,active,1,AF7+AF8,60.494,24.297,8.0237,41.239,41.385,-0.46571,-0.4685,-0.48155,0.50576,0.50525,0.50766,Medium,
2026-06-26T11:39:34,563.156,active,1,AF7+AF8,177.69,30.593,10.471,80.734,83.07,-0.45326,-0.44967,0.035672,0.53853,0.53859,0.50668,Medium,
2026-06-26T11:39:35,564.165,active,1,AF7+AF8,42.053,10.155,5.6187,90.618,62.897,-0.49274,-0.48877,0.15949,0.56361,0.56392,0.50582,Medium,
2026-06-26T11:39:36,565.174,active,1,AF7+AF8,29.663,14.82,9.9007,55.511,34.879,-0.48556,-0.45422,-0.32498,0.55791,0.55866,0.50465,Medium,
2026-06-26T11:39:37,566.184,active,1,AF7+AF8,49.198,22.509,10.877,38.797,29.702,-0.47212,-0.44819,-0.51617,0.54994,0.55096,0.50374,Medium,
2026-06-26T11:39:38,567.187,active,1,AF7+AF8,304.28,57.723,19.573,60.879,51.676,-0.41002,-0.3298,-0.27083,0.54484,0.54693,0.50208,Medium,
2026-06-26T11:39:39,568.193,active,1,AF7+AF8,249.91,30.273,13.384,83.266,61.857,-0.45654,-0.39981,-0.042685,0.5448,0.5497,0.50098,Medium,
2026-06-26T11:39:40,569.200,active,1,AF7+AF8,292.39,20.593,9.429,53.532,40.818,-0.47387,-0.45174,-0.3799,0.5405,0.54515,0.50053,Medium,
2026-06-26T11:39:41,570.215,active,1,AF7+AF8,2860.7,320.08,44.722,58.869,35.281,0.10881,-0.18816,-0.30945,0.53382,0.53348,0.52245,Medium,
2026-06-26T11:39:42,571.230,active,1,AF7+AF8,3703.6,627.42,80.795,74.76,50.082,0.73101,0.12542,-0.13018,0.52593,0.51674,0.55405,Medium,
2026-06-26T11:39:43,572.241,active,1,AF7+AF8,618.53,116.13,25.151,52.188,36.854,-0.28517,-0.30033,-0.39907,0.52134,0.51302,0.54779,Medium,
2026-06-26T11:39:44,573.255,active,1,AF7+AF8,24.293,11.736,8.4774,42.482,33.41,-0.49074,-0.4493,-0.48854,0.51819,0.51149,0.54144,Medium,
2026-06-26T11:39:45,574.274,active,1,AF7+AF8,33.453,10.127,6.6,28.873,26.702,-0.49279,-0.46041,-0.63948,0.51332,0.50791,0.53598,Medium,
2026-06-26T11:39:46,575.285,active,1,AF7+AF8,1753.6,147.22,7.0416,40.42,32.426,-0.21379,-0.46201,-0.46278,0.51171,0.50323,0.53538,Medium,
2026-06-26T11:39:47,576.295,active,1,AF7+AF8,2502.7,199.57,9.7012,54.584,47.736,-0.1065,-0.44221,-0.2885,0.51621,0.50012,0.53927,Medium,
2026-06-26T11:39:48,577.306,active,1,AF7+AF8,166.39,21.514,7.4335,38.252,26.513,-0.46925,-0.48565,-0.54188,0.51342,0.49901,0.5348,Medium,
2026-06-26T11:39:49,578.312,active,1,AF7+AF8,55.352,11.03,7.4606,38.193,23.389,-0.49083,-0.48596,-0.54713,0.51089,0.49829,0.53055,Medium,
2026-06-26T11:39:50,579.324,active,1,AF7+AF8,41.369,9.9491,11.118,31.077,28.045,-0.49292,-0.43519,-0.64302,0.50647,0.49624,0.52602,Medium,
2026-06-26T11:39:51,580.340,active,1,AF7+AF8,36.932,8.6033,9.1906,25.257,19.69,-0.49632,-0.4397,-0.69493,0.50187,0.49372,0.52205,Medium,
2026-06-26T11:39:52,581.353,active,1,AF7+AF8,6.5004,4.2371,3.4009,23.184,12.646,-0.50485,-0.50469,-0.71292,0.49853,0.49135,0.5194,Medium,
2026-06-26T11:39:53,582.368,active,1,AF7+AF8,8.6788,6.0672,3.639,21.101,14.036,-0.50166,-0.5058,-0.73563,0.49526,0.48889,0.51714,Medium,
2026-06-26T11:39:54,583.377,active,1,AF7+AF8,25.206,7.5393,5.3677,22.269,12.824,-0.49851,-0.48693,-0.72172,0.49231,0.48687,0.51491,Medium,
2026-06-26T11:39:55,584.387,active,1,AF7+AF8,28.307,11.187,6.4353,28.435,15.616,-0.49045,-0.47706,-0.65307,0.49059,0.48601,0.51292,Medium,
2026-06-26T11:39:56,585.398,active,1,AF7+AF8,225.34,45.7,12.636,41.26,33.197,-0.42097,-0.44024,-0.50741,0.4912,0.48792,0.51166,Medium,
2026-06-26T11:39:57,586.411,active,1,AF7+AF8,1182.9,101.69,35.494,89.632,132.62,-0.30832,-0.29456,0.071901,0.52389,0.5236,0.51005,Medium,
2026-06-26T11:39:58,587.427,active,1,AF7+AF8,448.09,32.048,19.258,94.06,149.93,-0.44952,-0.38597,0.1442,0.54909,0.55364,0.50789,Medium,
2026-06-26T11:39:59,588.442,active,1,AF7+AF8,23.986,11.223,8.4798,83.407,102.75,-0.49245,-0.45455,0.041957,0.55668,0.5613,0.50638,Medium,
2026-06-26T11:40:00,589.455,active,1,AF7+AF8,58.514,24.315,13.757,73.12,75.945,-0.46631,-0.38392,-0.10815,0.55401,0.5593,0.50437,Medium,
2026-06-26T11:40:01,590.469,active,1,AF7+AF8,53.525,25.583,7.5856,39.524,38.149,-0.46329,-0.44674,-0.5162,0.54649,0.55139,0.5036,Medium,
2026-06-26T11:40:02,591.479,active,1,AF7+AF8,170.16,52.456,8.179,32.362,23.006,-0.40907,-0.44804,-0.60436,0.53857,0.5423,0.50436,Medium,
2026-06-26T11:40:03,592.488,active,1,AF7+AF8,115.9,22.713,8.0431,23.135,18.549,-0.46777,-0.45677,-0.69386,0.53039,0.53384,0.50367,Medium,
2026-06-26T11:40:04,593.489,active,1,AF7+AF8,117.16,16.028,7.6185,23.577,18.118,-0.48187,-0.48235,-0.70736,0.52337,0.5264,0.50324,Medium,
2026-06-26T11:40:05,594.500,active,1,AF7+AF8,1361.5,196.61,43.818,65.056,63.923,-0.13123,-0.21271,-0.24646,0.52006,0.5215,0.50741,Medium,
2026-06-26T11:40:06,595.515,active,1,AF7+AF8,1212.7,272.37,56.384,102.77,135.18,0.00077541,-0.046141,0.24389,0.52974,0.52681,0.50722,Medium,
2026-06-26T11:40:07,596.531,active,1,AF7+AF8,236.61,105.58,37.614,92.31,82.242,-0.32758,-0.1539,0.19459,0.53797,0.54967,0.50375,Medium,
2026-06-26T11:40:08,597.546,active,1,AF7+AF8,944.83,143.41,31.176,100.35,82.846,-0.2688,-0.16582,0.26124,0.54709,0.55939,0.50176,Medium,
2026-06-26T11:40:09,598.560,active,1,AF7+AF8,1568.3,131.62,37.191,45.99,36.683,-0.29311,-0.096384,-0.45468,0.53608,0.54984,0.4986,Medium,
2026-06-26T11:40:10,599.575,active,1,AF7+AF8,213.41,16.753,9.0497,21.29,18.271,-0.48232,-0.43618,-0.7531,0.52701,0.5398,0.49807,Medium,
2026-06-26T11:40:11,600.590,active,1,AF7+AF8,81.769,26.816,8.4921,29.952,25.124,-0.46571,-0.45606,-0.62377,0.52125,0.53266,0.49851,Medium,
2026-06-26T11:40:12,601.600,active,1,AF7+AF8,1017.4,74.719,16.943,45.855,30.533,-0.37148,-0.3933,-0.44304,0.51796,0.52767,0.50104,Medium,
2026-06-26T11:40:13,602.605,active,1,AF7+AF8,933.58,82.367,17.93,36.706,26.888,-0.35007,-0.38937,-0.57592,0.51301,0.52096,0.50336,Medium,
2026-06-26T11:40:14,603.613,active,1,AF7+AF8,117.06,29.365,10.109,30.582,22.286,-0.45591,-0.4518,-0.63944,0.50863,0.51569,0.5029,Medium,
2026-06-26T11:40:15,604.627,active,1,AF7+AF8,107.99,15.441,7.0054,18.38,13.676,-0.48286,-0.48439,-0.782,0.50314,0.50933,0.50257,Medium,
2026-06-26T11:40:17,605.640,active,1,AF7+AF8,1492.3,110.13,40.497,28.605,20.717,-0.29798,-0.26983,-0.67278,0.49674,0.50261,0.50184,Medium,
2026-06-26T11:40:18,606.651,active,1,AF7+AF8,3812.9,268.56,78.618,50.533,35.24,0.016922,-0.0287,-0.44783,0.49087,0.49535,0.50416,Medium,
2026-06-26T11:40:19,607.663,active,1,AF7+AF8,954.46,73.328,15.499,30.219,22.37,-0.36956,-0.4042,-0.66147,0.48811,0.49154,0.50426,Medium,
2026-06-26T11:40:20,608.674,active,1,AF7+AF8,53.292,12.909,8.8421,34.59,19.644,-0.48868,-0.43465,-0.59665,0.48711,0.49094,0.50294,Medium,
2026-06-26T11:40:21,609.684,active,1,AF7+AF8,41.392,23.513,8.3757,35.727,16.946,-0.4683,-0.46286,-0.60007,0.4866,0.49005,0.50251,Medium,
2026-06-26T11:40:22,610.695,active,1,AF7+AF8,46.769,37.524,9.3913,35.975,15.308,-0.44061,-0.4691,-0.61391,0.48603,0.48864,0.50314,Medium,
2026-06-26T11:40:23,611.706,active,1,AF7+AF8,52.473,22.137,6.3463,22.964,15.77,-0.47073,-0.48607,-0.72564,0.48412,0.48619,0.50299,Medium,
2026-06-26T11:40:24,612.721,active,1,AF7+AF8,134.33,36.504,13.515,33.836,25.711,-0.44669,-0.41295,-0.581,0.48351,0.48583,0.50213,Medium,
2026-06-26T11:40:25,613.736,active,1,AF7+AF8,196.69,37.321,14.389,37.453,28.649,-0.44524,-0.40784,-0.53953,0.48353,0.48726,0.50131,Medium,
2026-06-26T11:40:26,614.742,active,1,AF7+AF8,136.34,14.621,8.1386,21.693,17.151,-0.48564,-0.4691,-0.74034,0.48144,0.48498,0.50091,Medium,
2026-06-26T11:40:27,615.748,active,1,AF7+AF8,1471.6,159.85,31.947,36.645,37.505,-0.18883,-0.33398,-0.54723,0.48047,0.48142,0.51124,Medium,
2026-06-26T11:40:28,616.753,active,1,AF7+AF8,5280.8,455.64,95.775,109.72,106.39,0.40408,0.096098,0.38636,0.51392,0.49124,0.52755,Medium,
2026-06-26T11:40:29,617.757,active,1,AF7+AF8,1568,134.57,33.715,120.31,122.22,-0.24952,-0.23719,0.58994,0.56673,0.55855,0.52406,Medium,
2026-06-26T11:40:30,618.768,active,1,AF7+AF8,441.55,64.897,17.408,113.39,130.77,-0.38442,-0.39391,0.43941,0.5883,0.58435,0.52131,Medium,
2026-06-26T11:40:31,619.778,active,1,AF7+AF8,377.15,64.788,17.081,141.9,239.11,-0.38609,-0.3938,0.72952,0.61742,0.61531,0.51887,Medium,
2026-06-26T11:40:32,620.793,active,1,AF7+AF8,38.905,13.748,7.3557,92.395,195.25,-0.4873,-0.45999,0.15576,0.6125,0.61103,0.5162,Medium,
2026-06-26T11:40:33,621.804,active,1,AF7+AF8,76.072,25.22,9.0123,77.74,104.12,-0.46572,-0.43344,-0.027456,0.60507,0.60426,0.51377,Medium,
2026-06-26T11:40:34,622.818,active,1,AF7+AF8,117.17,27.837,8.2874,69.642,59.936,-0.45934,-0.45439,-0.21261,0.59608,0.59544,0.51204,Medium,
2026-06-26T11:40:35,623.830,active,1,AF7+AF8,631.62,91.635,31.613,120.29,80.408,-0.33146,-0.3237,0.37369,0.59491,0.59446,0.51048,Medium,
2026-06-26T11:40:36,624.842,active,1,AF7+AF8,594.78,91.982,30.14,131.03,98.285,-0.33003,-0.32399,0.54871,0.6024,0.60265,0.50913,Medium,
2026-06-26T11:40:37,625.851,active,1,AF7+AF8,36.998,10.194,7.0018,86.216,69.116,-0.49292,-0.48034,-0.0030002,0.59724,0.59764,0.50785,Medium,
2026-06-26T11:40:38,626.860,active,1,AF7+AF8,31.549,9.1808,6.374,78.622,78.857,-0.4954,-0.48473,-0.082207,0.59158,0.5921,0.50675,Medium,
2026-06-26T11:40:39,627.871,active,1,AF7+AF8,13.379,6.8587,4.3316,57.266,48.589,-0.49893,-0.49541,-0.30619,0.58343,0.58394,0.50588,Medium,
2026-06-26T11:40:40,628.883,active,1,AF7+AF8,48.999,8.0213,6.7822,47.498,33.743,-0.49781,-0.48402,-0.41443,0.57446,0.57512,0.50497,Medium,
2026-06-26T11:40:41,629.896,active,1,AF7+AF8,913.09,136.2,50.986,57.219,43.837,-0.23718,-0.23957,-0.34905,0.56389,0.56442,0.50441,Medium,
2026-06-26T11:40:42,630.908,active,1,AF7+AF8,36697,4847.9,1501.1,459.16,98.183,9.2685,7.895,3.236,0.50686,0.5023,0.60091,Medium,
2026-06-26T11:40:43,631.916,active,1,AF7+AF8,54358,5090.2,1430.4,547.32,131.4,9.6265,7.7719,4.0906,0.46248,0.44911,0.67028,Medium,
2026-06-26T11:40:44,632.933,active,1,AF7+AF8,6819.3,372.68,87.499,97.214,57.644,0.2137,0.093574,-0.011764,0.47709,0.46275,0.65164,Medium,
2026-06-26T11:40:45,633.948,active,1,AF7+AF8,347.41,92.39,16.638,57.077,48.975,-0.32992,-0.39305,-0.3788,0.49191,0.48144,0.63439,Medium,
2026-06-26T11:40:46,634.957,active,1,AF7+AF8,95.394,61.41,12.184,62.55,69.729,-0.39187,-0.42967,-0.31503,0.50536,0.49834,0.61883,Medium,
2026-06-26T11:40:47,635.968,active,1,AF7+AF8,25.038,12.075,10.403,51.855,67.925,-0.49045,-0.44687,-0.43455,0.5049,0.50353,0.60392,Medium,
2026-06-26T11:40:48,636.979,active,1,AF7+AF8,56.421,7.4698,11.103,58.618,55.862,-0.49774,-0.44358,-0.31849,0.51134,0.51485,0.59064,Medium,
2026-06-26T11:40:49,637.996,active,1,AF7+AF8,46.402,13.477,10.484,53.48,48.098,-0.48582,-0.45665,-0.37367,0.51122,0.51475,0.57932,Medium,
2026-06-26T11:40:50,639.012,active,1,AF7+AF8,70.599,26.893,9.1875,42.927,43.382,-0.46181,-0.46755,-0.50942,0.50925,0.51226,0.56989,Medium,
2026-06-26T11:40:51,640.026,active,1,AF7+AF8,107.35,61.35,10.031,39.643,34.762,-0.40088,-0.44654,-0.55398,0.50653,0.5085,0.56219,Medium,
2026-06-26T11:40:52,641.041,active,1,AF7+AF8,114.51,57.143,10.247,40.065,43.832,-0.40373,-0.44058,-0.55016,0.5041,0.50528,0.55528,Medium,
2026-06-26T11:40:53,642.057,active,1,AF7+AF8,73.25,28.438,10.688,47.152,49.267,-0.45828,-0.42662,-0.42894,0.50357,0.50509,0.54817,Medium,
2026-06-26T11:40:54,643.069,active,1,AF7+AF8,49.702,21.357,14.246,36.087,34.293,-0.47285,-0.40548,-0.56349,0.50078,0.50312,0.54138,Medium,
2026-06-26T11:40:55,644.104,active,1,AF7+AF8,60.84,15.148,12.631,34.284,25.007,-0.48473,-0.43028,-0.59257,0.49825,0.50113,0.5356,Medium,
2026-06-26T11:40:56,645.110,active,1,AF7+AF8,35.555,15.633,10.986,34.265,25.144,-0.48463,-0.41772,-0.58133,0.49601,0.49954,0.53032,Medium,
2026-06-26T11:40:57,646.116,active,1,AF7+AF8,17.108,13.632,11.001,28.627,26.066,-0.48714,-0.45056,-0.64923,0.49351,0.49717,0.52613,Medium,
2026-06-26T11:40:58,647.129,active,1,AF7+AF8,12.031,7.4789,8.8721,33.117,23.418,-0.49825,-0.46696,-0.59996,0.49229,0.49598,0.52253,Medium,
2026-06-26T11:40:59,648.142,active,1,AF7+AF8,16.268,6.393,10.724,32.718,23.736,-0.50027,-0.44524,-0.60846,0.49077,0.49484,0.519,Medium,
2026-06-26T11:41:00,649.153,active,1,AF7+AF8,95.148,10.053,16.698,26.884,25.121,-0.49357,-0.38771,-0.68411,0.48744,0.4926,0.51513,Medium,
2026-06-26T11:41:01,650.165,active,1,AF7+AF8,131.7,17.075,17.567,32.043,29.7,-0.4811,-0.36807,-0.6363,0.48493,0.49116,0.51162,Medium,
2026-06-26T11:41:02,651.169,active,1,AF7+AF8,122.77,31.934,17.982,42.943,33.694,-0.45238,-0.35179,-0.47631,0.48487,0.49467,0.50872,Medium,
2026-06-26T11:41:03,652.175,active,1,AF7+AF8,67.952,24.365,9.804,31.962,27.972,-0.46666,-0.43521,-0.60968,0.48407,0.49317,0.5072,Medium,
2026-06-26T11:41:04,653.179,active,1,AF7+AF8,36.496,12.092,6.9838,27.762,21.077,-0.48828,-0.48521,-0.6895,0.48292,0.49097,0.50629,Medium,
2026-06-26T11:41:05,654.189,active,1,AF7+AF8,9267.8,909.96,100.97,167.6,60.763,1.3439,0.080586,0.66631,0.53679,0.48199,0.59424,Medium,
2026-06-26T11:41:06,655.202,active,1,AF7+AF8,21647,1839.8,202.2,404.91,196.49,3.2362,0.69145,3.1876,0.6809,0.48915,0.70638,Medium,
2026-06-26T11:41:07,656.211,active,1,AF7+AF8,3159.5,207.91,35.272,171.37,129.62,-0.094217,-0.28785,0.91763,0.67674,0.56997,0.68452,Medium,
2026-06-26T11:41:08,657.226,active,1,AF7+AF8,182.79,65.638,19.473,74.249,56.402,-0.39342,-0.31154,-0.15286,0.65791,0.56518,0.66115,Medium,
2026-06-26T11:41:09,658.240,active,1,AF7+AF8,125.56,91.063,20.249,81.166,67.189,-0.34189,-0.31432,-0.064174,0.64271,0.56152,0.6414,Medium,
2026-06-26T11:41:10,659.263,active,1,AF7+AF8,141.02,55.945,19.263,117.06,111.18,-0.40457,-0.37314,0.35702,0.63642,0.58105,0.62396,Medium,
2026-06-26T11:41:11,660.278,active,1,AF7+AF8,126.97,26.877,12.285,117.26,128.83,-0.46055,-0.42532,0.37127,0.63184,0.59392,0.60855,Medium,
2026-06-26T11:41:12,661.287,active,1,AF7+AF8,46.015,14.37,7.4404,74.531,66.797,-0.48426,-0.46222,-0.076049,0.62179,0.58875,0.5952,Medium,solved:150.3
2026-06-26T11:41:13,662.289,active,1,AF7+AF8,10.026,8.933,7.226,54.03,40.807,-0.49509,-0.46599,-0.35584,0.60883,0.58019,0.58334,Medium,
2026-06-26T11:41:14,663.308,active,1,AF7+AF8,42.694,20.81,10.461,65.328,39.355,-0.47523,-0.43525,-0.28141,0.59808,0.57347,0.57274,Medium,
2026-06-26T11:41:15,664.319,active,1,AF7+AF8,3741.9,466.34,68.052,81.61,40.766,0.35218,0.21037,-0.0092774,0.58302,0.55925,0.56613,Medium,
2026-06-26T11:41:16,665.331,active,1,AF7+AF8,14371,1544.9,222.62,149.63,73.91,2.3457,1.6812,0.88152,0.56122,0.53111,0.57584,Medium,
2026-06-26T11:41:17,666.348,active,1,AF7+AF8,4016,387.24,74.695,83.863,62.492,0.20526,0.19448,0.033203,0.55145,0.52479,0.5669,Medium,
2026-06-26T11:41:18,667.361,active,1,AF7+AF8,315.99,91.694,18.337,40.424,30.34,-0.34208,-0.30761,-0.52335,0.54205,0.5191,0.55835,Medium,
2026-06-26T11:41:19,668.373,active,1,AF7+AF8,381.51,109.79,23.599,33.219,17.045,-0.29922,-0.31279,-0.63222,0.53222,0.51183,0.55155,Medium,
2026-06-26T11:41:20,669.383,active,1,AF7+AF8,1452.9,335.06,76.855,43.671,23.421,0.036227,0.58277,-0.46568,0.51298,0.50292,0.53722,Medium,
2026-06-26T11:41:21,670.390,active,1,AF7+AF8,11564,2306.5,419.56,156.92,64.342,3.1976,6.1505,1.1396,0.46048,0.47416,0.49507,Medium,
2026-06-26T11:41:22,671.401,active,1,AF7+AF8,12200,1952,383.25,291.31,224.23,2.7156,5.2664,2.7866,0.43215,0.49498,0.46186,Medium,
2026-06-26T11:41:23,672.416,active,1,AF7+AF8,3562.1,753.95,176.24,247.26,436.36,0.75075,2.0806,2.1524,0.47825,0.59902,0.44719,Hard,
2026-06-26T11:41:24,673.427,active,1,AF7+AF8,632.72,74.888,40.436,132.01,275.18,-0.38318,0.017467,0.69896,0.54192,0.61884,0.44893,Hard,
2026-06-26T11:41:25,674.439,active,1,AF7+AF8,2497.6,99.039,28.648,60.786,58.355,-0.32356,-0.25482,-0.18596,0.53792,0.60665,0.47442,Hard,
2026-06-26T11:41:26,675.454,active,1,AF7+AF8,3325.9,352.95,77.279,64.844,48.368,0.16179,0.15485,-0.22422,0.5277,0.58808,0.49029,Hard,
2026-06-26T11:41:27,676.463,active,1,AF7+AF8,5489.6,539.94,133.54,158.64,213.31,0.4886,0.82933,0.86572,0.52493,0.58315,0.48635,Hard,
2026-06-26T11:41:28,677.472,active,1,AF7+AF8,1797.1,112.33,51.468,107.25,178.46,-0.31219,0.00054911,0.31575,0.53356,0.58251,0.48331,Hard,
2026-06-26T11:41:29,678.483,active,1,AF7+AF8,943.92,64.842,40.707,48.203,52.448,-0.38574,-0.24719,-0.4062,0.52715,0.5723,0.48324,Hard,
2026-06-26T11:41:30,679.494,active,1,AF7+AF8,334.37,44.43,18.408,24.495,20.752,-0.42554,-0.39475,-0.69517,0.51939,0.55959,0.49099,Hard,
2026-06-26T11:41:31,680.509,active,1,AF7+AF8,231.96,18.255,9.4254,24.566,21.73,-0.47897,-0.44344,-0.68698,0.51342,0.54932,0.49373,Hard,
2026-06-26T11:41:32,681.523,active,1,AF7+AF8,414.08,51.065,15.068,25.955,21.679,-0.42862,-0.32892,-0.66688,0.50675,0.53983,0.49299,Hard,
2026-06-26T11:41:33,682.536,active,1,AF7+AF8,220.87,42.198,11.821,26.57,18.392,-0.44268,-0.38486,-0.66613,0.50173,0.5317,0.49296,Hard,
2026-06-26T11:41:34,683.549,active,1,AF7+AF8,270.24,27.95,7.8,38.908,25.388,-0.45844,-0.47433,-0.55853,0.50026,0.5264,0.49838,Hard,
2026-06-26T11:41:35,684.563,active,1,AF7+AF8,612.59,71.868,15.291,51.423,29.701,-0.37018,-0.41653,-0.46136,0.49955,0.52186,0.50283,Hard,
2026-06-26T11:41:36,685.569,active,1,AF7+AF8,227.18,42.353,11.931,29.749,19.951,-0.43486,-0.40123,-0.65769,0.49577,0.5159,0.50198,Hard,
2026-06-26T11:41:37,686.572,active,1,AF7+AF8,1092.9,163.5,69.751,39.802,24.939,-0.24339,0.57261,-0.48786,0.48073,0.51033,0.48967,Hard,
2026-06-26T11:41:38,687.583,active,1,AF7+AF8,989.18,141.55,70.481,40.655,21.65,-0.27852,0.5393,-0.4623,0.46832,0.50634,0.47881,Hard,
2026-06-26T11:41:39,688.591,active,1,AF7+AF8,2100.9,340.83,63.958,44.161,17.918,0.1048,0.31578,-0.43162,0.46104,0.49758,0.47819,Hard,
2026-06-26T11:41:40,689.604,active,1,AF7+AF8,13349,2387.5,193.71,108.55,60.766,4.305,1.0786,0.26143,0.45363,0.4519,0.69159,Hard,
2026-06-26T11:41:41,690.615,active,1,AF7+AF8,8970.8,1652,132.24,104.27,89.057,2.818,0.49104,0.21743,0.46096,0.42337,0.73382,Hard,
2026-06-26T11:41:42,691.625,active,1,AF7+AF8,554.31,71.464,15.411,57.285,59.047,-0.37782,-0.41273,-0.28275,0.49413,0.47648,0.70628,Hard,
2026-06-26T11:41:44,692.640,active,1,AF7+AF8,3622.2,414.52,70.676,75.441,54.777,0.28061,0.12818,-0.047515,0.4922,0.47439,0.68381,Hard,
2026-06-26T11:41:45,693.649,active,1,AF7+AF8,5180.7,526.55,126.5,81.238,48.39,0.48634,0.67446,-0.01859,0.48284,0.46993,0.65894,Hard,
2026-06-26T11:41:46,694.657,active,1,AF7+AF8,4375.7,157.77,68.592,51.672,27.005,-0.22509,0.23029,-0.40362,0.47547,0.47459,0.63306,Hard,
2026-06-26T11:41:47,695.668,active,1,AF7+AF8,3365.5,248.37,74.216,82.992,34.953,-0.089571,0.45779,0.12944,0.4735,0.50625,0.60894,Hard,
2026-06-26T11:41:48,696.683,active,1,AF7+AF8,3836.8,395.91,57.546,89.004,54.904,0.21093,0.15306,0.19721,0.49271,0.50529,0.59673,Hard,
2026-06-26T11:41:49,697.695,active,1,AF7+AF8,14188,1004.8,133.73,183.6,189.69,1.4099,0.83607,1.2795,0.5302,0.5027,0.59367,Hard,
2026-06-26T11:41:50,698.709,active,1,AF7+AF8,6240,419.09,86.643,153.04,201.02,0.24958,0.48551,0.93014,0.54529,0.55163,0.5789,Hard,
2026-06-26T11:41:51,699.712,active,1,AF7+AF8,487.4,79.024,23.831,59.375,89.824,-0.3728,-0.23901,-0.21489,0.54022,0.54781,0.56742,Hard,
2026-06-26T11:41:52,700.728,active,1,AF7+AF8,510.07,35.219,8.628,48.556,43.778,-0.44695,-0.45624,-0.35529,0.53691,0.54344,0.55947,Hard,
2026-06-26T11:41:53,701.740,active,1,AF7+AF8,2318.8,46.552,24.927,78.981,101.24,-0.41918,-0.32883,0.023095,0.54109,0.55041,0.55098,Hard,
2026-06-26T11:41:54,702.751,active,1,AF7+AF8,1341.6,35.819,21.741,91.936,123.44,-0.44204,-0.36288,0.18419,0.55721,0.56675,0.54368,Hard,
2026-06-26T11:41:55,703.755,active,1,AF7+AF8,114.37,11.133,6.8042,59.999,51.908,-0.49196,-0.48126,-0.26291,0.55362,0.56217,0.53827,Hard,
2026-06-26T11:41:56,704.769,active,1,AF7+AF8,115.18,14.135,5.3849,41.499,32.218,-0.48491,-0.48723,-0.49961,0.547,0.55449,0.53372,Hard,
2026-06-26T11:41:57,705.782,active,1,AF7+AF8,218.35,68.4,9.4354,52.331,35.619,-0.37707,-0.43509,-0.31628,0.54314,0.54887,0.53054,Hard,
2026-06-26T11:41:58,706.794,active,1,AF7+AF8,134.57,42.387,7.6863,63.788,54.332,-0.42967,-0.45371,-0.13561,0.54273,0.5474,0.52724,Hard,
2026-06-26T11:41:59,707.807,active,1,AF7+AF8,496.63,63.694,11.119,54.14,51.324,-0.38859,-0.45388,-0.2659,0.54042,0.54356,0.52495,Hard,
2026-06-26T11:42:00,708.819,active,1,AF7+AF8,734.84,79.944,16.784,34.523,29.792,-0.35883,-0.40292,-0.54307,0.53346,0.53557,0.52261,Hard,
2026-06-26T11:42:01,709.826,active,1,AF7+AF8,236.71,39.426,13.515,29.575,26.148,-0.43954,-0.39643,-0.61242,0.52621,0.52871,0.51925,Hard,
2026-06-26T11:42:02,710.837,active,1,AF7+AF8,216.79,28.107,11.173,35.839,26.227,-0.46199,-0.42008,-0.54194,0.52124,0.52406,0.51632,Hard,
2026-06-26T11:42:03,711.839,active,1,AF7+AF8,281.34,22.645,11.812,26.706,20.933,-0.46916,-0.41803,-0.67043,0.51491,0.51816,0.51359,Hard,
2026-06-26T11:42:04,712.861,active,1,AF7+AF8,595.32,124.88,19.223,30.883,21.223,-0.25974,-0.36409,-0.64513,0.50891,0.51022,0.51352,Hard,
2026-06-26T11:42:05,713.884,active,1,AF7+AF8,4521.3,537.53,79.176,84.686,55.899,0.58214,0.024105,-0.12195,0.50565,0.49854,0.54699,Hard,
2026-06-26T11:42:06,714.890,active,1,AF7+AF8,2566,198.09,63.521,76.848,48.746,-0.11485,-0.093935,-0.18067,0.50367,0.49773,0.54104,Hard,
2026-06-26T11:42:07,715.901,active,1,AF7+AF8,92.773,26.344,14.468,36.196,24.263,-0.46228,-0.39686,-0.5663,0.50069,0.49644,0.53513,Hard,
2026-06-26T11:42:08,716.907,active,1,AF7+AF8,429.35,47.015,11.683,32.897,19.192,-0.42009,-0.41687,-0.60666,0.49776,0.49407,0.53087,Hard,
2026-06-26T11:42:09,717.919,active,1,AF7+AF8,395.35,46.6,12.9,26.999,18.974,-0.42309,-0.39068,-0.67602,0.49376,0.49099,0.52668,Hard,
2026-06-26T11:42:10,718.930,active,1,AF7+AF8,237.78,36.209,8.5847,22.771,23.018,-0.44238,-0.44312,-0.69802,0.49069,0.48824,0.52349,Hard,
2026-06-26T11:42:11,719.940,active,1,AF7+AF8,156.89,59.852,9.5849,24.087,17.962,-0.39578,-0.44715,-0.70616,0.48793,0.48501,0.52144,Hard,
2026-06-26T11:42:12,720.951,active,1,AF7+AF8,108.29,34.997,11.981,23.379,14.423,-0.44551,-0.42484,-0.72834,0.48483,0.48257,0.51856,Hard,
2026-06-26T11:42:13,721.958,active,1,AF7+AF8,167.16,63.987,12.096,28.071,18.26,-0.39693,-0.42545,-0.66323,0.48309,0.48067,0.51676,Hard,
2026-06-26T11:42:14,722.972,active,1,AF7+AF8,656.2,528.1,22.194,37.231,34.57,0.42773,-0.32484,-0.55136,0.48173,0.46859,0.56249,Hard,
2026-06-26T11:42:15,723.987,active,1,AF7+AF8,428.31,596.16,22.388,27.122,27.725,0.54112,-0.3077,-0.6782,0.47838,0.45462,0.58772,Hard,
2026-06-26T11:42:16,724.998,active,1,AF7+AF8,94.941,46.218,14.702,32.834,26.434,-0.42931,-0.39977,-0.61922,0.47768,0.46761,0.57675,Hard,
2026-06-26T11:42:17,726.005,active,1,AF7+AF8,76.86,30.116,10.563,34.405,24.953,-0.45562,-0.44981,-0.6067,0.47931,0.47572,0.56745,Hard,
2026-06-26T11:42:18,727.015,active,1,AF7+AF8,2140.4,495.53,38.303,45.318,31.931,0.49575,-0.28729,-0.49295,0.47871,0.4641,0.58497,Hard,
2026-06-26T11:42:19,728.024,active,1,AF7+AF8,2593.4,548.84,34.762,55.754,49.544,0.60698,-0.30854,-0.35259,0.48818,0.45428,0.60148,Hard,
2026-06-26T11:42:20,729.040,active,1,AF7+AF8,414.82,179.37,25.946,88.62,92.209,-0.15123,-0.32905,0.038027,0.52273,0.4959,0.59197,Hard,
2026-06-26T11:42:21,730.049,active,1,AF7+AF8,342.21,118.06,29.155,121.92,147.79,-0.27906,-0.27426,0.46148,0.56366,0.55327,0.58086,Hard,
2026-06-26T11:42:22,731.066,active,1,AF7+AF8,73.886,20.412,11.621,118.76,114.42,-0.47389,-0.41686,0.49365,0.5926,0.59249,0.5703,Hard,
2026-06-26T11:42:23,732.080,active,1,AF7+AF8,216.96,47.264,16.583,121.74,132.99,-0.43021,-0.356,0.50793,0.60084,0.6061,0.56075,Hard,
2026-06-26T11:42:24,733.097,active,1,AF7+AF8,316.29,55.451,15.832,108.44,87.569,-0.41206,-0.34617,0.43757,0.60035,0.60592,0.55247,Hard,
2026-06-26T11:42:25,734.108,active,1,AF7+AF8,113.46,20.033,9.9943,59.677,55.366,-0.47465,-0.4417,-0.22536,0.59155,0.59694,0.54568,Hard,
2026-06-26T11:42:26,735.119,active,1,AF7+AF8,47.319,23.493,11.253,50.048,60.556,-0.46925,-0.40084,-0.37083,0.58102,0.58679,0.53917,Hard,
2026-06-26T11:42:27,736.130,active,1,AF7+AF8,113.63,55.422,22.253,55.91,52.229,-0.41284,-0.26685,-0.30651,0.5707,0.57797,0.53228,Hard,
2026-06-26T11:42:28,737.143,active,1,AF7+AF8,62.829,27.226,13.581,59.829,36.151,-0.46396,-0.39982,-0.24595,0.56452,0.57188,0.52745,Hard,
2026-06-26T11:42:29,738.154,active,1,AF7+AF8,38.84,33.843,17.497,63.748,39.195,-0.45255,-0.37308,-0.22592,0.55899,0.56665,0.52296,Hard,
2026-06-26T11:42:30,739.162,active,1,AF7+AF8,70.8,29.151,15.039,64.407,42.744,-0.45918,-0.39531,-0.2119,0.55466,0.56236,0.51925,Hard,
2026-06-26T11:42:31,740.174,active,1,AF7+AF8,130.07,56.219,16.331,53.488,36.464,-0.40883,-0.41431,-0.34956,0.54907,0.55576,0.51702,Hard,
2026-06-26T11:42:32,741.188,active,1,AF7+AF8,115.82,51.769,16.05,45.986,35.664,-0.42076,-0.41247,-0.44306,0.54272,0.54874,0.51485,Hard,
2026-06-26T11:42:33,742.202,active,1,AF7+AF8,30.083,11.179,5.7199,44.49,31.927,-0.49185,-0.48529,-0.43982,0.53828,0.54367,0.51297,Hard,
2026-06-26T11:42:34,743.211,active,1,AF7+AF8,29.401,14.434,6.6602,53.075,37.9,-0.48604,-0.48032,-0.31805,0.53612,0.54095,0.51133,Hard,
2026-06-26T11:42:35,744.222,active,1,AF7+AF8,374.98,89.373,31.781,50.43,31.431,-0.34272,-0.23034,-0.37218,0.52966,0.53559,0.50829,Hard,
2026-06-26T11:42:36,745.237,active,1,AF7+AF8,2161.3,243.25,62.688,72.268,25.293,-0.071236,0.24549,-0.14181,0.52031,0.53026,0.50255,Hard,
2026-06-26T11:42:37,746.251,active,1,AF7+AF8,975.01,102.59,27.949,42.361,27.901,-0.33582,-0.17535,-0.50326,0.51296,0.52412,0.49984,Hard,
2026-06-26T11:42:38,747.264,active,1,AF7+AF8,50.734,14.655,5.3853,30.12,19.219,-0.48423,-0.48254,-0.67071,0.50859,0.51843,0.49983,Hard,
2026-06-26T11:42:39,748.281,active,1,AF7+AF8,150.93,37.289,9.4703,32.881,18.851,-0.43741,-0.46408,-0.65651,0.50467,0.51294,0.50193,Hard,
2026-06-26T11:42:40,749.296,active,1,AF7+AF8,723.8,80.464,17.074,67.959,23.382,-0.35033,-0.42165,-0.35213,0.50708,0.51136,0.50612,Hard,
2026-06-26T11:42:41,750.310,active,1,AF7+AF8,716.5,48.011,9.886,57.238,28.118,-0.41685,-0.46345,-0.43438,0.50667,0.50973,0.50609,Hard,
2026-06-26T11:42:42,751.320,active,1,AF7+AF8,61.447,13.783,5.354,27.221,23.696,-0.48573,-0.49404,-0.69507,0.50285,0.50543,0.50548,Hard,
2026-06-26T11:42:43,752.331,active,1,AF7+AF8,13.471,13.569,8.9222,32.842,25.259,-0.48589,-0.4471,-0.65103,0.49946,0.5023,0.50424,Hard,
2026-06-26T11:42:44,753.346,active,1,AF7+AF8,17.201,13.163,7.6462,32.946,23.906,-0.48731,-0.46054,-0.65473,0.49661,0.49951,0.50333,Hard,
2026-06-26T11:42:45,754.361,active,1,AF7+AF8,270.08,29.053,14.639,33.329,27.733,-0.45643,-0.42797,-0.64147,0.49382,0.4968,0.5025,Hard,
2026-06-26T11:42:46,755.376,active,1,AF7+AF8,2513.5,128.73,43.341,52.925,48.28,-0.25584,-0.26123,-0.44661,0.49178,0.49432,0.50228,Hard,
2026-06-26T11:42:47,756.391,active,1,AF7+AF8,1590.9,86.614,22.117,49.44,28.784,-0.34304,-0.38384,-0.45544,0.49169,0.49332,0.50397,Hard,
2026-06-26T11:42:48,757.405,active,1,AF7+AF8,93.795,20.088,6.7295,30.296,18.652,-0.47639,-0.47906,-0.63801,0.49031,0.4917,0.50354,Hard,
2026-06-26T11:42:49,758.409,active,1,AF7+AF8,283.41,43.035,10.844,24.411,19.19,-0.43307,-0.4245,-0.71089,0.48718,0.48853,0.50298,Hard,
2026-06-26T11:42:50,759.411,active,1,AF7+AF8,405.66,84.752,20.489,36.414,30.693,-0.35001,-0.35207,-0.58257,0.48527,0.48642,0.50266,Hard,
2026-06-26T11:42:51,760.422,active,1,AF7+AF8,675.5,132.2,28.864,55.075,31.015,-0.25139,-0.32908,-0.36329,0.49154,0.48638,0.50689,Hard,
2026-06-26T11:42:52,761.431,active,1,AF7+AF8,619.56,129.48,44.192,66.852,37.952,-0.2613,0.0052249,-0.17477,0.48986,0.50104,0.50207,Hard,
2026-06-26T11:42:53,762.443,active,1,AF7+AF8,245.69,59.693,29.951,44.269,36.565,-0.39942,-0.10424,-0.43176,0.48617,0.50043,0.4974,Hard,
2026-06-26T11:42:54,763.457,active,1,AF7+AF8,115.34,36.111,9.5077,25.929,17.386,-0.44023,-0.44813,-0.70217,0.48403,0.49645,0.49955,Hard,
2026-06-26T11:42:55,764.470,active,1,AF7+AF8,66.288,23.474,8.5749,28.798,15.471,-0.46797,-0.44927,-0.68194,0.48246,0.49367,0.49933,Hard,
2026-06-26T11:42:56,765.485,active,1,AF7+AF8,79.939,42.869,10.753,27.986,22.269,-0.44109,-0.42631,-0.68163,0.48074,0.49083,0.49919,Hard,
2026-06-26T11:42:57,766.490,active,1,AF7+AF8,271.99,48.808,10.131,25.542,22.373,-0.43018,-0.44277,-0.70974,0.47905,0.48774,0.50062,Hard,
2026-06-26T11:42:58,767.497,active,1,AF7+AF8,701.19,34.12,14.464,28.834,26.018,-0.4515,-0.4084,-0.67975,0.4775,0.48579,0.4999,Hard,
2026-06-26T11:42:59,768.508,active,1,AF7+AF8,12466,277.11,45.858,65.163,41.858,0.0037319,-0.17273,-0.25349,0.48494,0.48365,0.51319,Hard,
2026-06-26T11:43:00,769.524,active,1,AF7+AF8,18206,340.15,64.349,119.64,95.541,0.11247,0.053095,0.42279,0.52163,0.51669,0.51249,Hard,
2026-06-26T11:43:01,770.539,active,1,AF7+AF8,1173.2,54.188,19.392,105.57,102.58,-0.41825,-0.32042,0.31193,0.55569,0.56084,0.50953,Hard,
2026-06-26T11:43:02,771.553,active,1,AF7+AF8,6033.6,106.67,34.179,80.929,66.087,-0.31285,-0.13459,-0.054806,0.5502,0.5574,0.50571,Hard,
2026-06-26T11:43:03,772.563,active,1,AF7+AF8,15079,1264.6,96.937,70.924,44.947,2.0531,0.20315,-0.21722,0.53789,0.5197,0.63192,Hard,
2026-06-26T11:43:04,773.578,active,1,AF7+AF8,12628,1722.1,106.02,84.706,59.165,2.9812,0.20501,0.03951,0.53087,0.47975,0.73294,Hard,
2026-06-26T11:43:05,774.590,active,1,AF7+AF8,2026.5,214.2,36.445,62.31,36.94,-0.12074,-0.083283,-0.22072,0.5251,0.4844,0.70443,Hard,
2026-06-26T11:43:06,775.600,active,1,AF7+AF8,1142.2,151.78,32.044,38.872,19.986,-0.21784,-0.27585,-0.54743,0.51802,0.48134,0.68077,Hard,
2026-06-26T11:43:07,776.611,active,1,AF7+AF8,17501,408.42,124.07,115.77,49.541,0.31745,0.23138,0.19373,0.51529,0.48326,0.66036,Hard,
2026-06-26T11:43:08,777.625,active,1,AF7+AF8,21006,398.34,113.91,165.94,92.598,0.29113,0.198,0.77086,0.54879,0.52911,0.64252,Hard,
2026-06-26T11:43:10,778.641,active,1,AF7+AF8,1158.7,47.342,14.94,72.944,61.045,-0.4188,-0.40696,-0.19336,0.54614,0.529,0.62524,Hard,
2026-06-26T11:43:11,779.647,active,1,AF7+AF8,45.692,11.327,8.3242,50.515,55.944,-0.49011,-0.45626,-0.46008,0.54054,0.52597,0.6097,Hard,
2026-06-26T11:43:12,780.659,active,1,AF7+AF8,14.087,8.3878,8.7295,52.006,46.231,-0.49705,-0.4558,-0.45269,0.53572,0.52352,0.59592,Hard,
2026-06-26T11:43:13,781.674,active,1,AF7+AF8,25.941,10.094,10.104,70.605,50.651,-0.49375,-0.44076,-0.28956,0.5337,0.52471,0.58361,Hard,
2026-06-26T11:43:14,782.689,active,1,AF7+AF8,2563,366.8,35.673,74.254,52.943,0.22418,-0.14811,-0.2012,0.52886,0.51539,0.57915,Hard,
2026-06-26T11:43:15,783.699,active,1,AF7+AF8,11967,1482,64.183,107.4,68.343,2.4821,0.12451,0.25341,0.52733,0.48319,0.6905,Hard,
2026-06-26T11:43:16,784.704,active,1,AF7+AF8,3416.4,414.1,25.015,72.208,62.991,0.32382,-0.29679,-0.15199,0.52622,0.4781,0.67687,Hard,
2026-06-26T11:43:17,785.716,active,1,AF7+AF8,9811.4,1186,168.01,106.92,74.913,1.8504,1.5715,0.21752,0.50351,0.45751,0.65982,Hard,
2026-06-26T11:43:18,786.725,active,1,AF7+AF8,15249,1579.8,285.57,156.86,133.82,2.6373,3.2831,0.87105,0.47074,0.43771,0.63104,Hard,
2026-06-26T11:43:19,787.739,active,1,AF7+AF8,1286.5,110.66,43.131,68.965,92.671,-0.29688,0.024219,-0.11697,0.47771,0.48857,0.61051,Hard,
2026-06-26T11:43:20,788.745,active,1,AF7+AF8,68.622,17.633,10.775,60.135,59.073,-0.48144,-0.40929,-0.27951,0.50081,0.51056,0.59617,Hard,
2026-06-26T11:43:21,789.760,active,1,AF7+AF8,66.564,24.998,8.8344,46.276,51.829,-0.46763,-0.43492,-0.45396,0.50043,0.5095,0.58414,Hard,
2026-06-26T11:43:22,790.772,active,1,AF7+AF8,154.39,58.229,16.365,50.532,38.328,-0.40566,-0.36216,-0.41816,0.49954,0.50817,0.57339,Hard,
2026-06-26T11:43:23,791.773,active,1,AF7+AF8,628.31,379.03,84.069,104.91,69.136,0.23343,0.092557,0.2171,0.50915,0.50694,0.56669,Hard,
2026-06-26T11:43:24,792.784,active,1,AF7+AF8,1780.5,916.35,274.77,227.65,219.33,1.2579,2.087,1.7197,0.50256,0.53726,0.54643,Hard,
2026-06-26T11:43:25,793.787,active,1,AF7+AF8,1802.8,268.62,155.58,179.07,235.56,-0.034458,1.6567,1.2406,0.49603,0.60742,0.5169,Hard,
2026-06-26T11:43:26,794.790,active,1,AF7+AF8,257.57,40.846,28.429,136.5,270.38,-0.44144,-0.14126,0.64537,0.55666,0.62253,0.51038,Hard,
2026-06-26T11:43:27,795.804,active,1,AF7+AF8,588.92,232.9,67.504,141.29,136.95,-0.12764,0.47367,0.79738,0.55471,0.62146,0.50018,Hard,
2026-06-26T11:43:28,796.818,active,1,AF7+AF8,792.28,376.88,85.472,117.16,79.36,0.11617,0.78033,0.52142,0.54426,0.61294,0.49029,Hard,
2026-06-26T11:43:29,797.830,active,1,AF7+AF8,3206.2,334.99,38.106,90.279,100.42,0.10945,-0.087479,0.11815,0.54203,0.59952,0.51087,Hard,
2026-06-26T11:43:30,798.844,active,1,AF7+AF8,8220.9,538.62,63.515,178.42,191.44,0.5125,0.15756,1.247,0.59656,0.59847,0.5309,Hard,
2026-06-26T11:43:31,799.854,active,1,AF7+AF8,1446.3,109.02,16.523,123.94,127.91,-0.30421,-0.36563,0.55458,0.60645,0.60283,0.52811,Hard,
2026-06-26T11:43:32,800.865,active,1,AF7+AF8,267.2,82.814,21.791,98.626,69.873,-0.35913,-0.3037,0.1959,0.60113,0.59876,0.52391,Hard,
2026-06-26T11:43:33,801.873,active,1,AF7+AF8,4271.8,1025.2,132.23,89.21,81.538,1.4835,0.72242,0.13323,0.58022,0.56739,0.56596,Hard,
2026-06-26T11:43:34,802.885,active,1,AF7+AF8,14972,2924.3,286.88,139.32,176.56,5.2606,2.0234,0.8091,0.55292,0.511,0.72715,Hard,
2026-06-26T11:43:35,803.902,active,1,AF7+AF8,5617.5,787.32,86.651,135.74,105.82,0.9996,0.3721,0.76792,0.55249,0.50621,0.70923,Hard,
2026-06-26T11:43:36,804.917,active,1,AF7+AF8,1928.8,229.45,41.592,94.899,49.533,-0.096498,-0.12809,0.14025,0.55021,0.52022,0.68459,Hard,
2026-06-26T11:43:37,805.932,active,1,AF7+AF8,1176.7,107.47,20.75,116.53,66.447,-0.31984,-0.34027,0.38314,0.57375,0.56028,0.66275,Hard,
2026-06-26T11:43:38,806.943,active,1,AF7+AF8,2471.3,1272.5,260.28,258.35,85.648,1.5449,3.7444,2.5698,0.54778,0.59934,0.61319,Hard,
2026-06-26T11:43:39,807.954,active,1,AF7+AF8,6763.9,2629.1,505.14,379.93,70.971,3.7793,7.7914,4.4671,0.50118,0.59764,0.55384,Hard,
2026-06-26T11:43:40,808.957,active,1,AF7+AF8,2210,528.2,84.776,78.093,30.091,0.43831,0.66067,0.00103,0.49123,0.57939,0.54404,Hard,
2026-06-26T11:43:41,809.973,active,1,AF7+AF8,4148.4,449.82,64.82,64.867,44.367,0.38934,0.089559,-0.22979,0.4875,0.56065,0.54325,Hard,
2026-06-26T11:43:42,810.989,active,1,AF7+AF8,1037.6,92.025,17.759,44.721,30.429,-0.32991,-0.36639,-0.44567,0.48906,0.55164,0.53861,Hard,
2026-06-26T11:43:43,811.992,active,1,AF7+AF8,371.6,45.531,13.537,33.137,25.084,-0.42983,-0.39768,-0.58917,0.4875,0.54305,0.53349,Hard,
2026-06-26T11:43:44,813.003,active,1,AF7+AF8,723.57,150.62,26.027,33.061,19.874,-0.23464,-0.2948,-0.62067,0.48412,0.53211,0.53037,Hard,
2026-06-26T11:43:45,814.018,active,1,AF7+AF8,218.51,71.581,12.373,32.25,17.606,-0.37722,-0.43568,-0.64994,0.48282,0.52417,0.52761,Hard,
2026-06-26T11:43:46,815.027,active,1,AF7+AF8,127.99,28.047,7.9807,25.057,16.974,-0.45983,-0.46246,-0.72129,0.481,0.51736,0.52433,Hard,
2026-06-26T11:43:47,816.036,active,1,AF7+AF8,230.95,28.835,14.155,30.117,25.433,-0.45915,-0.35036,-0.65716,0.47869,0.51231,0.51978,Hard,
2026-06-26T11:43:48,817.041,active,1,AF7+AF8,68.317,29.739,13.958,33.871,29.272,-0.45814,-0.37578,-0.62675,0.47749,0.5083,0.51617,Hard,
2026-06-26T11:43:49,818.055,active,1,AF7+AF8,57.316,30.87,11.888,39.942,29.16,-0.4541,-0.43954,-0.57263,0.48102,0.50553,0.51401,Hard,
2026-06-26T11:43:50,819.069,active,1,AF7+AF8,51.122,25.464,11.271,36.779,24.38,-0.46587,-0.43689,-0.58506,0.4813,0.50308,0.5119,Hard,
2026-06-26T11:43:51,820.083,active,1,AF7+AF8,2464.2,229.14,25.359,45.832,35.998,-0.065245,-0.24532,-0.45856,0.48035,0.49683,0.51825,Hard,
2026-06-26T11:43:52,821.097,active,1,AF7+AF8,7605,531.33,38.812,91.858,49.784,0.54277,-0.068615,0.069902,0.50252,0.49015,0.5528,Hard,
2026-06-26T11:43:53,822.108,active,1,AF7+AF8,1275.7,89.166,11.186,54.105,34.149,-0.33586,-0.41832,-0.33149,0.50752,0.49639,0.5477,Hard,
2026-06-26T11:43:54,823.122,active,1,AF7+AF8,38.283,23.727,7.8023,38.489,25.181,-0.46939,-0.46009,-0.51934,0.50573,0.49607,0.54184,Hard,
2026-06-26T11:43:55,824.127,active,1,AF7+AF8,61.013,47.201,16.853,46.576,34.221,-0.42874,-0.36628,-0.40353,0.50448,0.50032,0.53588,Hard,
2026-06-26T11:43:56,825.133,active,1,AF7+AF8,258.72,108.89,19.426,39.587,41.113,-0.30855,-0.37848,-0.4894,0.50228,0.49757,0.53262,Hard,
2026-06-26T11:43:57,826.143,active,1,AF7+AF8,322.52,98.87,19.538,32.282,27.111,-0.32924,-0.35027,-0.61689,0.49801,0.49355,0.52902,Hard,
2026-06-26T11:43:58,827.156,active,1,AF7+AF8,276.65,68.904,20.759,48.635,29.128,-0.38756,-0.31821,-0.41135,0.49686,0.49564,0.5245,Hard,
2026-06-26T11:43:59,828.168,active,1,AF7+AF8,782.12,133.68,22.725,81.396,50.943,-0.26927,-0.27426,-0.028346,0.51716,0.5163,0.52164,Hard,
2026-06-26T11:44:00,829.179,active,1,AF7+AF8,178.87,30.789,9.5871,57.267,52.091,-0.45634,-0.44809,-0.27935,0.51951,0.51979,0.51892,Hard,
2026-06-26T11:44:01,830.192,active,1,AF7+AF8,25.131,11.25,7.814,49.08,51.542,-0.4919,-0.46929,-0.36028,0.51881,0.51939,0.51631,Hard,
2026-06-26T11:44:02,831.208,active,1,AF7+AF8,29.838,17.916,13.046,53.012,54.059,-0.47995,-0.41194,-0.35709,0.51737,0.5189,0.51333,Hard,
2026-06-26T11:44:03,832.220,active,1,AF7+AF8,25.518,24.372,13.531,50.554,38.49,-0.47027,-0.38238,-0.41811,0.51475,0.51742,0.51041,Hard,
2026-06-26T11:44:04,833.225,active,1,AF7+AF8,49.218,16.263,10.943,43.878,33.9,-0.48457,-0.42271,-0.46972,0.51228,0.51555,0.50824,Hard,
2026-06-26T11:44:05,834.233,active,1,AF7+AF8,635.9,126.23,21.944,44.755,30.139,-0.28418,-0.31425,-0.43399,0.50901,0.51144,0.5077,Hard,
2026-06-26T11:44:06,835.248,active,1,AF7+AF8,971.9,168.7,26.578,33.865,25.522,-0.20265,-0.27184,-0.54269,0.50387,0.50498,0.50827,Hard,
2026-06-26T11:44:07,836.264,active,1,AF7+AF8,95.789,20.866,10.215,19.841,23.208,-0.47246,-0.43449,-0.74821,0.49871,0.50025,0.50671,Hard,
2026-06-26T11:44:08,837.281,active,1,AF7+AF8,81.802,14.768,10.82,28.957,29.661,-0.48289,-0.43479,-0.67348,0.49529,0.49736,0.50518,Hard,
2026-06-26T11:44:09,838.299,active,1,AF7+AF8,171.25,23.926,8.4161,29.37,24.572,-0.46442,-0.4584,-0.67145,0.49266,0.49458,0.50447,Hard,
2026-06-26T11:44:10,839.314,active,1,AF7+AF8,99.779,24.762,7.5811,28.984,31.885,-0.4631,-0.47754,-0.67376,0.4906,0.49207,0.50415,Hard,
2026-06-26T11:44:11,840.324,active,1,AF7+AF8,424.88,64.959,12.711,53.628,51.725,-0.38242,-0.42895,-0.39659,0.49867,0.49577,0.50515,Hard,
2026-06-26T11:44:12,841.335,active,1,AF7+AF8,240.87,53.447,11.737,51.196,57.91,-0.41094,-0.41585,-0.40054,0.50062,0.49909,0.5046,Hard,
2026-06-26T11:44:13,842.346,active,1,AF7+AF8,107.13,24.353,6.3247,30.811,28.319,-0.46859,-0.47245,-0.64113,0.49801,0.49661,0.50411,Hard,
2026-06-26T11:44:14,843.354,active,1,AF7+AF8,34.828,12.933,6.681,34.549,20.441,-0.4885,-0.47967,-0.58569,0.49666,0.49556,0.50348,Hard,
2026-06-26T11:44:15,844.365,active,1,AF7+AF8,74.376,12.635,7.5119,40.764,20.354,-0.48967,-0.48191,-0.5041,0.497,0.49714,0.50295,Hard,
2026-06-26T11:44:16,845.373,active,1,AF7+AF8,172.29,14.771,11.763,32.221,16.941,-0.48647,-0.42231,-0.60259,0.49466,0.49574,0.50163,Hard,
2026-06-26T11:44:17,846.388,active,1,AF7+AF8,94.711,17.589,15.307,31.477,21.499,-0.48135,-0.38436,-0.61153,0.4919,0.4943,0.49998,Hard,
2026-06-26T11:44:18,847.397,active,1,AF7+AF8,45.437,13.194,7.952,27.542,18.851,-0.48854,-0.45508,-0.66826,0.48967,0.49229,0.49948,Hard,
2026-06-26T11:44:19,848.410,active,1,AF7+AF8,1427,68.891,32.945,30.183,20.177,-0.37389,-0.31712,-0.64472,0.48601,0.48916,0.49869,Hard,
2026-06-26T11:44:20,849.420,active,1,AF7+AF8,15145,390.06,153.46,91.842,60.323,0.27745,0.40455,0.028705,0.48207,0.48673,0.49694,Hard,
2026-06-26T11:44:21,850.431,active,1,AF7+AF8,9573.7,289.21,61.208,55.378,41.715,0.07365,-0.14007,-0.38103,0.48061,0.48154,0.51479,Hard,
2026-06-26T11:44:22,851.445,active,1,AF7+AF8,986.37,103.64,23.13,29.918,22,-0.30775,-0.37089,-0.66457,0.47854,0.47841,0.51396,Hard,
2026-06-26T11:44:23,852.455,active,1,AF7+AF8,6411.8,427.77,148.45,58.9,58.042,0.3478,0.41383,-0.32333,0.47018,0.47103,0.5113,Hard,
2026-06-26T11:44:24,853.472,active,1,AF7+AF8,7371.6,746.02,198.41,89.256,90.164,0.90827,1.0315,0.038831,0.45917,0.46167,0.50809,Hard,
2026-06-26T11:44:25,854.486,active,1,AF7+AF8,3579.7,757.66,107.44,121.61,74.228,0.84699,0.62277,0.48275,0.47317,0.46082,0.52004,Hard,
2026-06-26T11:44:26,855.493,active,1,AF7+AF8,2143.6,348.32,48.598,116.54,77.781,0.14653,-0.13434,0.48315,0.53522,0.50951,0.52905,Hard,
2026-06-26T11:44:27,856.503,active,1,AF7+AF8,728.44,86.096,16.324,57.82,53.272,-0.34588,-0.40224,-0.30687,0.53242,0.50896,0.52641,Hard,
2026-06-26T11:44:28,857.509,active,1,AF7+AF8,101.37,10.293,9.2219,30.251,29.425,-0.49231,-0.44227,-0.64382,0.52551,0.50561,0.52249,Hard,
2026-06-26T11:44:29,858.518,active,1,AF7+AF8,327.82,38.35,13.72,44.708,31.888,-0.43838,-0.40159,-0.44525,0.52179,0.50483,0.51924,Hard,
2026-06-26T11:44:30,859.530,active,1,AF7+AF8,2090.6,76.307,30.072,85.459,76.78,-0.36277,-0.31621,0.055684,0.53653,0.5332,0.51623,Hard,
2026-06-26T11:44:31,860.546,active,1,AF7+AF8,1113.8,37.632,16.307,66.911,70.867,-0.43939,-0.42114,-0.15552,0.53612,0.53454,0.51401,Hard,
2026-06-26T11:44:32,861.562,active,1,AF7+AF8,76.532,10.569,4.4617,48.921,40.619,-0.49227,-0.49957,-0.4059,0.53319,0.53169,0.51244,Hard,
2026-06-26T11:44:33,862.572,active,1,AF7+AF8,242.37,17.42,7.2765,36.218,25.191,-0.48045,-0.45099,-0.54435,0.52781,0.52693,0.5105,Hard,
2026-06-26T11:44:34,863.587,active,1,AF7+AF8,569.88,51.287,16.187,33.604,25.156,-0.42115,-0.35195,-0.58449,0.52099,0.52125,0.5082,Hard,
2026-06-26T11:44:35,864.601,active,1,AF7+AF8,1535,120.69,40.433,89.827,64.352,-0.27166,-0.2705,-0.013372,0.52765,0.52784,0.5072,Hard,
2026-06-26T11:44:36,865.610,active,1,AF7+AF8,869.72,72.245,25.189,88.627,83.059,-0.36706,-0.34941,0.019401,0.53864,0.54003,0.50607,Hard,
2026-06-26T11:44:37,866.618,active,1,AF7+AF8,615.55,45.572,15.465,62.511,68.844,-0.42673,-0.38389,-0.23172,0.53629,0.53815,0.5047,Hard,
2026-06-26T11:44:39,867.635,active,1,AF7+AF8,1034.4,79.658,13.985,88.4,79.547,-0.36302,-0.37413,0.057304,0.54675,0.54667,0.5043,Hard,
2026-06-26T11:44:40,868.652,active,1,AF7+AF8,666.51,53.86,10.665,74.96,75.357,-0.41183,-0.42039,-0.080205,0.54623,0.54603,0.50392,Hard,
2026-06-26T11:44:41,869.664,active,1,AF7+AF8,21.551,8.8209,6.2037,52.246,39.065,-0.49588,-0.48356,-0.34098,0.54282,0.54283,0.50326,Hard,
2026-06-26T11:44:42,870.674,active,1,AF7+AF8,32.598,8.6812,4.8746,41.497,35.794,-0.49607,-0.4935,-0.47485,0.53796,0.53801,0.50283,Hard,
2026-06-26T11:44:43,871.687,active,1,AF7+AF8,49.276,15.332,6.447,31.662,32.524,-0.48485,-0.47566,-0.59834,0.53157,0.53175,0.50235,Hard,
2026-06-26T11:44:44,872.699,active,1,AF7+AF8,49.922,18.089,9.4917,30.286,25.787,-0.47833,-0.4477,-0.612,0.52531,0.52593,0.50161,Hard,
2026-06-26T11:44:45,873.707,active,1,AF7+AF8,146.17,17.644,7.1634,31.535,24.038,-0.47789,-0.48296,-0.60184,0.52049,0.52096,0.50149,Hard,
2026-06-26T11:44:46,874.718,active,1,AF7+AF8,173.64,12.517,4.0933,40.212,23.397,-0.48797,-0.5066,-0.52691,0.51773,0.51786,0.502,Hard,
2026-06-26T11:44:47,875.732,active,1,AF7+AF8,37.036,9.6509,8.6857,45.252,27.314,-0.49476,-0.43315,-0.45515,0.51527,0.51631,0.50083,Hard,
2026-06-26T11:44:48,876.747,active,1,AF7+AF8,62.442,18.69,13.954,54.054,34.442,-0.47775,-0.37317,-0.35662,0.51369,0.51617,0.49916,Hard,
2026-06-26T11:44:49,877.761,active,1,AF7+AF8,442.3,73.862,17.752,69.676,53.315,-0.36468,-0.3522,-0.13161,0.522,0.52393,0.49908,Hard,
2026-06-26T11:44:50,878.784,active,1,AF7+AF8,817.96,123.76,15.895,102.52,92.278,-0.26637,-0.38275,0.32184,0.56111,0.55337,0.50836,Hard,
2026-06-26T11:44:51,879.799,active,1,AF7+AF8,252.64,50.794,8.5083,70.937,46.154,-0.41445,-0.45226,-0.061893,0.55961,0.55224,0.50792,Hard,
2026-06-26T11:44:52,880.810,active,1,AF7+AF8,857.63,51.924,10.771,105.01,67.635,-0.40799,-0.43676,0.33368,0.58092,0.57589,0.5074,Hard,
2026-06-26T11:44:53,881.821,active,1,AF7+AF8,1630.4,140.02,20.704,137.95,97.682,-0.23995,-0.29663,0.77665,0.61099,0.605,0.50736,Hard,
2026-06-26T11:44:54,882.832,active,1,AF7+AF8,2322.9,143.81,28.441,67.429,36.782,-0.24336,-0.17085,-0.19229,0.59735,0.59317,0.50539,Hard,
2026-06-26T11:44:55,883.847,active,1,AF7+AF8,586.74,67.754,17.687,39.762,26.799,-0.38894,-0.33846,-0.53,0.58279,0.57987,0.50399,Hard,
2026-06-26T11:44:56,884.858,active,1,AF7+AF8,160.94,41.362,15.207,33.182,28.458,-0.43739,-0.3813,-0.57135,0.57001,0.56828,0.50267,Hard,
2026-06-26T11:44:57,885.868,active,1,AF7+AF8,37.848,9.8037,8.7221,33.542,20.95,-0.49386,-0.43957,-0.57132,0.55963,0.55892,0.50153,Hard,
2026-06-26T11:44:58,886.875,active,1,AF7+AF8,16.19,9.4272,7.2063,35.27,23.682,-0.49487,-0.46323,-0.56951,0.55088,0.55073,0.50088,Hard,
2026-06-26T11:44:59,887.890,active,1,AF7+AF8,33.516,10.219,8.9095,26.893,23.39,-0.49327,-0.44661,-0.65085,0.54172,0.54228,0.50007,Hard,
2026-06-26T11:45:00,888.898,active,1,AF7+AF8,2832.1,298.66,19.706,35.635,50.353,0.098154,-0.39833,-0.56795,0.53417,0.52731,0.53707,Hard,
2026-06-26T11:45:01,889.901,active,1,AF7+AF8,4717,462.64,25.618,88.686,95.375,0.43381,-0.36531,0.10338,0.54866,0.51909,0.57398,Hard,
2026-06-26T11:45:02,890.912,active,1,AF7+AF8,391.01,40.046,5.837,92.496,73.109,-0.4316,-0.49246,0.1951,0.57053,0.55426,0.56601,Hard,
2026-06-26T11:45:03,891.923,active,1,AF7+AF8,460.24,82.795,13.862,74.726,71.115,-0.34531,-0.44356,-0.11159,0.56703,0.55125,0.55957,Hard,
2026-06-26T11:45:04,892.938,active,1,AF7+AF8,904.66,75.389,18.595,71.894,62.283,-0.36131,-0.40396,-0.14575,0.56286,0.54833,0.55306,Hard,
2026-06-26T11:45:05,893.944,active,1,AF7+AF8,1013.9,59.154,16.891,35.315,27.109,-0.39885,-0.39352,-0.59092,0.55236,0.53965,0.54661,Hard,
2026-06-26T11:45:06,894.958,active,1,AF7+AF8,289.75,38.044,9.2815,23.272,12.371,-0.44222,-0.43461,-0.73906,0.54152,0.53045,0.5409,Hard,
2026-06-26T11:45:07,895.969,active,1,AF7+AF8,39.141,12.209,5.3477,26.004,13.626,-0.48976,-0.47632,-0.71361,0.53298,0.52344,0.53579,Hard,
2026-06-26T11:45:08,896.982,active,1,AF7+AF8,25.516,12.325,6.7402,26.436,17.13,-0.48861,-0.47729,-0.68872,0.52585,0.51763,0.53133,Hard,
2026-06-26T11:45:09,897.993,active,1,AF7+AF8,105.5,39.043,13.301,32.215,24.464,-0.43818,-0.39359,-0.60354,0.5196,0.51303,0.5269,Hard,
2026-06-26T11:45:10,899.004,active,1,AF7+AF8,618.44,98.274,17.444,38.596,19.656,-0.32214,-0.32423,-0.56837,0.51359,0.50778,0.5237,Hard,
2026-06-26T11:45:11,900.020,active,1,AF7+AF8,2675.1,283.87,20.833,39.854,18.669,0.061509,-0.37669,-0.57102,0.50905,0.49744,0.54222,Hard,
2026-06-26T11:45:12,901.033,active,1,AF7+AF8,15449,1442.8,83.792,109.89,110.78,2.4149,0.046414,0.16965,0.51286,0.46721,0.67631,Hard,
2026-06-26T11:45:13,902.045,active,1,AF7+AF8,6959.1,584.35,90.738,191.56,320.94,0.66058,0.10295,1.301,0.5924,0.53451,0.66346,Hard,
2026-06-26T11:45:14,903.060,active,1,AF7+AF8,330.91,37.166,19.936,118.33,159.18,-0.43969,-0.38305,0.53315,0.6045,0.58536,0.643,Hard,
2026-06-26T11:45:15,904.072,active,1,AF7+AF8,329.36,66.599,10.6,72.236,48.858,-0.40316,-0.42086,-0.081197,0.59704,0.57994,0.6261,Hard,
2026-06-26T11:45:16,905.088,active,1,AF7+AF8,588.86,101.27,11.251,58.755,38.111,-0.3294,-0.41443,-0.24879,0.58788,0.57155,0.61225,Hard,
2026-06-26T11:45:17,906.100,active,1,AF7+AF8,1008.6,213.04,17.297,105.94,93.228,-0.082797,-0.37272,0.27397,0.58695,0.5683,0.60312,Hard,
2026-06-26T11:45:18,907.108,active,1,AF7+AF8,308.09,69.244,14.693,110.03,141.06,-0.37282,-0.41259,0.31162,0.58851,0.57816,0.59134,Hard,
2026-06-26T11:45:19,908.123,active,1,AF7+AF8,23.446,9.9672,14.382,86.024,93.542,-0.49352,-0.43355,0.024325,0.58473,0.5765,0.57948,Hard,
2026-06-26T11:45:20,909.125,active,1,AF7+AF8,52.764,16.487,13.612,50.031,67.388,-0.48164,-0.40681,-0.34658,0.57546,0.56935,0.56882,Hard,
2026-06-26T11:45:21,910.140,active,1,AF7+AF8,62.568,22.46,15.571,73.442,72.967,-0.47179,-0.3767,-0.095346,0.57062,0.56666,0.55914,Hard,
2026-06-26T11:45:22,911.150,active,1,AF7+AF8,37.707,11.387,9.9073,74.116,47.635,-0.49239,-0.44812,-0.15862,0.56648,0.56365,0.55138,Hard,
2026-06-26T11:45:23,912.161,active,1,AF7+AF8,55.004,12.18,6.4572,55.948,38.237,-0.49027,-0.48143,-0.33342,0.56072,0.55837,0.54508,Hard,
2026-06-26T11:45:24,913.173,active,1,AF7+AF8,63.673,18.762,9.1256,62.923,44.786,-0.47735,-0.46255,-0.2281,0.55695,0.5551,0.53945,Hard,
2026-06-26T11:45:25,914.184,active,1,AF7+AF8,167.44,43.628,12.392,90.961,72.558,-0.42509,-0.43088,0.10442,0.56269,0.56152,0.5348,Hard,
2026-06-26T11:45:26,915.195,active,1,AF7+AF8,472.67,77.515,11.714,60.115,64.567,-0.35699,-0.41886,-0.27776,0.55728,0.55533,0.53155,Hard,
2026-06-26T11:45:27,916.209,active,1,AF7+AF8,593.32,62.686,13.613,78.423,84.201,-0.38731,-0.40911,-0.042059,0.5559,0.55385,0.52809,Hard,
2026-06-26T11:45:28,917.220,active,1,AF7+AF8,430.82,62.784,16.108,96.87,107.66,-0.38687,-0.3868,0.17797,0.56444,0.56362,0.52472,Hard,
2026-06-26T11:45:29,918.234,active,1,AF7+AF8,54.427,18.888,8.3121,50.909,57.324,-0.47493,-0.45006,-0.34823,0.55823,0.55789,0.52138,Hard,
2026-06-26T11:45:30,919.248,active,1,AF7+AF8,69.461,12.983,8.8518,53.095,37.992,-0.4877,-0.44368,-0.32951,0.55296,0.55331,0.51816,Hard,
2026-06-26T11:45:31,920.257,active,1,AF7+AF8,501.85,83.72,32.986,59.274,43.718,-0.34413,-0.26746,-0.30629,0.54602,0.54748,0.51483,Hard,
2026-06-26T11:45:32,921.265,active,1,AF7+AF8,1027.1,228.37,56.209,60.002,60.554,-0.057437,-0.15509,-0.29351,0.53842,0.53825,0.51451,Hard,
2026-06-26T11:45:33,922.268,active,1,AF7+AF8,514.31,73.226,29.091,43.146,33.519,-0.37283,-0.3142,-0.51414,0.53081,0.53154,0.51189,Hard,
2026-06-26T11:45:34,923.271,active,1,AF7+AF8,793.03,121.85,23.933,51.199,32.532,-0.27725,-0.33438,-0.43059,0.52567,0.52546,0.51132,Hard,
2026-06-26T11:45:35,924.283,active,1,AF7+AF8,1825.3,278.68,32.872,91.52,59.74,0.030285,-0.24992,0.061657,0.53359,0.52287,0.52551,Hard,
2026-06-26T11:45:36,925.294,active,1,AF7+AF8,687.74,71.706,10.997,76.535,56.602,-0.37095,-0.43028,-0.09257,0.5387,0.52999,0.52334,Hard,
2026-06-26T11:45:37,926.304,active,1,AF7+AF8,90.446,17.262,10.824,55.447,44.263,-0.48028,-0.44186,-0.36739,0.53518,0.52809,0.51996,Hard,
2026-06-26T11:45:38,927.313,active,1,AF7+AF8,98.145,33.712,16.061,71.633,42.738,-0.44856,-0.41415,-0.19927,0.53418,0.52991,0.51705,Hard,
2026-06-26T11:45:39,928.328,active,1,AF7+AF8,89.519,29.759,12.55,54.957,46.494,-0.45715,-0.41499,-0.36713,0.53079,0.52767,0.51437,Hard,
2026-06-26T11:45:40,929.347,active,1,AF7+AF8,81.121,20.997,9.3431,28.893,22.186,-0.472,-0.43892,-0.64437,0.52402,0.52176,0.51215,Hard,
2026-06-26T11:45:41,930.359,active,1,AF7+AF8,202.57,35.822,7.9218,27.279,22.669,-0.44046,-0.44392,-0.64884,0.51807,0.51603,0.51074,Hard,
2026-06-26T11:45:42,931.370,active,1,AF7+AF8,258.28,31.882,13.189,31.307,32.589,-0.45429,-0.36832,-0.5887,0.51259,0.51209,0.50817,Hard,
2026-06-26T11:45:43,932.381,active,1,AF7+AF8,178.67,24.841,9.1254,38.675,33.967,-0.46856,-0.43576,-0.54561,0.50944,0.50948,0.50669,Hard,
2026-06-26T11:45:44,933.396,active,1,AF7+AF8,27.023,8.9181,4.5306,40.203,26.186,-0.49548,-0.50127,-0.53242,0.50784,0.50779,0.50598,Hard,
2026-06-26T11:45:45,934.411,active,1,AF7+AF8,85.447,16.172,7.0696,39.134,31.257,-0.48061,-0.48202,-0.51591,0.50639,0.50633,0.50528,Hard,
2026-06-26T11:45:46,935.425,active,1,AF7+AF8,500.3,38.71,21.386,48.13,48.402,-0.43642,-0.37887,-0.40077,0.50529,0.5061,0.50378,Hard,
2026-06-26T11:45:47,936.430,active,1,AF7+AF8,239.74,20.649,14.06,43.478,37.252,-0.47145,-0.41982,-0.46183,0.50403,0.50552,0.50256,Hard,
2026-06-26T11:45:48,937.444,active,1,AF7+AF8,996.74,54.452,18.103,61.743,57.344,-0.4078,-0.3644,-0.20547,0.51352,0.51737,0.5016,Hard,
2026-06-26T11:45:49,938.454,active,1,AF7+AF8,2998.6,107.73,22.016,128.46,182.52,-0.30819,-0.31989,0.69289,0.57979,0.5805,0.50158,Hard,
2026-06-26T11:45:50,939.465,active,1,AF7+AF8,587.04,25.921,8.6511,82.186,98.452,-0.46365,-0.45098,0.037556,0.5775,0.57832,0.5012,Hard,
2026-06-26T11:45:51,940.480,active,1,AF7+AF8,37.806,16.142,7.5697,49.795,36.844,-0.48039,-0.46027,-0.34472,0.56994,0.57095,0.50076,Hard,
2026-06-26T11:45:52,941.494,active,1,AF7+AF8,97.77,34.034,10.183,38.567,37.274,-0.44533,-0.40362,-0.50919,0.55996,0.56148,0.50004,Hard,
2026-06-26T11:45:53,942.507,active,1,AF7+AF8,467.75,124.41,34.564,51.797,52.913,-0.26582,-0.28407,-0.39896,0.55104,0.55211,0.50138,Hard,
2026-06-26T11:45:54,943.519,active,1,AF7+AF8,2580.6,610,142.41,117.31,207.8,0.7022,0.39318,0.34197,0.54415,0.54047,0.52368,Hard,
2026-06-26T11:45:55,944.530,active,1,AF7+AF8,935.27,190.15,46.212,103.02,224.3,-0.13725,-0.23001,0.21278,0.55073,0.54237,0.52223,Hard,
2026-06-26T11:45:56,945.542,active,1,AF7+AF8,184.73,34.439,11.355,79.434,97.177,-0.44553,-0.44713,-0.014861,0.55259,0.54912,0.51959,Hard,
2026-06-26T11:45:57,946.553,active,1,AF7+AF8,221.45,34.182,11.579,67.129,61.225,-0.44409,-0.43332,-0.13707,0.55071,0.54783,0.51708,Hard,
2026-06-26T11:45:58,947.564,active,1,AF7+AF8,598.46,102.32,22.061,72.739,64.964,-0.30521,-0.36467,-0.10353,0.54854,0.54511,0.51592,Hard,
2026-06-26T11:45:59,948.578,active,1,AF7+AF8,143.37,32.795,10.903,62.369,62.967,-0.44644,-0.44708,-0.24248,0.54578,0.54275,0.51402,Hard,
2026-06-26T11:46:00,949.594,active,1,AF7+AF8,33.024,16.783,8.1189,68.206,61.766,-0.47854,-0.4643,-0.20798,0.54413,0.54168,0.51212,Hard,
2026-06-26T11:46:01,950.606,active,1,AF7+AF8,51.947,17.425,11.61,62.517,43.604,-0.47743,-0.43118,-0.27763,0.54113,0.53967,0.50997,Hard,
2026-06-26T11:46:02,951.618,active,1,AF7+AF8,1217.5,120.82,16.114,62.122,49.917,-0.27454,-0.4086,-0.2625,0.53839,0.53509,0.51404,Hard,
2026-06-26T11:46:03,952.633,active,1,AF7+AF8,6895.2,893.1,143.53,99.835,70.468,1.2363,0.37301,0.14686,0.53039,0.51493,0.56938,Hard,
2026-06-26T11:46:05,953.645,active,1,AF7+AF8,14395,2629.9,416.62,168.01,70.43,4.7982,2.1161,0.77794,0.50739,0.46732,0.70334,Hard,
2026-06-26T11:46:06,954.648,active,1,AF7+AF8,7878.9,1012.3,142.61,105.13,69.817,1.5254,0.46206,0.21544,0.50281,0.45226,0.69453,Hard,
2026-06-26T11:46:07,955.657,active,1,AF7+AF8,10338,497.78,152.3,55.894,41.518,0.44724,0.5412,-0.33645,0.48951,0.44638,0.66978,Hard,
2026-06-26T11:46:08,956.670,active,1,AF7+AF8,26543,3073.7,1312.1,134.18,69.199,5.6165,7.638,0.56168,0.43416,0.40169,0.62142,Hard,
2026-06-26T11:46:09,957.680,active,1,AF7+AF8,13854,1532.6,685.76,105.11,70.845,2.5461,3.7075,0.19582,0.39974,0.3818,0.5899,Hard,
2026-06-26T11:46:10,958.694,active,1,AF7+AF8,2188.2,116.46,29.745,63.238,73.489,-0.28139,-0.28237,-0.2056,0.46565,0.4584,0.57913,Hard,
2026-06-26T11:46:11,959.707,active,1,AF7+AF8,7011.4,263.99,33.939,125.2,216.62,0.017315,-0.20628,0.66721,0.55075,0.53168,0.57299,Hard,
2026-06-26T11:46:12,960.720,active,1,AF7+AF8,1480.6,54.03,13.503,116.17,167.95,-0.40526,-0.38023,0.47983,0.58383,0.57799,0.56385,Hard,
2026-06-26T11:46:13,961.735,active,1,AF7+AF8,25.949,14.067,7.4385,107.59,107.57,-0.48578,-0.44877,0.37471,0.59443,0.59476,0.55563,Hard,
2026-06-26T11:46:14,962.741,active,1,AF7+AF8,85.773,16.43,5.9559,79.107,70.441,-0.48055,-0.47974,-0.027227,0.58986,0.59016,0.54895,Hard,
2026-06-26T11:46:15,963.746,active,1,AF7+AF8,252.44,37.244,6.8648,49.619,43.345,-0.43799,-0.47845,-0.41498,0.58003,0.57968,0.54368,Hard,
2026-06-26T11:46:16,964.759,active,1,AF7+AF8,113.67,23.305,7.0974,52.854,57.306,-0.46717,-0.47912,-0.35219,0.57233,0.57184,0.53862,Hard,
2026-06-26T11:46:17,965.768,active,1,AF7+AF8,34.884,12.068,6.659,53.281,58.865,-0.49005,-0.48419,-0.29664,0.56646,0.56612,0.5339,Hard,
2026-06-26T11:46:18,966.771,active,1,AF7+AF8,118.51,27.761,9.7803,53.973,47.973,-0.46071,-0.45583,-0.26216,0.56139,0.56116,0.52975,Hard,
2026-06-26T11:46:19,967.785,active,1,AF7+AF8,166.01,21.197,9.7265,40.621,32.952,-0.4712,-0.45756,-0.46165,0.55396,0.55397,0.52598,Hard,
2026-06-26T11:46:20,968.798,active,1,AF7+AF8,302.09,17.657,7.2225,26.525,18.845,-0.47773,-0.47484,-0.66414,0.54465,0.5447,0.52282,Hard,
2026-06-26T11:46:21,969.814,active,1,AF7+AF8,1890.1,48.884,20.091,64.319,33.771,-0.41766,-0.3605,-0.26096,0.54078,0.54168,0.51922,Hard,
2026-06-26T11:46:22,970.823,active,1,AF7+AF8,1131.3,27.815,26.32,98.898,51.056,-0.45854,-0.30919,0.14786,0.55044,0.56181,0.51468,Hard,
2026-06-26T11:46:23,971.834,active,1,AF7+AF8,49.599,8.3498,11.013,79.562,48.678,-0.49619,-0.42948,-0.088813,0.54949,0.56048,0.51192,Hard,
2026-06-26T11:46:24,972.848,active,1,AF7+AF8,91.266,13.387,7.3737,59.64,45.251,-0.48564,-0.4829,-0.31674,0.54604,0.55575,0.51044,Hard,
2026-06-26T11:46:25,973.863,active,1,AF7+AF8,416.38,41.652,18.843,49.906,45.682,-0.42916,-0.39953,-0.43047,0.54005,0.54904,0.50875,Hard,
2026-06-26T11:46:26,974.877,active,1,AF7+AF8,556.88,72.525,24.443,67.426,83.875,-0.36881,-0.34063,-0.26059,0.53645,0.54478,0.50727,Hard,
2026-06-26T11:46:27,975.892,active,1,AF7+AF8,268.26,31.561,10.908,60.734,73.672,-0.45083,-0.44207,-0.33819,0.53363,0.5411,0.50627,Hard,
2026-06-26T11:46:28,976.894,active,1,AF7+AF8,88.677,19.369,9.6593,47.208,45.959,-0.47377,-0.4626,-0.45997,0.52963,0.53637,0.50535,Hard,
2026-06-26T11:46:29,977.907,active,1,AF7+AF8,3107.6,434.14,124.95,84.48,77.886,0.36801,0.17899,-0.12605,0.52151,0.52463,0.51631,Hard,
2026-06-26T11:46:30,978.915,active,1,AF7+AF8,7474,916.97,247.94,180.76,178.25,1.3464,0.88146,0.88163,0.51893,0.51474,0.54123,Hard,
2026-06-26T11:46:31,979.926,active,1,AF7+AF8,1214.7,124.65,34.372,110.5,104.83,-0.26136,-0.3174,0.34911,0.5571,0.55133,0.53713,Hard,
2026-06-26T11:46:32,980.939,active,1,AF7+AF8,554.74,40.061,8.3968,60.7,43.053,-0.43318,-0.47526,-0.23459,0.55386,0.54815,0.5333,Hard,
2026-06-26T11:46:33,981.949,active,1,AF7+AF8,295.13,33.339,11.088,47.159,29.152,-0.44844,-0.43311,-0.42463,0.54752,0.54272,0.52908,Hard,
2026-06-26T11:46:34,982.962,active,1,AF7+AF8,135.67,55.524,15.526,56.45,28.288,-0.4129,-0.35454,-0.30525,0.54256,0.53921,0.52471,Hard,
2026-06-26T11:46:35,983.978,active,1,AF7+AF8,102.76,36.303,8.9839,54.121,28.757,-0.44696,-0.42998,-0.31865,0.53912,0.53643,0.52149,Hard,
2026-06-26T11:46:36,984.993,active,1,AF7+AF8,376.12,48.331,5.4254,69.931,48.711,-0.41432,-0.48659,-0.080833,0.54598,0.53953,0.52,Hard,
2026-06-26T11:46:37,986.005,active,1,AF7+AF8,2368.4,243.19,15.142,114.28,133.75,-0.017184,-0.37105,0.53831,0.58544,0.55721,0.53447,Hard,
2026-06-26T11:46:38,987.010,active,1,AF7+AF8,849.42,88.711,12.938,114.09,131.1,-0.33256,-0.38999,0.51864,0.60118,0.58578,0.53119,Hard,
2026-06-26T11:46:39,988.015,active,1,AF7+AF8,20.021,6.5493,6.006,99.701,75.548,-0.49965,-0.47273,0.28067,0.6002,0.5921,0.52705,Hard,
2026-06-26T11:46:40,989.025,active,1,AF7+AF8,240.97,21.249,7.1402,65.089,59.944,-0.47043,-0.46714,-0.19895,0.5922,0.58512,0.52375,Hard,
2026-06-26T11:46:41,990.035,active,1,AF7+AF8,2450,251.3,32.237,83.802,135.39,-0.0042771,-0.31621,0.064291,0.58682,0.57593,0.53285,Hard,
2026-06-26T11:46:42,991.043,active,1,AF7+AF8,3104.4,328.48,32.508,142.29,249.59,0.15053,-0.3122,0.86797,0.62076,0.58361,0.54769,Hard,
2026-06-26T11:46:43,992.050,active,1,AF7+AF8,273.82,32.3,8.2067,93.099,165.06,-0.44883,-0.45003,0.22039,0.61623,0.58352,0.54198,Hard,
2026-06-26T11:46:44,993.054,active,1,AF7+AF8,102.88,18.036,8.4051,81.535,189.67,-0.47751,-0.45516,0.02859,0.6095,0.58105,0.53661,Hard,
2026-06-26T11:46:45,994.057,active,1,AF7+AF8,228.44,37.634,20.222,75.221,109.82,-0.43939,-0.36235,-0.068155,0.60077,0.57688,0.53106,Hard,
2026-06-26T11:46:46,995.061,active,1,AF7+AF8,882.71,117.34,31.119,94.266,91.085,-0.28347,-0.26553,0.20537,0.59571,0.57495,0.52707,Hard,
2026-06-26T11:46:47,996.065,active,1,AF7+AF8,1981.6,207.45,35.131,142.78,142.01,-0.10064,-0.20319,0.86144,0.6163,0.60078,0.52536,Hard,
2026-06-26T11:46:48,997.070,active,1,AF7+AF8,462.59,41.107,10.305,93.335,72.597,-0.43132,-0.43748,0.24419,0.61247,0.59872,0.52241,Hard,
2026-06-26T11:46:49,998.078,active,1,AF7+AF8,264.27,50.538,9.5454,56.915,52.188,-0.41882,-0.44257,-0.26875,0.60158,0.58912,0.52007,Hard,
2026-06-26T11:46:50,999.083,active,1,AF7+AF8,2031.8,251.87,28.256,72.097,150.73,-0.024372,-0.2724,-0.13564,0.59144,0.57676,0.52661,Hard,
2026-06-26T11:46:51,1000.093,active,1,AF7+AF8,1563.6,156.1,19.622,101.73,199.16,-0.20522,-0.3572,0.22554,0.58915,0.57399,0.52569,Hard,
2026-06-26T11:46:52,1001.106,active,1,AF7+AF8,82.264,13.259,5.3762,82.989,79.798,-0.48625,-0.4858,0.058368,0.58656,0.57323,0.5226,Hard,
2026-06-26T11:46:53,1002.117,active,1,AF7+AF8,33.663,11.439,5.8367,89.213,68.277,-0.48939,-0.48592,0.14557,0.58557,0.57652,0.51984,Hard,
2026-06-26T11:46:54,1003.121,active,1,AF7+AF8,107.61,22.643,13.256,80.729,74.692,-0.47156,-0.43176,-0.0070763,0.58165,0.57427,0.51686,Hard,
2026-06-26T11:46:55,1004.126,active,1,AF7+AF8,1684.2,315.48,60.048,82.429,87.967,0.11461,-0.10215,0.024828,0.57375,0.56401,0.52299,Hard,
2026-06-26T11:46:56,1005.135,active,1,AF7+AF8,2886.5,496.97,76.99,134.67,148.27,0.48914,0.0062527,0.75977,0.58536,0.56038,0.54524,Hard,
2026-06-26T11:46:57,1006.139,active,1,AF7+AF8,395.94,76.917,15.212,110,85.841,-0.35989,-0.39061,0.44805,0.59614,0.58394,0.54027,Hard,
2026-06-26T11:46:58,1007.140,active,1,AF7+AF8,351.53,74.419,15.575,91.053,74.473,-0.36942,-0.3548,0.15028,0.59214,0.58162,0.53522,Hard,
2026-06-26T11:46:59,1008.147,active,1,AF7+AF8,590.1,93.577,18.891,107.36,131.85,-0.33198,-0.3095,0.36782,0.59114,0.5846,0.53065,Hard,
2026-06-26T11:47:00,1009.151,active,1,AF7+AF8,172.91,26.079,11.841,98.056,111.43,-0.46243,-0.4159,0.30168,0.59086,0.59046,0.52628,Hard,
2026-06-26T11:47:01,1010.160,active,1,AF7+AF8,16.726,11.564,5.6153,76.773,53.425,-0.4903,-0.4864,0.027781,0.58762,0.58733,0.52307,Hard,
2026-06-26T11:47:02,1011.165,active,1,AF7+AF8,27.322,13.701,7.8249,53.741,47.172,-0.48698,-0.47681,-0.27654,0.58011,0.58001,0.52015,Hard,
2026-06-26T11:47:03,1012.169,active,1,AF7+AF8,35.034,11.558,9.4874,45.421,39.671,-0.49065,-0.43273,-0.44425,0.57032,0.5711,0.51686,Hard,
2026-06-26T11:47:04,1013.181,active,1,AF7+AF8,14.956,9.5375,8.9822,50.897,34.195,-0.49484,-0.43912,-0.36812,0.56295,0.56447,0.514,Hard,
2026-06-26T11:47:05,1014.190,active,1,AF7+AF8,60.727,17.752,10.411,92.61,61.401,-0.47769,-0.44205,0.18885,0.57211,0.57532,0.51179,Hard,
2026-06-26T11:47:06,1015.200,active,1,AF7+AF8,101.38,16.334,9.5698,97.982,72.489,-0.48036,-0.44482,0.28229,0.58278,0.58664,0.50984,Hard,
2026-06-26T11:47:07,1016.210,active,1,AF7+AF8,91.929,11.922,5.6539,61.481,43.945,-0.48873,-0.47398,-0.21097,0.57679,0.58041,0.50844,Hard,
2026-06-26T11:47:08,1017.215,active,1,AF7+AF8,41.744,9.2004,7.3269,58.078,43.247,-0.49461,-0.46851,-0.29425,0.57019,0.57376,0.50703,Hard,
2026-06-26T11:47:09,1018.218,active,1,AF7+AF8,13.223,7.9122,9.3484,44.979,40.434,-0.49806,-0.45843,-0.45748,0.56178,0.56552,0.50559,Hard,
2026-06-26T11:47:10,1019.223,active,1,AF7+AF8,70.845,27.759,9.1662,47.792,36.279,-0.46255,-0.46609,-0.4233,0.55501,0.55824,0.50498,Hard,
2026-06-26T11:47:11,1020.226,active,1,AF7+AF8,233.68,37.364,11.955,77.406,54.297,-0.44528,-0.42981,-0.084202,0.55358,0.55666,0.50415,Hard,
2026-06-26T11:47:12,1021.236,active,1,AF7+AF8,4307.9,194.37,38.698,159.33,177.3,-0.16394,-0.10748,0.92642,0.59729,0.60247,0.5028,Hard,
2026-06-26T11:47:13,1022.242,active,1,AF7+AF8,3566.9,158.51,31.519,183.98,330.23,-0.23014,-0.18853,1.2935,0.64525,0.65004,0.50184,Hard,
2026-06-26T11:47:14,1023.250,active,1,AF7+AF8,85.771,11.149,9.3019,79.678,199.27,-0.492,-0.44347,0.0612,0.63535,0.64028,0.50089,Hard,
2026-06-26T11:47:15,1024.270,active,1,AF7+AF8,22.231,9.4746,9.2512,68.729,79.3,-0.49426,-0.4315,-0.088536,0.62424,0.62951,0.49984,Hard,
2026-06-26T11:47:16,1025.272,active,1,AF7+AF8,221.32,63.289,9.4783,66.776,50.612,-0.38888,-0.44919,-0.13485,0.61404,0.61778,0.50446,Hard,
2026-06-26T11:47:17,1026.280,active,1,AF7+AF8,291.86,64.47,8.628,38.007,29.285,-0.38812,-0.47388,-0.52724,0.59955,0.60156,0.50822,Hard,
2026-06-26T11:47:18,1027.284,active,1,AF7+AF8,327.08,42.067,11.7,24.612,17.033,-0.43337,-0.44311,-0.69909,0.58377,0.58539,0.50738,Hard,
2026-06-26T11:47:19,1028.287,active,1,AF7+AF8,417.44,48.779,13.624,26.69,14.969,-0.41831,-0.42307,-0.68244,0.56983,0.57119,0.50656,Hard,
2026-06-26T11:47:20,1029.300,active,1,AF7+AF8,5226.6,569.28,121.43,136.83,142.6,0.61988,0.71228,0.8255,0.56315,0.56573,0.50439,Hard,
2026-06-26T11:47:21,1030.306,active,1,AF7+AF8,6560.3,666.05,134.95,256.02,457.86,0.7924,0.89597,2.3312,0.62851,0.63633,0.50231,Hard,
2026-06-26T11:47:22,1031.312,active,1,AF7+AF8,435.06,64.898,17.014,155.41,349.85,-0.39655,-0.34802,0.94875,0.64539,0.65179,0.5013,Hard,
2026-06-26T11:47:23,1032.316,active,1,AF7+AF8,174.04,56.344,19.127,109.28,142.24,-0.41705,-0.31159,0.41104,0.63867,0.64582,0.49957,Hard,
2026-06-26T11:47:24,1033.320,active,1,AF7+AF8,136.04,38.912,12.35,88.115,77.929,-0.44516,-0.39726,0.071683,0.62903,0.63603,0.4989,Hard,
2026-06-26T11:47:25,1034.324,active,1,AF7+AF8,184.9,17.149,9.0168,104.25,73.774,-0.47909,-0.44944,0.24896,0.62392,0.63051,0.49859,Hard,
2026-06-26T11:47:26,1035.328,active,1,AF7+AF8,366.05,46.739,22.762,110.55,73.433,-0.42677,-0.28115,0.34291,0.61833,0.62625,0.49657,Hard,
2026-06-26T11:47:27,1036.332,active,1,AF7+AF8,700.26,81.493,44.585,73.983,47.268,-0.37021,0.010745,-0.16954,0.60143,0.61411,0.49129,Hard,
2026-06-26T11:47:28,1037.340,active,1,AF7+AF8,209.54,31.652,17.65,63.899,31.988,-0.45461,-0.32991,-0.31767,0.58944,0.60247,0.49046,Hard,
2026-06-26T11:47:29,1038.347,active,1,AF7+AF8,848.6,169.38,33.188,78.714,68.697,-0.19693,-0.11234,-0.10894,0.57876,0.59149,0.49034,Hard,
2026-06-26T11:47:30,1039.356,active,1,AF7+AF8,3037.9,525.32,83.403,151.82,258.57,0.46544,0.57604,0.82876,0.5731,0.58595,0.48984,Hard,
2026-06-26T11:47:31,1040.363,active,1,AF7+AF8,702.98,107.2,23.449,133.65,230.78,-0.31298,-0.24733,0.69678,0.59876,0.60854,0.49101,Hard,
2026-06-26T11:47:32,1041.368,active,1,AF7+AF8,12.449,4.1762,8.1686,93.218,157.08,-0.50459,-0.44836,0.2213,0.59686,0.60629,0.49219,Hard,
2026-06-26T11:47:33,1042.370,active,1,AF7+AF8,25.325,5.1609,6.4437,89.891,113.21,-0.50239,-0.4814,0.12395,0.59425,0.60285,0.4953,Hard,
2026-06-26T11:47:34,1043.373,active,1,AF7+AF8,15.385,6.8694,5.3755,99.309,82.48,-0.4995,-0.4885,0.22222,0.59349,0.60122,0.4973,Hard,
2026-06-26T11:47:35,1044.374,active,1,AF7+AF8,36.198,16.989,7.1189,102.4,104.34,-0.48,-0.46612,0.29072,0.59349,0.60049,0.49788,Hard,
2026-06-26T11:47:36,1045.381,active,1,AF7+AF8,187.83,28.848,11.663,158.35,206.04,-0.45681,-0.41307,1.0383,0.64171,0.64738,0.49748,Hard,
2026-06-26T11:47:37,1046.385,active,1,AF7+AF8,4823.8,881.9,306.48,326.26,474.44,1.1102,3.4262,2.9253,0.61723,0.68645,0.46646,Hard,
2026-06-26T11:47:38,1047.388,active,1,AF7+AF8,1.1753e+05,25905,7549.9,5830.2,1519.4,49.751,88.553,58.478,0.54316,0.86704,0.41049,Hard,
2026-06-26T11:47:39,1048.392,active,1,AF7+AF8,1.3897e+05,27984,7591.4,6441.9,1482.3,54.592,83.426,63.035,0.47799,0.93814,0.36123,Hard,
2026-06-26T11:47:40,1049.404,active,1,AF8,6689.6,713.62,275.82,166.88,43.67,0.75014,4.0478,1.7514,0.44953,0.90027,0.33723,Hard,
2026-06-26T11:47:41,1050.412,active,1,AF7+AF8,50836,5808.2,1854.8,1305.1,525.28,10.822,13.934,11.413,0.4221,0.86105,0.31767,Hard,
2026-06-26T11:47:42,1051.418,active,1,AF7+AF8,1.9577e+05,13420,5560.7,2717.8,445.4,24.471,48.025,26.482,0.37145,0.84559,0.27955,Hard,
2026-06-26T11:47:43,1052.424,active,1,AF7+AF8,71437,4318.5,1718.9,879.21,290.69,7.3052,16.593,8.4993,0.32893,0.82152,0.24715,Hard,
2026-06-26T11:47:44,1053.431,active,1,AF7+AF8,13413,632.42,284,253.06,227.68,0.64241,1.6464,1.6736,0.43362,0.79807,0.32511,Hard,
2026-06-26T11:47:45,1054.437,active,1,AF7+AF8,20301,892.2,329.15,280.69,369.05,1.0813,2.003,2.0076,0.47379,0.77595,0.36211,Hard,
2026-06-26T11:47:46,1055.446,active,1,AF7+AF8,7186.4,1531.3,619.97,438.27,244.49,2.1022,7.7802,4.8578,0.43953,0.78956,0.32529,Hard,
2026-06-26T11:47:47,1056.448,active,1,AF7+AF8,9628.9,3887,1480,899.9,207.13,5.9689,20.592,11.589,0.3881,0.88176,0.28633,Hard,
2026-06-26T11:47:48,1057.453,active,1,AF7+AF8,6630.1,1790.8,404.62,323.79,167.26,2.6006,5.0214,3.1558,0.37541,0.84422,0.27953,Hard,
2026-06-26T11:47:49,1058.460,active,1,AF7+AF8,3069,564.28,62.009,122.49,98.247,0.49259,0.20163,0.46438,0.46984,0.80249,0.43359,Hard,
2026-06-26T11:47:50,1059.463,active,1,AF7+AF8,366.67,160.08,51.652,93.319,76.808,-0.18821,-0.18047,0.070749,0.50675,0.77007,0.47286,Hard,
2026-06-26T11:47:51,1060.466,active,1,AF7+AF8,2569.2,558.12,207.04,195.59,170.68,0.6268,0.69033,0.99775,0.52571,0.74321,0.48438,Hard,
2026-06-26T11:47:52,1061.476,active,1,AF7+AF8,1294.2,160.07,64.62,135.61,137.23,-0.18704,-0.14959,0.50756,0.55913,0.72434,0.49094,Hard,
2026-06-26T11:47:53,1062.483,active,1,AF7+AF8,45.458,13.589,6.9343,99.597,119.88,-0.48786,-0.46805,0.20993,0.57402,0.70778,0.49489,Hard,
2026-06-26T11:47:54,1063.487,active,1,AF7+AF8,193.55,19.503,13.902,84.229,89.28,-0.47525,-0.39281,-0.016659,0.57076,0.6897,0.49427,Hard,
2026-06-26T11:47:55,1064.493,active,1,AF7+AF8,348.85,41.637,25.215,90.533,80.682,-0.43623,-0.29766,-0.0050936,0.56665,0.67338,0.49288,Hard,
2026-06-26T11:47:56,1065.500,active,1,AF7+AF8,572.05,124.43,27.528,152.74,122.72,-0.28671,-0.32173,0.68215,0.60041,0.66683,0.49978,Hard,
2026-06-26T11:47:57,1066.505,active,1,AF7+AF8,680.02,48.319,15.124,190.98,94.987,-0.42621,-0.40882,0.9744,0.63996,0.66768,0.49954,Hard,
2026-06-26T11:47:58,1067.508,active,1,AF7+AF8,1213.1,87.957,45.623,171.41,70.103,-0.35188,-0.12283,0.72616,0.63571,0.66335,0.49617,Hard,
2026-06-26T11:47:59,1068.513,active,1,AF7+AF8,6235.4,678.24,253.21,375.21,345.31,0.8472,1.7944,2.9218,0.63667,0.70834,0.48268,Hard,
2026-06-26T11:48:00,1069.516,active,1,AF7+AF8,7105.9,619.25,223.87,457.48,784.12,0.71682,1.5819,4.4054,0.73709,0.80141,0.47198,Hard,
2026-06-26T11:48:01,1070.519,active,1,AF7+AF8,557.9,56.373,30.851,268.43,446.5,-0.40601,-0.28593,2.2171,0.76137,0.79977,0.47979,Hard,
2026-06-26T11:48:02,1071.525,active,1,AF7+AF8,39.849,19.926,13.901,179.64,213.3,-0.47678,-0.42464,0.90869,0.7493,0.78379,0.48801,Hard,
2026-06-26T11:48:03,1072.533,active,1,AF7+AF8,29.751,18.877,12.043,131.74,179.69,-0.47863,-0.45487,0.41232,0.73219,0.76288,0.49342,Hard,
2026-06-26T11:48:04,1073.541,active,1,AF7+AF8,87.84,52.741,22.139,150.78,172.35,-0.41548,-0.35241,0.66173,0.71922,0.74711,0.49326,Hard,
2026-06-26T11:48:05,1074.545,active,1,AF7+AF8,504.48,49.069,30.469,153.44,150.46,-0.42327,-0.25068,0.66757,0.70645,0.73343,0.49149,Hard,
2026-06-26T11:48:06,1075.547,active,1,AF7+AF8,668.75,47.003,27.382,139.34,93.016,-0.43151,-0.23433,0.48054,0.69229,0.71887,0.48955,Hard,
2026-06-26T11:48:07,1076.550,active,1,AF7+AF8,203.36,37.441,21.425,92.326,66.209,-0.44279,-0.31719,-0.041605,0.67334,0.6986,0.48892,Hard,
2026-06-26T11:48:08,1077.555,active,1,AF7+AF8,51.835,15.76,15.259,59.291,63.119,-0.48174,-0.4235,-0.37418,0.65328,0.67638,0.4912,Hard,
2026-06-26T11:48:09,1078.560,active,1,AF7+AF8,17.371,15.97,10.722,53.877,67.95,-0.48107,-0.44735,-0.41132,0.63543,0.65626,0.49395,Hard,
2026-06-26T11:48:10,1079.568,active,1,AF7+AF8,96.857,46.322,18.366,51.323,75.417,-0.42282,-0.40031,-0.43337,0.61868,0.63735,0.49589,Hard,
2026-06-26T11:48:11,1080.575,active,1,AF7+AF8,898.09,307.08,92.703,92.828,87.15,0.080329,0.070091,-0.019175,0.6031,0.61938,0.49913,Hard,
2026-06-26T11:48:12,1081.578,active,1,AF7+AF8,2130.6,458.73,118.31,157.82,151.61,0.34057,0.60243,0.78136,0.59341,0.61164,0.49531,Hard,
2026-06-26T11:48:13,1082.592,active,1,AF7+AF8,1020.9,171.83,57.02,144.58,207.68,-0.2048,0.055431,0.6556,0.59114,0.61095,0.49197,Hard,
2026-06-26T11:48:14,1083.597,active,1,AF7+AF8,49.79,8.8848,9.7035,99.594,105.47,-0.49588,-0.43298,0.18874,0.58945,0.60781,0.49207,Hard,
2026-06-26T11:48:15,1084.599,active,1,AF7+AF8,51.23,10.379,8.4945,79.744,64.315,-0.49296,-0.44034,-0.020972,0.58498,0.60192,0.49288,Hard,
2026-06-26T11:48:16,1085.604,active,1,AF7+AF8,918.47,66.836,22.604,76.325,78.928,-0.3943,-0.29514,-0.086019,0.57792,0.5943,0.49225,Hard,
2026-06-26T11:48:17,1086.608,active,1,AF7+AF8,3399,206.78,71.892,76.716,84.472,-0.14275,0.13809,-0.057307,0.56564,0.58427,0.48897,Hard,
2026-06-26T11:48:18,1087.612,active,1,AF7+AF8,1052.1,108.18,45.926,58.161,62.386,-0.30817,-0.18041,-0.28597,0.55618,0.57449,0.48838,Hard,
2026-06-26T11:48:19,1088.618,active,1,AF7+AF8,50.055,59.761,16.979,52.265,46.757,-0.39737,-0.40476,-0.36182,0.55008,0.56608,0.49591,Hard,
2026-06-26T11:48:20,1089.622,active,1,AF7+AF8,53.446,23.317,12.856,48.405,35.788,-0.46773,-0.44018,-0.43571,0.54414,0.55863,0.4963,Hard,
2026-06-26T11:48:21,1090.628,active,1,AF7+AF8,112.88,31.796,12.255,58.896,44.551,-0.45131,-0.44554,-0.34231,0.54039,0.55323,0.49809,Hard,
2026-06-26T11:48:22,1091.634,active,1,AF7+AF8,45.512,13.205,7.4235,53.519,55.025,-0.48713,-0.46931,-0.3823,0.53685,0.54842,0.49805,Hard,
2026-06-26T11:48:24,1092.635,active,1,AF7+AF8,16.468,6.7233,5.6962,46.296,41.649,-0.49977,-0.47872,-0.4585,0.53273,0.54323,0.49797,Hard,
2026-06-26T11:48:25,1093.638,active,1,AF7+AF8,22.217,9.2547,5.2566,36.385,45.444,-0.49501,-0.48212,-0.55721,0.52768,0.53711,0.49822,Hard,
2026-06-26T11:48:26,1094.642,active,1,AF7+AF8,36.077,18.942,10.716,43.247,59.552,-0.47652,-0.44823,-0.50043,0.52357,0.53229,0.49801,Hard,
2026-06-26T11:48:27,1095.649,active,1,AF7+AF8,155.78,49.707,29.156,49.57,51.428,-0.41837,-0.26436,-0.45987,0.51781,0.5278,0.49594,Hard,
2026-06-26T11:48:28,1096.659,active,1,AF7+AF8,134.88,49.853,22.074,65.255,55.261,-0.42126,-0.2995,-0.31177,0.51549,0.5261,0.4946,Hard,
2026-06-26T11:48:29,1097.664,active,1,AF7+AF8,166.51,37.998,13.507,50.617,48.522,-0.44244,-0.40034,-0.42388,0.51328,0.52325,0.49468,Hard,
2026-06-26T11:48:30,1098.671,active,1,AF7+AF8,115.35,31.187,11.943,47.669,40.565,-0.4547,-0.43068,-0.43341,0.51165,0.52078,0.49607,Hard,
2026-06-26T11:48:31,1099.683,active,1,AF7+AF8,80.65,31.134,7.6795,35.349,27.926,-0.45155,-0.46613,-0.59196,0.50836,0.51618,0.49952,Hard,
2026-06-26T11:48:32,1100.689,active,1,AF7+AF8,63.566,18.428,7.478,30.216,26.475,-0.47674,-0.47273,-0.6501,0.5047,0.51164,0.49952,Hard,
2026-06-26T11:48:33,1101.694,active,1,AF7+AF8,62.506,24.574,12.721,37.912,31.522,-0.46767,-0.42473,-0.55767,0.50214,0.50889,0.49893,Hard,
2026-06-26T11:48:34,1102.700,active,1,AF7+AF8,205.13,88.781,18.444,44.289,38.856,-0.34172,-0.36499,-0.48749,0.50005,0.50564,0.50132,Hard,
2026-06-26T11:48:35,1103.705,active,1,AF7+AF8,670.09,209.05,53.771,67.255,46.567,-0.10227,-0.11094,-0.25734,0.49785,0.50264,0.50129,Hard,
2026-06-26T11:48:36,1104.709,active,1,AF7+AF8,1147.1,174.81,71.951,99.542,72.792,-0.18355,0.092583,0.099827,0.49968,0.52227,0.497,Hard,
2026-06-26T11:48:37,1105.713,active,1,AF7+AF8,7311.4,831.73,170.96,149.22,159.95,0.86818,1.7358,0.79647,0.48588,0.51852,0.48455,Hard,
2026-06-26T11:48:38,1106.717,active,1,AF7+AF8,4890.5,555.29,112.8,189.69,188.54,0.40596,0.93524,1.1086,0.50735,0.55957,0.47851,Hard,
2026-06-26T11:48:39,1107.722,active,1,AF7+AF8,120.24,16.154,11.41,173.64,161.02,-0.48278,-0.44562,0.79294,0.59297,0.61639,0.48862,Hard,
2026-06-26T11:48:40,1108.731,active,1,AF7+AF8,78.045,15.845,11.593,176.45,141.33,-0.48181,-0.44979,0.77358,0.62618,0.63774,0.49305,Hard,
2026-06-26T11:48:41,1109.738,active,1,AF7+AF8,874.7,89.875,32.64,167.26,132.45,-0.33308,-0.27407,0.72542,0.62573,0.63672,0.49299,Hard,
2026-06-26T11:48:42,1110.739,active,1,AF7+AF8,2609,212.74,68.413,220.63,232.88,-0.080883,-0.039301,1.4853,0.6594,0.6665,0.49408,Hard,
2026-06-26T11:48:43,1111.746,active,1,AF7+AF8,609.55,56.296,21.788,278.65,223.78,-0.40128,-0.39055,2.125,0.73095,0.73434,0.49683,Hard,
2026-06-26T11:48:44,1112.753,active,1,AF7+AF8,72.563,29.099,15.737,237.24,178.69,-0.45749,-0.41741,1.5988,0.73197,0.73567,0.49661,Hard,
2026-06-26T11:48:45,1113.760,active,1,AF7+AF8,105.6,43.754,13.952,184.58,170.32,-0.42859,-0.40789,0.99307,0.72433,0.72786,0.49709,Hard,
2026-06-26T11:48:46,1114.762,active,1,AF7+AF8,257.45,69.233,21.794,184.47,170.44,-0.38708,-0.32791,1.0469,0.71725,0.72115,0.49655,Hard,
2026-06-26T11:48:47,1115.768,active,1,AF7+AF8,829.69,157.43,37.487,159.68,144.35,-0.20443,-0.20219,0.79233,0.7058,0.70926,0.49845,Hard,
2026-06-26T11:48:48,1116.773,active,1,AF7+AF8,390.43,174.68,41.485,79.473,80.291,-0.16595,-0.23047,-0.051165,0.68379,0.68587,0.50422,Hard,
2026-06-26T11:48:49,1117.777,active,1,AF7+AF8,4850.6,1134.9,179.9,141.68,76.66,1.8012,0.65329,0.4523,0.65873,0.64407,0.58549,Hard,
2026-06-26T11:48:50,1118.782,active,1,AF7+AF8,17422,2965.1,403.91,271.8,191.18,5.5009,2.3263,1.7579,0.63121,0.58278,0.73234,Hard,
2026-06-26T11:48:51,1119.788,active,1,AF7+AF8,16177,999.25,204.99,159.18,100.81,1.4717,1.0611,0.67313,0.60966,0.56103,0.71059,Hard,
2026-06-26T11:48:52,1120.794,active,1,AF7+AF8,5095.9,187.1,77.393,63.857,26.721,-0.13739,0.012172,-0.34167,0.59121,0.55064,0.68308,Hard,
2026-06-26T11:48:53,1121.797,active,1,AF7+AF8,465.61,26.679,13.672,34.524,26.202,-0.46192,-0.43838,-0.60073,0.57783,0.54248,0.66076,Hard,
2026-06-26T11:48:54,1122.801,active,1,AF7+AF8,65.891,50.301,15.566,35.907,27.294,-0.42263,-0.3974,-0.61079,0.56529,0.53456,0.64109,Hard,
2026-06-26T11:48:55,1123.804,active,1,AF7+AF8,2211.7,1406.9,160.78,64.588,38.564,2.134,1.4808,-0.26416,0.53283,0.49821,0.63387,Hard,
2026-06-26T11:48:56,1124.810,active,1,AF7+AF8,21404,12200,1246.8,357.15,174.03,22.489,15.244,3.1704,0.46917,0.43844,0.83794,Hard,
2026-06-26T11:48:57,1125.815,active,1,AF7+AF8,11634,5814.9,567.68,234.3,145.28,10.463,6.5113,1.7589,0.42307,0.38735,0.86211,Hard,
2026-06-26T11:48:58,1126.817,active,1,AF7+AF8,282.56,52.432,11.758,68.623,60.17,-0.41656,-0.4176,-0.15188,0.48913,0.47476,0.81867,Hard,
2026-06-26T11:48:59,1127.822,active,1,AF7+AF8,1295.4,121.08,30.052,120.48,102.99,-0.28169,-0.25886,0.53393,0.55434,0.55024,0.78009,Hard,
2026-06-26T11:49:00,1128.828,active,1,AF7+AF8,3852.2,114.71,48.428,251.52,277.84,-0.30107,-0.045805,2.24,0.67667,0.6886,0.74266,Hard,
2026-06-26T11:49:01,1129.838,active,1,AF7+AF8,972.17,46.921,20.911,209.75,230.54,-0.42957,-0.3171,1.5973,0.7042,0.71566,0.71185,Hard,
2026-06-26T11:49:02,1130.840,active,1,AF7+AF8,206.73,38.78,11.781,121.78,101.22,-0.44259,-0.40778,0.46541,0.69259,0.70317,0.68591,Hard,
2026-06-26T11:49:03,1131.848,active,1,AF7+AF8,1414.3,189.51,40.192,126.32,88.863,-0.1746,-0.11945,0.42777,0.67764,0.68776,0.66277,Hard,
2026-06-26T11:49:04,1132.854,active,1,AF7+AF8,1928.2,214.35,51.652,145.66,100.81,-0.12669,0.0093275,0.60284,0.66516,0.67605,0.6412,Hard,
2026-06-26T11:49:05,1133.860,active,1,AF7+AF8,1686.5,155.09,92.485,77.588,46.22,-0.22576,0.293,-0.11344,0.63927,0.65661,0.61652,Hard,
2026-06-26T11:49:06,1134.866,active,1,AF7+AF8,1676.8,171.24,77.332,52.681,35.512,-0.18986,0.13563,-0.40967,0.61443,0.63452,0.59766,Hard,
2026-06-26T11:49:07,1135.871,active,1,AF7+AF8,528.91,56.731,13.313,37.172,35.467,-0.40372,-0.42209,-0.58328,0.59828,0.61569,0.58622,Hard,
2026-06-26T11:49:08,1136.881,active,1,AF7+AF8,649.97,159.15,17.378,53.91,40.532,-0.19979,-0.36227,-0.401,0.5859,0.59879,0.57831,Hard,
2026-06-26T11:49:09,1137.886,active,1,AF7+AF8,6353,1857.5,69.647,163.17,96.825,3.231,0.19588,0.865,0.58554,0.55508,0.72343,Hard,
2026-06-26T11:49:10,1138.892,active,1,AF7+AF8,4125.8,1265.2,48.407,157.83,114.22,2.0485,-0.032952,0.85199,0.59952,0.53104,0.73277,Hard,
2026-06-26T11:49:11,1139.896,active,1,AF7+AF8,256.48,52.267,17.933,64.592,59.385,-0.40696,-0.36557,-0.21689,0.58981,0.53016,0.70422,Hard,
2026-06-26T11:49:12,1140.904,active,1,AF7+AF8,278.22,56.174,17.875,56.748,40.303,-0.39902,-0.40877,-0.29915,0.58068,0.52804,0.67986,Hard,
2026-06-26T11:49:13,1141.911,active,1,AF7+AF8,67.815,13.834,8.6928,46.823,37.31,-0.48566,-0.46409,-0.4113,0.57179,0.52579,0.65795,Hard,
2026-06-26T11:49:14,1142.918,active,1,AF7+AF8,132.83,16.094,11.061,47.624,49.829,-0.48269,-0.44015,-0.39897,0.56379,0.52395,0.63836,Hard,
2026-06-26T11:49:15,1143.923,active,1,AF7+AF8,178.35,24.576,14.99,45.952,40.153,-0.46745,-0.41658,-0.44585,0.5557,0.5214,0.62099,Hard,
2026-06-26T11:49:16,1144.928,active,1,AF7+AF8,426.14,68.11,16.331,55.067,46.606,-0.38399,-0.4,-0.33407,0.55,0.51958,0.60671,Hard,
2026-06-26T11:49:17,1145.935,active,1,AF7+AF8,408.01,100.76,17.168,55.844,53.074,-0.33518,-0.3849,-0.32611,0.54488,0.51737,0.59465,Hard,
2026-06-26T11:49:18,1146.940,active,1,AF7+AF8,2248,823.82,150.71,71.941,47.159,1.1458,0.41484,-0.16638,0.53084,0.49628,0.59414,Hard,
2026-06-26T11:49:19,1147.951,active,1,AF7+AF8,5951.6,1596.9,287.41,117.62,71.78,2.7213,1.2302,0.38503,0.51465,0.46519,0.64458,Hard,
2026-06-26T11:49:20,1148.957,active,1,AF7+AF8,7422.6,938.18,99.323,208.58,283.57,1.3379,0.34839,1.5724,0.5949,0.50364,0.64178,Hard,
2026-06-26T11:49:21,1149.959,active,1,AF7+AF8,2034.4,212.53,22.486,150.16,292.08,-0.093442,-0.28671,0.88434,0.62336,0.57336,0.62766,Hard,
2026-06-26T11:49:22,1150.962,active,1,AF7+AF8,23.881,6.7454,7.3107,101.03,153.9,-0.49994,-0.46266,0.28975,0.61971,0.58781,0.61178,Hard,
2026-06-26T11:49:23,1151.968,active,1,AF7+AF8,23.639,6.994,7.4484,85.699,107.86,-0.49958,-0.45565,0.052735,0.61293,0.58551,0.59771,Hard,
2026-06-26T11:49:24,1152.972,active,1,AF7+AF8,102.03,21.168,10.641,74.266,91.55,-0.47226,-0.44221,-0.11279,0.60431,0.58063,0.58553,Hard,
2026-06-26T11:49:25,1153.981,active,1,AF7+AF8,695.68,60.814,17.264,102.59,148.38,-0.39002,-0.40762,0.15952,0.60024,0.57914,0.57553,Hard,
2026-06-26T11:49:26,1154.991,active,1,AF7+AF8,427.12,31.811,10.489,114.49,155.68,-0.44933,-0.43881,0.31506,0.59939,0.5883,0.56631,Hard,
2026-06-26T11:49:27,1155.996,active,1,AF7+AF8,49.362,25.049,7.374,92.751,71.782,-0.4651,-0.464,0.13744,0.59642,0.58667,0.55834,Hard,
2026-06-26T11:49:28,1157.003,active,1,AF7+AF8,322.66,108.08,20.212,105.62,99.428,-0.2932,-0.37844,0.25206,0.59423,0.5844,0.55262,Hard,
2026-06-26T11:49:29,1158.009,active,1,AF7+AF8,771.29,144.63,38.121,144.35,115.32,-0.22626,-0.11686,0.69173,0.59752,0.60143,0.54466,Hard,
2026-06-26T11:49:30,1159.015,active,1,AF7+AF8,1018.7,173.28,47.75,181,113.24,-0.17494,0.079977,0.99348,0.60635,0.62579,0.53548,Hard,
2026-06-26T11:49:31,1160.021,active,1,AF7+AF8,221.4,90.388,16.469,164.7,148.89,-0.3328,-0.35925,0.77558,0.62544,0.63138,0.53162,Hard,
2026-06-26T11:49:32,1161.023,active,1,AF7+AF8,98.715,20.009,8.8973,123.56,115.5,-0.47479,-0.47068,0.3905,0.62311,0.6284,0.52777,Hard,
2026-06-26T11:49:33,1162.031,active,1,AF7+AF8,138.84,23.794,11.401,148.9,89.838,-0.46733,-0.44207,0.6589,0.62979,0.63366,0.52405,Hard,
2026-06-26T11:49:34,1163.041,active,1,AF7+AF8,84.141,20.853,13.521,191.72,77.49,-0.47314,-0.43458,1.043,0.65796,0.66203,0.52059,Hard,
2026-06-26T11:49:35,1164.049,active,1,AF7+AF8,204.07,45.605,32.17,189.06,61.746,-0.42575,-0.31032,0.9403,0.65717,0.66346,0.51639,Hard,
2026-06-26T11:49:36,1165.052,active,1,AF7+AF8,1973.2,786.31,234.74,178.04,53.64,1.0214,1.0758,0.83544,0.63471,0.64106,0.51361,Hard,
2026-06-26T11:49:37,1166.053,active,1,AF7+AF8,4159,1935.5,579.81,202.57,69.104,3.2722,3.2927,1.1953,0.58968,0.5955,0.51166,Hard,
2026-06-26T11:49:38,1167.066,active,1,AF7+AF8,836.08,336.3,97.088,126.51,77.362,0.1463,0.14536,0.50402,0.58428,0.58939,0.51028,Hard,
2026-06-26T11:49:39,1168.068,active,1,AF7+AF8,42.971,9.7712,12.782,115.03,65.467,-0.49428,-0.41161,0.46506,0.59843,0.60636,0.50781,Hard,
2026-06-26T11:49:40,1169.074,active,1,AF7+AF8,21.126,8.0641,9.5799,77.593,54.574,-0.49681,-0.4358,-0.01215,0.59295,0.60083,0.50595,Hard,
2026-06-26T11:49:41,1170.081,active,1,AF7+AF8,123.35,17.224,11.822,55.951,50.24,-0.48064,-0.39859,-0.31214,0.58309,0.59126,0.50401,Hard,
2026-06-26T11:49:42,1171.088,active,1,AF7+AF8,416.34,28.844,23.019,52.304,40.128,-0.45884,-0.305,-0.37045,0.57214,0.58163,0.50122,Hard,
2026-06-26T11:49:43,1172.092,active,1,AF7+AF8,1745,341.48,80.38,75.458,44.007,0.1767,-0.038436,-0.19534,0.56113,0.56627,0.51661,Hard,
2026-06-26T11:49:44,1173.098,active,1,AF7+AF8,3513.1,607.17,82.247,95.225,61.458,0.70537,0.0008262,0.068272,0.55481,0.54884,0.55894,Hard,
2026-06-26T11:49:45,1174.102,active,1,AF7+AF8,889.03,118.79,29.204,45.98,44.009,-0.28078,-0.32907,-0.43463,0.54665,0.54067,0.5526,Hard,
2026-06-26T11:49:46,1175.109,active,1,AF7+AF8,616.99,185.71,48.997,88.549,82.116,-0.17052,-0.14823,0.048317,0.544,0.53907,0.54595,Hard,
2026-06-26T11:49:47,1176.113,active,1,AF7+AF8,3233,992.77,164.5,299.1,453.4,1.1907,1.4487,2.4572,0.59168,0.60757,0.53657,Hard,
2026-06-26T11:49:48,1177.119,active,1,AF7+AF8,2729.3,622.76,133.03,335.4,700.3,0.55648,1.0407,3.0097,0.67347,0.70696,0.52495,Hard,
2026-06-26T11:49:49,1178.125,active,1,AF7+AF8,259.15,63.44,33.014,259.14,505.64,-0.39351,-0.21139,2.113,0.72643,0.7495,0.51923,Hard,
2026-06-26T11:49:50,1179.133,active,1,AF7+AF8,31.16,28.929,10.846,216.84,249.54,-0.45664,-0.41991,1.6343,0.73239,0.74835,0.51637,Hard,
2026-06-26T11:49:51,1180.139,active,1,AF7+AF8,119.71,50.665,14.681,158.96,170.04,-0.41732,-0.38614,0.91393,0.72334,0.73781,0.51394,Hard,
2026-06-26T11:49:52,1181.145,active,1,AF7+AF8,302.95,88.95,20.016,133.44,101.76,-0.34685,-0.30596,0.5627,0.70937,0.72269,0.51165,Hard,
2026-06-26T11:49:53,1182.149,active,1,AF7+AF8,69.832,28.243,14.504,108.55,67.155,-0.46181,-0.39142,0.36347,0.69544,0.70817,0.5092,Hard,
2026-06-26T11:49:54,1183.157,active,1,AF7+AF8,134.98,54.418,18.689,151.44,140.78,-0.41205,-0.35189,0.92006,0.69044,0.70247,0.50719,Hard,
2026-06-26T11:49:55,1184.158,active,1,AF7+AF8,731.64,129.06,33.604,161.59,188.23,-0.27194,-0.18965,1.0224,0.68524,0.69694,0.5051,Hard,
2026-06-26T11:49:56,1185.163,active,1,AF7+AF8,1558.9,342.65,89.091,108.92,65.545,0.15559,0.076322,0.20248,0.6649,0.67401,0.50798,Hard,
2026-06-26T11:49:57,1186.170,active,1,AF7+AF8,2259.9,462.22,111.66,97.194,33.834,0.40869,0.22634,-0.036797,0.64117,0.64647,0.51686,Hard,
2026-06-26T11:49:58,1187.175,active,1,AF7+AF8,23765,3514,402.83,411.18,112.06,6.467,3.1351,2.8425,0.61985,0.58574,0.71137,Hard,
2026-06-26T11:49:59,1188.182,active,1,AF7+AF8,39733,4273.3,499.57,612.14,213.07,7.9464,4.3211,4.9127,0.61428,0.53704,0.80036,Hard,
2026-06-26T11:50:00,1189.191,active,1,AF7+AF8,3520.6,210.32,33.281,282.68,171.93,-0.099023,-0.20896,2.0608,0.69976,0.6627,0.76596,Hard,
2026-06-26T11:50:01,1190.197,active,1,AF7+AF8,69.344,19.362,9.6227,205.11,129.82,-0.47358,-0.46108,1.219,0.6996,0.68496,0.73386,Hard,
2026-06-26T11:50:02,1191.201,active,1,AF7+AF8,78.71,8.9978,11.471,169.2,108.01,-0.49453,-0.4494,0.77781,0.6935,0.68123,0.70512,Hard,
2026-06-26T11:50:03,1192.204,active,1,AF7+AF8,24.132,7.7101,11.952,190.86,98.237,-0.49734,-0.44584,0.99816,0.69105,0.68092,0.67973,Hard,
2026-06-26T11:50:04,1193.209,active,1,AF7+AF8,31.856,12.508,18.034,212.1,196.01,-0.48898,-0.3504,1.2494,0.69092,0.69512,0.65609,Hard,solved:520.9
2026-06-26T11:50:05,1194.217,active,1,AF7+AF8,1842.4,138.98,66.18,242.28,202.44,-0.23458,-0.054685,1.6329,0.69592,0.70874,0.63466,Hard,
2026-06-26T11:50:06,1195.222,active,1,AF7+AF8,10728,474.06,232.43,145.26,88.025,0.44282,0.88431,0.52351,0.66701,0.68491,0.61191,Hard,
2026-06-26T11:50:07,1196.232,active,1,AF7+AF8,17773,1477.2,349.16,209.47,82.133,2.4207,1.7392,1.0797,0.63717,0.64332,0.6086,Hard,
2026-06-26T11:50:08,1197.238,active,1,AF7+AF8,22708,2103.2,415.37,379.11,220.39,3.6407,2.2819,2.9679,0.6309,0.61613,0.6416,Hard,
2026-06-26T11:50:09,1198.252,active,1,AF7+AF8,2772.9,288.92,65.107,142.09,185.14,0.051656,0.0066315,0.65638,0.62485,0.61119,0.62528,Hard,
2026-06-26T11:50:10,1199.259,active,1,AF7+AF8,4861.1,526.84,71.17,108.51,71.818,0.53967,0.11882,0.15105,0.61035,0.59204,0.61654,Hard,
2026-06-26T11:50:11,1200.260,active,1,AF7+AF8,4266.9,387.34,48.236,96.008,60.17,0.25907,-0.12987,-0.058451,0.59818,0.57624,0.60837,Hard,
2026-06-26T11:50:12,1201.261,active,1,AF7+AF8,7409.5,1274.6,430.78,162.02,107.01,1.9412,2.4591,0.58201,0.56014,0.54746,0.58764,Hard,
2026-06-26T11:50:13,1202.263,active,1,AF7+AF8,28138,3817.5,1197.5,418.36,303.56,6.8636,7.5246,3.2566,0.50563,0.49873,0.5673,Hard,
2026-06-26T11:50:14,1203.271,active,1,AF7+AF8,9732.3,993.15,267,354.15,636.27,1.3871,1.3969,3.1487,0.62583,0.62369,0.55907,Hard,
2026-06-26T11:50:15,1204.276,active,1,AF7+AF8,739.83,91.833,22.52,269.06,461.73,-0.35104,-0.30185,2.1205,0.71264,0.71437,0.55125,Hard,
2026-06-26T11:50:16,1205.279,active,1,AF7+AF8,550.48,40.464,19.305,190.11,417.85,-0.44136,-0.35331,1.2091,0.70943,0.71209,0.54378,Hard,
2026-06-26T11:50:17,1206.285,active,1,AF7+AF8,309.03,44.718,26.395,249.07,602.63,-0.43252,-0.23368,1.9774,0.73455,0.74648,0.53554,Hard,
2026-06-26T11:50:18,1207.288,active,1,AF7+AF8,89.577,40.488,18.611,289.85,332.97,-0.43457,-0.33634,2.5531,0.77933,0.78858,0.52981,Hard,
2026-06-26T11:50:19,1208.293,active,1,AF7+AF8,95.919,23.049,15.009,151.59,175,-0.46818,-0.40346,0.84023,0.76389,0.77291,0.52526,Hard,
2026-06-26T11:50:20,1209.299,active,1,AF7+AF8,303.89,54.744,22.164,86.518,94.384,-0.40485,-0.32868,0.039755,0.73773,0.7468,0.52108,Hard,
2026-06-26T11:50:21,1210.301,active,1,AF7+AF8,1162.5,257.68,43.877,68.76,42.699,0.0058127,-0.18198,-0.24654,0.70823,0.7134,0.52251,Hard,
2026-06-26T11:50:22,1211.306,active,1,AF7+AF8,537.63,118.76,18.471,52.49,23.019,-0.27616,-0.39825,-0.46502,0.68225,0.68496,0.52164,Hard,
2026-06-26T11:50:23,1212.311,active,1,AF7+AF8,135.11,32.294,9.477,35.155,20.784,-0.45085,-0.47041,-0.63468,0.65791,0.66001,0.51933,Hard,
2026-06-26T11:50:24,1213.321,active,1,AF7+AF8,80.444,15.483,7.1641,34.201,24.36,-0.48328,-0.47404,-0.648,0.63636,0.63834,0.51688,Hard,
2026-06-26T11:50:25,1214.326,active,1,AF7+AF8,50.175,11.864,7.6602,40.373,26.866,-0.49039,-0.46072,-0.5801,0.6182,0.6204,0.51441,Hard,
2026-06-26T11:50:26,1215.327,active,1,AF7+AF8,36.058,16.018,8.918,42.226,30.52,-0.48222,-0.45121,-0.55774,0.60242,0.60482,0.51221,Hard,
2026-06-26T11:50:27,1216.332,active,1,AF7+AF8,46.203,22.659,10.128,48.44,41.77,-0.46842,-0.42284,-0.52028,0.58867,0.59146,0.51006,Hard,
2026-06-26T11:50:28,1217.335,active,1,AF7+AF8,85.464,19.204,17.162,49.055,53.067,-0.47586,-0.37781,-0.5087,0.57607,0.57999,0.50738,Hard,
2026-06-26T11:50:29,1218.339,active,1,AF7+AF8,44.172,24.387,17.955,51.888,47.466,-0.46713,-0.38001,-0.46448,0.56567,0.57043,0.50519,Hard,
2026-06-26T11:50:30,1219.344,active,1,AF7+AF8,91.361,53.68,19.277,57.123,59.169,-0.40762,-0.36003,-0.36775,0.55768,0.56258,0.50386,Hard,
2026-06-26T11:50:31,1220.348,active,1,AF7+AF8,3592.1,337.52,86.413,99.494,84.191,0.12223,0.090936,0.13457,0.55141,0.55525,0.50389,Hard,
2026-06-26T11:50:32,1221.352,active,1,AF7+AF8,29248,1707.4,414.5,299.23,314.57,2.6305,2.5126,2.2736,0.54166,0.54328,0.5104,Hard,
2026-06-26T11:50:33,1222.355,active,1,AF7+AF8,13726,634.55,164.72,223.17,508.69,0.64895,0.71172,1.4974,0.57484,0.58001,0.50821,Hard,
2026-06-26T11:50:34,1223.356,active,1,AF7+AF8,116.35,21.048,12.624,130.7,251.2,-0.47141,-0.42912,0.59951,0.60543,0.61046,0.50659,Hard,
2026-06-26T11:50:35,1224.360,active,1,AF7+AF8,29.307,17.471,11.713,93.914,156.83,-0.48081,-0.41248,0.20529,0.60197,0.60739,0.50478,Hard,
2026-06-26T11:50:36,1225.368,active,1,AF7+AF8,74.23,37.053,15.294,73.769,94.279,-0.44554,-0.37599,-0.077606,0.5942,0.60001,0.50316,Hard,
2026-06-26T11:50:37,1226.370,active,1,AF7+AF8,81.078,31.929,14.232,58.603,78.8,-0.45248,-0.40436,-0.2775,0.5848,0.59063,0.50206,Hard,
2026-06-26T11:50:38,1227.371,active,1,AF7+AF8,57.272,25.052,10.508,60.318,65.468,-0.46368,-0.45032,-0.26879,0.57734,0.58268,0.50161,Hard,
2026-06-26T11:50:39,1228.379,active,1,AF7+AF8,97.505,28.408,13.359,70.193,65.071,-0.45846,-0.42635,-0.18536,0.57167,0.57685,0.50094,Hard,
2026-06-26T11:50:40,1229.381,active,1,AF7+AF8,68.132,22.934,16.6,74.054,75.079,-0.46943,-0.37272,-0.15557,0.56633,0.57232,0.49937,Hard,
2026-06-26T11:50:41,1230.387,active,1,AF7+AF8,87.338,22.448,15.88,65.669,73.986,-0.47143,-0.34916,-0.23078,0.56014,0.56725,0.49762,Hard,
2026-06-26T11:50:42,1231.393,active,1,AF7+AF8,50.246,20.004,10.371,58.944,59.921,-0.47536,-0.40917,-0.30261,0.55452,0.56177,0.49691,Hard,
2026-06-26T11:50:43,1232.395,active,1,AF7+AF8,59.367,29.275,8.2927,59.016,47.451,-0.45555,-0.45583,-0.30388,0.55026,0.55663,0.49878,Hard,
2026-06-26T11:50:44,1233.406,active,1,AF7+AF8,93.39,25.905,10.767,47.339,34.193,-0.46296,-0.42813,-0.45965,0.54375,0.54988,0.49841,Hard,
2026-06-26T11:50:45,1234.411,active,1,AF7+AF8,200.24,31.245,12.906,41.42,30.004,-0.4504,-0.41265,-0.52339,0.53684,0.5428,0.49803,Hard,
2026-06-26T11:50:46,1235.415,active,1,AF7+AF8,187.88,18.554,10.221,37.056,28.478,-0.47587,-0.4538,-0.61081,0.53007,0.53564,0.49794,Hard,
