iso_time,t,phase,contact,used,delta,theta,alpha,beta,gamma,theta_z,alpha_z,beta_z,stress,attention,cognitive_load,difficulty,event
2026-06-26T11:50:48,0.003,idle,1,AF7+AF8,42.243,20.911,10.058,48.685,33.716,,,,,,,,
2026-06-26T11:50:49,1.012,idle,1,AF7+AF8,67.821,30.048,17.519,46.522,33.152,,,,,,,,
2026-06-26T11:50:50,2.020,idle,1,AF7+AF8,1008.7,191.26,115.36,80.346,65.551,,,,,,,,
2026-06-26T11:50:52,3.024,idle,1,AF7+AF8,1480.4,358.08,113.48,107.19,104.74,,,,,,,,
2026-06-26T11:50:53,4.029,idle,1,AF7+AF8,2765,360.37,32.21,131.57,229.53,,,,,,,,
2026-06-26T11:50:54,5.030,idle,1,AF7+AF8,1216.2,146.44,32.539,211.92,322.85,,,,,,,,
2026-06-26T11:50:55,6.038,idle,1,AF7+AF8,974.78,96.252,40.975,204.19,258.15,,,,,,,,
2026-06-26T11:50:56,7.043,idle,1,AF7+AF8,1228.7,196.38,77.368,153.6,93.551,,,,,,,,
2026-06-26T11:50:57,8.047,idle,1,AF7+AF8,472.1,182.25,45.119,69.001,60.059,,,,,,,,
2026-06-26T11:50:58,9.054,idle,1,AF7+AF8,120.24,49.654,10.604,49.111,59.756,,,,,,,,
2026-06-26T11:50:59,10.061,idle,1,AF7+AF8,14.532,12.244,12.851,58.298,45.481,,,,,,,,
2026-06-26T11:51:00,11.064,idle,1,AF7+AF8,11.991,13.4,14.619,54.132,42.28,,,,,,,,
2026-06-26T11:51:01,12.068,idle,1,AF7+AF8,66.853,21.757,12.748,62.388,62.784,,,,,,,,
2026-06-26T11:51:02,13.073,idle,1,AF7+AF8,338.42,59.746,17.122,99.719,77.579,,,,,,,,
2026-06-26T11:51:03,14.075,idle,1,AF7+AF8,2842.8,125.3,29.747,118.12,81.227,,,,,,,,
2026-06-26T11:51:04,15.082,idle,1,AF7+AF8,16501,641.25,91.161,228.94,119.86,,,,,,,,
2026-06-26T11:51:05,16.088,idle,1,AF7+AF8,9526,1353.5,269.22,199.26,134.72,,,,,,,,
2026-06-26T11:51:06,17.089,idle,1,AF7+AF8,2339.1,1367.5,440.31,188.33,128.81,,,,,,,,
2026-06-26T11:51:07,18.091,idle,1,AF7+AF8,11815,1492.9,1268.1,379.32,167.5,,,,,,,,
2026-06-26T11:51:08,19.098,idle,1,AF7+AF8,27615,2347.2,892.52,363.52,220.85,,,,,,,,
2026-06-26T11:51:09,20.104,idle,1,AF7+AF8,15605,996.5,207.48,340.03,303.28,,,,,,,,
2026-06-26T11:51:10,21.106,idle,1,AF7+AF8,8986.3,788.97,942.32,4174.1,1277.3,,,,,,,,
2026-06-26T11:51:11,22.113,idle,1,AF8,217.38,103.31,23.989,28.947,9.5669,,,,,,,,
2026-06-26T11:51:12,23.117,idle,1,AF8,410.62,99.287,24.811,16.004,6.573,,,,,,,,
2026-06-26T11:51:13,24.125,idle,1,AF8,380.76,103.96,15.287,18.392,5.5327,,,,,,,,
2026-06-26T11:51:14,25.132,idle,1,AF8,1624.9,405.16,125.64,66.835,14.061,,,,,,,,
2026-06-26T11:51:15,26.135,idle,1,AF8,5967.5,1350.8,410.66,198.64,30.201,,,,,,,,
2026-06-26T11:51:16,27.138,idle,1,AF8,1569.2,346.5,90.263,49.288,9.5948,,,,,,,,
2026-06-26T11:51:17,28.143,idle,1,AF8,161.26,47.859,7.6754,9.7295,5.0884,,,,,,,,
2026-06-26T11:51:18,29.144,idle,1,AF8,2496.5,88.753,25.761,29.453,6.3851,,,,,,,,
2026-06-26T11:51:19,30.152,idle,1,AF8,8888.4,230.06,58.623,82.663,16.122,,,,,,,,
2026-06-26T11:51:20,31.153,idle,1,AF7+AF8,11423,1076,2748.6,3621.2,3727.6,,,,,,,,
2026-06-26T11:51:21,32.159,idle,1,AF7+AF8,3966.1,821.69,6577.8,3842.1,3942.9,,,,,,,,
2026-06-26T11:51:22,33.168,idle,1,AF7+AF8,516.95,279.19,7764.9,5220.2,4265,,,,,,,,
2026-06-26T11:51:23,34.170,idle,1,AF8,25.818,18.087,7.3601,17.067,6.7371,,,,,,,,
2026-06-26T11:51:24,35.176,idle,1,AF8,9.0532,9.196,8.5801,13.974,5.165,,,,,,,,
2026-06-26T11:51:25,36.181,idle,1,AF8,20.275,13.918,8.1981,13.006,6.5879,,,,,,,,
2026-06-26T11:51:26,37.187,idle,1,AF8,15.087,16.297,13.229,11.794,6.4073,,,,,,,,
2026-06-26T11:51:27,38.196,idle,1,AF8,12.39,12.473,6.1856,11.989,4.8575,,,,,,,,
2026-06-26T11:51:28,39.202,idle,1,AF8,20.199,12.799,4.6293,10.64,5.2764,,,,,,,,
2026-06-26T11:51:29,40.207,idle,1,AF8,28.742,22.802,6.2274,10.44,5.5891,,,,,,,,
2026-06-26T11:51:30,41.208,idle,1,AF8,16.446,22.075,4.2952,10.995,4.4353,,,,,,,,
2026-06-26T11:51:31,42.217,idle,1,AF8,11.767,12.183,4.5928,13.314,3.2375,,,,,,,,
2026-06-26T11:51:32,43.220,idle,1,AF8,12.116,10.619,4.6986,12.829,4.4026,,,,,,,,
2026-06-26T11:51:33,44.224,idle,1,AF8,7.3214,14.449,4.2164,12.655,5.1604,,,,,,,,
2026-06-26T11:51:34,45.231,idle,1,AF8,5.5291,24.036,4.1997,13.042,4.8403,,,,,,,,
2026-06-26T11:51:35,46.235,idle,1,AF8,10.56,15.832,2.5921,12.96,4.58,,,,,,,,
2026-06-26T11:51:36,47.239,idle,1,AF8,21.949,17.564,4.3125,13.096,4.5067,,,,,,,,
2026-06-26T11:51:37,48.244,idle,1,AF8,89.149,42.301,8.4046,13.646,3.5354,,,,,,,,
2026-06-26T11:51:38,49.249,idle,1,AF8,184.11,74.832,11.61,12.145,5.491,,,,,,,,
2026-06-26T11:51:39,50.252,idle,1,AF8,189.78,54.684,8.0096,12.74,5.8564,,,,,,,,
2026-06-26T11:51:40,51.255,idle,1,AF8,226.89,32.343,9.4051,14.412,4.1678,,,,,,,,
2026-06-26T11:51:41,52.261,idle,1,AF8,84.75,27.208,10.545,12.958,4.8992,,,,,,,,
2026-06-26T11:51:42,53.267,idle,1,AF8,54.765,26.018,13.671,11.298,5.3471,,,,,,,,
2026-06-26T11:51:43,54.271,idle,1,AF8,73.638,61.722,22.694,17.25,6.4834,,,,,,,,
2026-06-26T11:51:44,55.274,idle,1,AF8,53635,26305,5105.9,4470.1,995.26,,,,,,,,
2026-06-26T11:51:45,56.278,idle,0,,,,,,,,,,,,,,
2026-06-26T11:51:46,57.282,idle,1,AF7,43417,12805,816.67,1429.7,974.6,,,,,,,,
2026-06-26T11:51:47,58.287,idle,1,AF7,29770,6076.1,862.96,1376.4,1465.3,,,,,,,,
2026-06-26T11:51:48,59.294,idle,1,AF7+AF8,38817,3054.7,1183.9,867.77,781.11,,,,,,,,
2026-06-26T11:51:49,60.305,baseline_rest,1,AF7+AF8,10535,311.75,67.336,219,177.21,,,,,,,,
2026-06-26T11:51:50,61.311,baseline_rest,1,AF7+AF8,2400.2,82.745,23.39,133.91,77.783,,,,,,,,
2026-06-26T11:51:51,62.314,baseline_rest,1,AF7+AF8,208.51,30.454,26.329,113.75,48.894,,,,,,,,
2026-06-26T11:51:52,63.318,baseline_rest,1,AF7+AF8,1755.3,121.85,44.287,96.587,67.626,,,,,,,,
2026-06-26T11:51:53,64.326,baseline_rest,1,AF7+AF8,1054.1,85.659,33.133,95.232,83.795,,,,,,,,
2026-06-26T11:51:54,65.333,baseline_rest,1,AF7+AF8,91.028,51.869,20.93,67.222,63.575,,,,,,,,
2026-06-26T11:51:55,66.336,baseline_rest,1,AF7+AF8,101.16,68.641,12.703,44.999,47.11,,,,,,,,
2026-06-26T11:51:56,67.341,baseline_rest,1,AF7+AF8,43.633,20.938,8.3446,41.523,36.603,,,,,,,,
2026-06-26T11:51:57,68.347,baseline_rest,1,AF7+AF8,9.3574,7.5411,7.448,34,36.218,,,,,,,,
2026-06-26T11:51:58,69.350,baseline_rest,1,AF7+AF8,33.707,12.134,13.097,37.607,37.113,,,,,,,,
2026-06-26T11:51:59,70.357,baseline_rest,1,AF7+AF8,115.53,29.2,13.853,46.16,33.774,,,,,,,,
2026-06-26T11:52:00,71.361,baseline_rest,1,AF7+AF8,114.89,56.461,16.012,37.614,38.367,,,,,,,,
2026-06-26T11:52:01,72.367,baseline_rest,1,AF7+AF8,325.71,128.44,45.8,67.885,55.403,,,,,,,,
2026-06-26T11:52:02,73.373,baseline_rest,1,AF7+AF8,302.56,102.14,27.801,66.248,43.881,,,,,,,,
2026-06-26T11:52:03,74.374,baseline_rest,1,AF7+AF8,826.57,92.097,13.177,50.215,41.113,,,,,,,,
2026-06-26T11:52:04,75.382,baseline_rest,1,AF7+AF8,408.93,47.807,7.7287,40.219,34.678,,,,,,,,
2026-06-26T11:52:05,76.386,baseline_rest,1,AF7+AF8,87.933,35.021,9.0601,45.106,28.028,,,,,,,,
2026-06-26T11:52:06,77.389,baseline_rest,1,AF7+AF8,62.819,24.073,10.895,38.783,30.376,,,,,,,,
2026-06-26T11:52:07,78.391,baseline_rest,1,AF7+AF8,62.803,26.645,12.942,37.594,28.583,,,,,,,,
2026-06-26T11:52:08,79.397,baseline_rest,1,AF7+AF8,66.363,32.972,15.533,37.64,26.441,,,,,,,,
2026-06-26T11:52:09,80.403,baseline_rest,1,AF7+AF8,46.452,23.916,14.882,36.949,33.234,,,,,,,,
2026-06-26T11:52:10,81.409,idle,1,AF7+AF8,67.48,36.928,11.976,39.181,29.664,,,,,,,,
2026-06-26T11:52:11,82.415,idle,1,AF7+AF8,55.981,33.375,10.703,40.086,32.204,,,,,,,,
2026-06-26T11:52:12,83.419,baseline_active,1,AF7+AF8,53.931,39.391,13.755,33.617,35.587,,,,,,,,
2026-06-26T11:52:13,84.423,baseline_active,1,AF7+AF8,57.584,44.48,16.207,32.304,33.315,,,,,,,,
2026-06-26T11:52:14,85.428,baseline_active,1,AF7+AF8,33.301,30.725,12.237,40.28,31.218,,,,,,,,
2026-06-26T11:52:15,86.435,baseline_active,1,AF7+AF8,19.5,16.835,7.1058,41.144,26.919,,,,,,,,
2026-06-26T11:52:16,87.441,baseline_active,1,AF7+AF8,22.529,10.82,7.978,38.277,30.049,,,,,,,,
2026-06-26T11:52:17,88.448,baseline_active,1,AF7+AF8,13.046,10.664,8.6055,36.764,29.703,,,,,,,,
2026-06-26T11:52:18,89.452,baseline_active,1,AF7+AF8,13.496,9.6589,7.7857,30.44,32.452,,,,,,,,
2026-06-26T11:52:19,90.462,baseline_active,1,AF7+AF8,50.812,31.556,11.965,37.769,32.076,,,,,,,,
2026-06-26T11:52:20,91.471,baseline_active,1,AF7+AF8,232.62,74.869,20.465,65.855,76.002,,,,,,,,
2026-06-26T11:52:21,92.479,baseline_active,1,AF7+AF8,165.85,46.983,17.415,65.481,88.395,,,,,,,,
2026-06-26T11:52:22,93.485,baseline_active,1,AF7+AF8,212.54,54.298,11.807,48.918,48.436,,,,,,,,
2026-06-26T11:52:23,94.490,baseline_active,1,AF7+AF8,530.93,70.429,20.158,84.978,96.754,,,,,,,,
2026-06-26T11:52:24,95.494,baseline_active,1,AF7+AF8,360.12,50.388,18.852,102.39,92.594,,,,,,,,
2026-06-26T11:52:25,96.500,baseline_active,1,AF7+AF8,43.71,21.017,8.1504,59.127,45.806,,,,,,,,
2026-06-26T11:52:26,97.502,baseline_active,1,AF7+AF8,911.85,119.45,21.584,110.41,103.16,,,,,,,,
2026-06-26T11:52:27,98.511,baseline_active,1,AF7+AF8,2002.7,262.2,30.927,211.23,242.78,,,,,,,,
2026-06-26T11:52:28,99.516,baseline_active,1,AF7+AF8,305.02,62.792,11.231,119.78,129.88,,,,,,,,
2026-06-26T11:52:29,100.522,baseline_active,1,AF7+AF8,145.68,76.5,22.161,95.309,87.834,,,,,,,,
2026-06-26T11:52:30,101.529,baseline_active,1,AF7+AF8,278.34,145.61,53.944,104.06,116.62,,,,,,,,
2026-06-26T11:52:31,102.541,baseline_active,1,AF7+AF8,442.62,177.06,86.064,151.12,168.48,,,,,,,,
2026-06-26T11:52:32,103.544,baseline_active,1,AF7+AF8,353.19,106.39,34.568,145.72,143.82,,,,,,,,
2026-06-26T11:52:33,104.549,baseline_active,1,AF7+AF8,124.18,32.528,10.402,80.617,69.089,,,,,,,,
2026-06-26T11:52:34,105.554,baseline_active,1,AF7+AF8,88.309,27.505,9.8017,61.442,50.349,,,,,,,,
2026-06-26T11:52:35,106.559,baseline_active,1,AF7+AF8,217.68,89.811,25.138,69.734,47.144,,,,,,,,
2026-06-26T11:52:36,107.566,baseline_active,1,AF7+AF8,440.63,65.926,28.595,64.269,45.779,,,,,,,,
2026-06-26T11:52:37,108.570,baseline_active,1,AF7+AF8,3629,904.49,206.46,137.19,45.886,,,,,,,,
2026-06-26T11:52:38,109.578,baseline_active,1,AF7+AF8,7023.8,1640.4,335.38,174.57,43.36,,,,,,,,
2026-06-26T11:52:39,110.583,baseline_active,1,AF7+AF8,1480.2,306.26,57.113,72.832,44.539,,,,,,,,
2026-06-26T11:52:40,111.586,baseline_active,1,AF7+AF8,172.93,54.776,12.138,70.199,41.321,,,,,,,,
2026-06-26T11:52:41,112.592,baseline_active,1,AF7+AF8,1396.5,577.89,167.53,106.34,53.074,,,,,,,,
2026-06-26T11:52:42,113.598,baseline_active,1,AF7+AF8,10590,2476.2,678.27,244.25,89.59,,,,,,,,
2026-06-26T11:52:43,114.602,baseline_active,1,AF7+AF8,4937.7,663.03,185.39,148.28,99.395,,,,,,,,
2026-06-26T11:52:44,115.608,baseline_active,1,AF7+AF8,5593.6,579.98,69.418,95.615,66.872,,,,,,,,
2026-06-26T11:52:45,116.612,baseline_active,1,AF7+AF8,4949.6,627.72,72.156,91.121,57.956,,,,,,,,
2026-06-26T11:52:46,117.622,baseline_active,1,AF7+AF8,929.3,159.4,44.739,78.687,53.125,,,,,,,,
2026-06-26T11:52:47,118.631,baseline_active,1,AF7+AF8,740.92,80.56,34.341,71.914,51.133,,,,,,,,
2026-06-26T11:52:48,119.645,baseline_active,1,AF7+AF8,1095.8,128.57,39.195,81.963,77.489,,,,,,,,
2026-06-26T11:52:49,120.652,baseline_active,1,AF7+AF8,818.44,113.71,27.35,86.02,80.476,,,,,,,,
2026-06-26T11:52:50,121.660,baseline_active,1,AF7+AF8,69.949,32.231,9.1204,68.371,50.915,,,,,,,,
2026-06-26T11:52:51,122.669,baseline_active,1,AF7+AF8,10676,840.76,286.81,166,69.049,,,,,,,,
2026-06-26T11:52:52,123.675,baseline_active,1,AF7+AF8,23530,1335.6,503.5,312.45,109.63,,,,,,,,
2026-06-26T11:52:53,124.677,baseline_active,1,AF7+AF8,4727.4,144.89,63.735,155,94.542,,,,,,,,
2026-06-26T11:52:54,125.682,baseline_active,1,AF7+AF8,1184,26.927,18.078,89.346,61.106,,,,,,,,
2026-06-26T11:52:55,126.692,baseline_active,1,AF7+AF8,385.2,36.359,22.584,71.488,55.767,,,,,,,,
2026-06-26T11:52:56,127.702,baseline_active,1,AF7+AF8,1678.1,53.659,28.087,110.05,164.09,,,,,,,,
2026-06-26T11:52:57,128.710,baseline_active,1,AF7+AF8,714.49,31.643,20.32,133.84,206.84,,,,,,,,
2026-06-26T11:52:58,129.717,baseline_active,1,AF7+AF8,26.179,15.597,13.245,90.717,111.89,,,,,,,,
2026-06-26T11:52:59,130.724,baseline_active,1,AF7+AF8,57.632,50.333,15.845,92.755,131.44,,,,,,,,
2026-06-26T11:53:00,131.728,baseline_active,1,AF7+AF8,109.52,90.05,27.83,101.75,137.31,,,,,,,,
2026-06-26T11:53:01,132.734,baseline_active,1,AF7+AF8,214.42,70.253,21.687,92.428,74.784,,,,,,,,
2026-06-26T11:53:02,133.740,baseline_active,1,AF7+AF8,215.51,59.937,21.54,93.033,84.1,,,,,,,,
2026-06-26T11:53:03,134.742,baseline_active,1,AF7+AF8,78.21,30.93,18.45,106.05,103.32,,,,,,,,
2026-06-26T11:53:04,135.748,active,1,AF7+AF8,17.197,8.6195,11.781,127.26,99.584,-0.75461,-0.69179,0.60456,0.60599,0.61245,0.49724,,
2026-06-26T11:53:05,136.757,active,1,AF7+AF8,19.694,19.351,11.481,81.876,90.239,-0.57472,-0.3655,-0.18361,0.596,0.6048,0.49444,,
2026-06-26T11:53:06,137.760,active,1,AF7+AF8,973.16,298.58,149.5,77.844,70.343,1.0759,1.9348,-0.27099,0.55438,0.57275,0.48242,,
2026-06-26T11:53:07,138.765,active,1,AF7+AF8,17621,2924.2,1664.7,170.68,66.36,12.027,23.836,1.2033,0.48785,0.50455,0.42485,,
2026-06-26T11:53:08,139.775,active,1,AF7+AF8,14078,1916.9,974.5,130.91,55.168,8.837,15.701,0.68165,0.42938,0.44601,0.37763,,
2026-06-26T11:53:09,140.781,active,1,AF7+AF8,2564.5,650.45,49.776,134.66,124.54,1.5368,1.3974,0.94562,0.43801,0.44368,0.4615,,
2026-06-26T11:53:10,141.788,active,1,AF7+AF8,1337.2,268.23,29.907,172.59,285.78,0.4135,0.4672,1.7542,0.56853,0.57442,0.48057,Hard,
2026-06-26T11:53:11,142.794,active,1,AF7+AF8,206,35.046,18.052,144.27,170.23,-0.3351,-0.17609,1.0599,0.61727,0.63035,0.48052,Hard,
2026-06-26T11:53:12,143.797,active,1,AF7+AF8,375.78,39.911,24.52,103.87,71.477,-0.16302,-0.22369,0.22181,0.60985,0.62046,0.49676,Hard,
2026-06-26T11:53:13,144.803,active,1,AF7+AF8,2031.7,204.18,68.653,99.905,53.039,-0.28874,-0.32354,-0.1126,0.59983,0.60865,0.50131,Hard,
2026-06-26T11:53:14,145.814,active,1,AF7+AF8,3204.2,281.29,99.815,161.24,94.167,-0.35111,0.013314,0.84437,0.60138,0.63054,0.4957,Hard,
2026-06-26T11:53:15,146.820,active,1,AF7+AF8,956.66,69.158,26.138,117.37,122.99,-0.55168,-0.38714,0.5225,0.60762,0.6309,0.49375,Hard,
2026-06-26T11:53:16,147.828,active,1,AF7+AF8,133.54,33.333,9.9965,80.949,122.17,-0.55889,-0.70272,-0.034178,0.60464,0.62302,0.50828,Hard,
2026-06-26T11:53:17,148.833,active,1,AF7+AF8,56.92,25.38,7.6393,80.648,82.641,-0.71412,-0.7587,-0.10206,0.60185,0.61736,0.50796,Hard,
2026-06-26T11:53:18,149.837,active,1,AF7+AF8,17.077,8.9602,8.1353,110,77.846,-0.7492,-0.63388,0.29481,0.60917,0.62352,0.50527,Hard,
2026-06-26T11:53:19,150.843,active,1,AF7+AF8,63.755,26.928,19.328,112.16,100.29,-0.30467,-0.32115,0.20845,0.60396,0.61635,0.50489,Hard,
2026-06-26T11:53:20,151.848,active,1,AF7+AF8,294.97,50.906,21.917,99.322,97.475,0.2666,-0.10152,0.039776,0.59361,0.59899,0.52949,Hard,
2026-06-26T11:53:21,152.854,active,1,AF7+AF8,738.4,44.807,17.355,98.301,134.65,0.075576,-0.29291,0.15407,0.58905,0.58829,0.53935,Hard,
2026-06-26T11:53:22,153.859,active,1,AF7+AF8,175.09,16.485,10.704,84.183,81.302,-0.54958,-0.65829,0.020012,0.58844,0.58618,0.53626,Hard,
2026-06-26T11:53:23,154.864,active,1,AF7+AF8,66.418,13.609,9.3627,78.286,56.011,-0.67935,-0.81162,-0.086575,0.58917,0.58466,0.53389,Hard,
2026-06-26T11:53:24,155.873,active,1,AF7+AF8,581.29,119.73,30.446,76.839,54.29,-0.4108,-0.66764,-0.24621,0.58477,0.57697,0.53367,Hard,
2026-06-26T11:53:25,156.875,active,1,AF7+AF8,2552.3,386.19,94.295,112.62,52.364,0.15215,-0.21657,0.011789,0.57802,0.56563,0.54104,Hard,
2026-06-26T11:53:26,157.885,active,1,AF7+AF8,2590.5,960.27,101,180.73,90.334,0.77419,0.46157,1.1602,0.58307,0.56353,0.5408,Hard,
2026-06-26T11:53:27,158.893,active,1,AF7+AF8,1969.3,665.13,55.772,162.59,107.86,0.28825,0.46568,1.1893,0.58692,0.59187,0.53324,Hard,
2026-06-26T11:53:28,159.900,active,1,AF7+AF8,915.25,93.176,25.028,79.1,65.899,-0.18589,-0.38053,-0.12803,0.58027,0.58171,0.53217,Hard,
2026-06-26T11:53:29,160.906,active,1,AF7+AF8,1371.3,141.13,31.115,74.854,78.501,-0.1475,-0.2107,-0.21016,0.57064,0.57097,0.52926,Hard,
2026-06-26T11:53:30,161.908,active,1,AF7+AF8,1387.1,231.52,29.949,104.5,129.55,0.33373,-0.23696,0.36375,0.57297,0.5629,0.55422,Hard,
2026-06-26T11:53:31,162.913,active,1,AF7+AF8,318.86,86.057,21.804,82.825,74.823,-0.2813,-0.37788,-0.11193,0.5682,0.55789,0.54916,Hard,
2026-06-26T11:53:32,163.918,active,1,AF7+AF8,1562.1,454.66,133.66,88.405,62.67,0.37393,0.45603,-0.17557,0.55062,0.54275,0.54203,Hard,
2026-06-26T11:53:33,164.925,active,1,AF7+AF8,5289.2,1816.4,322.28,233.37,100.26,3.1181,1.6626,1.5453,0.54279,0.51518,0.6214,Hard,
2026-06-26T11:53:34,165.931,active,1,AF7+AF8,5205,1740.3,206.61,198.15,95.385,2.9378,0.83976,1.1059,0.54164,0.48765,0.69291,Hard,
2026-06-26T11:53:35,166.937,active,1,AF7+AF8,1215.8,349.79,71.439,85.205,67.772,-0.15143,-0.41218,-0.18689,0.54002,0.4924,0.67367,Hard,
2026-06-26T11:53:36,167.942,active,1,AF7+AF8,248.72,19.735,9.5826,69.28,57.904,-0.73208,-0.67232,-0.32531,0.54197,0.52736,0.65193,Hard,
2026-06-26T11:53:37,168.948,active,1,AF7+AF8,977.98,54.168,17.414,65.269,68.037,-0.60413,-0.51177,-0.41241,0.53842,0.52695,0.63232,Hard,
2026-06-26T11:53:38,169.950,active,1,AF7+AF8,641.07,124.19,32.604,61.451,60.796,-0.45486,-0.25528,-0.57557,0.52902,0.52191,0.61345,Hard,
2026-06-26T11:53:39,170.955,active,1,AF7+AF8,166.46,62.82,21.403,58.833,64.224,-0.54221,-0.1929,-0.61566,0.51922,0.51818,0.59461,Hard,
2026-06-26T11:53:40,171.961,active,1,AF7+AF8,56.245,29.999,14.498,59.047,45.99,-0.45945,-0.25043,-0.6104,0.51153,0.51373,0.58012,Hard,
2026-06-26T11:53:41,172.966,active,1,AF7+AF8,648.85,220.71,60.795,71.677,74.16,-0.14167,0.035395,-0.43372,0.50314,0.50771,0.56785,Hard,
2026-06-26T11:53:42,173.970,active,1,AF7+AF8,769.75,509.91,96.649,131.05,110.4,0.28869,0.15181,0.27154,0.51023,0.50653,0.56176,Hard,
2026-06-26T11:53:43,174.977,active,1,AF7+AF8,506.68,598.92,68.491,164.61,103.38,0.18234,-0.32375,0.70951,0.57991,0.54192,0.56246,Hard,
2026-06-26T11:53:44,175.984,active,1,AF7+AF8,159.18,98.663,17.293,80.975,77.085,-0.49424,-0.73399,-0.29262,0.57691,0.53991,0.55856,Hard,
2026-06-26T11:53:45,176.987,active,1,AF7+AF8,129.97,42.491,8.6592,78.852,64.094,-0.43409,-0.74616,-0.36421,0.5734,0.53617,0.5562,Hard,
2026-06-26T11:53:46,177.990,active,1,AF7+AF8,171.37,37.785,13.297,91.601,59.318,-0.54944,-0.75155,-0.11523,0.57668,0.54691,0.55249,Hard,
2026-06-26T11:53:47,178.994,active,1,AF7+AF8,73.106,19.798,12.294,84.349,52.818,-0.70031,-0.71027,-0.13221,0.57609,0.56109,0.54634,Hard,
2026-06-26T11:53:48,179.999,active,1,AF7+AF8,73.149,15.834,7.1642,72.657,44.402,-0.75553,-0.7778,-0.35238,0.57332,0.55978,0.54111,Hard,
2026-06-26T11:53:49,181.003,active,1,AF7+AF8,1086.1,82.205,20.154,80.621,54.392,-0.28738,-0.21496,-0.134,0.56574,0.55491,0.53509,Hard,
2026-06-26T11:53:50,182.013,active,1,AF7+AF8,2516.3,164.91,44.056,149.6,103.78,0.65805,0.85565,1.1059,0.5616,0.55542,0.52792,Hard,
2026-06-26T11:53:51,183.020,active,1,AF7+AF8,391.08,37.32,15.758,127.16,92.081,-0.40767,-0.41795,0.66176,0.60371,0.60052,0.52472,Hard,
2026-06-26T11:53:53,184.030,active,1,AF7+AF8,103.94,47.903,15.276,110.56,106.62,-0.031778,-0.46483,0.24306,0.60177,0.59257,0.54224,Hard,
2026-06-26T11:53:54,185.037,active,1,AF7+AF8,196.31,70.42,17.74,152.33,137.42,0.21614,-0.21924,0.73177,0.61072,0.58915,0.54942,Hard,
2026-06-26T11:53:55,186.046,active,1,AF7+AF8,3342.8,1286.5,201.46,197.9,107.08,1.263,0.85177,1.2005,0.60265,0.57752,0.5505,Hard,
2026-06-26T11:53:56,187.050,active,1,AF7+AF8,5681.1,2861.6,415.44,216.93,58.021,2.9744,1.3107,1.1784,0.58835,0.54295,0.63825,Hard,
2026-06-26T11:53:57,188.056,active,1,AF7+AF8,8085.3,1110.3,321.21,339.65,106.27,7.6146,4.5134,2.8023,0.55354,0.48772,0.7503,Hard,
2026-06-26T11:53:58,189.057,active,1,AF7+AF8,27245,2207.6,819.07,934.16,346.26,24.038,13.629,10.955,0.51207,0.42937,0.89684,Hard,
2026-06-26T11:53:59,190.060,active,1,AF7+AF8,6565.4,456.13,162.99,309.37,254.52,4.5252,1.77,3.507,0.62749,0.42289,0.88505,Hard,
2026-06-26T11:54:00,191.066,active,1,AF7+AF8,306.69,51.539,14.155,147.73,156.4,-0.42034,-0.4017,1.289,0.67075,0.59008,0.83857,Hard,
2026-06-26T11:54:01,192.071,active,1,AF7+AF8,844.96,70.449,13.309,103.07,86.857,-0.44297,-0.51235,0.29006,0.66214,0.5904,0.79898,Hard,
2026-06-26T11:54:02,193.079,active,1,AF7+AF8,1808.7,97.074,29.14,106.88,69.877,-0.23555,-0.3198,0.26508,0.65139,0.58703,0.76437,Hard,
2026-06-26T11:54:03,194.085,active,1,AF7+AF8,1652,118.25,24.408,93.944,65.899,-0.18351,-0.23117,0.033259,0.63719,0.57983,0.73336,Hard,
2026-06-26T11:54:04,195.092,active,1,AF7+AF8,2360.3,377.47,20.657,84.471,99.518,0.035429,-0.22085,0.11269,0.62571,0.57141,0.70919,Hard,
2026-06-26T11:54:05,196.098,active,1,AF7+AF8,1227.4,190.67,14.086,94.908,121.53,-0.12367,-0.16238,0.31807,0.6178,0.56944,0.68467,Hard,
2026-06-26T11:54:06,197.121,active,1,AF7+AF8,82.453,40.044,12.044,75.555,91.672,-0.26601,-0.20723,-0.19058,0.60391,0.56224,0.66163,Hard,
2026-06-26T11:54:07,198.127,active,1,AF7+AF8,237.77,44.92,14.47,45.356,53.337,-0.55775,-0.48509,-0.75809,0.58736,0.55177,0.64114,Hard,
2026-06-26T11:54:08,199.133,active,1,AF7+AF8,499.96,128.93,24.796,45.458,39.253,-0.56458,-0.62704,-0.76092,0.57487,0.54261,0.62514,Hard,
2026-06-26T11:54:09,200.143,active,1,AF7+AF8,1616.5,694.04,92.252,118.47,183.76,0.57088,0.52875,0.52968,0.5659,0.53688,0.61076,Hard,
2026-06-26T11:54:10,201.151,active,1,AF7+AF8,1285.1,366.78,43.218,167.46,296,0.24083,0.25585,1.3771,0.60832,0.59775,0.59724,Hard,
2026-06-26T11:54:11,202.159,active,1,AF7+AF8,87.62,12.538,8.4447,149.51,170.71,-0.71088,-0.5897,1.0042,0.65692,0.66039,0.58376,Hard,
2026-06-26T11:54:12,203.168,active,1,AF7+AF8,6.9401,7.3837,6.1859,145.68,99.801,-0.7477,-0.72247,1.1589,0.69431,0.69723,0.57333,Hard,
2026-06-26T11:54:13,204.178,active,1,AF7+AF8,128.22,24.947,12.025,110.57,67.422,-0.45402,-0.40987,0.42074,0.68328,0.68647,0.56386,Hard,
2026-06-26T11:54:14,205.186,active,1,AF7+AF8,390.55,42.795,21.042,65.726,53.411,-0.25756,0.064724,-0.43103,0.65389,0.6615,0.55138,Hard,
2026-06-26T11:54:15,206.192,active,1,AF7+AF8,479.14,60.482,12.373,95.24,91.161,-0.19389,-0.39812,0.059129,0.64225,0.64591,0.54827,Hard,
2026-06-26T11:54:16,207.195,active,1,AF7+AF8,608.83,113.9,17.455,142.94,165.67,0.88446,-0.035554,1.0013,0.64039,0.63015,0.58712,Hard,
2026-06-26T11:54:17,208.200,active,1,AF7+AF8,189.65,31.446,10.192,88.094,92.541,-0.29383,-0.61102,0.13303,0.63458,0.62091,0.58141,Hard,
2026-06-26T11:54:18,209.209,active,1,AF7+AF8,22.465,12.279,9.1861,73.306,64.353,-0.72068,-0.71381,-0.22817,0.62568,0.61375,0.57154,Hard,
2026-06-26T11:54:19,210.219,active,1,AF7+AF8,25.079,19.96,11.023,83.256,70.504,-0.6693,-0.71263,-0.09758,0.61975,0.60862,0.5636,Hard,
2026-06-26T11:54:20,211.228,active,1,AF7+AF8,285.92,73.092,17.206,118.88,101.54,0.47576,-0.25758,0.3341,0.61419,0.59346,0.57983,Hard,
2026-06-26T11:54:21,212.237,active,1,AF7+AF8,294.52,64.602,12.204,129.2,110.08,0.288,-0.45125,0.45442,0.61385,0.58474,0.58676,Hard,
2026-06-26T11:54:22,213.252,active,1,AF7+AF8,744.29,22.957,9.9728,113.97,82.473,-0.60511,-0.79037,0.299,0.62528,0.60057,0.57912,Hard,
2026-06-26T11:54:23,214.259,active,1,AF7+AF8,1597.6,50.018,18.887,124.99,178.51,-0.38756,-0.55008,0.73259,0.64314,0.62211,0.57206,Hard,
2026-06-26T11:54:24,215.266,active,1,AF7+AF8,306.43,25.083,11.458,107.68,141.89,-0.56763,-0.60964,0.48015,0.64192,0.62568,0.56405,Hard,
2026-06-26T11:54:25,216.267,active,1,AF7+AF8,17.476,14.185,9.4115,75.576,65.849,-0.68394,-0.66067,-0.13812,0.63268,0.61873,0.55601,Hard,
2026-06-26T11:54:26,217.273,active,1,AF7+AF8,20.865,10.699,8.4372,82.905,70.482,-0.68528,-0.71055,0.038214,0.62786,0.61522,0.54967,Hard,
2026-06-26T11:54:27,218.282,active,1,AF7+AF8,24.136,9.1456,7.5488,98.516,87.177,-0.69335,-0.86917,0.1696,0.62776,0.61414,0.54634,Hard,
2026-06-26T11:54:28,219.292,active,1,AF7+AF8,11.748,9.9953,9.2301,119.21,70.332,-0.70374,-0.86102,0.56166,0.65352,0.63752,0.54314,Hard,
2026-06-26T11:54:29,220.302,active,1,AF7+AF8,11.541,9.5141,7.9251,100.89,68.049,-0.69774,-0.824,0.22333,0.65046,0.63459,0.53986,Hard,
2026-06-26T11:54:30,221.311,active,1,AF7+AF8,136.59,22.222,10.183,75.194,57.148,-0.66747,-0.77106,-0.33782,0.63888,0.62338,0.53663,Hard,
2026-06-26T11:54:31,222.321,active,1,AF7+AF8,619.81,132.75,22.221,60.56,43.194,-0.46644,-0.65034,-0.56518,0.62349,0.60709,0.53499,Hard,
2026-06-26T11:54:32,223.331,active,1,AF7+AF8,2667.2,657.14,131.64,96.557,53.775,0.09844,-0.3323,-0.10793,0.61203,0.59115,0.54618,Hard,
2026-06-26T11:54:33,224.341,active,1,AF7+AF8,2040.5,437.99,84.789,86.658,70.532,-0.089534,-0.34307,-0.22185,0.60041,0.57822,0.54443,Hard,
2026-06-26T11:54:34,225.346,active,1,AF7+AF8,4581.9,1473,122.08,141.23,125.58,1.194,-0.018389,0.77361,0.60009,0.56255,0.60602,Hard,
2026-06-26T11:54:35,226.350,active,1,AF7+AF8,3890.1,999.29,69.185,165.64,168.84,0.55622,-0.25363,1.3982,0.65733,0.58726,0.60528,Hard,
2026-06-26T11:54:36,227.357,active,1,AF7+AF8,416.23,28.672,11.876,117.85,93.251,-0.65199,-0.53591,0.37584,0.6519,0.61034,0.59091,Hard,
2026-06-26T11:54:37,228.367,active,1,AF7+AF8,1275.9,100.45,17.709,113.26,138.39,-0.42441,-0.2483,0.44118,0.64391,0.60988,0.57736,Hard,
2026-06-26T11:54:38,229.377,active,1,AF7+AF8,873.22,64.396,12.022,152.23,203.94,-0.55086,-0.54568,1.3001,0.68694,0.67364,0.568,Hard,
2026-06-26T11:54:39,230.385,active,1,AF7+AF8,38.927,10.001,10.621,141.01,141.65,-0.72192,-0.60971,0.92448,0.68645,0.68641,0.55815,Hard,
2026-06-26T11:54:40,231.393,active,1,AF7+AF8,96.701,19.263,13.492,147.06,90.42,-0.56556,-0.62867,0.90883,0.68607,0.6852,0.55212,Hard,
2026-06-26T11:54:41,232.403,active,1,AF7+AF8,134.3,25.761,11.007,147.68,116.87,-0.50159,-0.67802,0.94531,0.68991,0.68378,0.54851,Hard,
2026-06-26T11:54:42,233.413,active,1,AF7+AF8,403.83,27.408,10.109,120.77,110.25,-0.61855,-0.81325,0.55875,0.68693,0.6789,0.54561,Hard,
2026-06-26T11:54:43,234.419,active,1,AF7+AF8,718.44,48.964,18.127,161.48,143.78,-0.46816,-0.66327,1.0217,0.69417,0.6788,0.54306,Hard,
2026-06-26T11:54:44,235.425,active,1,AF7+AF8,464.16,33.515,18.261,202.91,184.81,-0.61379,-0.65085,1.9867,0.75105,0.74304,0.53845,Hard,
2026-06-26T11:54:45,236.427,active,1,AF7+AF8,130.74,17.152,14.962,180.4,124.15,-0.68213,-0.58536,1.5441,0.75016,0.74884,0.53238,Hard,
2026-06-26T11:54:46,237.437,active,1,AF7+AF8,645.09,91.664,28.09,110.31,85.987,-0.26087,0.098027,0.29285,0.72306,0.72724,0.52313,Hard,
2026-06-26T11:54:47,238.448,active,1,AF7+AF8,580.63,92.51,26.887,101.96,69.182,-0.18788,-0.034249,0.15912,0.69919,0.70516,0.51805,Hard,
2026-06-26T11:54:48,239.458,active,1,AF7+AF8,287.98,87.584,29.763,108.04,98.139,-0.3451,-0.27963,0.30946,0.68406,0.69027,0.5149,Hard,
2026-06-26T11:54:49,240.460,active,1,AF7+AF8,461.42,88.571,28.174,108.7,120.83,-0.52662,-0.11201,0.39818,0.66959,0.68107,0.50692,Hard,
2026-06-26T11:54:50,241.469,active,1,AF7+AF8,99.354,21.87,14,118.32,89.507,-0.69222,-0.58228,0.65942,0.66728,0.67888,0.50444,Hard,
2026-06-26T11:54:51,242.478,active,1,AF7+AF8,113.91,27.646,17.458,129.89,90.926,-0.60177,-0.29507,0.98585,0.66579,0.68474,0.49931,Hard,
2026-06-26T11:54:52,243.485,active,1,AF7+AF8,727.62,136.65,41.115,157.88,87.788,-0.35575,-0.19477,1.1834,0.66579,0.68458,0.49698,Hard,
2026-06-26T11:54:53,244.490,active,1,AF7+AF8,3373.4,1725.4,313.65,289.54,82.286,1.5112,0.98783,2.3865,0.66714,0.67536,0.53783,Hard,
2026-06-26T11:54:54,245.496,active,1,AF7+AF8,5779.9,2942.5,1283.1,527.97,103.35,3.8492,5.2322,5.019,0.64389,0.67138,0.51333,Hard,
2026-06-26T11:54:55,246.506,active,1,AF7+AF8,25264,6904.8,3367.2,2537.8,1606.7,11.151,15.209,27.784,0.85644,0.8684,0.46568,Hard,
2026-06-26T11:54:56,247.515,active,1,AF7+AF8,57396,7160.4,2642.1,6323.1,4928.5,14.38,15.575,70.921,0.94258,0.94736,0.45239,Hard,
2026-06-26T11:54:57,248.524,active,1,AF7+AF8,31043,1716.1,897.96,1777.3,1388.4,3.8838,5.344,19.501,0.97653,0.9787,0.43712,Hard,
2026-06-26T11:54:58,249.533,active,1,AF7+AF8,3783.7,147.81,33.642,195.87,204.52,0.34382,-0.22203,1.7241,0.94643,0.94118,0.51701,Hard,
2026-06-26T11:54:59,250.541,active,1,AF7+AF8,713.14,37.985,18.314,188.35,138.87,-0.28359,-0.36921,1.4788,0.91876,0.91308,0.51625,Hard,
2026-06-26T11:55:00,251.548,active,1,AF7+AF8,5082.9,769.03,109.88,187.78,135.14,0.59946,0.034687,1.2104,0.88566,0.87261,0.54858,Hard,
2026-06-26T11:55:01,252.551,active,1,AF7+AF8,22779,3135.1,310.36,277.21,198.47,3.535,0.9143,2.2424,0.8586,0.80915,0.69198,Hard,
2026-06-26T11:55:02,253.556,active,1,AF7+AF8,8516.4,1106.7,107.07,267.62,134.28,1.0749,-0.18855,1.9906,0.84536,0.78555,0.68729,Hard,
2026-06-26T11:55:03,254.562,active,1,AF7+AF8,3123.7,138.98,51.83,237.54,122.49,0.10447,-0.016061,1.7376,0.82866,0.77451,0.66662,Hard,
2026-06-26T11:55:04,255.574,active,1,AF7+AF8,668.41,58.296,32.574,220.25,101.82,0.064281,0.054595,1.6228,0.81161,0.76383,0.64677,Hard,
2026-06-26T11:55:05,256.584,active,1,AF7+AF8,1088.3,178.82,76.692,159.15,85.776,0.60755,-0.16157,0.72919,0.78736,0.73399,0.64055,Hard,
2026-06-26T11:55:06,257.593,active,1,AF7+AF8,8228.9,2167.1,173.59,125.92,123.21,7.6266,1.8867,0.68455,0.73537,0.64953,0.82403,Hard,
2026-06-26T11:55:07,258.603,active,1,AF7+AF8,7705.1,1845.1,111.71,178.03,151.78,6.7322,1.2482,1.445,0.71007,0.57956,0.89329,Hard,
2026-06-26T11:55:08,259.610,active,1,AF7+AF8,327.5,86.091,13.704,149.7,139.8,-0.25453,-0.42551,1.1043,0.70675,0.62998,0.84865,Hard,
2026-06-26T11:55:09,260.616,active,1,AF7+AF8,523.95,112.63,20.474,147.36,357.35,0.077647,0.19984,1.3752,0.69908,0.64603,0.80498,Hard,
2026-06-26T11:55:10,261.623,active,1,AF7+AF8,184.78,37.928,11.53,146.06,259.37,-0.54456,-0.54414,1.0516,0.69794,0.67215,0.76838,Hard,
2026-06-26T11:55:11,262.629,active,1,AF7+AF8,164.71,32.708,13.379,127.6,120.51,-0.74501,-0.38933,0.65486,0.6895,0.67167,0.73085,Hard,
2026-06-26T11:55:12,263.630,active,1,AF7+AF8,510.98,52.678,20.429,101.23,99.782,-0.65612,-0.61225,0.022634,0.6762,0.66116,0.70249,Hard,
2026-06-26T11:55:13,264.641,active,1,AF7+AF8,183.77,30.776,13.063,71.566,71.276,-0.702,-0.77982,-0.45168,0.65997,0.64557,0.67936,Hard,
2026-06-26T11:55:14,265.652,active,1,AF7+AF8,72.473,15.018,9.3857,101.32,74.523,-0.69281,-0.86159,0.003296,0.65355,0.63844,0.66037,Hard,
2026-06-26T11:55:15,266.659,active,1,AF7+AF8,30.083,12.241,13.856,131.52,92.333,-0.70823,-0.61594,0.44111,0.65062,0.63928,0.63974,Hard,
2026-06-26T11:55:16,267.669,active,1,AF7+AF8,791.86,96.055,27.878,129.79,121.06,0.045581,-0.14526,0.43021,0.64112,0.62832,0.62583,Hard,
2026-06-26T11:55:17,268.679,active,1,AF7+AF8,4746,346.51,59.612,201.55,291.73,2.9308,0.52923,1.9939,0.66164,0.59912,0.71153,Hard,
2026-06-26T11:55:18,269.689,active,1,AF7+AF8,3826.6,268.06,67.667,208.98,197.36,0.83001,1.3792,1.9819,0.65122,0.62373,0.67796,Hard,
2026-06-26T11:55:19,270.696,active,1,AF7+AF8,1962.5,297.25,105.46,151.7,77.424,0.11078,0.37034,0.45446,0.63433,0.61402,0.65272,Hard,
2026-06-26T11:55:20,271.698,active,1,AF7+AF8,1767.3,468.73,124.53,106.15,57.723,0.13512,0.035513,-0.1703,0.61513,0.59577,0.63588,Hard,
2026-06-26T11:55:21,272.704,active,1,AF7+AF8,9519.2,2028.2,408,167.82,60.962,1.8691,1.419,0.75394,0.59143,0.56797,0.6263,Hard,
2026-06-26T11:55:22,273.708,active,1,AF7+AF8,3968.9,666.46,128.8,119.48,119.38,0.3752,-0.00058309,0.51446,0.58814,0.5619,0.61676,Hard,
2026-06-26T11:55:23,274.717,active,1,AF7+AF8,1159.7,66.007,30.348,130.62,165.31,-0.11109,0.092182,0.94844,0.59851,0.60242,0.59971,Hard,
2026-06-26T11:55:24,275.725,active,1,AF7+AF8,1679.7,96.984,43.023,87.284,61.008,-0.28956,-0.032422,-0.024299,0.58681,0.5941,0.58389,Hard,
2026-06-26T11:55:25,276.733,active,1,AF7+AF8,5523.7,612.58,81.784,69.608,43.886,0.18449,0.32677,-0.39852,0.56563,0.57412,0.57169,Hard,
2026-06-26T11:55:26,277.742,active,1,AF7+AF8,18110,2268.5,209.19,145.69,99.569,2.146,1.3649,1.1862,0.55508,0.5511,0.58652,Hard,
2026-06-26T11:55:27,278.751,active,1,AF7+AF8,7066.5,700.71,80.21,124.09,87.636,0.56901,0.47681,0.82294,0.55365,0.54877,0.57752,Hard,
2026-06-26T11:55:28,279.758,active,1,AF7+AF8,14929,7285,707.86,533.64,95.423,54.718,43.537,8.0142,0.48721,0.48292,0.82878,Hard,
2026-06-26T11:55:29,280.764,active,1,AF7+AF8,71267,29447,3232.5,2556.8,228.17,294.67,210.24,46.315,0.42875,0.42497,0.93151,Hard,
2026-06-26T11:55:30,281.766,active,1,AF7+AF8,43491,10407,1550.4,1150.1,116.99,119.99,78.479,19.651,0.3773,0.37397,0.9726,Hard,
2026-06-26T11:55:31,282.769,active,1,AF7+AF8,60277,4135.4,828.34,382.31,97.714,48.184,38.974,4.8115,0.33202,0.3291,0.9831,Hard,
2026-06-26T11:55:32,283.778,active,1,AF7+AF8,44283,3194.5,488.72,330.72,109.5,49.98,33.566,4.2017,0.29218,0.28961,0.99308,Hard,
2026-06-26T11:55:33,284.788,active,1,AF7+AF8,3508,342.02,93.132,79.437,65.61,2.9721,2.0107,-0.36996,0.2851,0.27385,0.94806,Hard,
2026-06-26T11:55:34,285.797,active,1,AF7+AF8,342.97,62.31,22.895,56.398,73.058,-0.31925,-0.07136,-0.72801,0.36523,0.37899,0.89058,Hard,
2026-06-26T11:55:35,286.808,active,1,AF7+AF8,600.41,88.479,36.82,96.549,84.628,-0.25864,-0.03203,-0.065195,0.4436,0.46609,0.84031,Hard,
2026-06-26T11:55:36,287.818,active,1,AF7+AF8,16875,2427,1065.7,393.38,109.54,11.305,15.211,3.9929,0.39081,0.41318,0.75438,Hard,
2026-06-26T11:55:37,288.823,active,1,AF7+AF8,26855,3276.6,1337.4,473.57,116.33,14.596,18.749,5.1238,0.34404,0.36464,0.67723,Hard,
2026-06-26T11:55:38,289.829,active,1,AF7+AF8,16600,1412.8,265.75,159.32,137.66,2.3468,1.756,1.0485,0.3851,0.36207,0.66476,Hard,
2026-06-26T11:55:39,290.835,active,1,AF7+AF8,24488,1147,210.82,199.7,460.03,2.5075,1.0998,1.8297,0.50818,0.39447,0.66733,Hard,
2026-06-26T11:55:40,291.844,active,1,AF7+AF8,3209.5,105.86,20.701,192,387.95,-0.27609,-0.5138,1.8828,0.66421,0.60562,0.65081,Hard,
2026-06-26T11:55:41,292.851,active,1,AF7+AF8,157,29.177,8.9461,157.22,164.47,-0.59069,-0.65785,1.4844,0.71257,0.68527,0.63372,Hard,
2026-06-26T11:55:42,293.858,active,1,AF7+AF8,52.999,14.161,9.8561,118.09,105.19,-0.71038,-0.66696,0.57069,0.70506,0.68163,0.61702,Hard,
2026-06-26T11:55:43,294.865,active,1,AF7+AF8,66.001,16.433,11.334,102.2,89.957,-0.64265,-0.71897,0.3214,0.69571,0.67402,0.60413,Hard,
2026-06-26T11:55:44,295.873,active,1,AF7+AF8,213.34,62.438,20.024,86.323,90,0.092624,-0.32336,0.019833,0.67736,0.65204,0.59785,Hard,
2026-06-26T11:55:45,296.880,active,1,AF7+AF8,280.81,38.623,14.676,98.492,77.02,-0.36754,-0.42752,0.25099,0.66616,0.643,0.58701,Hard,
2026-06-26T11:55:46,297.885,active,1,AF7+AF8,70.767,18.168,9.8427,109.64,81.996,-0.72284,-0.73653,0.45941,0.66364,0.64338,0.57677,Hard,
2026-06-26T11:55:47,298.891,active,1,AF7+AF8,69.056,19.794,9.6832,93.178,96.091,-0.7518,-0.60728,0.10706,0.65461,0.63886,0.56539,Hard,
2026-06-26T11:55:48,299.896,active,1,AF7+AF8,397.76,50.831,14.256,126.4,147.41,-0.69176,-0.69023,0.83316,0.67088,0.66468,0.55752,Hard,
2026-06-26T11:55:49,300.905,active,1,AF7+AF8,407.2,44.189,13.21,151.79,134.95,-0.58375,-0.73281,1.2985,0.70883,0.69747,0.55285,Hard,
2026-06-26T11:55:50,301.912,active,1,AF7+AF8,711.4,79.694,18.327,158.23,150.68,-0.25947,-0.58347,1.4436,0.72376,0.69952,0.55136,Hard,
2026-06-26T11:55:51,302.921,active,1,AF7+AF8,333.62,40.068,21.507,211.87,176.65,-0.52324,-0.21862,2.3194,0.75785,0.76314,0.54064,Hard,
2026-06-26T11:55:52,303.931,active,1,AF7+AF8,126.04,16.728,13.518,120.22,94.602,-0.7882,-0.58143,0.70375,0.74555,0.75296,0.53266,Hard,
2026-06-26T11:55:53,304.937,active,1,AF7+AF8,95.828,15.533,7.4874,95.991,62.643,-0.77649,-0.64401,0.38205,0.73114,0.73951,0.52676,Hard,
2026-06-26T11:55:54,305.953,active,1,AF7+AF8,187.49,41.85,13.35,115.96,74.122,-0.12281,-0.458,0.55912,0.71834,0.7209,0.53578,Hard,
2026-06-26T11:55:55,306.959,active,1,AF7+AF8,1175.1,333.72,75.983,105.81,94.089,1.4997,0.25099,0.17913,0.69106,0.67527,0.60504,Hard,
2026-06-26T11:55:56,307.964,active,1,AF7+AF8,5521.8,1576.1,243.01,153,173.01,5.6794,1.7,1.1205,0.6595,0.60538,0.76984,Hard,
2026-06-26T11:55:57,308.968,active,1,AF7+AF8,2669.9,579.48,79.304,145.22,205,1.8389,0.16059,1.1289,0.65461,0.58219,0.76126,Hard,
2026-06-26T11:55:58,309.980,active,1,AF7+AF8,344.68,42.764,26.138,125.65,160.17,-0.57816,-0.67345,0.65359,0.65788,0.62245,0.73134,Hard,
2026-06-26T11:55:59,310.987,active,1,AF7+AF8,3500.3,150.69,124.9,167.83,227.13,0.23527,-0.054056,0.98734,0.65421,0.6189,0.70791,Hard,
2026-06-26T11:56:00,311.993,active,1,AF7+AF8,2061.7,68.765,63.816,159.47,308.14,-0.32232,-0.53065,1.0264,0.6729,0.64505,0.68608,Hard,
2026-06-26T11:56:01,313.004,active,1,AF7+AF8,73.479,17.546,7.6095,125.01,171.76,-0.76858,-0.76666,0.69885,0.67441,0.66339,0.66372,Hard,
2026-06-26T11:56:02,314.011,active,1,AF7+AF8,1843.2,336.54,19.115,147.77,219.92,0.11657,-0.1978,1.0683,0.67186,0.6578,0.64878,Hard,
2026-06-26T11:56:03,315.022,active,1,AF7+AF8,2778.2,430.35,25.119,210.02,321.2,0.50047,-0.12263,2.1872,0.72499,0.68262,0.6402,Hard,
2026-06-26T11:56:05,316.028,active,1,AF7+AF8,195.02,34.145,8.6233,162.13,154.25,-0.62024,-0.70001,1.5246,0.74153,0.72008,0.62457,Hard,
2026-06-26T11:56:06,317.034,active,1,AF7+AF8,37.961,9.8687,7.2839,107.22,87.532,-0.71747,-0.90544,0.431,0.73188,0.71044,0.61244,Hard,
2026-06-26T11:56:07,318.035,active,1,AF7+AF8,47.015,11.699,9.1544,89.707,54.056,-0.75989,-0.8468,0.063252,0.71747,0.69736,0.60025,Hard,
2026-06-26T11:56:08,319.043,active,1,AF7+AF8,4447.4,885.96,212.05,143.4,57.421,0.67608,0.45299,0.56404,0.69304,0.672,0.59156,Hard,
2026-06-26T11:56:09,320.052,active,1,AF7+AF8,15805,2379.8,585.84,287.34,98.27,2.7471,2.7346,2.2764,0.66303,0.64433,0.58076,Hard,
2026-06-26T11:56:10,321.058,active,1,AF7+AF8,7924.1,535.26,128.88,214.79,156.17,0.34367,1.0145,1.7697,0.65467,0.66037,0.5611,Hard,
2026-06-26T11:56:11,322.063,active,1,AF7+AF8,3266.6,317.37,80.749,114.66,91.281,-0.15312,-0.23311,0.3576,0.6449,0.64875,0.55497,Hard,
2026-06-26T11:56:12,323.074,active,1,AF7+AF8,3028.1,355.8,88.881,100.84,65.479,-0.16878,-0.38096,0.13366,0.63519,0.63543,0.55155,Hard,
2026-06-26T11:56:13,324.083,active,1,AF7+AF8,7832.2,523.32,93.782,159.46,156.65,1.3682,1.3325,1.1203,0.61579,0.61546,0.5459,Hard,
2026-06-26T11:56:14,325.089,active,1,AF7+AF8,12142,687.12,109.91,232.21,297.46,2.5471,1.9528,2.3336,0.60759,0.59841,0.56261,Hard,
2026-06-26T11:56:15,326.090,active,1,AF7+AF8,2436.6,176.4,42.263,165.42,136.29,-0.31775,-0.26345,1.3393,0.6572,0.65699,0.55428,Hard,
2026-06-26T11:56:16,327.097,active,1,AF7+AF8,2733.7,271.38,74.002,178.01,109.8,-0.25595,-0.1972,1.5521,0.68631,0.68986,0.54689,Hard,
2026-06-26T11:56:17,328.104,active,1,AF7+AF8,1205.6,667.42,299,220.26,106.77,0.54584,0.52177,1.5532,0.67909,0.68188,0.54162,Hard,
2026-06-26T11:56:18,329.114,active,1,AF7+AF8,948.08,375.68,215.9,142.71,81.661,0.5988,0.41451,0.39468,0.6573,0.65699,0.53939,Hard,
2026-06-26T11:56:19,330.122,active,1,AF7+AF8,602.52,154.57,62.853,64.95,46.585,0.33251,0.34769,-0.53811,0.62535,0.6253,0.53444,Hard,
2026-06-26T11:56:20,331.127,active,1,AF7+AF8,1050.8,175.25,77.721,78.728,56.939,0.27013,0.093305,-0.34752,0.60372,0.60107,0.53295,Hard,
2026-06-26T11:56:21,332.130,active,1,AF7+AF8,825.31,307.36,68.549,62.135,57.922,3.8719,1.968,-0.48429,0.5585,0.54115,0.64608,Hard,
2026-06-26T11:56:22,333.136,active,1,AF7+AF8,241.84,222.41,45.967,58.272,39.269,2.7968,1.3311,-0.6112,0.52444,0.49468,0.66369,Hard,
2026-06-26T11:56:23,334.146,active,1,AF7+AF8,279.18,61.969,16.183,54.904,33.471,0.056469,-0.52001,-0.71429,0.51859,0.4839,0.65263,Hard,
2026-06-26T11:56:24,335.155,active,1,AF7+AF8,609.32,172.53,30.667,48.42,37.566,-0.25599,-0.44396,-0.79798,0.51106,0.47775,0.63713,Hard,
2026-06-26T11:56:25,336.164,active,1,AF7+AF8,9181.7,2192.1,315.71,114.1,75.343,2.2998,1.7229,0.3584,0.49003,0.45339,0.62927,Hard,
2026-06-26T11:56:26,337.174,active,1,AF7+AF8,8871.3,1658.3,243.42,116.82,78.21,1.5866,1.2302,0.45228,0.4797,0.44241,0.61909,Hard,
2026-06-26T11:56:27,338.184,active,1,AF7+AF8,722.59,97.436,20.648,62.737,55.783,-0.33686,-0.57246,-0.48504,0.49844,0.46586,0.60833,Hard,
2026-06-26T11:56:28,339.193,active,1,AF7+AF8,1361.1,286.59,82.536,74.065,53.976,1.5344,1.2421,-0.41782,0.47506,0.44279,0.59971,Hard,
2026-06-26T11:56:29,340.199,active,1,AF7+AF8,15228,2617.9,729.79,357.08,234.41,9.3702,17.145,4.5226,0.41827,0.39942,0.53015,Hard,
2026-06-26T11:56:30,341.202,active,1,AF7+AF8,10333,1608.6,431.2,401.09,536.57,6.2898,10.253,6.1014,0.38145,0.44565,0.48107,Hard,
2026-06-26T11:56:31,342.208,active,1,AF7+AF8,189.53,38.328,15.996,224.37,347.32,-0.42252,-0.51214,2.7219,0.65321,0.67512,0.49915,Hard,
2026-06-26T11:56:32,343.218,active,1,AF7+AF8,43.878,15.795,5.4403,147.04,154.67,-0.62918,-0.82668,1.2069,0.70189,0.69883,0.51446,Hard,
2026-06-26T11:56:33,344.228,active,1,AF7+AF8,35.309,11.321,4.8038,101.26,116.99,-0.67077,-0.774,0.3948,0.69472,0.69059,0.51427,Hard,
2026-06-26T11:56:34,345.238,active,1,AF7+AF8,27.892,13.212,7.8503,76.122,77.151,-0.70585,-0.52951,-0.094703,0.67785,0.67681,0.50992,Hard,
2026-06-26T11:56:35,346.248,active,1,AF7+AF8,50.594,16.151,8.6826,79.189,64.93,-0.69667,-0.68093,-0.21092,0.66352,0.66285,0.50849,Hard,
2026-06-26T11:56:36,347.256,active,1,AF7+AF8,2696.6,1196,236.37,154.03,266.44,29.821,22.094,1.7488,0.5839,0.58331,0.79106,Hard,
2026-06-26T11:56:37,348.272,active,1,AF7+AF8,9539.1,3946.8,743.31,444.38,887.36,101.1,72.794,8.0099,0.51384,0.51331,0.91642,Hard,
2026-06-26T11:56:38,349.277,active,1,AF7+AF8,2137.9,788.72,148.87,252.6,437.74,19.029,12.998,3.172,0.45305,0.45176,0.93853,Hard,
2026-06-26T11:56:39,350.283,active,1,AF7+AF8,206.67,17.279,4.8499,133.17,144.4,-0.65445,-0.86207,1.1114,0.61829,0.60516,0.88902,Hard,
2026-06-26T11:56:40,351.288,active,1,AF7+AF8,81.873,14.15,8.3252,145.63,119.18,-0.60186,-0.68088,1.2778,0.6835,0.6735,0.84352,Hard,
2026-06-26T11:56:41,352.296,active,1,AF7+AF8,270.18,26.325,11.46,137.93,164.6,-0.54199,-0.52145,1.368,0.70543,0.70267,0.80199,Hard,
2026-06-26T11:56:42,353.306,active,1,AF7+AF8,259.25,19.144,7.716,141.06,162.21,-0.68112,-0.79449,1.3166,0.72728,0.71957,0.76745,Hard,
2026-06-26T11:56:43,354.316,active,1,AF7+AF8,135.24,15.039,8.2205,115.1,95.094,-0.7045,-0.7248,0.66258,0.72002,0.71297,0.73566,Hard,
2026-06-26T11:56:44,355.326,active,1,AF7+AF8,243.06,43.185,17.186,79.412,65.426,-0.45106,-0.1159,-0.1263,0.69346,0.69227,0.70237,Hard,
2026-06-26T11:56:45,356.336,active,1,AF7+AF8,611.73,205.2,76.676,63.456,60.543,-0.20212,0.11713,-0.5207,0.66076,0.66443,0.6733,Hard,
2026-06-26T11:56:46,357.344,active,1,AF7+AF8,3479.1,1335.2,434.46,130.06,50.309,0.90617,1.3467,0.11362,0.62353,0.63296,0.64593,Hard,
2026-06-26T11:56:47,358.349,active,1,AF7+AF8,2371.5,660.88,203.74,93.061,39.738,0.10029,0.15459,-0.21538,0.60318,0.61228,0.6276,Hard,
2026-06-26T11:56:48,359.355,active,1,AF7+AF8,731.14,158.37,32.446,98.426,54.939,-0.17502,-0.19689,0.036889,0.5943,0.60198,0.61262,Hard,
2026-06-26T11:56:49,360.361,active,1,AF7+AF8,4673.8,774.47,142.66,162.61,112.12,1.7998,1.7476,1.0585,0.57275,0.57875,0.59989,Hard,
2026-06-26T11:56:50,361.368,active,1,AF7+AF8,2157,364.33,79.213,97.704,67.235,0.34662,0.20172,0.042033,0.56162,0.56474,0.59007,Hard,
2026-06-26T11:56:51,362.377,active,1,AF7+AF8,520.59,78.863,16.789,87.187,47.466,0.17369,-0.52521,-0.26037,0.5582,0.55049,0.58964,Hard,
2026-06-26T11:56:52,363.384,active,1,AF7+AF8,964.3,221.55,36.774,115.6,58.302,0.18788,-0.41982,-0.013486,0.55729,0.54141,0.58793,Hard,
2026-06-26T11:56:53,364.394,active,1,AF7+AF8,757.62,423.49,92.573,117.99,60.909,0.020619,-0.0026097,-0.018031,0.55018,0.53586,0.57773,Hard,
2026-06-26T11:56:54,365.403,active,1,AF7+AF8,2277.8,643.5,337.45,407.42,137.14,0.96977,4.0941,3.6589,0.53766,0.69029,0.5292,Hard,
2026-06-26T11:56:55,366.411,active,1,AF7+AF8,1279.3,363.6,179.9,261.39,92.357,1.3074,3.5607,2.254,0.51421,0.6814,0.49507,Hard,
2026-06-26T11:56:56,367.414,active,1,AF7+AF8,348.09,139.36,49.895,74.414,63.795,1.0882,1.3434,-0.045093,0.49247,0.64307,0.49184,Hard,
2026-06-26T11:56:57,368.418,active,1,AF7+AF8,87.189,43.303,20.364,67.051,60.735,-0.27968,-0.2875,-0.16504,0.50617,0.62762,0.49732,Hard,
2026-06-26T11:56:58,369.425,active,1,AF7+AF8,22.997,11.509,7.226,60.804,53.583,-0.71506,-0.88244,-0.34011,0.5429,0.61791,0.51147,Hard,
2026-06-26T11:56:59,370.435,active,1,AF7+AF8,170.02,25.05,9.8409,60.84,44.049,-0.62089,-0.70669,-0.3537,0.54356,0.60777,0.51138,Hard,
2026-06-26T11:57:00,371.444,active,1,AF7+AF8,2255.2,232.15,34.951,90.397,66.649,0.69659,-0.32254,-0.16512,0.5407,0.5821,0.57938,Hard,
2026-06-26T11:57:01,372.450,active,1,AF7+AF8,2262.7,276.01,37.938,104.03,69.19,1.1202,0.05243,-0.12628,0.53313,0.55414,0.60998,Hard,
2026-06-26T11:57:02,373.460,active,1,AF7+AF8,715.18,160.9,32.303,66.901,52.677,0.13021,-0.24822,-0.5335,0.52489,0.53778,0.60244,Hard,
2026-06-26T11:57:03,374.469,active,1,AF7+AF8,771.78,203.51,38.424,41.265,52.026,-0.3956,-0.61845,-0.93281,0.51719,0.52523,0.59349,Hard,
2026-06-26T11:57:04,375.476,active,1,AF7+AF8,7340.6,1569.5,423.05,76.995,101.35,1.9493,1.0035,-0.50115,0.49357,0.48945,0.60703,Hard,
2026-06-26T11:57:05,376.481,active,1,AF7+AF8,15435,1949.4,512.84,125.81,102.75,3.3972,1.8149,0.17493,0.47103,0.45069,0.65566,Hard,
2026-06-26T11:57:06,377.487,active,1,AF7+AF8,20812,1623.6,468.33,197.41,182.37,4.7465,3.3496,1.7031,0.45112,0.41811,0.66297,Hard,
2026-06-26T11:57:07,378.496,active,1,AF7+AF8,20788,1311,397.05,233.24,344.73,4.4289,3.4535,2.5822,0.44412,0.40205,0.65776,Hard,
2026-06-26T11:57:08,379.505,active,1,AF7+AF8,887.98,41.623,23.764,158.75,188.09,-0.4508,0.05106,1.5222,0.58326,0.59786,0.63134,Hard,
2026-06-26T11:57:09,380.511,active,1,AF7+AF8,95.627,18.241,14.826,160.09,167.27,-0.61141,-0.16851,1.7599,0.66768,0.69872,0.60896,Hard,
2026-06-26T11:57:10,381.518,active,1,AF7+AF8,325.64,16.053,12.565,101.62,89.084,-0.74661,-0.68782,0.43799,0.66402,0.69214,0.59501,Hard,
2026-06-26T11:57:11,382.528,active,1,AF7+AF8,1059,123.09,24.288,89.607,57.26,-0.58764,-0.53798,-0.021408,0.65204,0.67752,0.58286,Hard,
2026-06-26T11:57:12,383.538,active,1,AF7+AF8,10696,2218.7,149.84,139.81,133.49,2.8991,0.13007,0.5247,0.6397,0.62427,0.71297,Hard,
2026-06-26T11:57:13,384.541,active,1,AF7+AF8,13585,2253,139.6,179.2,286.77,3.259,0.32114,1.1422,0.63508,0.58027,0.77292,Hard,
2026-06-26T11:57:14,385.547,active,1,AF7+AF8,694.09,82.431,9.6175,129.84,177.98,-0.55775,-0.64258,0.81473,0.65874,0.63119,0.74145,Hard,
2026-06-26T11:57:15,386.553,active,1,AF7+AF8,105.06,24.268,11.158,131.6,111.47,-0.63953,-0.70502,0.92716,0.67954,0.66432,0.71345,Hard,
2026-06-26T11:57:16,387.563,active,1,AF7+AF8,457.54,69.588,32.917,106.04,65.675,-0.53878,-0.39271,0.38532,0.66952,0.65822,0.68565,Hard,
2026-06-26T11:57:17,388.573,active,1,AF7+AF8,641.87,162.34,53.442,117.02,73.112,-0.4742,-0.38889,0.54979,0.663,0.65426,0.66209,Hard,
2026-06-26T11:57:18,389.581,active,1,AF7+AF8,1038.7,96.649,46.536,150.28,133.4,-0.44066,-0.23543,1.2985,0.67492,0.6845,0.63957,Hard,
2026-06-26T11:57:19,390.589,active,1,AF7+AF8,682.33,31.08,12.696,121.91,131.88,-0.58785,-0.60365,0.77301,0.6738,0.68202,0.62305,Hard,
2026-06-26T11:57:20,391.598,active,1,AF7+AF8,66.145,10.93,5.4636,103.14,105.47,-0.73944,-0.94002,0.35301,0.67169,0.67617,0.61129,Hard,
2026-06-26T11:57:21,392.607,active,1,AF7+AF8,303.87,23.719,9.7135,93.821,108.05,-0.57895,-0.6979,0.21834,0.6646,0.66683,0.59972,Hard,
2026-06-26T11:57:22,393.613,active,1,AF7+AF8,262.49,31.612,14.617,103.56,82.699,-0.3976,-0.50309,0.41761,0.65842,0.65887,0.58934,Hard,
2026-06-26T11:57:23,394.618,active,1,AF7+AF8,102.12,40.954,13.491,90.368,74.582,-0.25103,-0.25954,0.14653,0.64548,0.64575,0.57875,Hard,
2026-06-26T11:57:24,395.625,active,1,AF7+AF8,196.79,58.847,13.845,81.508,55.806,0.021811,-0.11636,0.019149,0.63005,0.62822,0.57137,Hard,
2026-06-26T11:57:25,396.634,active,1,AF7+AF8,468.3,38.1,19.021,84.062,66.883,-0.32573,-0.35321,-0.075015,0.61861,0.61659,0.56322,Hard,
2026-06-26T11:57:26,397.641,active,1,AF7+AF8,2488,82.737,69.044,64.961,53.214,-0.50302,-0.37259,-0.47421,0.60285,0.60303,0.55367,Hard,
2026-06-26T11:57:27,398.651,active,1,AF7+AF8,2934.9,192.42,93.035,61.184,56.518,-0.058786,-0.30152,-0.4088,0.5889,0.58543,0.55087,Hard,
2026-06-26T11:57:28,399.661,active,1,AF7+AF8,3726.3,881.76,150.38,84.176,44.935,3.1456,1.452,-0.12951,0.55568,0.53472,0.64028,Hard,
2026-06-26T11:57:29,400.671,active,1,AF7+AF8,1865.1,655.97,109.82,73.096,48.587,1.7988,0.87887,-0.38042,0.53071,0.50075,0.63701,Hard,
2026-06-26T11:57:30,401.678,active,1,AF7+AF8,2081.3,424.1,61.325,89.187,68.447,3.434,0.76869,-0.036855,0.5151,0.45865,0.72957,Hard,
2026-06-26T11:57:31,402.684,active,1,AF7+AF8,909.46,169.29,23.649,76.854,46.107,1.3987,-0.21282,-0.14763,0.51426,0.44151,0.72497,Hard,
2026-06-26T11:57:32,403.689,active,1,AF7+AF8,42.714,10.218,4.1927,42.839,31.543,-0.69161,-0.91402,-0.73084,0.51943,0.47366,0.70131,Hard,
2026-06-26T11:57:33,404.699,active,1,AF7+AF8,260.4,22.648,8.8,36.81,38.142,-0.71424,-0.79271,-0.91451,0.51528,0.47446,0.67833,Hard,
2026-06-26T11:57:34,405.706,active,1,AF7+AF8,550.16,37.838,16.862,43.438,46.444,-0.69682,-0.57165,-0.77045,0.51046,0.48426,0.65505,Hard,
2026-06-26T11:57:35,406.718,active,1,AF7+AF8,623.03,54.835,12.854,48.722,47.211,-0.34721,-0.62002,-0.67846,0.50833,0.48119,0.64053,Hard,
2026-06-26T11:57:36,407.727,active,1,AF7+AF8,8649,580.91,46.057,92.386,84.652,5.5183,0.48134,0.13202,0.5021,0.43105,0.81147,Hard,
2026-06-26T11:57:37,408.734,active,1,AF7+AF8,6653,386.05,31.81,135.71,124.28,3.5248,0.19881,0.85658,0.54973,0.40435,0.82897,Hard,
2026-06-26T11:57:38,409.743,active,1,AF7+AF8,562.92,71.481,18.63,77.23,64.751,0.1168,0.060254,-0.038595,0.54228,0.45009,0.79034,Hard,
2026-06-26T11:57:39,410.749,active,1,AF7+AF8,5756.3,990.01,121.1,95.627,52.371,1.2772,0.56589,0.0047175,0.52885,0.43761,0.76606,Hard,
2026-06-26T11:57:40,411.752,active,1,AF7+AF8,16153,2169.8,252.53,200.45,107.54,2.0189,1.0124,1.7236,0.56432,0.45293,0.74892,Hard,
2026-06-26T11:57:41,412.758,active,1,AF7+AF8,3081.7,354.05,53.591,106.19,105.36,-0.14469,-0.072761,0.43832,0.56423,0.52459,0.71797,Hard,
2026-06-26T11:57:42,413.767,active,1,AF7+AF8,2978.9,257.06,273.82,143.35,84.157,1.978,1.4418,0.64722,0.54476,0.50239,0.69981,Hard,
2026-06-26T11:57:43,414.774,active,1,AF7+AF8,3650.3,325.68,321.47,153.61,55.024,3.0477,1.9736,0.64928,0.52022,0.46989,0.69157,Hard,
2026-06-26T11:57:44,415.784,active,1,AF7+AF8,226.81,42.591,22.886,52.432,34.226,-0.41917,-0.29783,-0.69047,0.51192,0.46944,0.66676,Hard,
2026-06-26T11:57:45,416.793,active,1,AF7+AF8,50.643,28.24,11.132,41.556,35.281,-0.47622,-0.40667,-0.82978,0.50417,0.46782,0.64571,Hard,
2026-06-26T11:57:46,417.801,active,1,AF7+AF8,88.655,38.437,12.51,44.699,28.417,-0.29508,-0.46706,-0.83608,0.49815,0.46362,0.6308,Hard,
2026-06-26T11:57:47,418.812,active,1,AF7+AF8,28747,4528.5,454.71,398.95,157.53,33.365,10.461,4.5449,0.44429,0.40798,0.85231,Hard,
2026-06-26T11:57:48,419.818,active,1,AF7+AF8,1.3292e+05,17791,3551.6,2397.5,1582.5,104.92,51.557,29.934,0.39098,0.35902,0.94093,Hard,
2026-06-26T11:57:49,420.822,active,1,AF7+AF8,62125,6881,2313.5,1441.2,1065.1,23.991,21.159,16.265,0.35362,0.31841,0.92458,Hard,
2026-06-26T11:57:50,421.828,active,1,AF7+AF8,5842.1,226.96,106.71,108.23,58.414,0.17473,0.2274,0.10283,0.43211,0.42197,0.87284,Hard,
2026-06-26T11:57:51,422.837,active,1,AF7+AF8,2061.4,77.292,36.098,71.709,37.315,-0.48976,-0.34722,-0.28989,0.47714,0.48377,0.82596,Hard,
2026-06-26T11:57:52,423.850,active,1,AF7+AF8,375.62,48.634,13.98,61.499,41.724,-0.60696,-0.63178,-0.37366,0.51019,0.51098,0.78722,Hard,
2026-06-26T11:57:53,424.854,active,1,AF7+AF8,567.33,86.911,20.36,50.655,41.39,-0.57996,-0.56259,-0.71272,0.50672,0.50768,0.75249,Hard,
2026-06-26T11:57:54,425.861,active,1,AF7+AF8,102.09,26.639,10.451,42.271,56.349,-0.70911,-0.68899,-0.83892,0.50366,0.50481,0.72189,Hard,
2026-06-26T11:57:55,426.868,active,1,AF7+AF8,545.56,140.96,20.85,41.956,52.689,-0.54351,-0.73554,-0.85836,0.50138,0.49952,0.69814,Hard,
2026-06-26T11:57:56,427.877,active,1,AF7+AF8,1547.1,209.65,38.08,50.422,46.325,-0.39406,-0.71056,-0.71536,0.50114,0.49477,0.6791,Hard,
2026-06-26T11:57:57,428.883,active,1,AF7+AF8,5507.7,509.4,181,116.21,113.42,0.41246,0.18281,0.20443,0.50208,0.49228,0.66105,Hard,
2026-06-26T11:57:58,429.886,active,1,AF7+AF8,8110.9,862.51,182.37,175.59,153.46,0.54522,0.31276,1.2531,0.57008,0.54945,0.64521,Hard,
2026-06-26T11:57:59,430.892,active,1,AF7+AF8,1355.1,126.86,21.487,142.88,164.53,-0.58899,-0.57158,0.98322,0.6391,0.63198,0.62752,Hard,
2026-06-26T11:58:00,431.901,active,1,AF7+AF8,491.44,57.923,14.351,147.23,168.43,-0.68646,-0.61213,1.1177,0.67785,0.67961,0.6111,Hard,
2026-06-26T11:58:01,432.909,active,1,AF7+AF8,137.65,26.567,9.7254,113.73,110.53,-0.74675,-0.73758,0.74709,0.67781,0.67948,0.59763,Hard,
2026-06-26T11:58:02,433.918,active,1,AF7+AF8,2258.1,622.99,71.914,143.17,134.12,1.3709,-0.10459,1.1029,0.67405,0.65393,0.64495,Hard,
2026-06-26T11:58:03,434.928,active,1,AF7+AF8,9521.4,2140.2,219.96,239.47,232.73,7.1538,2.104,3.0318,0.66684,0.58901,0.8135,Hard,
2026-06-26T11:58:04,435.936,active,1,AF7+AF8,3797.9,693.41,146.43,180.66,175.79,1.4461,1.1694,1.8164,0.65644,0.58387,0.78003,Hard,
2026-06-26T11:58:05,436.944,active,1,AF7+AF8,2673.6,395.37,182.31,134.97,106.2,0.17349,0.8294,0.33169,0.63024,0.57618,0.73667,Hard,
2026-06-26T11:58:06,437.947,active,1,AF7+AF8,9218.3,3506.4,1608.1,406.95,103.53,5.8682,6.413,3.3642,0.57607,0.53372,0.70015,Hard,
2026-06-26T11:58:07,438.948,active,1,AF7+AF8,34239,10046,4713.3,1001.2,186.95,18.242,20.011,10.557,0.50799,0.47219,0.6512,Hard,
2026-06-26T11:58:08,439.958,active,1,AF7+AF8,8545.4,1776.6,823.2,280.23,139.42,2.3847,2.9603,2.3221,0.49754,0.48418,0.62448,Hard,
2026-06-26T11:58:09,440.962,active,1,AF7+AF8,939.51,304.27,28.273,90.505,84.606,-0.30867,-0.11675,0.027259,0.50981,0.51881,0.60667,Hard,
2026-06-26T11:58:10,441.975,active,1,AF7+AF8,3681.9,547.81,71.828,78.634,63.698,0.40199,-0.12799,-0.18905,0.50772,0.50775,0.60177,Hard,
2026-06-26T11:58:11,442.988,active,1,AF7+AF8,6882.9,1669.4,135.24,141.66,88.284,3.1934,0.18859,0.68891,0.54042,0.4735,0.73147,Hard,
2026-06-26T11:58:12,443.998,active,1,AF7+AF8,2254.5,534.6,76.505,115.66,96.207,0.33295,-0.20691,0.16628,0.54408,0.4769,0.71174,Hard,
2026-06-26T11:58:13,445.008,active,1,AF7+AF8,799.36,152.45,51.765,110.97,107.85,-0.52582,-0.35694,-0.079198,0.54295,0.52412,0.6838,Hard,
2026-06-26T11:58:14,446.016,active,1,AF7+AF8,22375,2022.3,196.61,278.85,243.93,2.2029,0.82958,2.1456,0.61247,0.52037,0.68157,Hard,
2026-06-26T11:58:15,447.020,active,1,AF7+AF8,35027,2194.8,203.29,274.88,392.99,2.4977,1.7842,2.8069,0.62006,0.53129,0.67037,Hard,
2026-06-26T11:58:17,448.025,active,1,AF7+AF8,3102.5,123.33,26.373,175.43,352.38,-0.32602,0.037867,1.6333,0.66171,0.64874,0.64448,Hard,
2026-06-26T11:58:18,449.035,active,1,AF7+AF8,1417,104.21,19.929,126.87,152.28,-0.32332,-0.28494,0.62312,0.6557,0.64483,0.62657,Hard,
2026-06-26T11:58:19,450.038,active,1,AF7+AF8,827.03,85.406,24.355,91.741,76.327,-0.29296,0.037953,0.02383,0.6368,0.63219,0.60643,Hard,
2026-06-26T11:58:20,451.041,active,1,AF7+AF8,3525,277.12,51.491,112.89,64.028,0.051031,-0.027812,0.14627,0.623,0.61775,0.59484,Hard,
2026-06-26T11:58:21,452.047,active,1,AF7+AF8,2782.6,129.9,37.027,119.24,79.989,-0.3223,-0.3979,0.005814,0.61427,0.60853,0.58459,Hard,
2026-06-26T11:58:22,453.054,active,1,AF7+AF8,1845.2,259.73,47.67,148.69,114.08,-0.25411,-0.44665,0.36136,0.61252,0.60467,0.57733,Hard,
2026-06-26T11:58:23,454.066,active,1,AF7+AF8,19054,2628.5,408.81,371.58,168.17,2.7281,1.2652,3.1035,0.67392,0.59772,0.636,Hard,
2026-06-26T11:58:24,455.070,active,1,AF7+AF8,12456,1555.4,270.3,277.15,164.47,1.8868,1.2878,2.2178,0.66676,0.59095,0.6286,Hard,
2026-06-26T11:58:25,456.076,active,1,AF7+AF8,1156.5,69.499,17.433,115.47,154.6,-0.46453,-0.19464,0.44693,0.65629,0.60358,0.60913,Hard,
2026-06-26T11:58:26,457.082,active,1,AF7+AF8,2268.6,105.98,21.293,161.12,242.52,-0.39753,-0.015976,1.7009,0.68391,0.6858,0.59033,Hard,
2026-06-26T11:58:27,458.087,active,1,AF7+AF8,1223.5,39.775,31.591,214.66,445.44,-0.24822,0.67814,2.6621,0.71125,0.7608,0.56583,Hard,
2026-06-26T11:58:28,459.095,active,1,AF7+AF8,231.89,11.407,19.399,257.12,532.96,-0.61444,-0.13952,3.5906,0.80403,0.83901,0.55084,Hard,
2026-06-26T11:58:29,460.107,active,1,AF7+AF8,14.192,7.4334,15.148,246.25,285.13,-0.71861,-0.51181,3.3053,0.84413,0.86483,0.54164,Hard,
2026-06-26T11:58:30,461.116,active,1,AF7+AF8,72.112,17.764,14.415,175.27,111.28,-0.47758,-0.5185,1.3954,0.82953,0.84726,0.53726,Hard,
2026-06-26T11:58:31,462.121,active,1,AF7+AF8,302.81,58.55,23.266,134.57,110.33,0.33226,0.30096,0.76539,0.79692,0.81206,0.53326,Hard,
2026-06-26T11:58:32,463.131,active,1,AF7+AF8,310.71,55.485,22.065,95.456,97.612,-0.16475,0.078546,0.18302,0.76286,0.77982,0.52562,Hard,
2026-06-26T11:58:33,464.135,active,1,AF7+AF8,975.71,163.24,54.227,76.221,66.514,0.047426,0.28287,-0.342,0.72202,0.74041,0.51902,Hard,
2026-06-26T11:58:34,465.137,active,1,AF7+AF8,897.01,115.09,45.669,96.119,63.288,-0.094641,-0.15375,-0.19014,0.69483,0.71013,0.51762,Hard,
2026-06-26T11:58:35,466.140,active,1,AF7+AF8,244.65,28.487,16.847,68.006,53.783,-0.58337,-0.4703,-0.46524,0.67153,0.68669,0.51381,Hard,
2026-06-26T11:58:36,467.146,active,1,AF7+AF8,1350.2,403.61,94.563,125.57,62.64,-0.2112,0.35767,0.2111,0.64875,0.6706,0.50368,Hard,
2026-06-26T11:58:37,468.154,active,1,AF7+AF8,3851.4,873.16,260.2,224.1,80.9,1.4503,1.9901,1.3782,0.62179,0.64904,0.49519,Hard,
2026-06-26T11:58:38,469.161,active,1,AF7+AF8,4178.8,707.36,288.06,236.22,75.228,2.6655,2.7831,1.6534,0.59067,0.61629,0.494,Hard,
2026-06-26T11:58:39,470.171,active,1,AF7+AF8,3120.8,393.79,80.837,116.28,55.731,0.47761,0.48452,0.1715,0.5751,0.59776,0.49708,Hard,
2026-06-26T11:58:40,471.181,active,1,AF7+AF8,10462,920.99,81.756,118.91,46.865,1.1043,0.28338,-0.024086,0.56149,0.56953,0.55955,Hard,
2026-06-26T11:58:41,472.187,active,1,AF7+AF8,3644,280.42,29.336,75.081,68.873,-0.19448,-0.48695,-0.51634,0.55367,0.55637,0.55678,Hard,
2026-06-26T11:58:42,473.194,active,1,AF7+AF8,144.94,28.068,14.333,78.492,87.872,-0.71018,-0.64856,-0.44398,0.55029,0.5536,0.54904,Hard,
2026-06-26T11:58:43,474.200,active,1,AF7+AF8,9309.8,807.61,337.53,211.02,131.66,0.65975,0.87287,1.2675,0.55016,0.56667,0.53997,Hard,
2026-06-26T11:58:44,475.206,active,1,AF7+AF8,32058,2291.8,997.44,432.16,236.51,3.2598,4.5063,4.2343,0.54006,0.59834,0.51705,Hard,
2026-06-26T11:58:45,476.216,active,1,AF7+AF8,9719.5,860.58,276.54,188.06,121.56,0.62305,0.74178,1.0737,0.54086,0.59327,0.51323,Hard,
2026-06-26T11:58:46,477.223,active,1,AF7+AF8,1563.5,242.33,69.992,218.64,168.76,-0.35169,-0.41456,1.153,0.62824,0.64513,0.51258,Hard,
2026-06-26T11:58:47,478.230,active,1,AF7+AF8,419.88,112.14,47.642,227.76,178.06,-0.58361,-0.43369,1.1854,0.66651,0.6827,0.50883,Hard,
2026-06-26T11:58:48,479.233,active,1,AF7+AF8,336.94,43.546,30.471,155.56,165.61,-0.4109,-0.31976,0.4145,0.65742,0.67299,0.5064,Hard,
2026-06-26T11:58:49,480.238,active,1,AF7+AF8,1154.4,235.37,80.286,169.69,151.81,-0.2249,-0.16171,0.66669,0.65078,0.66539,0.50468,Hard,
2026-06-26T11:58:50,481.244,active,1,AF7+AF8,24273,2932,918.93,325.75,271.57,2.8866,3.2521,2.9229,0.62776,0.64608,0.49865,Hard,
2026-06-26T11:58:51,482.246,active,1,AF7+AF8,21007,1861.6,604.02,332.36,323.11,1.9101,2.1939,3.3265,0.63385,0.66043,0.49457,Hard,
2026-06-26T11:58:52,483.252,active,1,AF7+AF8,789.26,49.051,22.431,266.05,221.76,-0.59947,-0.45575,2.3841,0.73673,0.75398,0.49306,Hard,
2026-06-26T11:58:53,484.254,active,1,AF7+AF8,142.26,31.939,19.49,320.46,146.53,-0.69543,-0.78365,3.1644,0.82152,0.82554,0.50384,Hard,
2026-06-26T11:58:54,485.261,active,1,AF7+AF8,2032,437.05,172.41,302.76,127.89,0.092173,0.2027,2.654,0.81571,0.82039,0.50172,Hard,
2026-06-26T11:58:55,486.268,active,1,AF7+AF8,22987,1868.5,802.67,722.49,223.39,7.7559,7.2324,7.7945,0.7862,0.78252,0.53973,Hard,
2026-06-26T11:58:56,487.275,active,1,AF7+AF8,23480,1333,636.68,663,281.3,6.4565,5.7008,7.7205,0.77981,0.76697,0.57191,Hard,
2026-06-26T11:58:57,488.279,active,1,AF7+AF8,1366,193.2,66.01,251.32,117.29,-0.24245,-0.02889,2.2961,0.77765,0.77516,0.56008,Hard,
2026-06-26T11:58:58,489.286,active,1,AF7+AF8,221.22,133.8,38.961,233.04,57.58,-0.5002,-0.36962,1.6445,0.77222,0.77154,0.55091,Hard,
2026-06-26T11:58:59,490.293,active,1,AF7+AF8,93.639,20.766,21.295,251.92,80.399,-0.60365,-0.42393,1.9172,0.77115,0.77607,0.54211,Hard,
2026-06-26T11:59:00,491.295,active,1,AF7+AF8,578.19,119.47,107.72,200.75,61.757,0.16559,0.6491,1.1907,0.74668,0.75799,0.52984,Hard,
2026-06-26T11:59:01,492.297,active,1,AF7+AF8,2386.1,606.2,230.56,202.73,43.716,1.5175,1.1715,1.0857,0.7158,0.72058,0.53782,Hard,
2026-06-26T11:59:02,493.303,active,1,AF7+AF8,5618.5,3229.8,435.22,383.54,95.369,4.9423,1.3351,3.0509,0.71417,0.66768,0.73028,Hard,
2026-06-26T11:59:03,494.307,active,1,AF7+AF8,3010.7,1487.9,199.15,211.58,110.08,1.5651,0.21247,0.99467,0.70005,0.63906,0.7222,Hard,
2026-06-26T11:59:04,495.308,active,1,AF7+AF8,1129.8,79.948,36.012,411.94,247.07,-0.60297,-0.6102,3.2555,0.80416,0.77952,0.69564,Hard,
2026-06-26T11:59:05,496.314,active,1,AF7+AF8,10939,2060.7,359.51,916.29,343.08,2.784,2.3796,9.3309,0.90366,0.88991,0.67821,Hard,
2026-06-26T11:59:06,497.316,active,1,AF7+AF8,24005,6068.9,941.99,821.25,371.96,9.0148,5.9646,8.8907,0.89266,0.84126,0.76406,Hard,
2026-06-26T11:59:07,498.322,active,1,AF7+AF8,11070,7675,1298,897.81,586.26,11.365,7.45,10.105,0.88039,0.78202,0.83137,Hard,
2026-06-26T11:59:08,499.325,active,1,AF7+AF8,1778.2,1414.5,250.3,281.38,288.38,1.4175,0.99719,2.5605,0.85707,0.76487,0.79789,Hard,
2026-06-26T11:59:09,500.330,active,1,AF7+AF8,441.99,80.704,35.825,118.09,140.22,-0.12139,0.33181,0.33224,0.81423,0.73986,0.75537,Hard,
2026-06-26T11:59:10,501.332,active,1,AF7+AF8,4648,242.55,76.123,138.68,127.43,2.4381,3.5092,0.52997,0.7386,0.68445,0.70904,Hard,
2026-06-26T11:59:11,502.342,active,1,AF7+AF8,28198,1867.2,684.11,1165.3,524.37,19.589,23.957,12.574,0.65037,0.6058,0.63609,Hard,
2026-06-26T11:59:12,503.351,active,1,AF7+AF8,40074,2968.6,892.78,2177.1,908.31,12.101,13.761,23.862,0.85633,0.84065,0.5962,Hard,
2026-06-26T11:59:13,504.360,active,1,AF7+AF8,14578,3511.8,545.78,547.29,294.48,4.5233,3.5452,5.0539,0.83518,0.80769,0.61041,Hard,
2026-06-26T11:59:14,505.368,active,1,AF7+AF8,16306,4453.5,712.65,344.8,212.28,5.1588,3.7815,2.761,0.77998,0.73856,0.64356,Hard,
2026-06-26T11:59:15,506.377,active,1,AF7+AF8,6329.4,419.06,92.892,113.65,101.29,-0.063187,-0.15739,0.01289,0.74893,0.71108,0.62775,Hard,
2026-06-26T11:59:16,507.387,active,1,AF7+AF8,6810.6,759.08,125.55,206.58,167.96,0.46111,-0.01739,1.0025,0.73404,0.69382,0.61956,Hard,
2026-06-26T11:59:17,508.391,active,1,AF7+AF8,35028,12863,1991.7,1471.6,426.85,15.895,8.956,15.843,0.87504,0.66978,0.82971,Hard,
2026-06-26T11:59:18,509.397,active,1,AF7+AF8,43949,11270,1904,1378.9,319.14,14.461,8.3257,15.145,0.93082,0.65958,0.9052,Hard,
2026-06-26T11:59:19,510.403,active,1,AF7+AF8,2598.6,305.06,68.371,143.1,121.12,-0.1682,-0.30225,0.75623,0.89464,0.65405,0.85859,Hard,
2026-06-26T11:59:20,511.412,active,1,AF7+AF8,161.08,32.036,14.633,85.891,81.369,-0.56739,-0.030374,0.018644,0.84802,0.64429,0.80755,Hard,
2026-06-26T11:59:21,512.415,active,1,AF7+AF8,884.19,326.14,73.063,121.76,67.513,-0.097503,-0.15161,0.37327,0.81408,0.63401,0.77146,Hard,
2026-06-26T11:59:22,513.425,active,1,AF7+AF8,17128,5814.3,1474.1,915.13,178.54,7.8082,6.2037,9.4322,0.82603,0.66912,0.76174,Hard,
2026-06-26T11:59:23,514.433,active,1,AF7+AF8,28494,7379.8,2116.9,1159.8,197.1,10.377,9.0124,12.266,0.83184,0.69962,0.75004,Hard,
2026-06-26T11:59:24,515.440,active,1,AF7+AF8,52273,3433,1188.3,493.22,133.66,4.672,5.0796,4.61,0.78501,0.67474,0.71394,Hard,
2026-06-26T11:59:25,516.449,active,1,AF7+AF8,24261,1133.8,402.29,170.95,109.07,1.232,1.618,0.82417,0.73905,0.64767,0.6825,Hard,
2026-06-26T11:59:26,517.454,active,1,AF7+AF8,10989,3895,2067,756,126.46,4.157,8.1149,7.4849,0.70099,0.76353,0.61517,Hard,
2026-06-26T11:59:27,518.460,active,1,AF7+AF8,9859.6,3563.1,1866.1,718.21,92.141,3.5358,7.1338,7.0407,0.67548,0.81677,0.55839,Hard,
2026-06-26T11:59:28,519.468,active,1,AF7+AF8,5731.3,960.71,300.46,150.37,81.818,0.49166,0.60695,0.67548,0.65545,0.78151,0.54965,Hard,
2026-06-26T11:59:29,520.477,active,1,AF7+AF8,23091,3448.5,1027.3,286.34,187.89,3.9209,4.2246,2.4942,0.61235,0.7272,0.53915,Hard,
2026-06-26T11:59:30,521.486,active,1,AF7+AF8,6802.5,958.88,297.18,193.9,199.47,0.86103,1.3728,1.5438,0.60143,0.71008,0.52681,Hard,
2026-06-26T11:59:31,522.494,active,1,AF7+AF8,66.523,14.121,12.369,164,147.92,-0.72192,-0.57643,1.0416,0.65571,0.70973,0.52141,Hard,
2026-06-26T11:59:32,523.502,active,1,AF7+AF8,22.989,8.6776,8.3423,105.44,78.267,-0.75512,-0.7495,0.26439,0.65191,0.69953,0.51876,Hard,
2026-06-26T11:59:33,524.512,active,1,AF7+AF8,674.66,85.202,14.271,99.761,68.463,-0.58395,-0.81178,0.1528,0.64788,0.68652,0.52457,Hard,
2026-06-26T11:59:34,525.519,active,1,AF7+AF8,4615.5,507.93,51.756,108.88,67.425,0.17894,-0.42867,0.071321,0.63759,0.66252,0.55505,Hard,
2026-06-26T11:59:35,526.520,active,1,AF7+AF8,2046,306.21,44.36,73.782,55.226,-0.21136,-0.38494,-0.52531,0.61898,0.63832,0.55105,Hard,
2026-06-26T11:59:36,527.526,active,1,AF7+AF8,2862.3,1087.1,258.71,74.858,58.263,0.91131,0.46352,-0.40195,0.59192,0.6027,0.55386,Hard,
2026-06-26T11:59:37,528.535,active,1,AF7+AF8,3516.6,816.19,363.92,159.14,69.389,0.2951,0.81732,0.55632,0.57698,0.59429,0.53961,Hard,
2026-06-26T11:59:38,529.547,active,1,AF7+AF8,3952.2,535.81,178.82,191.42,170.61,-0.12235,0.11469,0.85198,0.58547,0.60938,0.53131,Hard,
2026-06-26T11:59:39,530.556,active,1,AF8,474.48,55.592,26.133,21.574,11.668,0.34021,1.0067,-0.81563,0.54963,0.57938,0.51764,Hard,
2026-06-26T11:59:40,531.566,active,1,AF8,699.88,60.242,53.181,24.723,8.9091,0.46883,3.8053,-0.73288,0.49492,0.55235,0.47457,Hard,
2026-06-26T11:59:41,532.575,active,1,AF8,203.48,18.442,22.566,13.531,7.0762,-0.68748,0.63759,-1.0269,0.47191,0.54099,0.45844,Hard,
2026-06-26T11:59:42,533.584,active,1,AF8,36.554,18.844,8.6904,9.8007,5.9877,-0.67634,-0.79808,-1.1249,0.47039,0.52937,0.4925,Hard,
2026-06-26T11:59:43,534.590,active,1,AF8,37.662,19.323,6.2061,9.3509,4.2752,-0.66309,-1.0551,-1.1367,0.48204,0.51878,0.52631,Hard,
2026-06-26T11:59:44,535.596,active,1,AF8,153.27,31.43,7.0065,17.103,7.6129,-0.3282,-0.97231,-0.93308,0.49576,0.50752,0.55842,Hard,
2026-06-26T11:59:45,536.602,active,1,AF8,363.96,48.063,23.525,45.822,27.055,0.13194,0.73684,-0.17861,0.48277,0.50197,0.5424,Hard,
2026-06-26T11:59:46,537.609,active,1,AF7+AF8,4299.9,1017.6,178.97,634.89,790.9,3.9724,6.9687,6.6352,0.47984,0.67543,0.49924,Hard,
2026-06-26T11:59:47,538.618,active,1,AF7+AF8,1146.6,272.19,75.902,269.69,258.97,1.4447,2.7564,2.2679,0.47497,0.66656,0.48033,Hard,
2026-06-26T11:59:48,539.629,active,1,AF7+AF8,4575.2,504.03,104.69,278.32,346.09,0.37041,0.58092,2.0215,0.59359,0.68387,0.47954,Hard,
2026-06-26T11:59:49,540.639,active,1,AF7+AF8,16977,2960.6,451.4,490,397.08,3.7573,2.191,4.432,0.68988,0.67183,0.60363,Hard,
2026-06-26T11:59:50,541.647,active,1,AF7+AF8,11168,1907,284.93,662.3,168.73,1.7894,0.43976,6.2482,0.84479,0.81045,0.639,Hard,
2026-06-26T11:59:51,542.655,active,1,AF7+AF8,2052.7,446.12,219.4,1082.6,147.57,0.17291,0.21552,11.119,0.93535,0.92167,0.62168,Hard,
2026-06-26T11:59:52,543.657,active,1,AF7+AF8,17086,3918.4,795.87,867.12,270.65,6.5644,3.8228,9.4361,0.93996,0.90801,0.72718,Hard,
2026-06-26T11:59:53,544.662,active,1,AF7+AF8,19322,4094.8,752.46,496.24,248.74,6.7941,3.9642,5.1246,0.9041,0.83536,0.7736,Hard,
2026-06-26T11:59:54,545.668,active,1,AF7+AF8,52711,12590,3205,1469.4,278.32,15.463,13.014,15.803,0.89177,0.80021,0.77352,Hard,
2026-06-26T11:59:55,546.675,active,1,AF7+AF8,28619,5643.9,1516,808.87,219.46,6.751,5.8948,8.4664,0.87877,0.78845,0.75334,Hard,
2026-06-26T11:59:56,547.684,active,1,AF7+AF8,718.78,66.206,32.237,189.07,169.16,-0.38247,-0.13757,1.0911,0.85119,0.77499,0.71927,Hard,
2026-06-26T11:59:57,548.693,active,1,AF7+AF8,2215.8,260.65,317.29,265.52,122.55,0.40095,0.71232,1.867,0.8259,0.76305,0.6883,Hard,
2026-06-26T11:59:58,549.704,active,1,AF7+AF8,8515,1272.2,658.57,409.59,118.1,2.4694,2.5788,3.4743,0.80001,0.74624,0.66406,Hard,
2026-06-26T11:59:59,550.709,active,1,AF7+AF8,12525,1981.8,384.02,549.95,209.24,2.6689,1.4427,5.1657,0.83929,0.76471,0.66221,Hard,
2026-06-26T12:00:00,551.716,active,1,AF8,875.63,146.15,62.699,81.309,46.182,2.8452,4.7902,0.75363,0.75265,0.70415,0.61567,Hard,
2026-06-26T12:00:01,552.721,active,1,AF8,3433.5,429.21,198.65,81.483,28.838,10.675,18.857,0.75821,0.66234,0.62049,0.54377,Hard,
2026-06-26T12:00:02,553.726,active,1,AF8,3674.4,1481.1,608.1,131.15,62.794,39.775,61.222,2.0629,0.58286,0.54603,0.47852,Hard,
2026-06-26T12:00:03,554.735,active,1,AF8,2023.6,796.01,349.48,205.86,338.86,20.822,34.463,4.0255,0.51292,0.48053,0.42123,Hard,
2026-06-26T12:00:04,555.743,active,1,AF7+AF8,1845.3,256.05,101.48,339.16,513.89,0.96101,3.1771,4.4228,0.59569,0.70193,0.40047,Hard,
2026-06-26T12:00:05,556.757,active,1,AF7+AF8,190.91,45.013,26.708,261.54,340.33,-0.29682,0.34954,3.0806,0.71627,0.78721,0.41213,Hard,
2026-06-26T12:00:06,557.767,active,1,AF7+AF8,32.537,15.076,12.215,173.08,299.15,-0.68465,-0.35997,1.636,0.72491,0.78411,0.44055,Hard,
2026-06-26T12:00:07,558.774,active,1,AF7+AF8,52.881,12.072,14.582,163.59,174.13,-0.75135,-0.55049,1.1605,0.72212,0.77669,0.46117,Hard,
2026-06-26T12:00:08,559.784,active,1,AF7+AF8,445.24,131.72,31.52,194.99,167.35,0.41226,0.37564,1.6338,0.71374,0.76126,0.48721,Hard,
2026-06-26T12:00:09,560.789,active,1,AF7+AF8,1278.6,390.24,56.392,170.43,286.08,3.1826,2.5333,1.736,0.67629,0.70911,0.54315,Hard,
2026-06-26T12:00:10,561.795,active,1,AF7+AF8,403.91,111.72,35.063,139.88,177.98,0.81178,0.82097,1.0931,0.65921,0.68823,0.53784,Hard,
2026-06-26T12:00:11,562.801,active,1,AF7+AF8,746.68,149.15,82.361,112.72,142.34,1.3463,0.62541,0.31706,0.63549,0.65054,0.56863,Hard,
2026-06-26T12:00:12,563.803,active,1,AF7+AF8,3986.5,953.39,293.85,275.27,301.34,3.3627,1.5278,2.9912,0.6593,0.62692,0.65616,Hard,
2026-06-26T12:00:13,564.812,active,1,AF7+AF8,9042.6,4026.1,462.12,397,524.29,5.5656,2.8533,5.2476,0.72453,0.60693,0.73954,Hard,
2026-06-26T12:00:14,565.825,active,1,AF7+AF8,4637.8,1568.3,161.22,343.62,581.38,1.808,0.70005,4.6799,0.81765,0.72746,0.72701,Hard,
2026-06-26T12:00:15,566.837,active,1,AF7+AF8,137.63,28.11,14.095,262.05,352.41,-0.50413,-0.52321,3.0834,0.84219,0.80542,0.70005,Hard,
2026-06-26T12:00:16,567.846,active,1,AF7+AF8,1269.6,217.29,68.104,205.36,184.5,0.43802,0.20241,1.7759,0.82359,0.78812,0.67958,Hard,
2026-06-26T12:00:17,568.854,active,1,AF7+AF8,3154,712.58,125.12,265.29,104.91,1.4262,1.1704,2.2133,0.80005,0.7652,0.66186,Hard,
2026-06-26T12:00:18,569.861,active,1,AF7+AF8,8292.9,1595.9,401.71,239.71,150.52,2.9442,3.1434,2.0615,0.7482,0.72035,0.63945,Hard,
2026-06-26T12:00:19,570.866,active,1,AF7+AF8,14897,2605.6,733.63,273.78,279.33,4.4449,6.0582,3.008,0.67986,0.67324,0.59975,Hard,
2026-06-26T12:00:20,571.872,active,1,AF7+AF8,2079.6,294.71,88.34,174.4,174.3,-0.17145,0.065818,1.4649,0.67845,0.68561,0.58422,Hard,
2026-06-26T12:00:21,572.879,active,1,AF7+AF8,242.98,25.636,18.044,167.32,132.49,-0.72374,-0.44665,1.1012,0.682,0.70234,0.56997,Hard,
2026-06-26T12:00:22,573.886,active,1,AF7+AF8,282.45,28.214,23.311,189.43,174.33,-0.58329,-0.053707,1.494,0.68341,0.72409,0.55367,Hard,
2026-06-26T12:00:23,574.897,active,1,AF7+AF8,585.66,57.112,13.161,150.79,256.15,0.015297,-0.41762,1.0782,0.68285,0.71278,0.55381,Hard,
2026-06-26T12:00:24,575.907,active,1,AF7+AF8,701.08,67.68,12.723,235.19,256.4,0.26064,-0.43024,2.2005,0.74619,0.72018,0.57283,Hard,
2026-06-26T12:00:25,576.917,active,1,AF7+AF8,181.93,39.584,11.671,198.86,195.72,-0.40449,-0.52317,1.5552,0.74529,0.72432,0.56587,Hard,
2026-06-26T12:00:26,577.922,active,1,AF7+AF8,237.59,50.774,12.81,174.56,183.61,-0.39644,-0.60024,1.4525,0.7442,0.72331,0.56102,Hard,
2026-06-26T12:00:27,578.927,active,1,AF7+AF8,72.233,14.228,10.63,158.68,106.8,-0.7148,-0.67437,1.1923,0.74103,0.72313,0.55309,Hard,
2026-06-26T12:00:28,579.933,active,1,AF7+AF8,30.547,18.087,6.6931,133,75.767,-0.65615,-0.79095,1.0101,0.73743,0.72,0.54874,Hard,
2026-06-26T12:00:29,580.944,active,1,AF7+AF8,131.21,36.087,12.482,129.29,95.77,-0.50662,-0.5743,0.83828,0.72929,0.71305,0.54391,Hard,
2026-06-26T12:00:30,581.946,active,1,AF7+AF8,179.47,38.733,16.935,98.684,107.01,-0.65547,-0.50273,0.16369,0.71168,0.6996,0.53635,Hard,
2026-06-26T12:00:31,582.949,active,1,AF7+AF8,59.443,26.154,15.732,95.448,132.71,-0.70728,-0.41078,0.24653,0.69605,0.68969,0.52755,Hard,
2026-06-26T12:00:32,583.958,active,1,AF7+AF8,1118.8,190.96,160.31,276.93,234.5,1.0134,3.0222,3.0466,0.67289,0.71646,0.49641,Hard,
2026-06-26T12:00:33,584.968,active,1,AF7+AF8,3719.8,444.03,447.85,656.13,566.95,3.5347,7.3779,8.3216,0.66604,0.83638,0.45217,Hard,
2026-06-26T12:00:34,585.977,active,1,AF7+AF8,1622,150.29,114.52,330.26,439.27,0.57643,1.2577,3.7007,0.72982,0.83521,0.44778,Hard,
2026-06-26T12:00:35,586.983,active,1,AF7+AF8,1197.4,113.53,44.01,220.88,278.06,-0.014214,-0.21756,2.0541,0.74607,0.82351,0.49435,Hard,
2026-06-26T12:00:36,587.988,active,1,AF7+AF8,623.39,69.988,23.604,196.64,221.85,0.067067,-0.3311,1.7305,0.74499,0.8083,0.52751,Hard,
2026-06-26T12:00:37,588.994,active,1,AF7+AF8,2041.4,97.486,31.588,166.09,127.91,-0.14527,-0.17905,0.96943,0.73236,0.7876,0.52471,Hard,
2026-06-26T12:00:38,590.002,active,1,AF7+AF8,28652,507.48,271.43,241.59,158.98,1.719,3.1262,1.6052,0.6827,0.75138,0.50147,Hard,
2026-06-26T12:00:39,591.005,active,1,AF7+AF8,35764,1219.1,513.61,355.56,255.38,3.2752,6.4251,2.9923,0.61906,0.71698,0.46187,Hard,
2026-06-26T12:00:40,592.014,active,1,AF7+AF8,14920,2362.5,557.13,281.7,178.7,3.0516,2.3132,1.9735,0.59969,0.67515,0.53951,Hard,
2026-06-26T12:00:41,593.021,active,1,AF7+AF8,6036.2,1488.1,559.36,946.48,215.05,1.0424,1.6519,9.4839,0.82816,0.86138,0.5257,Hard,
2026-06-26T12:00:43,594.029,active,1,AF7+AF8,25154,4256.6,2067.3,1358.8,274.75,4.3986,7.8669,14.662,0.91184,0.94103,0.48062,Hard,solved:452.9
2026-06-26T12:00:44,595.036,active,1,AF7+AF8,10045,1200.4,602.2,446.01,166.41,0.84851,1.7594,4.5605,0.89869,0.93188,0.46951,Hard,
2026-06-26T12:00:45,596.042,active,1,AF7+AF8,144.17,108.66,19.192,224.1,114.33,0.00034328,0.018585,1.8043,0.87599,0.90542,0.48644,Hard,
2026-06-26T12:00:46,597.047,active,1,AF7+AF8,1847.7,461.95,88.598,277.34,331.96,1.2985,7.2239,3.4951,0.78697,0.88676,0.43396,Hard,
2026-06-26T12:00:47,598.058,active,1,AF7+AF8,3037.3,496.03,114.95,320.62,581.93,1.556,9.9061,4.5824,0.70037,0.8787,0.3837,Hard,
2026-06-26T12:00:48,599.067,active,1,AF7+AF8,360.07,59.863,22.466,165.62,246.37,-0.38874,0.20763,1.6848,0.69753,0.86184,0.40908,Hard,
2026-06-26T12:00:49,600.076,active,1,AF7+AF8,224.06,39.432,27.01,109.09,106.18,-0.49741,-0.23944,0.63726,0.68677,0.835,0.44431,Hard,
2026-06-26T12:00:50,601.085,active,1,AF7+AF8,937.13,80.546,61.68,85.585,71.843,-0.37295,0.065697,-0.0090126,0.66323,0.80024,0.44496,Hard,
2026-06-26T12:00:51,602.097,active,1,AF7+AF8,1286.1,102.05,45.379,158.77,89.345,-0.37982,-0.21629,0.58637,0.65553,0.77843,0.46573,Hard,
2026-06-26T12:00:52,603.106,active,1,AF7+AF8,7812,713.48,235.27,443.09,230.73,2.6167,4.3126,4.0383,0.63276,0.76549,0.44582,Hard,
2026-06-26T12:00:53,604.112,active,0,,,,,,,,,,,,,Hard,
2026-06-26T12:00:54,605.118,active,0,,,,,,,,,,,,,Hard,
2026-06-26T12:00:55,606.125,active,0,,,,,,,,,,,,,Hard,
2026-06-26T12:00:56,607.131,active,0,,,,,,,,,,,,,Hard,
2026-06-26T12:00:57,608.140,active,1,AF8,7195.6,685.61,540.74,239.24,52.921,17.768,54.252,4.9025,0.55682,0.67382,0.39232,Hard,
2026-06-26T12:00:58,609.146,active,1,AF8,3351,915.06,429.72,145.14,47.327,24.115,42.765,2.4306,0.49001,0.59296,0.34526,Hard,
2026-06-26T12:00:59,610.155,active,1,AF8,2884.3,672.17,231.53,126.9,39.982,17.397,22.259,1.9514,0.43121,0.52186,0.31352,Hard,
2026-06-26T12:01:00,611.157,active,1,AF8,5627.9,890.79,127.34,143.01,42.119,23.444,11.478,2.3746,0.38072,0.45924,0.7239,Hard,
2026-06-26T12:01:01,612.162,active,1,AF8,21267,5165.9,827.77,457.3,83.019,141.71,83.951,10.631,0.33503,0.40413,0.88956,Hard,
2026-06-26T12:01:02,613.167,active,1,AF7+AF8,19841,3901.1,714.97,3208.9,2973.2,78.405,44.732,38.581,0.30012,0.35564,0.95582,Hard,
2026-06-26T12:01:03,614.175,active,1,AF7+AF8,3191.5,1729.6,322.19,1394.8,1579.2,7.8932,7.4354,15.284,0.70843,0.72771,0.90796,Hard,
2026-06-26T12:01:04,615.184,active,1,AF7+AF8,4511.4,1320.3,342.31,912.78,1145,11.491,9.4063,9.9559,0.69161,0.67843,0.88772,Hard,
2026-06-26T12:01:05,616.193,active,1,AF7+AF8,2791.1,406.53,156.31,634.09,1017.3,6.6227,3.7702,6.2256,0.74069,0.65108,0.87795,Hard,
2026-06-26T12:01:06,617.196,active,1,AF7+AF8,1116,170.17,88.596,605.12,948.77,1.6649,1.2028,5.7876,0.84122,0.79269,0.8395,Hard,
2026-06-26T12:01:07,618.210,active,1,AF7+AF8,949.45,119.24,61.869,670.18,1417.6,0.55768,0.80195,6.4078,0.90219,0.88652,0.7951,Hard,
2026-06-26T12:01:08,619.220,active,1,AF7+AF8,445.21,111.42,61.543,823.65,1654.2,0.051795,0.29608,8.0461,0.94868,0.94378,0.75603,Hard,
2026-06-26T12:01:09,620.225,active,1,AF7+AF8,222.29,189.98,134.89,923.49,1361.8,-0.16196,0.96032,9.4429,0.97096,0.97263,0.7089,Hard,
2026-06-26T12:01:10,621.230,active,1,AF7+AF8,905.07,338.15,216.39,1822.2,1465.4,2.2962,3.6499,20.438,0.98825,0.98898,0.66427,Hard,
2026-06-26T12:01:11,622.234,active,1,AF7+AF8,1829,293.04,190.94,1215.8,1122.7,3.7081,5.891,14.373,0.98796,0.99271,0.61472,Hard,
2026-06-26T12:01:12,623.243,active,1,AF7+AF8,4466.1,818.67,218.09,759.24,942.5,2.0334,4.44,9.1646,0.97907,0.99028,0.56866,Hard,
2026-06-26T12:01:13,624.252,active,1,AF7+AF8,5354.3,1188.2,340.23,533.26,636.7,2.4189,13.39,6.1564,0.86472,0.97541,0.50091,Hard,
2026-06-26T12:01:14,625.262,active,1,AF7+AF8,507.35,257.36,136.4,307.48,408.48,2.2663,10.297,2.9692,0.76395,0.92879,0.44293,Hard,
2026-06-26T12:01:15,626.271,active,1,AF7+AF8,71.471,95.071,44.235,168.98,218.52,0.7464,1.7035,0.93792,0.72093,0.88021,0.43569,Hard,
2026-06-26T12:01:16,627.277,active,1,AF7+AF8,106.04,77.925,31.53,188.38,226.33,0.55929,0.48581,1.1862,0.70482,0.84391,0.47979,Hard,
2026-06-26T12:01:17,628.283,active,1,AF7+AF8,94.345,80.765,30.059,198.49,211.16,0.4934,0.86559,1.4554,0.68903,0.8168,0.47665,Hard,
2026-06-26T12:01:18,629.288,active,1,AF7+AF8,417.47,154.76,72.411,205.73,190.86,2.7488,5.4512,1.6677,0.62207,0.76295,0.44413,Hard,
2026-06-26T12:01:19,630.296,active,1,AF7+AF8,7735.6,522.67,362.45,378.65,412.99,10.504,30.833,4.7658,0.54742,0.67784,0.39084,Hard,
2026-06-26T12:01:20,631.308,active,1,AF7+AF8,33633,1789.4,2630.6,1871.9,2007.5,31.694,231.84,30.186,0.48173,0.6349,0.34394,Hard,
2026-06-26T12:01:21,632.310,active,1,AF7+AF8,18858,1051,1432.9,1411.9,1596,15.196,115.82,19.861,0.42392,0.80086,0.30267,Hard,
2026-06-26T12:01:22,633.319,active,1,AF7+AF8,1145.5,250.96,87.235,340.06,539.48,0.98223,2.4162,2.6718,0.48872,0.78869,0.3179,Hard,
2026-06-26T12:01:23,634.328,active,1,AF7+AF8,15509,2030.1,415.23,767.53,455.1,4.0336,3.3446,8.1646,0.74604,0.84798,0.47834,Hard,
2026-06-26T12:01:24,635.334,active,1,AF7+AF8,53888,10388,2213.1,1429.8,677.74,32.049,22.046,17.499,0.66771,0.7463,0.78732,Hard,
2026-06-26T12:01:25,636.339,active,1,AF7+AF8,37329,9142.2,1841.4,581.71,420.12,22.803,15.282,6.2902,0.58891,0.65678,0.90129,Hard,
2026-06-26T12:01:26,637.342,active,1,AF7+AF8,11817,1612.7,288.68,233.52,208.3,1.425,0.67853,1.6238,0.60517,0.64095,0.8642,Hard,
2026-06-26T12:01:27,638.347,active,1,AF7+AF8,1980.4,661.03,143.1,220.73,207.02,0.54307,0.1377,1.4098,0.63438,0.63683,0.82656,Hard,
2026-06-26T12:01:28,639.356,active,1,AF7+AF8,16514,3629.8,753.95,772.29,297.39,4.6422,3.618,7.8696,0.78978,0.75509,0.80241,Hard,
2026-06-26T12:01:29,640.365,active,1,AF7+AF8,9400,1618.9,362.94,471.79,241.15,1.616,1.8163,4.2914,0.78803,0.7773,0.76311,Hard,
2026-06-26T12:01:30,641.373,active,1,AF7+AF8,4535.5,701.2,1089.6,279.76,159.05,2.8696,4.0232,2.059,0.72616,0.73203,0.7147,Hard,
2026-06-26T12:01:31,642.379,active,1,AF7+AF8,10633,1661.7,1930.8,464.37,203.12,11.002,8.103,4.0275,0.65286,0.64775,0.77182,Hard,
2026-06-26T12:01:32,643.389,active,1,AF7+AF8,2212.2,439.38,258.05,243.63,248.07,4.4472,2.7655,1.4451,0.6154,0.59189,0.76304,Hard,
2026-06-26T12:01:33,644.392,active,1,AF7+AF8,39157,13565,5335.2,5057.7,3821.7,203.18,239.7,75.95,0.54155,0.52086,0.67148,Hard,
2026-06-26T12:01:34,645.396,active,1,AF7+AF8,1.8803e+05,63842,21649,25896,19097,1057.5,1055.2,382.62,0.47656,0.45836,0.72378,Hard,
2026-06-26T12:01:35,646.400,active,1,AF7+AF8,95480,29499,8711.3,11148,8217.2,472.49,485.77,168.14,0.41938,0.40336,0.63708,Hard,
2026-06-26T12:01:36,647.409,active,1,AF7+AF8,4581.2,866.3,271.29,435.52,477.19,11.797,18.556,5.9978,0.36928,0.36122,0.56459,Hard,
2026-06-26T12:01:37,648.419,active,1,AF7+AF8,14111,1239.1,535.97,271.47,163.88,9.3859,8.6589,2.3652,0.32991,0.32135,0.57977,Hard,
2026-06-26T12:01:38,649.429,active,1,AF7+AF8,32398,2049.1,956.66,428.99,220.38,14.214,11.077,3.9428,0.29361,0.28349,0.72847,Hard,
2026-06-26T12:01:39,650.439,active,1,AF7+AF8,20351,1424.4,245.1,347.41,444.07,4.6031,2.99,2.8785,0.40909,0.29151,0.72402,Hard,
2026-06-26T12:01:40,651.449,active,1,AF7+AF8,29823,2033.2,216.18,317.84,387.55,2.1812,1.2268,2.8848,0.58132,0.46884,0.71118,Hard,
2026-06-26T12:01:41,652.454,active,1,AF7+AF8,3955.6,269.62,40.028,207.2,144.38,-0.34845,-0.67714,1.3996,0.67565,0.61089,0.69076,Hard,
2026-06-26T12:01:42,653.455,active,1,AF7+AF8,2843.8,229.5,51.745,190.35,127.73,-0.44487,-0.18492,1.1707,0.67416,0.65934,0.66398,Hard,
2026-06-26T12:01:43,654.461,active,1,AF7+AF8,4648.9,410.41,124.27,344.92,253.51,0.73153,0.32294,2.7944,0.73456,0.70605,0.65041,Hard,
2026-06-26T12:01:44,655.468,active,1,AF7+AF8,2001.2,469.52,232.95,627.91,487.79,3.1293,0.57251,5.8286,0.85341,0.75886,0.72947,Hard,
2026-06-26T12:01:45,656.478,active,1,AF7+AF8,604.87,256.05,136.36,667.14,616.61,0.48866,-0.039191,6.2359,0.91641,0.87146,0.70981,Hard,
2026-06-26T12:01:46,657.488,active,1,AF7+AF8,138.85,66.743,80.828,562.54,549.24,-0.62603,-0.33727,4.9991,0.92764,0.9146,0.68031,Hard,
2026-06-26T12:01:47,658.495,active,1,AF7+AF8,4396.9,287.61,96.782,403.44,338.62,0.15781,0.035405,3.3169,0.91684,0.90434,0.6605,Hard,
2026-06-26T12:01:48,659.506,active,1,AF7+AF8,36217,1191.8,369.28,431.83,446.78,4.4604,4.5575,4.5484,0.86668,0.85714,0.63979,Hard,
2026-06-26T12:01:49,660.513,active,1,AF7+AF8,18862,423.33,148.75,291.03,387.05,2.3482,2.5903,2.9403,0.82792,0.8231,0.61939,Hard,
2026-06-26T12:01:50,661.519,active,1,AF7+AF8,212.04,40.75,23.057,142.74,163.1,-0.11663,-0.12297,0.71565,0.80096,0.79663,0.60516,Hard,
2026-06-26T12:01:51,662.521,active,1,AF7+AF8,114.71,35.062,26.034,125.66,112.17,-0.2751,-0.1979,0.77933,0.77922,0.7765,0.59138,Hard,
2026-06-26T12:01:52,663.530,active,1,AF7+AF8,327.9,129.2,74.054,169.66,103.54,1.8065,3.2041,1.4924,0.7215,0.73862,0.56026,Hard,
2026-06-26T12:01:53,664.539,active,1,AF7+AF8,9544.5,2236.9,921.53,1000.7,643.97,13.648,18.657,12.129,0.63934,0.68823,0.50209,Hard,
2026-06-26T12:01:54,665.544,active,1,AF8,1290,520.4,129.8,107.85,25.166,13.198,11.733,1.4509,0.56332,0.60598,0.60603,Hard,
2026-06-26T12:01:55,666.554,active,1,AF8,412.16,101.62,24.536,24.289,12.188,1.6135,0.84148,-0.74428,0.5331,0.56149,0.60474,Hard,
2026-06-26T12:01:56,667.559,active,1,AF8,260.65,63.234,13.19,12.781,8.4797,0.55159,-0.33253,-1.0466,0.51853,0.53134,0.60715,Hard,
2026-06-26T12:01:57,668.565,active,1,AF8,287.97,78.316,8.7448,15.546,9.1441,0.96881,-0.79246,-0.97398,0.51359,0.50053,0.66703,Hard,
2026-06-26T12:01:58,669.571,active,1,AF8,281.31,112.18,11.962,13.948,8.9083,1.9056,-0.45953,-1.016,0.50366,0.46307,0.72606,Hard,
2026-06-26T12:01:59,670.580,active,1,AF8,871.99,391.6,25.069,61.642,73.432,9.6351,0.89656,0.23699,0.49342,0.40858,0.88292,Hard,
2026-06-26T12:02:00,671.589,active,1,AF8,4087.8,1646.9,90.188,322.46,506.54,44.361,7.6343,7.0888,0.48608,0.35955,0.95317,Hard,
2026-06-26T12:02:01,672.599,active,1,AF7+AF8,6521.3,1064,149.57,560.06,496.16,9.8182,1.9553,6.4847,0.73798,0.33547,0.96972,Hard,
2026-06-26T12:02:02,673.606,active,1,AF7+AF8,3246.3,755.37,182.99,254.15,254.28,4.9191,1.5302,2.3464,0.72149,0.32119,0.95473,Hard,
2026-06-26T12:02:03,674.615,active,1,AF7+AF8,1861.1,650.81,117.57,260.66,214.54,11.887,3.6132,3.0438,0.68643,0.28407,0.97246,Hard,
2026-06-26T12:02:04,675.619,active,1,AF7+AF8,3302.6,589.67,98.903,259.42,225.67,9.4577,2.297,2.5653,0.66808,0.25369,0.97272,Hard,
2026-06-26T12:02:05,676.622,active,1,AF7+AF8,3547.3,389.75,111.4,299.84,301.42,4.8131,0.42908,2.3268,0.69976,0.25011,0.96394,Hard,
2026-06-26T12:02:06,677.628,active,1,AF7+AF8,642.19,135.5,60.627,280.42,326.18,0.34934,-0.1987,1.8868,0.72353,0.50999,0.91643,Hard,
2026-06-26T12:02:07,678.635,active,1,AF7+AF8,249.61,127.6,45.694,312.5,375.27,-0.36106,-0.5654,2.2026,0.76919,0.67365,0.86952,Hard,
2026-06-26T12:02:08,679.646,active,1,AF7+AF8,713.5,112.45,32.194,249.68,260.98,-0.28287,-0.65603,1.4327,0.76565,0.69078,0.83076,Hard,
2026-06-26T12:02:09,680.655,active,1,AF7+AF8,17552,1489.1,199.79,191.74,295.34,1.587,0.90275,0.9382,0.7343,0.65824,0.80124,Hard,
2026-06-26T12:02:10,681.664,active,1,AF8,25081,11082,4093,1873,1973.7,305.36,421.8,47.822,0.64619,0.57925,0.70509,Hard,
2026-06-26T12:02:11,682.674,active,1,AF8,1.3751e+05,41162,12925,8392.1,7945.5,1137.5,1335.6,219.08,0.56865,0.50974,0.62048,Hard,
2026-06-26T12:02:12,683.680,active,1,AF8,1.4199e+05,16134,6119.5,7589.6,6207.1,445.1,631.48,198,0.50041,0.44857,0.54602,Hard,
2026-06-26T12:02:13,684.686,active,1,AF8,1.1958e+05,11276,3288.7,4676.6,5238.3,310.74,338.58,121.47,0.44036,0.39474,0.4805,Hard,
2026-06-26T12:02:14,685.692,active,1,AF8,88309,7339.5,1687.9,1541.9,1658.4,201.83,172.95,39.122,0.38752,0.34737,0.7922,Hard,
2026-06-26T12:02:15,686.698,active,1,AF7+AF8,12565,636.1,100.49,330.01,625.64,8.3514,3.9991,2.6843,0.38197,0.31235,0.85573,Hard,
2026-06-26T12:02:16,687.712,active,1,AF7+AF8,1014.8,118.22,47.641,672.53,783.21,0.070071,0.22465,6.3211,0.72561,0.6997,0.81073,Hard,
2026-06-26T12:02:17,688.724,active,1,AF7+AF8,192.28,106.89,37.549,637.1,521.15,-0.36526,0.22363,6.0361,0.85914,0.8564,0.76467,Hard,
2026-06-26T12:02:18,689.735,active,1,AF7+AF8,309.25,206.57,67.341,560.95,563.74,0.0084504,0.098062,5.2508,0.90125,0.90189,0.73157,Hard,
2026-06-26T12:02:19,690.744,active,1,AF7+AF8,2324.5,907.03,307.59,1015.7,1078.1,1.7265,1.8334,10.31,0.95196,0.95266,0.70217,Hard,
2026-06-26T12:02:20,691.751,active,1,AF7+AF8,3142.3,838.97,324.63,1337.9,1606.5,6.5607,7.5442,14.125,0.95925,0.9677,0.66345,Hard,
2026-06-26T12:02:21,692.752,active,1,AF7+AF8,4365,791.98,471.12,2250.7,2915.1,3.0085,4.326,24.324,0.98367,0.98707,0.62476,Hard,
2026-06-26T12:02:22,693.758,active,1,AF7+AF8,4183.9,858.13,602.8,4640.4,4162.3,1.4185,2.3265,51.422,0.99347,0.99483,0.5964,Hard,
2026-06-26T12:02:23,694.767,active,1,AF7+AF8,3625,1303.1,661.43,3849.5,4492,8.9463,5.1456,42.766,0.99739,0.99793,0.76052,Hard,
2026-06-26T12:02:24,695.774,active,1,AF7+AF8,3995.7,1347.1,1295.8,5246.7,8238.4,6.7039,6.7188,58.573,0.99895,0.99917,0.72903,Hard,
2026-06-26T12:02:25,696.782,active,1,AF7+AF8,858.36,626.92,1087.2,6165,8979.2,0.45894,3.9238,68.833,0.99958,0.99967,0.65958,Hard,
2026-06-26T12:02:26,697.795,active,1,AF7+AF8,974.17,190.31,516.67,3523.6,5152.9,0.54707,1.8394,38.771,0.99983,0.99987,0.62169,Hard,
2026-06-26T12:02:27,698.805,active,1,AF7+AF8,401.01,140.03,295.91,2283.4,4660.7,0.16237,0.72832,24.632,0.99993,0.99994,0.59866,Hard,
2026-06-26T12:02:28,699.812,active,1,AF7+AF8,343,241.45,100.5,1260.7,2333.4,-0.26053,-0.019314,12.99,0.99976,0.99979,0.5832,Hard,
2026-06-26T12:02:29,700.818,active,1,AF8,2177.2,167.84,46.456,59.927,26.191,3.4452,3.1095,0.19194,0.90243,0.89953,0.57824,Hard,
2026-06-26T12:02:30,701.823,active,1,AF8,4088.5,722.43,228.81,187.91,44.881,18.787,21.977,3.554,0.79415,0.79165,0.52909,Hard,
2026-06-26T12:02:31,702.834,active,1,AF8,1332.1,379.48,124.2,104.58,29.568,9.3,11.154,1.3649,0.69974,0.69888,0.49963,Hard,
2026-06-26T12:02:32,703.844,active,1,AF7+AF8,179.05,366.09,242.13,1104.5,1485,0.72631,1.9086,11.38,0.87468,0.87665,0.48244,Hard,
2026-06-26T12:02:33,704.850,active,1,AF7+AF8,233.98,293.93,217.03,1129.1,1429.7,-0.080454,0.48851,11.587,0.94754,0.94891,0.47607,Hard,
2026-06-26T12:02:34,705.856,active,1,AF7+AF8,301.82,159.08,202.3,1376.3,1707.3,-0.12606,0.93886,14.413,0.97831,0.97915,0.46333,Hard,
2026-06-26T12:02:35,706.863,active,1,AF7+AF8,335.1,155.83,169.26,1149.2,1998.5,0.20536,0.82716,11.829,0.98888,0.98987,0.45848,Hard,
2026-06-26T12:02:36,707.869,active,1,AF7+AF8,136.48,294.1,287.47,1513.9,1781.9,-0.19705,0.49116,15.96,0.99529,0.99576,0.45324,Hard,
2026-06-26T12:02:37,708.875,active,1,AF7+AF8,60.522,271.96,245.5,1436.4,1644.3,-0.45111,0.16253,15.001,0.99776,0.99804,0.44972,Hard,
2026-06-26T12:02:38,709.879,active,1,AF7+AF8,404.51,185.93,165.19,1142.6,1994.8,-0.44458,0.13858,11.67,0.99765,0.99799,0.44707,Hard,
2026-06-26T12:02:39,710.886,active,1,AF7+AF8,14179,470.69,315.43,1478.7,2924.6,0.53988,3.6034,15.752,0.99768,0.9989,0.41475,Hard,
2026-06-26T12:02:40,711.894,active,1,AF7+AF8,20366,464.41,314.88,961.6,1970.5,2.3032,5.6546,10.251,0.98701,0.99682,0.3839,Hard,
2026-06-26T12:02:41,712.900,active,1,AF7+AF8,3148.4,254.1,173.81,888.82,1499.1,2.173,3.169,9.1801,0.98291,0.99369,0.38319,Hard,
2026-06-26T12:02:42,713.910,active,1,AF7+AF8,689.07,211.15,153.82,784.14,1192.5,0.036723,0.030664,7.5477,0.98222,0.99171,0.45373,Hard,
2026-06-26T12:02:43,714.916,active,1,AF7+AF8,1178.2,396.66,118.58,790.54,1803.6,0.24656,-0.1637,7.605,0.98194,0.98975,0.51215,Hard,
2026-06-26T12:02:44,715.923,active,1,AF7+AF8,669.05,1035.3,353.21,1237.8,1792.2,1.3064,0.93611,12.671,0.99108,0.99386,0.53256,Hard,
2026-06-26T12:02:45,716.928,active,1,AF7+AF8,6979,9814.5,2251.7,1467.2,1900,15.45,11.522,15.408,0.97712,0.93397,0.73921,Hard,
2026-06-26T12:02:46,717.933,active,1,AF7+AF8,10431,6728.6,1405,1155.7,1333.1,10.359,7.0319,11.934,0.97034,0.90437,0.8001,Hard,
2026-06-26T12:02:47,718.940,active,1,AF7+AF8,2746.3,283.59,80.575,725.56,542.54,-0.3972,-0.18495,6.9389,0.97157,0.94681,0.76091,Hard,
2026-06-26T12:02:48,719.947,active,1,AF7+AF8,8790.1,203,140.25,704.74,644.05,-0.43801,-0.069291,6.6578,0.97097,0.96194,0.72408,Hard,
2026-06-26T12:02:49,720.951,active,1,AF7+AF8,8289.6,341.7,179.5,1226.9,995.81,-0.31986,-0.095967,12.553,0.98731,0.98381,0.69384,Hard,
2026-06-26T12:02:50,721.958,active,1,AF7+AF8,242.88,160.6,120.75,1495,1349.9,-0.53371,-0.2726,15.593,0.99471,0.99334,0.66667,Hard,
2026-06-26T12:02:51,722.960,active,1,AF7+AF8,131.43,163.11,132.16,1627.9,1480.5,-0.50326,0.0033818,17.114,0.99777,0.99725,0.63911,Hard,
2026-06-26T12:02:52,723.963,active,1,AF7+AF8,1428.5,519.35,312.82,2049.6,1674.8,-0.084862,0.59504,21.922,0.99909,0.99889,0.61231,Hard,
2026-06-26T12:02:53,724.968,active,1,AF7+AF8,1068.2,1188.9,461.64,1624,1745.6,0.76695,1.2569,17.057,0.99942,0.99938,0.59152,Hard,
2026-06-26T12:02:54,725.973,active,1,AF7+AF8,71.856,591.74,209.77,1386.9,1794.2,0.052684,0.33417,14.36,0.99938,0.99936,0.57632,Hard,
2026-06-26T12:02:55,726.977,active,1,AF7+AF8,277.6,290.11,219.38,1720.1,1631.1,-0.17356,0.31328,18.154,0.99967,0.99968,0.5599,Hard,
2026-06-26T12:02:56,727.986,active,1,AF7+AF8,26812,7036.6,3736.2,2595.8,1655.1,38.612,33.263,28.62,0.89044,0.88053,0.78527,Hard,
2026-06-26T12:02:57,728.997,active,1,AF7+AF8,53353,10284,5035.1,1831.1,805.32,69.64,53.164,20.933,0.78358,0.77486,0.91395,Hard,
2026-06-26T12:02:58,730.006,active,1,AF7+AF8,5917.1,736.01,331.67,364.53,275.57,9.6229,9.8742,3.6445,0.69465,0.68763,0.86051,Hard,
2026-06-26T12:02:59,731.012,active,1,AF7+AF8,79.056,25.359,20.561,236.54,250.78,-0.48856,-0.30913,1.5732,0.70946,0.7173,0.81456,Hard,
2026-06-26T12:03:00,732.016,active,1,AF7+AF8,1197.6,58.626,23.324,134.25,171.55,-0.20084,-0.56823,0.39935,0.69856,0.70016,0.78231,Hard,
2026-06-26T12:03:01,733.022,active,1,AF7+AF8,4400.7,167.24,44.738,222.45,221.02,0.78801,-0.027226,1.359,0.69473,0.68465,0.76049,Hard,
2026-06-26T12:03:03,734.025,active,1,AF7+AF8,3831.4,168.47,55.351,560.04,618.13,-0.12622,-0.38104,5.0008,0.83979,0.83095,0.73305,Hard,
2026-06-26T12:03:04,735.033,active,1,AF7+AF8,987.43,188.28,112.32,1016,1364.5,-0.28086,-0.30709,10.151,0.93272,0.92914,0.70548,Hard,
2026-06-26T12:03:05,736.037,active,1,AF7+AF8,177.09,241.15,109.91,975.3,1597.4,-0.32022,-0.1599,9.6704,0.96872,0.96762,0.67842,Hard,
2026-06-26T12:03:06,737.040,active,1,AF7+AF8,141.57,217.37,106.72,1044.5,1323.6,-0.40601,-0.26095,10.456,0.98468,0.98443,0.65483,Hard,
2026-06-26T12:03:07,738.043,active,1,AF7+AF8,57.341,192.03,96.254,1149,1584.5,-0.43263,-0.22468,11.649,0.99229,0.99235,0.63314,Hard,
2026-06-26T12:03:08,739.053,active,1,AF7+AF8,97.796,204.7,84.215,1344,1550.7,-0.38428,-0.30114,13.906,0.99642,0.99647,0.61591,Hard,
2026-06-26T12:03:09,740.054,active,1,AF7+AF8,103.21,167.65,114.87,1433.8,1476.4,-0.53597,-0.19839,14.914,0.99826,0.99832,0.59695,Hard,
2026-06-26T12:03:10,741.058,active,1,AF7+AF8,44.182,163.12,203.61,1115.8,1438,-0.50166,0.1286,11.273,0.99801,0.99819,0.57594,Hard,
2026-06-26T12:03:11,742.065,active,1,AF7+AF8,35.423,172.27,128.3,1105.3,1124,-0.38053,-0.19817,11.16,0.99784,0.99804,0.56409,Hard,
2026-06-26T12:03:12,743.070,active,1,AF7+AF8,51.005,232.9,54.437,1261.1,1313.9,-0.27069,-0.38074,12.925,0.99836,0.9984,0.55805,Hard,
2026-06-26T12:03:13,744.077,active,1,AF7+AF8,85.17,277.97,54.875,1342.3,1501.1,0.077546,-0.46167,13.837,0.99887,0.99874,0.56342,Hard,
2026-06-26T12:03:14,745.083,active,1,AF7+AF8,495.48,188.95,66.255,1328.3,1377.5,-0.31161,-0.44679,13.668,0.99903,0.99894,0.55784,Hard,
2026-06-26T12:03:15,746.092,active,1,AF7+AF8,23152,493.12,129.19,1542.4,990.53,-0.10406,-0.29177,16.129,0.99945,0.9994,0.55371,Hard,
2026-06-26T12:03:16,747.098,active,1,AF7+AF8,32295,578.1,144.05,1364.9,1805.2,-0.032695,-0.22614,14.122,0.99942,0.99937,0.55016,Hard,
2026-06-26T12:03:17,748.115,active,1,AF7+AF8,4437.6,331.77,171.2,1600.1,2793.1,-0.38442,-0.27662,16.781,0.99965,0.99964,0.54253,Hard,
2026-06-26T12:03:18,749.120,active,1,AF7+AF8,492.84,159.64,143.42,1852.3,1838.3,-0.55867,-0.33887,19.653,0.99983,0.99983,0.53413,Hard,
2026-06-26T12:03:19,750.125,active,1,AF7+AF8,60.7,90.08,130.62,1405.6,1711.9,-0.61326,-0.26445,14.586,0.99978,0.99979,0.52482,Hard,
2026-06-26T12:03:20,751.131,active,1,AF7+AF8,53.613,96.861,209.23,1312.8,1834.5,-0.60169,-0.057957,13.511,0.99967,0.99971,0.51373,Hard,
2026-06-26T12:03:21,752.139,active,1,AF7+AF8,36.085,107.89,116.78,984.67,1492.1,-0.57898,-0.3774,9.7744,0.99897,0.99907,0.50906,Hard,
2026-06-26T12:03:22,753.141,active,1,AF7+AF8,45.714,123.44,109.54,1114.9,1740.4,-0.5415,-0.4377,11.258,0.99875,0.99886,0.50642,Hard,
2026-06-26T12:03:23,754.146,active,1,AF7+AF8,58.301,209.11,74.138,1388.2,1604.1,-0.41567,-0.56514,14.367,0.99915,0.99917,0.51377,Hard,
2026-06-26T12:03:24,755.152,active,1,AF7+AF8,56.112,146.38,101.66,1312.6,1586.1,-0.55362,-0.45745,13.497,0.99914,0.99917,0.51068,Hard,
2026-06-26T12:03:25,756.159,active,1,AF7+AF8,37.728,138.66,138.78,1483.9,1568.7,-0.56015,-0.2181,15.428,0.99942,0.99946,0.50428,Hard,
2026-06-26T12:03:26,757.163,active,1,AF7+AF8,51.831,167.84,90.861,1469.3,1365.3,-0.55522,-0.38779,15.271,0.99953,0.99957,0.50126,Hard,
2026-06-26T12:03:27,758.167,active,1,AF7+AF8,731.78,198.76,74.405,1320,1525.4,-0.51892,-0.54441,13.58,0.99948,0.99951,0.50241,Hard,
2026-06-26T12:03:28,759.175,active,1,AF7+AF8,1147.2,88.563,132.25,1290.1,1530.5,-0.52559,-0.3891,13.247,0.99941,0.99945,0.50008,Hard,
2026-06-26T12:03:29,760.184,active,1,AF7+AF8,245.41,101.44,156.54,1225.7,1543.1,-0.56838,-0.13257,12.505,0.99927,0.99934,0.49356,Hard,
2026-06-26T12:03:30,761.191,active,1,AF7+AF8,89.55,204.64,167.92,1518.7,1623.5,-0.57686,-0.087929,15.831,0.9995,0.99957,0.48703,Hard,
2026-06-26T12:03:31,762.200,active,1,AF7+AF8,1823.6,575.21,474.87,1359.7,1718.6,1.4149,1.5993,14.048,0.99932,0.99941,0.48582,Hard,
2026-06-26T12:03:32,763.204,active,1,AF7+AF8,31220,4474,3577.7,2630.9,1438.5,22.522,18.413,28.789,0.99874,0.99447,0.72619,Hard,
2026-06-26T12:03:33,764.208,active,1,AF7+AF8,25163,2704.4,2027,1389.4,624.15,14.28,10.129,14.665,0.98763,0.94088,0.8236,Hard,
2026-06-26T12:03:34,765.213,active,1,AF7+AF8,556.36,91.086,42.05,204.47,260.29,-0.45375,-0.52889,1.1209,0.95255,0.91045,0.78589,Hard,
2026-06-26T12:03:35,766.218,active,1,AF7+AF8,49.803,32.768,25.489,179.12,195.35,-0.70274,-0.58584,0.88339,0.91934,0.88381,0.74983,Hard,
2026-06-26T12:03:36,767.224,active,1,AF7+AF8,71.656,58.61,36.734,186.15,206.19,-0.66565,-0.60784,1.0223,0.8922,0.86167,0.71899,Hard,
2026-06-26T12:03:37,768.227,active,1,AF7+AF8,66.617,35.553,19.691,180.4,222.5,-0.72727,-0.83836,0.91313,0.86985,0.84158,0.69437,Hard,
2026-06-26T12:03:38,769.232,active,1,AF7+AF8,21.302,62.327,61.935,162.85,246.66,-0.67428,-0.32473,0.75166,0.84124,0.82112,0.66582,Hard,
2026-06-26T12:03:39,770.237,active,1,AF7+AF8,46.777,114.38,89.548,139.75,172.09,-0.43347,-0.011559,0.44783,0.80715,0.7956,0.63962,Hard,
2026-06-26T12:03:40,771.245,active,1,AF7+AF8,42.689,44.567,25.542,150.85,124.15,-0.56064,-0.65151,0.63758,0.78898,0.77758,0.62422,Hard,
2026-06-26T12:03:41,772.251,active,1,AF7+AF8,20.232,20.518,18.24,141.26,122.38,-0.70197,-0.62354,0.68177,0.77322,0.76424,0.60814,Hard,
2026-06-26T12:03:42,773.257,active,1,AF7+AF8,17.92,18.374,16.07,153.82,123.15,-0.68183,-0.7091,0.69991,0.76074,0.75247,0.59557,Hard,
2026-06-26T12:03:43,774.262,active,1,AF7+AF8,18.244,18.466,14.013,145.11,114.17,-0.70956,-0.66725,0.51901,0.74674,0.74004,0.58347,Hard,
2026-06-26T12:03:44,775.265,active,1,AF7+AF8,30.798,21.564,12.65,144,115.07,-0.76483,-0.75586,0.57456,0.73638,0.73061,0.57332,Hard,
2026-06-26T12:03:45,776.269,active,1,AF7+AF8,28.597,16.147,14.277,129.97,120.9,-0.78134,-0.85685,0.41367,0.72646,0.72034,0.56565,Hard,
2026-06-26T12:03:46,777.270,active,1,AF7+AF8,18.362,14.19,13.679,128.7,116.96,-0.75168,-0.75546,0.29336,0.71466,0.70923,0.55783,Hard,
2026-06-26T12:03:47,778.276,active,1,AF7+AF8,9.0217,22.565,14.544,127.14,112.15,-0.73883,-0.69655,0.15385,0.70147,0.6973,0.55026,Hard,
2026-06-26T12:03:48,779.284,active,1,AF7+AF8,8.3365,18.611,11.728,123.58,102.63,-0.78152,-0.70919,0.17109,0.69029,0.68765,0.54314,Hard,
2026-06-26T12:03:49,780.288,active,1,AF7+AF8,11.432,14.07,9.0366,138.18,135.3,-0.76606,-0.86031,0.47567,0.68678,0.68318,0.53938,Hard,
2026-06-26T12:03:50,781.290,active,1,AF7+AF8,510.56,47.058,12.517,138.56,129,-0.6401,-0.75815,0.50626,0.68273,0.67794,0.53642,Hard,
2026-06-26T12:03:51,782.296,active,1,AF7+AF8,1821.9,225.62,28.266,149.21,116.99,0.17618,0.075074,0.62537,0.669,0.66329,0.53357,Hard,
2026-06-26T12:03:52,783.298,active,1,AF7+AF8,569.21,144.57,22.966,118.09,132.21,-0.045694,-0.21374,0.27598,0.65603,0.64851,0.53206,Hard,
2026-06-26T12:03:53,784.308,active,1,AF7+AF8,69.123,34.252,27.938,142.18,160.82,-0.53159,-0.48537,0.50983,0.65193,0.64597,0.52752,Hard,
2026-06-26T12:03:54,785.316,active,1,AF7+AF8,55.27,44.887,31.176,187.29,184.5,-0.59076,-0.49703,1.042,0.67082,0.67447,0.52281,Hard,
2026-06-26T12:03:55,786.322,active,1,AF7+AF8,37.686,41.913,14.592,181.51,143.45,-0.65137,-0.72906,0.88698,0.68334,0.67979,0.52124,Hard,
2026-06-26T12:03:56,787.325,active,1,AF7+AF8,69.56,60.562,18.131,115.52,101.07,0.24736,0.040392,0.15217,0.66302,0.65679,0.524,Hard,
2026-06-26T12:03:57,788.330,active,1,AF7+AF8,563.49,400.99,103.54,135.9,118.44,9.0405,8.5107,0.80714,0.58595,0.5799,0.54911,Hard,
2026-06-26T12:03:58,789.333,active,1,AF7+AF8,383.35,240.76,66.334,150.79,129.93,4.8618,4.5644,0.87487,0.53202,0.5247,0.54767,Hard,
2026-06-26T12:03:59,790.339,active,1,AF7+AF8,151.65,51.634,28.275,152.82,110.28,-0.04027,0.5299,0.67929,0.53041,0.56327,0.53345,Hard,
2026-06-26T12:04:00,791.345,active,1,AF7+AF8,1041,401.48,202.9,190.85,128.42,3.5263,13.898,1.4498,0.467,0.52706,0.47011,Hard,
2026-06-26T12:04:01,792.351,active,1,AF7+AF8,4941,1338.3,296.21,301.12,247.19,5.4214,15.533,3.6345,0.41127,0.49866,0.41445,Hard,
2026-06-26T12:04:02,793.356,active,1,AF7+AF8,4954.4,887.9,217.55,272.38,215.82,4.1841,9.6687,3.0702,0.36619,0.48253,0.37198,Hard,
2026-06-26T12:04:03,794.359,active,1,AF7+AF8,3139.6,846.45,126.61,236.78,160.37,1.235,1.5828,1.6452,0.45115,0.52366,0.42277,Hard,
2026-06-26T12:04:04,795.360,active,1,AF7+AF8,2353.7,600.34,64.63,230.07,150.74,-0.009059,-0.34905,1.4734,0.60841,0.61582,0.49455,Hard,
2026-06-26T12:04:05,796.364,active,1,AF7+AF8,139.91,41.572,43.671,219.08,135.45,-0.69736,-0.53646,1.3901,0.67763,0.69007,0.49279,Hard,
2026-06-26T12:04:06,797.370,active,1,AF7+AF8,24.762,16.973,18.922,191.82,117.2,-0.75688,-0.84817,1.0619,0.70433,0.70376,0.50396,Hard,
2026-06-26T12:04:07,798.373,active,1,AF7+AF8,142.41,36.92,16.581,140.14,118.83,-0.60781,-0.71456,0.41071,0.69626,0.69426,0.50959,Hard,
2026-06-26T12:04:08,799.379,active,1,AF7+AF8,4384.9,198.49,109.55,219.64,296.03,0.19127,2.3833,1.3115,0.657,0.68733,0.4785,Hard,
2026-06-26T12:04:09,800.389,active,1,AF7+AF8,4871.1,185.42,124.92,554.38,531.3,0.4657,2.9753,5.1135,0.70945,0.82143,0.4477,Hard,
2026-06-26T12:04:10,801.392,active,1,AF7+AF8,989.34,145.21,180.06,666.53,580.96,0.53427,0.32021,6.3255,0.8554,0.89715,0.49512,Hard,
2026-06-26T12:04:11,802.399,active,1,AF7+AF8,594.31,105.01,141.77,497.44,480.4,0.014564,0.21088,4.3793,0.87577,0.89805,0.49276,Hard,
2026-06-26T12:04:12,803.401,active,1,AF7+AF8,208.36,78.301,58.354,408.2,461.63,-0.28167,-0.36176,3.2823,0.87398,0.893,0.50311,Hard,
2026-06-26T12:04:13,804.407,active,1,AF7+AF8,188.85,155.18,60.721,415.17,471.01,-0.12419,-0.53256,3.3215,0.87385,0.88766,0.53177,Hard,
2026-06-26T12:04:14,805.413,active,1,AF7+AF8,1199.6,230.1,72.717,420.5,465.75,0.22888,-0.43339,3.3845,0.8735,0.88061,0.56193,Hard,
2026-06-26T12:04:15,806.414,active,1,AF8,136.83,50.996,6.1161,11.063,5.0217,0.21306,-1.0644,-1.0917,0.82827,0.81603,0.61745,Hard,
2026-06-26T12:04:16,807.416,active,1,AF8,94.266,16.682,7.5568,9.3653,7.4723,-0.73616,-0.91538,-1.1363,0.78556,0.77212,0.60605,Hard,
2026-06-26T12:04:17,808.428,active,1,AF8,127.81,40.889,7.0405,12.206,6.9372,-0.066526,-0.96879,-1.0617,0.7499,0.72484,0.60896,Hard,
2026-06-26T12:04:18,809.437,active,1,AF8,277.75,76.152,16.291,18.366,4.4901,0.90895,-0.011704,-0.89989,0.70681,0.67244,0.61144,Hard,
2026-06-26T12:04:19,810.446,active,1,AF8,173.17,41.881,11.763,12.875,3.2467,-0.039073,-0.48019,-1.0441,0.67359,0.63698,0.60466,Hard,
2026-06-26T12:04:20,811.457,active,1,AF8,19.028,15.79,5.973,7.3917,3.2669,-0.76083,-1.0792,-1.1882,0.65112,0.61415,0.59686,Hard,
2026-06-26T12:04:21,812.464,active,1,AF8,9.4207,8.8354,5.2119,7.0638,3.9882,-0.95322,-1.158,-1.1968,0.63241,0.59681,0.58831,Hard,
2026-06-26T12:04:22,813.467,active,1,AF8,33.153,9.1221,6.3341,7.3984,3.1979,-0.94529,-1.0419,-1.188,0.61433,0.58155,0.57916,Hard,
2026-06-26T12:04:23,814.473,active,1,AF8,34.734,12.266,9.1143,8.7197,2.5441,-0.85832,-0.75422,-1.1533,0.59464,0.56735,0.5681,Hard,
2026-06-26T12:04:24,815.477,active,1,AF8,33.403,9.6161,7.8465,11.768,2.5637,-0.93163,-0.88539,-1.0732,0.58047,0.55715,0.55924,Hard,
2026-06-26T12:04:25,816.485,active,1,AF8,27.103,8.9155,6.4815,10.155,3.6013,-0.95101,-1.0266,-1.1156,0.56948,0.54782,0.55326,Hard,
2026-06-26T12:04:26,817.495,active,1,AF8,18.41,17.156,4.5132,10.45,3.7131,-0.72305,-1.2303,-1.1079,0.56298,0.53633,0.55915,Hard,
2026-06-26T12:04:27,818.502,active,1,AF8,55.279,46.394,2.9629,11.294,6.0387,0.08576,-1.3907,-1.0857,0.55999,0.51488,0.62962,Hard,
2026-06-26T12:04:28,819.510,active,1,AF8,75.552,34.369,5.5209,10.196,6.7262,-0.2469,-1.126,-1.1145,0.55296,0.50028,0.62705,Hard,
2026-06-26T12:04:29,820.514,active,1,AF8,37.506,12.496,7.9181,8.8524,5.1362,-0.85196,-0.87799,-1.1498,0.54253,0.49579,0.61219,Hard,
2026-06-26T12:04:30,821.520,active,1,AF8,19.156,10.036,6.8567,8.9177,5.244,-0.92,-0.98781,-1.1481,0.53503,0.49288,0.59975,Hard,
2026-06-26T12:04:31,822.524,active,1,AF8,24.978,6.1151,6.2945,8.8993,5.3188,-1.0285,-1.046,-1.1486,0.52928,0.49193,0.58804,Hard,
2026-06-26T12:04:32,823.527,active,1,AF8,26.777,11.693,5.8926,10.24,3.2908,-0.87418,-1.0876,-1.1134,0.52538,0.48932,0.58067,Hard,
